spirit_type,distillery,distillery_location,spirit_name,producer_type,producer_brand,is_ndp,is_template,special_designation,age_statement,vintage,batch_lot,proof,abv,mash_bill,barrel_type,cask_finish,tasting_notes,source_urls,last_verified,label_image_url,cohort
Armagnac,Domaine Boingnères,"Le Frêche, France",Boingnères,own_make,NULL,FALSE,FALSE,Bas-Armagnac; Vieille Réserve; Réserve Spéciale,NULL,NULL,FR-XBG-01-NV,96,48,"Folle Blanche, Colombard, Ugni Blanc",NULL,NULL,"Dried apricot, cocoa, coffee, and spice notes highlight this excellent entry-level blend. Reduced with water very slightly to 48% ABV, its pure flavors have excellent staying power on the palate. A blend of folle blanche, colombard, and ugni blanc, between 5 and 10 years old.",https://www.charlesnealselections.com/domaine-boingnegraveres.html; https://www.skurnik.com/producer/domaine-boingneres/,2026-06-28,NULL,armagnac_france
Armagnac,Domaine Boingnères,"Le Frêche, France",Cépages Nobles,own_make,NULL,FALSE,FALSE,"Bas-Armagnac; Millésime, Cask Strength; Cépages Nobles",NULL,1972,NULL,94,47,NULL,NULL,NULL,"A cask strength 1972 vintage armagnac from traditional producer Domaine Boingneres, who use a high proportion of the seldom-seen Folle Blanche grape in their assemblage.",https://www.thewhiskyexchange.com/p/14679/domaine-boingneres-1972-bas-armagnac-cepages-nobles,2026-06-26,https://img.thewhiskyexchange.com/540/armag_boi8.jpg,armagnac_france
Armagnac,Domaine Boingnères,"Le Frêche, France",Cépages Nobles,own_make,NULL,FALSE,FALSE,"Bas-Armagnac; Millésime, Cask Strength; Cépages Nobles",NULL,1979,NULL,96,48,NULL,NULL,NULL,NULL,https://www.thewhiskyexchange.com/p/30041/domaine-boingneres-1979-bas-armagnac-cepages-nobles,2026-06-26,https://img.thewhiskyexchange.com/540/armag_boi17.jpg,armagnac_france
Armagnac,Domaine Boingnères,"Le Frêche, France",Cépages Nobles,own_make,NULL,FALSE,FALSE,"Bas-Armagnac; Millésime, Cask Strength; Cépages Nobles",NULL,1985,FR-XBG-03-85,98,49,"Ugni Blanc, Colombard, Folle Blanche",Used 420-liter French oak casks,NULL,"A nose of vanilla custard and maple syrup transitions to a palate of leather and tobacco leaf. A whisper of banana pudding gives way to lemon oil and a hint of copper on the finish. Distilled in 1985 on a gas-fueled copper alambic Armagnacais column still; cépages approximately one-third each of Ugni Blanc, Colombard, and Folle Blanche.",https://www.skurnik.com/sku/armagnac-cepages-nobles-domaine-boingneres/; https://www.charlesnealselections.com/domaine-boingnegraveres.html,2026-06-14,NULL,armagnac_france
Armagnac,Domaine Boingnères,"Le Frêche, France",Boingnères,own_make,NULL,FALSE,FALSE,"Bas-Armagnac; Millésime, Cask Strength; Ugni Blanc",NULL,1969,FR-XBG-06-69,NULL,NULL,Ugni Blanc 100%,NULL,NULL,NULL,https://www.skurnik.com/producer/domaine-boingneres/; https://www.charlesnealselections.com/domaine-boingnegraveres.html,2026-06-28,NULL,armagnac_france
Armagnac,Domaine Boingnères,"Le Frêche, France",Boingnères,own_make,NULL,FALSE,FALSE,"Bas-Armagnac; Millésime, Cask Strength; Baco",NULL,1975,NULL,NULL,NULL,Baco 100%,NULL,NULL,NULL,https://www.charlesnealselections.com/domaine-boingnegraveres.html,2026-06-28,NULL,armagnac_france
Armagnac,Domaine Boingnères,"Le Frêche, France",Boingnères,own_make,NULL,FALSE,FALSE,"Bas-Armagnac; Millésime, Cask Strength; Folle Blanche",NULL,1981,FR-XBG-05-81,96,48,Folle Blanche 100%,NULL,NULL,"Light copper, with a complex floral bouquet of rose and almond blossom along with aromas of fig and candied orange that roll onto the palate, developing seamlessly into gingerbread on the midpalate and finishing fresh with notes of mint and licorice. Pretty, delicate, yet still dense and intense.",https://shop.klwines.com/products/details/1372363; https://www.thewhiskyexchange.com/p/14588/domaine-boingneres-1981-bas-armagnac-folle-blanche,2026-06-26,https://img.thewhiskyexchange.com/540/armag_boi7.jpg,armagnac_france
Armagnac,Domaine Boingnères,"Le Frêche, France",Boingnères,own_make,NULL,FALSE,FALSE,"Bas-Armagnac; Millésime, Cask Strength; Folle Blanche",NULL,1986,NULL,98,49,Folle Blanche 100%,NULL,NULL,"Deep amber color. Dried orange fruits on the nose, along with some coffee and chocolate cream notes. The palate is fine and seamless; spice notes ride along the fruit rich in glycerin, and the flavors, rich in alcohol and oak, stay on the palate for several minutes.",https://www.thewhiskyexchange.com/p/30042/domaine-boingneres-1986-bas-armagnac-folle-blanche; https://www.charlesnealselections.com/domaine-boingnegraveres.html,2026-06-26,https://img.thewhiskyexchange.com/540/armag_boi18.jpg,armagnac_france
Armagnac,Domaine Boingnères,"Le Frêche, France",Boingnères,own_make,NULL,FALSE,FALSE,"Bas-Armagnac; Millésime, Cask Strength; Folle Blanche",NULL,2001,NULL,NULL,NULL,Folle Blanche 100%,NULL,NULL,"Deep amber. Vanilla scented oak, mocha, and spice on the nose. Toffee, creamy orange and even more spice on the palate. The finish is flavorful, round, and long.",https://www.charlesnealselections.com/domaine-boingnegraveres.html,2026-06-28,NULL,armagnac_france
Armagnac,Domaine Boingnères,"Le Frêche, France",Boingnères,own_make,NULL,FALSE,FALSE,"Bas-Armagnac; Millésime, Single Cask, Cask Strength; Folle Blanche",NULL,2007,FR-XBG-07-07,NULL,NULL,Folle Blanche 100%,NULL,NULL,"Amber. Floral aromas, along with mocha and vanilla on the nose; on the palate, dried fruit (apricot, orange) glide across the palate, with a burst of alcohol and spice on the finish. The finish is long. This young, unadulterated armagnac is pure, intense, and explosive. A combination of two folle blanche barrels from 2007, 500 bottles bottled at cask strength without filtration.",https://www.charlesnealselections.com/domaine-boingnegraveres.html; https://www.skurnik.com/producer/domaine-boingneres/,2026-06-28,NULL,armagnac_france
Armagnac,Château du Tariquet,"Éauze, France",Tariquet,own_make,NULL,FALSE,FALSE,Bas-Armagnac; VS; VS Classique,NULL,NULL,NULL,80,40,"Ugni Blanc 60%, Baco 40%",NULL,NULL,"A nose of spice and blonde caramel, with nuances of quince paste, toast and cinnamon. On the palate, peppery orange zest evolves into even more caramel alongside roasted apples. A finish of chocolate and liquorice. Aged 3 to 5 years.",https://www.tariquet.com/en/the-traditonal-range/,2026-06-14,NULL,armagnac_france
Armagnac,Château du Tariquet,"Éauze, France",Tariquet,own_make,NULL,FALSE,FALSE,Bas-Armagnac; VSOP,NULL,NULL,NULL,80,40,"Ugni Blanc 60%, Baco 40%",NULL,NULL,"A deep amber colour. A lively nose, both ripe and floral which gives off an almost minty freshness. The attack is round, and its intensity increases with notes of oaky spices with hints of fresh mint. The finish is enriched with nuances of liquorice and macerated fruit. Aged 5 to 7 years.",https://www.tariquet.com/en/the-traditonal-range/,2026-06-14,NULL,armagnac_france
Armagnac,Château du Tariquet,"Éauze, France",Tariquet,own_make,NULL,FALSE,FALSE,Bas-Armagnac; XO,NULL,NULL,NULL,80,40,"Ugni Blanc 60%, Baco 40%",NULL,NULL,"An amber colour. A heady nose of dried fruits and quince paste alongside notes of dried flowers. As it airs, nuances of coconut begin to develop. The attack is fleshy and honeyed. On the palate, a beautiful mix of fruit and oak which opens to accents of prunes, almonds and rancio. The lengthy finish is slightly toasted with a subtle hint of leather. Average age of 15 years.",https://www.tariquet.com/en/the-traditonal-range/,2026-06-14,NULL,armagnac_france
Armagnac,Château du Tariquet,"Éauze, France",Tariquet,own_make,NULL,FALSE,FALSE,Bas-Armagnac; Hors d'Âge,20 Years,NULL,NULL,84,42,"Ugni Blanc 60%, Baco 40%",NULL,NULL,"A deep colour with amber highlights. A nose that evokes orange zest, sweet cocoa, and toasted almond. A harmonious and fluid palate with complex aromas of fruit, rancio, and liquorice. Phenomenal length combined with a luxurious texture finishing with notes of spices, nutmeg, and ginger. At least 20 years of ageing.",https://www.tariquet.com/en/the-traditonal-range/,2026-06-14,NULL,armagnac_france
Armagnac,Château du Tariquet,"Éauze, France",Tariquet,own_make,NULL,FALSE,FALSE,"Bas-Armagnac; Hors d'Âge, Blend; Le Légendaire",NULL,NULL,NULL,84,42,"Folle Blanche 40%, Ugni Blanc 30%, Baco 30%",French oak barrels,NULL,"A delicate golden hue. A nose of Tarte Tatin and orange blossom which, when given some air, takes on notes of toffee. The attack is fresh, supple, and nervous with flavours of blonde caramel and liquorice. The palate blossoms with intense and dynamic notes of roasted fruit, orange zest and exotic spices (nutmeg, grey pepper, cinnamon). A wonderfully smooth finish. Hors d'Âge, average age of 15 years.",https://www.tariquet.com/en/the-traditonal-range/,2026-06-14,NULL,armagnac_france
Armagnac,Château du Tariquet,"Éauze, France",Tariquet,own_make,NULL,FALSE,FALSE,Bas-Armagnac; Ugni Blanc,10 Years,NULL,NULL,99,49.5,Ugni Blanc 100%,NULL,NULL,"Its bright colour is tinted gold and orange. The nose reveals buttery notes, mirabelle plums and roasted pineapple. On the palate, one will find notes of coffee, toast, and cayenne pepper. Aged minimum 10 years.",https://www.tariquet.com/en/the-varietals/,2026-06-14,NULL,armagnac_france
Armagnac,Château du Tariquet,"Éauze, France",Tariquet,own_make,NULL,FALSE,FALSE,Bas-Armagnac; Plant de Graisse,18 Years,NULL,NULL,98.6,49.3,Plant de Graisse 100%,NULL,NULL,"A golden colour with copper highlights. A nose with notes of orange peel and spices. On the palate, hints of bitter cocoa and liquorice and a surprising, almost oily texture. Great power and great length. Aged 18 years minimum.",https://www.tariquet.com/en/the-varietals/,2026-06-14,NULL,armagnac_france
Armagnac,Château du Tariquet,"Éauze, France",Tariquet,own_make,NULL,FALSE,FALSE,Bas-Armagnac; Baco,20 Years,NULL,NULL,84,42,Baco 100%,NULL,NULL,"The colour is golden with orange highlights. The nose is reminiscent of white pepper and ginger. The palate is marked by bitter orange, banana, and spices. The finish gives way to candied fruit notes. Aged a minimum 20 years.",https://www.tariquet.com/en/the-varietals/,2026-06-14,NULL,armagnac_france
Armagnac,Château du Tariquet,"Éauze, France",Tariquet,own_make,NULL,FALSE,FALSE,Blanche Armagnac; Folle Blanche,NULL,NULL,NULL,92,46,Folle Blanche 100%,Stainless steel tanks,NULL,"Aromas of pear and linden blossom lead to notes of iodine, almond and blond caramel upon aeration. A fresh mouthfeel with melon and violets blends seamlessly into the intensity of black pepper. The lengthy finish of spices mingles with flavours of plum and green apple. A finish of dried flowers and fresh spices. Aged for a few months in stainless steel tanks; vintage-dated; 50cl bottle.",https://www.tariquet.com/en/pure-folle-blanche/,2026-06-14,NULL,armagnac_france
Armagnac,Château du Tariquet,"Éauze, France",Tariquet,own_make,NULL,FALSE,FALSE,"Bas-Armagnac; VS, Folle Blanche; Pure Folle Blanche",NULL,NULL,NULL,90,45,Folle Blanche 100%,NULL,NULL,"A pale golden hue. A delicate nose of sweet toffee, tarte Tatin and almond paste. Scents of currants and fine wood appear as the Armagnac breathes. The initial freshness and supple texture of the eau-de-vie finish in a delicate harmony of toffee and spices. A blend of different vintages; aged 3 to 5 years.",https://www.tariquet.com/en/pure-folle-blanche/,2026-06-14,NULL,armagnac_france
Armagnac,Château du Tariquet,"Éauze, France",Tariquet,own_make,NULL,FALSE,FALSE,"Bas-Armagnac; Folle Blanche, Cask Strength; Pure Folle Blanche",8 Years,NULL,NULL,101,50.5,Folle Blanche 100%,NULL,NULL,"A golden hue. A sappy, vanilla nose alongside plum and citrus. Intense and powerful, the palate is tense, marked with vegetal and fruity nuances and cocoa notes. Beautiful length on the palate that leads to a finish of orange zest. Minimum ageing 8 years, cask strength.",https://www.tariquet.com/en/pure-folle-blanche/,2026-06-14,NULL,armagnac_france
Armagnac,Château du Tariquet,"Éauze, France",Tariquet,own_make,NULL,FALSE,FALSE,"Bas-Armagnac; Folle Blanche, Cask Strength; Pure Folle Blanche",12 Years,NULL,NULL,96.4,48.2,Folle Blanche 100%,NULL,NULL,"A deep golden colour. A nose replete with fresh fruit (orange, lemon, apple) and flowers. On the palate, the initial freshness intensifies with notes of candied pineapple, nutmeg, white pepper and citrus zest. On the finish, a subtle hint of liquorice coats the fruit and spice, finishing with a hint of walnut (rancio). Minimum ageing 12 years, cask strength.",https://www.tariquet.com/en/pure-folle-blanche/,2026-06-14,NULL,armagnac_france
Armagnac,Château du Tariquet,"Éauze, France",Tariquet,own_make,NULL,FALSE,FALSE,"Bas-Armagnac; Folle Blanche, Cask Strength; Pure Folle Blanche",15 Years,NULL,NULL,94.4,47.2,Folle Blanche 100%,NULL,NULL,"A brilliant colour with mahogany highlights. The nose is intense and complex with candied orange, rancio, honey and Madagascar pepper. The attack is both generous and intense. While the palate is powerful, it is not aggressive, but rather mouth coating and shows exotic spice notes. The finish reveals the brightness of the rancio in combination with sweeter flavours of dried fruit, pineapple, apple and grape. Voted Best Spirit of the Year / Supreme Champion Spirit 2022 at the International Spirits Challenge. Minimum ageing 15 years, cask strength.",https://www.tariquet.com/en/pure-folle-blanche/,2026-06-14,NULL,armagnac_france
Armagnac,Château du Tariquet,"Éauze, France",Tariquet,own_make,NULL,FALSE,FALSE,"Bas-Armagnac; Folle Blanche, Cask Strength; Pure Folle Blanche",25 Years,NULL,NULL,97.2,48.6,Folle Blanche 100%,NULL,NULL,"A golden robe with orange highlights. A nose that evokes aromas of caramel and fresh pastry. The palate is fluid, powerful and fresh, offering great persistence of spice, stone fruits, exotic fruits, and honeysuckle sensations. An incredibly long and intense finish of stone fruits, dried fruits and spices. Minimum ageing 25 years, cask strength.",https://www.tariquet.com/en/pure-folle-blanche/,2026-06-14,NULL,armagnac_france
Armagnac,Château du Tariquet,"Éauze, France",Tariquet,own_make,NULL,FALSE,FALSE,"Bas-Armagnac; Millésime, Cask Strength",NULL,1993,NULL,90.4,45.2,"Ugni Blanc 60%, Baco 40%",NULL,NULL,"A golden colour with orange highlights. A nose of orange blossom, roasted pineapple, notes of cooked apples and nutmeg. As it breathes, bursts of cardamom flowers arise from the glass. The palate is delicate and honeyed with sappy nuances and flavours of macerated stone fruits. The finish adds a touch of Sichuan pepper. Bottled at cask strength.",https://www.tariquet.com/en/the-rare-bottles/,2026-06-14,NULL,armagnac_france
Armagnac,Château du Tariquet,"Éauze, France",Tariquet,own_make,NULL,FALSE,FALSE,"Bas-Armagnac; Millésime, Cask Strength",NULL,1994,NULL,91,45.5,"Ugni Blanc 60%, Baco 40%",NULL,NULL,"A beautiful acacia honey colour. Sap and warmth on the nose blend notes of toast and subtle nuances of roasted pineapple and flambeed banana. A dense, oily, and powerful palate enhanced with spice (Cayenne pepper) that lingers with nuances of cocoa, sap, liquorice and bark. Bottled at cask strength.",https://www.tariquet.com/en/the-rare-bottles/,2026-06-14,NULL,armagnac_france
Armagnac,Château du Tariquet,"Éauze, France",Tariquet,own_make,NULL,FALSE,FALSE,"Bas-Armagnac; Hors d'Âge, Cask Strength, Blend; Montreur d'Ours",NULL,NULL,NULL,91,45.5,"Plant de Graisse 70%, Ugni Blanc & Baco 30%",NULL,NULL,"An elegant and suave nose evokes orange peels and flowers with a background of spices. The palate shows a unique smoothness, typical of Plant de Graisse, both dense and supple. Spice and chocolate notes, a hint of candied orange and pear, giving way to a phenomenally lengthy finish with hints of liquorice and dried fruits. Aged between 10 and 20 years depending on the barrels.",https://www.tariquet.com/en/the-rare-bottles/,2026-06-14,NULL,armagnac_france
Armagnac,Château du Tariquet,"Éauze, France",Tariquet,own_make,NULL,FALSE,FALSE,"Bas-Armagnac; Cask Strength, Blend; L'Armagnac du Centenaire",NULL,NULL,"2012 bottles, individually numbered",107,53.5,"Ugni Blanc, Baco, Folle Blanche, Plant de Graisse",NULL,NULL,"A uniquely floral and fruity Bas-Armagnac. Ugni blanc brings freshness and finesse; Baco power and structure; Folle Blanche elegance with floral and spicy fragrances; Plant de Graisse a touch of richness and roundness. Will leave a deep impression of harmony with a long and sensual finish. Ageing of 10 to 30 years depending on each barrel, cask strength; the precise blend remains a family secret.",https://www.tariquet.com/en/the-rare-bottles/,2026-06-14,NULL,armagnac_france
Armagnac,Château du Tariquet,"Éauze, France",Tariquet,own_make,NULL,FALSE,FALSE,"Bas-Armagnac; Hors d'Âge, Blend; L'Armagnac Cabine",NULL,NULL,NULL,86,43,"Baco 80%, Ugni Blanc 20%",NULL,NULL,"Copper coloured with golden red highlights. A subtle nose of honey and dried apricot. On the palate, hints of vine peach and plum mingle with surprising touches of graphite. The finish, of exceptional persistence, blossoms with notes of candied fruit and cocoa accompanied by touches of spices and ginger. Aged 20 to 30 years.",https://www.tariquet.com/en/the-rare-bottles/,2026-06-14,NULL,armagnac_france
Armagnac,Domaine d'Ognoas,"Arthez-d'Armagnac, France",Ognoas,own_make,NULL,FALSE,FALSE,Bas-Armagnac; Blend; Selection,NULL,NULL,NULL,NULL,NULL,NULL,Pedunculate oak (chêne pédonculé),NULL,NULL,https://www.charlesnealselections.com/domaine-dognoas.html,2026-06-28,NULL,armagnac_france
Armagnac,Domaine d'Ognoas,"Arthez-d'Armagnac, France",Ognoas,own_make,NULL,FALSE,FALSE,"Bas-Armagnac; Vieille Réserve, Blend; Réserve",NULL,NULL,NULL,NULL,NULL,NULL,Pedunculate oak (chêne pédonculé),NULL,NULL,https://www.charlesnealselections.com/domaine-dognoas.html,2026-06-28,NULL,armagnac_france
Armagnac,Domaine d'Ognoas,"Arthez-d'Armagnac, France",Ognoas,own_make,NULL,FALSE,FALSE,Bas-Armagnac; Millésime,NULL,1968,NULL,NULL,NULL,NULL,NULL,NULL,NULL,https://www.charlesnealselections.com/domaine-dognoas.html,2026-06-28,NULL,armagnac_france
Armagnac,Domaine d'Ognoas,"Arthez-d'Armagnac, France",Ognoas,own_make,NULL,FALSE,FALSE,Bas-Armagnac; Millésime,NULL,1976,NULL,NULL,NULL,NULL,NULL,NULL,NULL,https://www.charlesnealselections.com/domaine-dognoas.html,2026-06-28,NULL,armagnac_france
Armagnac,Domaine d'Ognoas,"Arthez-d'Armagnac, France",Ognoas,own_make,NULL,FALSE,FALSE,Bas-Armagnac; Millésime,NULL,1995,NULL,NULL,NULL,NULL,NULL,NULL,NULL,https://www.charlesnealselections.com/domaine-dognoas.html,2026-06-28,NULL,armagnac_france
Armagnac,Domaine d'Ognoas,"Arthez-d'Armagnac, France",Ognoas,own_make,NULL,FALSE,FALSE,Bas-Armagnac; Millésime,NULL,2000,NULL,NULL,NULL,NULL,NULL,NULL,NULL,https://www.charlesnealselections.com/domaine-dognoas.html,2026-06-28,NULL,armagnac_france
Armagnac,Domaine d'Ognoas,"Arthez-d'Armagnac, France",Ognoas,own_make,NULL,FALSE,FALSE,Bas-Armagnac; Millésime,NULL,1959,NULL,NULL,NULL,NULL,NULL,NULL,NULL,https://www.sodivin.com/1430-ognoas-domaine-d-bas-armagnac-250-litres-1959.html,2026-06-28,NULL,armagnac_france
Armagnac,Domaine d'Ognoas,"Arthez-d'Armagnac, France",Ognoas,own_make,NULL,FALSE,FALSE,Bas-Armagnac; Millésime,NULL,1960,NULL,NULL,NULL,NULL,NULL,NULL,NULL,https://www.sodivin.com/9056-domaine-d-ognoas-bas-armagnac-1960.html,2026-06-28,NULL,armagnac_france
Armagnac,Armagnac Castarède,"Mauléon-d'Armagnac, France",Castarède,own_make,NULL,FALSE,FALSE,Bas-Armagnac; VS,3 Years,NULL,NULL,80,40,NULL,Oak,NULL,"Golden color; fruity nose, mellow on the mouth; for cocktails or on the rocks",https://www.armagnac-castarede.fr/en/presentation/20-armagnac-castarede-range; https://www.la-maison-armagnac.com/en/collections/armagnac-castarede/products/armagnac-castarede-vs-70cl,2026-06-14,NULL,armagnac_france
Armagnac,Armagnac Castarède,"Mauléon-d'Armagnac, France",Castarède,own_make,NULL,FALSE,FALSE,Bas-Armagnac; VSOP,8 Years,NULL,NULL,80,40,NULL,Oak,NULL,"Amber color; fruity nose with light pepper, coconut and walnut, honey and glazed plum finish; subtle and balanced on the palate",https://www.armagnac-castarede.fr/en/presentation/20-armagnac-castarede-range; https://www.masterofmalt.com/armagnac/castarede/castarede-vsop-bas-armagnac/,2026-06-14,NULL,armagnac_france
Armagnac,Armagnac Castarède,"Mauléon-d'Armagnac, France",Castarède,own_make,NULL,FALSE,FALSE,Bas-Armagnac; XO; Hors d'Âge,20 Years,NULL,NULL,80,40,NULL,Oak,NULL,"Light coppery; powerful warm nose of fruits and spices; full palate of glazed ripe plums, toasted oak, nutmeg, hints of rancio, long smooth finish",https://www.armagnac-castarede.fr/en/presentation/20-armagnac-castarede-range; https://www.masterofmalt.com/armagnac/castarede/castarede-xo-20-year-old-bas-armagnac/,2026-06-14,NULL,armagnac_france
Armagnac,Armagnac Castarède,"Mauléon-d'Armagnac, France",Castarède Réserve de la Famille,own_make,NULL,FALSE,FALSE,Bas-Armagnac; Hors d'Âge; Réserve de la Famille,30 Years,NULL,NULL,94,47,NULL,Oak,NULL,NULL,https://www.armagnac-castarede.fr/en/presentation/20-armagnac-castarede-range,2026-06-14,NULL,armagnac_france
Armagnac,Armagnac Castarède,"Mauléon-d'Armagnac, France",Castarède QBIC,own_make,NULL,FALSE,FALSE,Bas-Armagnac; XO; QBIC,20 Years,NULL,NULL,80,40,NULL,Oak,NULL,NULL,https://www.armagnac-castarede.fr/en/presentation/20-armagnac-castarede-range,2026-06-14,NULL,armagnac_france
Armagnac,Armagnac Castarède,"Mauléon-d'Armagnac, France",Castarède La Favorite,own_make,NULL,FALSE,FALSE,Bas-Armagnac; Hors d'Âge; La Favorite,50 Years,NULL,NULL,89,44.5,NULL,Oak,NULL,NULL,https://www.armagnac-castarede.fr/en/presentation/20-armagnac-castarede-range,2026-06-14,NULL,armagnac_france
Armagnac,Armagnac Castarède,"Mauléon-d'Armagnac, France",Castarède Cuvée Cigare,own_make,NULL,FALSE,FALSE,Bas-Armagnac; Hors d'Âge; Cuvée Cigare,25 Years,NULL,NULL,NULL,NULL,NULL,Oak,NULL,NULL,https://www.la-maison-armagnac.com/en/collections/armagnac-castarede/products/armagnac-castarede-cuvee-cigare-25-ans-dage,2026-06-26,http://www.la-maison-armagnac.com/cdn/shop/products/Maison-Armagnac-_0007_ArmagnacCastaredeCuveeCigare25ansd_age70cl.jpg,armagnac_france
Armagnac,Armagnac Castarède,"Mauléon-d'Armagnac, France",Castarède Brut de Fût 6 Ans,own_make,NULL,FALSE,FALSE,Bas-Armagnac; Folle Blanche; Cask Strength,6 Years,NULL,NULL,NULL,NULL,Folle Blanche,Oak,NULL,NULL,https://www.la-maison-armagnac.com/en/collections/armagnac-castarede/products/armagnac-castarede-brut-de-fut-6-ans-dage-70cl; https://www.armagnac-castarede.fr/en/presentation/20-armagnac-castarede-range,2026-06-26,http://www.la-maison-armagnac.com/cdn/shop/products/Maison-Armagnac-_0002_ArmagnacCastaredebrutdefut6ansd_age70cl.jpg,armagnac_france
Armagnac,Armagnac Castarède,"Mauléon-d'Armagnac, France",Castarède Brut de Fût 8 Ans,own_make,NULL,FALSE,FALSE,Bas-Armagnac; Folle Blanche; Cask Strength,8 Years,NULL,NULL,NULL,NULL,Folle Blanche,Oak,NULL,NULL,https://www.la-maison-armagnac.com/en/collections/armagnac-castarede/products/armagnac-castarede-brut-de-fut-8-ans-dage-70cl; https://www.armagnac-castarede.fr/en/presentation/20-armagnac-castarede-range,2026-06-26,http://www.la-maison-armagnac.com/cdn/shop/products/Maison-Armagnac-_0001_ArmagnacCastaredebrutdefut8ansd_age70cl.jpg,armagnac_france
Armagnac,Armagnac Castarède,"Mauléon-d'Armagnac, France",Castarède Brut de Fût 10 Ans,own_make,NULL,FALSE,FALSE,Bas-Armagnac; Folle Blanche; Cask Strength,10 Years,NULL,NULL,NULL,NULL,Folle Blanche,Oak,NULL,NULL,https://www.la-maison-armagnac.com/en/collections/armagnac-castarede/products/armagnac-castarede-brut-de-fut-10-ans-dage-70cl; https://www.armagnac-castarede.fr/en/presentation/20-armagnac-castarede-range,2026-06-26,http://www.la-maison-armagnac.com/cdn/shop/products/Maison-Armagnac-_0000_ArmagnacCastaredebrutdefut10ansd_age.jpg,armagnac_france
Armagnac,Armagnac Castarède,"Mauléon-d'Armagnac, France",Castarède Brut de Fût 18 Ans,own_make,NULL,FALSE,FALSE,Bas-Armagnac; Folle Blanche; Cask Strength,18 Years,NULL,NULL,NULL,NULL,Folle Blanche,Oak,NULL,NULL,https://www.la-maison-armagnac.com/en/collections/armagnac-castarede/products/armagnac-castarede-brut-de-fut-18-ans-dage-70cl; https://www.armagnac-castarede.fr/en/presentation/20-armagnac-castarede-range,2026-06-26,http://www.la-maison-armagnac.com/cdn/shop/products/Maison-Armagnac-_0003_Armagnaccastaredebrutdefut18ansd_age70cl.jpg,armagnac_france
Armagnac,Armagnac Castarède,"Mauléon-d'Armagnac, France",Castarède Blanche-Armagnac,own_make,NULL,FALSE,FALSE,Blanche Armagnac,NULL,NULL,NULL,NULL,NULL,NULL,NULL,NULL,NULL,https://www.la-maison-armagnac.com/en/collections/armagnac-castarede/products/armagnac-castarede-blanche-armagnac-70cl; https://www.armagnac-castarede.fr/en/18-vintages,2026-06-26,http://www.la-maison-armagnac.com/cdn/shop/products/maison-armagnac-blanche-70cl.jpg,armagnac_france
Armagnac,Armagnac Castarède,"Mauléon-d'Armagnac, France",Castarède,own_make,NULL,FALSE,FALSE,Bas-Armagnac; Millésime,NULL,1893,NULL,NULL,NULL,NULL,Oak,NULL,"Old gold; elegant nose of dried herbs and sweet spices, complex; complex, bitter, elegant, long palate (min. 60 years in oak before glass dame-jeanne)",https://www.armagnac-castarede.fr/en/19-1893; https://www.la-maison-armagnac.com/en/products/armagnac-castarede-millesime-1893-70cl,2026-06-26,http://www.la-maison-armagnac.com/cdn/shop/products/Maison-Armagnac-_0044_ArmagnacCastarede189370cl.jpg,armagnac_france
Armagnac,Armagnac Castarède,"Mauléon-d'Armagnac, France",Castarède,own_make,NULL,FALSE,FALSE,Bas-Armagnac; Millésime,NULL,1924,NULL,NULL,NULL,NULL,Oak,NULL,NULL,https://www.armagnac-castarede.fr/en/22-1924; https://www.la-maison-armagnac.com/en/collections/armagnac-castarede/products/armagnac-castarede-millesime-1924-70cl,2026-06-26,http://www.la-maison-armagnac.com/cdn/shop/products/Maison-Armagnac-_0043_ArmagnacCastarede192470cl.jpg,armagnac_france
Armagnac,Armagnac Castarède,"Mauléon-d'Armagnac, France",Castarède,own_make,NULL,FALSE,FALSE,Bas-Armagnac; Millésime,NULL,1931,NULL,NULL,NULL,NULL,Oak,NULL,NULL,https://www.armagnac-castarede.fr/en/33-1931; https://www.la-maison-armagnac.com/en/collections/armagnac-castarede/products/armagnac-castarede-millesime-1931-70cl,2026-06-26,http://www.la-maison-armagnac.com/cdn/shop/products/Maison-Armagnac-_0042_ArmagnacCastarede193170cl.jpg,armagnac_france
Armagnac,Armagnac Castarède,"Mauléon-d'Armagnac, France",Castarède,own_make,NULL,FALSE,FALSE,Bas-Armagnac; Millésime,NULL,1934,NULL,NULL,NULL,NULL,Oak,NULL,NULL,https://www.armagnac-castarede.fr/en/34-1934; https://www.la-maison-armagnac.com/en/collections/armagnac-castarede/products/armagnac-castarede-millesime-1934-70cl,2026-06-26,http://www.la-maison-armagnac.com/cdn/shop/products/Maison-Armagnac-_0041_ArmagnacCastarede193470cl.jpg,armagnac_france
Armagnac,Armagnac Castarède,"Mauléon-d'Armagnac, France",Castarède,own_make,NULL,FALSE,FALSE,Bas-Armagnac; Millésime,NULL,1939,NULL,NULL,NULL,NULL,Oak,NULL,NULL,https://www.armagnac-castarede.fr/en/35-1939; https://www.la-maison-armagnac.com/en/collections/armagnac-castarede/products/armagnac-castarede-millesime-1939-70cl,2026-06-26,http://www.la-maison-armagnac.com/cdn/shop/products/Maison-Armagnac-_0040_ArmagnacCastarede193970cl.jpg,armagnac_france
Armagnac,Armagnac Castarède,"Mauléon-d'Armagnac, France",Castarède,own_make,NULL,FALSE,FALSE,Bas-Armagnac; Millésime,NULL,1941,NULL,NULL,NULL,NULL,Oak,NULL,NULL,https://www.armagnac-castarede.fr/en/36-1941; https://www.la-maison-armagnac.com/en/collections/armagnac-castarede/products/armagnac-castarede-millesime-1941-70cl,2026-06-26,http://www.la-maison-armagnac.com/cdn/shop/products/Maison-Armagnac-_0039_ArmagnacCastarede194170cl.jpg,armagnac_france
Armagnac,Armagnac Castarède,"Mauléon-d'Armagnac, France",Castarède,own_make,NULL,FALSE,FALSE,Bas-Armagnac; Millésime,NULL,1946,NULL,NULL,NULL,NULL,Oak,NULL,NULL,https://www.armagnac-castarede.fr/en/38-1946,2026-06-14,NULL,armagnac_france
Armagnac,Armagnac Castarède,"Mauléon-d'Armagnac, France",Castarède,own_make,NULL,FALSE,FALSE,Bas-Armagnac; Millésime,NULL,1949,NULL,NULL,NULL,NULL,Oak,NULL,NULL,https://www.armagnac-castarede.fr/en/39-1949,2026-06-14,NULL,armagnac_france
Armagnac,Armagnac Castarède,"Mauléon-d'Armagnac, France",Castarède,own_make,NULL,FALSE,FALSE,Bas-Armagnac; Millésime,NULL,1952,NULL,NULL,NULL,NULL,Oak,NULL,NULL,https://www.armagnac-castarede.fr/en/40-1952; https://www.la-maison-armagnac.com/en/collections/armagnac-castarede/products/armagnac-castarede-millesime-1952-70cl,2026-06-26,http://www.la-maison-armagnac.com/cdn/shop/products/Maison-Armagnac-_0038_ArmagnacCastarede195270cl.jpg,armagnac_france
Armagnac,Armagnac Castarède,"Mauléon-d'Armagnac, France",Castarède,own_make,NULL,FALSE,FALSE,Bas-Armagnac; Millésime,NULL,1958,NULL,NULL,NULL,NULL,Oak,NULL,NULL,https://www.armagnac-castarede.fr/en/87-1958,2026-06-14,NULL,armagnac_france
Armagnac,Armagnac Castarède,"Mauléon-d'Armagnac, France",Castarède,own_make,NULL,FALSE,FALSE,Bas-Armagnac; Millésime,NULL,1959,NULL,NULL,NULL,NULL,Oak,NULL,NULL,https://www.armagnac-castarede.fr/en/41-1959; https://www.la-maison-armagnac.com/en/collections/armagnac-castarede/products/armagnac-castarede-millesime-1959-70cl,2026-06-26,http://www.la-maison-armagnac.com/cdn/shop/products/Maison-Armagnac-_0037_ArmagnacCastarede195970cl.jpg,armagnac_france
Armagnac,Armagnac Castarède,"Mauléon-d'Armagnac, France",Castarède,own_make,NULL,FALSE,FALSE,Bas-Armagnac; Millésime,NULL,1960,NULL,NULL,NULL,NULL,French Oak,NULL,"Dried apricots, honeysuckle and baking spices (bottled January 2020)",https://www.armagnac-castarede.fr/en/42-1960; https://www.thewhiskyexchange.com/p/53622/castarede-bas-armagnac-1960,2026-06-26,https://img.thewhiskyexchange.com/540/armag_cas1960.jpg,armagnac_france
Armagnac,Armagnac Castarède,"Mauléon-d'Armagnac, France",Castarède,own_make,NULL,FALSE,FALSE,Bas-Armagnac; Millésime,NULL,1961,NULL,NULL,NULL,NULL,Oak,NULL,NULL,https://www.armagnac-castarede.fr/en/43-1961,2026-06-14,NULL,armagnac_france
Armagnac,Armagnac Castarède,"Mauléon-d'Armagnac, France",Castarède,own_make,NULL,FALSE,FALSE,Bas-Armagnac; Millésime,NULL,1962,NULL,NULL,NULL,NULL,Oak,NULL,NULL,https://www.armagnac-castarede.fr/en/44-1962; https://www.la-maison-armagnac.com/en/collections/armagnac-castarede/products/armagnac-castarede-millesime-1962-70cl,2026-06-26,http://www.la-maison-armagnac.com/cdn/shop/products/Maison-Armagnac-_0036_ArmagnacCastarede196270cl.jpg,armagnac_france
Armagnac,Armagnac Castarède,"Mauléon-d'Armagnac, France",Castarède,own_make,NULL,FALSE,FALSE,Bas-Armagnac; Millésime,NULL,1963,NULL,NULL,NULL,NULL,Oak,NULL,NULL,https://www.armagnac-castarede.fr/en/45-1963; https://www.la-maison-armagnac.com/en/collections/armagnac-castarede/products/armagnac-castarede-millesime-1963-70cl,2026-06-26,http://www.la-maison-armagnac.com/cdn/shop/products/Maison-Armagnac-_0035_ArmagnacCastarede196370cl.jpg,armagnac_france
Armagnac,Armagnac Castarède,"Mauléon-d'Armagnac, France",Castarède,own_make,NULL,FALSE,FALSE,Bas-Armagnac; Millésime,NULL,1964,NULL,NULL,NULL,NULL,Oak,NULL,NULL,https://www.armagnac-castarede.fr/en/46-1964,2026-06-14,NULL,armagnac_france
Armagnac,Armagnac Castarède,"Mauléon-d'Armagnac, France",Castarède,own_make,NULL,FALSE,FALSE,Bas-Armagnac; Millésime,NULL,1965,NULL,NULL,NULL,NULL,Oak,NULL,NULL,https://www.armagnac-castarede.fr/en/47-1965; https://www.la-maison-armagnac.com/en/collections/armagnac-castarede/products/armagnac-castarede-millesime-1965-70cl,2026-06-26,http://www.la-maison-armagnac.com/cdn/shop/products/Maison-Armagnac-_0033_ArmagnacCastarede196570cl.jpg,armagnac_france
Armagnac,Armagnac Castarède,"Mauléon-d'Armagnac, France",Castarède,own_make,NULL,FALSE,FALSE,Bas-Armagnac; Millésime,NULL,1966,NULL,NULL,NULL,NULL,Oak,NULL,NULL,https://www.armagnac-castarede.fr/en/48-1966,2026-06-14,NULL,armagnac_france
Armagnac,Armagnac Castarède,"Mauléon-d'Armagnac, France",Castarède,own_make,NULL,FALSE,FALSE,Bas-Armagnac; Millésime,NULL,1967,NULL,NULL,NULL,NULL,French Oak,NULL,"Leather, vanilla and dried fruit on the nose; sweet baking spices, toasted oak, apricots, vanilla and dried fruit on the palate",https://www.armagnac-castarede.fr/en/49-1967; https://www.thewhiskyexchange.com/p/62881/castarede-bas-armagnac-1967,2026-06-26,https://img.thewhiskyexchange.com/540/armag_cas1967.jpg,armagnac_france
Armagnac,Armagnac Castarède,"Mauléon-d'Armagnac, France",Castarède,own_make,NULL,FALSE,FALSE,Bas-Armagnac; Millésime,NULL,1968,NULL,NULL,NULL,NULL,Oak,NULL,NULL,https://www.armagnac-castarede.fr/en/50-1968,2026-06-14,NULL,armagnac_france
Armagnac,Armagnac Castarède,"Mauléon-d'Armagnac, France",Castarède,own_make,NULL,FALSE,FALSE,Bas-Armagnac; Millésime,NULL,1969,NULL,NULL,NULL,NULL,Oak,NULL,NULL,https://www.armagnac-castarede.fr/en/51-1969,2026-06-14,NULL,armagnac_france
Armagnac,Armagnac Castarède,"Mauléon-d'Armagnac, France",Castarède,own_make,NULL,FALSE,FALSE,Bas-Armagnac; Millésime,NULL,1970,NULL,NULL,NULL,NULL,French Oak,NULL,Matured in French oak casks until bottling January 2020,https://www.armagnac-castarede.fr/en/52-1970; https://www.thewhiskyexchange.com/p/53623/castarede-bas-armagnac-1970,2026-06-26,https://img.thewhiskyexchange.com/540/armag_cas1970.jpg,armagnac_france
Armagnac,Armagnac Castarède,"Mauléon-d'Armagnac, France",Castarède,own_make,NULL,FALSE,FALSE,Bas-Armagnac; Millésime,NULL,1971,NULL,NULL,NULL,NULL,Oak,NULL,NULL,https://www.armagnac-castarede.fr/en/53-1971,2026-06-14,NULL,armagnac_france
Armagnac,Armagnac Castarède,"Mauléon-d'Armagnac, France",Castarède,own_make,NULL,FALSE,FALSE,Bas-Armagnac; Millésime,NULL,1972,NULL,NULL,NULL,NULL,Oak,NULL,NULL,https://www.armagnac-castarede.fr/en/54-1972,2026-06-14,NULL,armagnac_france
Armagnac,Armagnac Castarède,"Mauléon-d'Armagnac, France",Castarède,own_make,NULL,FALSE,FALSE,Bas-Armagnac; Millésime,NULL,1973,NULL,NULL,NULL,NULL,Oak,NULL,NULL,https://www.armagnac-castarede.fr/en/55-1973; https://www.la-maison-armagnac.com/en/collections/armagnac-castarede/products/armagnac-castarede-millesime-1973-70cl,2026-06-26,http://www.la-maison-armagnac.com/cdn/shop/products/Maison-Armagnac-_0028_ArmagnacCastarede197370cl.jpg,armagnac_france
Armagnac,Armagnac Castarède,"Mauléon-d'Armagnac, France",Castarède,own_make,NULL,FALSE,FALSE,Bas-Armagnac; Millésime,NULL,1974,NULL,NULL,NULL,NULL,Oak,NULL,NULL,https://www.armagnac-castarede.fr/en/56-1974; https://www.la-maison-armagnac.com/en/collections/armagnac-castarede/products/armagnac-castarede-millesime-1974-70cl,2026-06-26,http://www.la-maison-armagnac.com/cdn/shop/products/Maison-Armagnac-_0027_ArmagnacCastarede197470cl.jpg,armagnac_france
Armagnac,Armagnac Castarède,"Mauléon-d'Armagnac, France",Castarède,own_make,NULL,FALSE,FALSE,Bas-Armagnac; Millésime,NULL,1975,NULL,NULL,NULL,NULL,Oak,NULL,NULL,https://www.armagnac-castarede.fr/en/57-1975; https://www.la-maison-armagnac.com/en/collections/armagnac-castarede/products/armagnac-castarede-millesime-1975-70cl,2026-06-26,http://www.la-maison-armagnac.com/cdn/shop/products/Maison-Armagnac-_0026_ArmagnacCastarede197570cl.jpg,armagnac_france
Armagnac,Armagnac Castarède,"Mauléon-d'Armagnac, France",Castarède,own_make,NULL,FALSE,FALSE,Bas-Armagnac; Millésime,NULL,1976,NULL,NULL,NULL,NULL,Oak,NULL,NULL,https://www.armagnac-castarede.fr/en/58-1976; https://www.la-maison-armagnac.com/en/collections/armagnac-castarede/products/armagnac-castarede-millesime-1976-70cl,2026-06-26,http://www.la-maison-armagnac.com/cdn/shop/products/Maison-Armagnac-_0025_ArmagnacCastarede197670cl.jpg,armagnac_france
Armagnac,Armagnac Castarède,"Mauléon-d'Armagnac, France",Castarède,own_make,NULL,FALSE,FALSE,Bas-Armagnac; Millésime,NULL,1977,NULL,NULL,NULL,NULL,Oak,NULL,NULL,https://www.armagnac-castarede.fr/en/59-1977,2026-06-14,NULL,armagnac_france
Armagnac,Armagnac Castarède,"Mauléon-d'Armagnac, France",Castarède,own_make,NULL,FALSE,FALSE,Bas-Armagnac; Millésime,NULL,1978,NULL,NULL,NULL,NULL,Oak,NULL,NULL,https://www.armagnac-castarede.fr/en/60-1978; https://www.la-maison-armagnac.com/en/collections/armagnac-castarede/products/armagnac-castarede-millesime-1978-70cl,2026-06-26,http://www.la-maison-armagnac.com/cdn/shop/products/Maison-Armagnac-_0023_ArmagnacCastarede197870cl.jpg,armagnac_france
Armagnac,Armagnac Castarède,"Mauléon-d'Armagnac, France",Castarède,own_make,NULL,FALSE,FALSE,Bas-Armagnac; Millésime,NULL,1979,NULL,NULL,NULL,NULL,Oak,NULL,Rich and full bodied with notes of violets and stone fruits,https://www.armagnac-castarede.fr/en/61-1979; https://www.thewhiskyexchange.com/p/34265/castarede-1979-bas-armagnac,2026-06-26,https://img.thewhiskyexchange.com/540/armag_cas1979.jpg,armagnac_france
Armagnac,Armagnac Castarède,"Mauléon-d'Armagnac, France",Castarède,own_make,NULL,FALSE,FALSE,Bas-Armagnac; Millésime,NULL,1980,NULL,NULL,NULL,NULL,Oak,NULL,NULL,https://www.armagnac-castarede.fr/en/62-1980; https://www.la-maison-armagnac.com/en/collections/armagnac-castarede/products/armagnac-castarede-millesime-1980-70cl,2026-06-26,http://www.la-maison-armagnac.com/cdn/shop/products/Maison-Armagnac-_0021_ArmagnacCastarede198070cl.jpg,armagnac_france
Armagnac,Armagnac Castarède,"Mauléon-d'Armagnac, France",Castarède,own_make,NULL,FALSE,FALSE,Bas-Armagnac; Millésime,NULL,1981,NULL,NULL,NULL,NULL,Oak,NULL,NULL,https://www.armagnac-castarede.fr/en/63-1981; https://www.la-maison-armagnac.com/en/collections/armagnac-castarede/products/armagnac-castarede-millesime-1981-70cl,2026-06-26,http://www.la-maison-armagnac.com/cdn/shop/products/Maison-Armagnac-_0020_ArmagnacCastarede198170cl.jpg,armagnac_france
Armagnac,Armagnac Castarède,"Mauléon-d'Armagnac, France",Castarède,own_make,NULL,FALSE,FALSE,Bas-Armagnac; Millésime,NULL,1982,NULL,NULL,NULL,NULL,Oak,NULL,NULL,https://www.armagnac-castarede.fr/en/64-1982; https://www.la-maison-armagnac.com/en/collections/armagnac-castarede/products/armagnac-castarede-millesime-1982-70cl,2026-06-26,http://www.la-maison-armagnac.com/cdn/shop/products/Maison-Armagnac-_0019_ArmagnacCastarede198270cl.jpg,armagnac_france
Armagnac,Armagnac Castarède,"Mauléon-d'Armagnac, France",Castarède,own_make,NULL,FALSE,FALSE,Bas-Armagnac; Millésime,NULL,1983,NULL,NULL,NULL,NULL,Oak,NULL,NULL,https://www.armagnac-castarede.fr/en/65-1983,2026-06-14,NULL,armagnac_france
Armagnac,Armagnac Castarède,"Mauléon-d'Armagnac, France",Castarède,own_make,NULL,FALSE,FALSE,Bas-Armagnac; Millésime,NULL,1984,NULL,NULL,NULL,NULL,Oak,NULL,NULL,https://www.armagnac-castarede.fr/en/66-1984; https://www.la-maison-armagnac.com/en/collections/armagnac-castarede/products/armagnac-castarede-millesime-1984-70cl,2026-06-26,http://www.la-maison-armagnac.com/cdn/shop/products/Maison-Armagnac-_0017_ArmagnacCastarede198470cl.jpg,armagnac_france
Armagnac,Armagnac Castarède,"Mauléon-d'Armagnac, France",Castarède,own_make,NULL,FALSE,FALSE,Bas-Armagnac; Millésime,NULL,1985,NULL,NULL,NULL,NULL,Oak,NULL,NULL,https://www.armagnac-castarede.fr/en/67-1985; https://www.la-maison-armagnac.com/en/collections/armagnac-castarede/products/armagnac-castarede-millesime-1985-70cl,2026-06-26,http://www.la-maison-armagnac.com/cdn/shop/products/Maison-Armagnac-_0016_ArmagnacCastarede198570cl.jpg,armagnac_france
Armagnac,Armagnac Castarède,"Mauléon-d'Armagnac, France",Castarède,own_make,NULL,FALSE,FALSE,Bas-Armagnac; Millésime,NULL,1986,NULL,NULL,NULL,NULL,Oak,NULL,NULL,https://www.armagnac-castarede.fr/en/68-1986; https://www.la-maison-armagnac.com/en/collections/armagnac-castarede/products/armagnac-castarede-millesime-1986-70cl,2026-06-26,http://www.la-maison-armagnac.com/cdn/shop/products/Maison-Armagnac-_0015_ArmagnacCastarede198670cl.jpg,armagnac_france
Armagnac,Armagnac Castarède,"Mauléon-d'Armagnac, France",Castarède,own_make,NULL,FALSE,FALSE,Bas-Armagnac; Millésime,NULL,1987,NULL,NULL,NULL,NULL,Oak,NULL,NULL,https://www.armagnac-castarede.fr/en/69-1987; https://www.la-maison-armagnac.com/en/collections/armagnac-castarede/products/armagnac-castarede-millesime-1987-70cl,2026-06-26,http://www.la-maison-armagnac.com/cdn/shop/products/Maison-Armagnac-_0014_ArmagnacCastarede198770cl.jpg,armagnac_france
Armagnac,Armagnac Castarède,"Mauléon-d'Armagnac, France",Castarède,own_make,NULL,FALSE,FALSE,Bas-Armagnac; Millésime,NULL,1988,NULL,NULL,NULL,NULL,Oak,NULL,NULL,https://www.armagnac-castarede.fr/en/70-1988; https://www.la-maison-armagnac.com/en/collections/armagnac-castarede/products/armagnac-castarede-millesime-1988-70cl,2026-06-26,http://www.la-maison-armagnac.com/cdn/shop/products/Maison-Armagnac-_0013_ArmagnacCastarede198870cl.jpg,armagnac_france
Armagnac,Armagnac Castarède,"Mauléon-d'Armagnac, France",Castarède,own_make,NULL,FALSE,FALSE,Bas-Armagnac; Millésime,NULL,1989,NULL,NULL,NULL,NULL,Oak,NULL,NULL,https://www.armagnac-castarede.fr/en/72-1989; https://www.la-maison-armagnac.com/en/collections/armagnac-castarede/products/armagnac-castarede-millesime-1989-70cl,2026-06-26,http://www.la-maison-armagnac.com/cdn/shop/products/Maison-Armagnac-_0012_ArmagnacCastarede198970cl.jpg,armagnac_france
Armagnac,Armagnac Castarède,"Mauléon-d'Armagnac, France",Castarède,own_make,NULL,FALSE,FALSE,Bas-Armagnac; Millésime,NULL,1990,NULL,NULL,NULL,NULL,Oak,NULL,NULL,https://www.armagnac-castarede.fr/en/78-1990,2026-06-14,NULL,armagnac_france
Armagnac,Armagnac Castarède,"Mauléon-d'Armagnac, France",Castarède,own_make,NULL,FALSE,FALSE,Bas-Armagnac; Millésime,NULL,1991,NULL,NULL,NULL,NULL,Oak,NULL,NULL,https://www.armagnac-castarede.fr/en/73-1991; https://www.la-maison-armagnac.com/en/collections/armagnac-castarede/products/armagnac-castarede-millesime-1991-70cl,2026-06-26,http://www.la-maison-armagnac.com/cdn/shop/products/Maison-Armagnac-_0010_ArmagnacCastarede199170cl.jpg,armagnac_france
Armagnac,Armagnac Castarède,"Mauléon-d'Armagnac, France",Castarède,own_make,NULL,FALSE,FALSE,Bas-Armagnac; Millésime,NULL,1992,NULL,NULL,NULL,NULL,Oak,NULL,NULL,https://www.armagnac-castarede.fr/en/79-1992,2026-06-14,NULL,armagnac_france
Armagnac,Armagnac Castarède,"Mauléon-d'Armagnac, France",Castarède,own_make,NULL,FALSE,FALSE,Bas-Armagnac; Millésime,NULL,1993,NULL,NULL,NULL,NULL,Oak,NULL,NULL,https://www.armagnac-castarede.fr/en/75-1993; https://www.la-maison-armagnac.com/en/collections/armagnac-castarede/products/armagnac-castarede-millesime-1993-70cl,2026-06-26,http://www.la-maison-armagnac.com/cdn/shop/products/Maison-Armagnac-_0008_ArmagnacCastarede199370cl.jpg,armagnac_france
Armagnac,Armagnac Castarède,"Mauléon-d'Armagnac, France",Castarède,own_make,NULL,FALSE,FALSE,Bas-Armagnac; Millésime,NULL,1994,NULL,NULL,NULL,NULL,Oak,NULL,NULL,https://www.armagnac-castarede.fr/en/77-1994; https://www.la-maison-armagnac.com/en/collections/armagnac-castarede/products/armagnac-castarede-millesime-1994-70cl,2026-06-26,http://www.la-maison-armagnac.com/cdn/shop/products/Maison-Armagnac-_0007_ArmagnacCastarede199470cl.jpg,armagnac_france
Armagnac,Armagnac Castarède,"Mauléon-d'Armagnac, France",Castarède,own_make,NULL,FALSE,FALSE,Bas-Armagnac; Millésime,NULL,1995,NULL,NULL,NULL,NULL,Oak,NULL,NULL,https://www.armagnac-castarede.fr/en/76-1995,2026-06-14,NULL,armagnac_france
Armagnac,Armagnac Castarède,"Mauléon-d'Armagnac, France",Castarède,own_make,NULL,FALSE,FALSE,Bas-Armagnac; Millésime,NULL,1996,NULL,NULL,NULL,NULL,Oak,NULL,NULL,https://www.armagnac-castarede.fr/en/80-1996; https://www.la-maison-armagnac.com/en/collections/armagnac-castarede/products/armagnac-castarede-millesime-1996-70cl,2026-06-26,http://www.la-maison-armagnac.com/cdn/shop/products/Maison-Armagnac-_0005_ArmagnacCastarede199670cl.jpg,armagnac_france
Armagnac,Armagnac Castarède,"Mauléon-d'Armagnac, France",Castarède,own_make,NULL,FALSE,FALSE,Bas-Armagnac; Millésime,NULL,1997,NULL,NULL,NULL,NULL,Oak,NULL,NULL,https://www.armagnac-castarede.fr/en/82-1997,2026-06-14,NULL,armagnac_france
Armagnac,Armagnac Castarède,"Mauléon-d'Armagnac, France",Castarède,own_make,NULL,FALSE,FALSE,Bas-Armagnac; Millésime,NULL,1998,NULL,NULL,NULL,NULL,Oak,NULL,NULL,https://www.armagnac-castarede.fr/en/83-1998,2026-06-14,NULL,armagnac_france
Armagnac,Armagnac Castarède,"Mauléon-d'Armagnac, France",Castarède,own_make,NULL,FALSE,FALSE,Bas-Armagnac; Millésime,NULL,1999,NULL,NULL,NULL,NULL,Oak,NULL,NULL,https://www.armagnac-castarede.fr/en/85-1999,2026-06-14,NULL,armagnac_france
Armagnac,Armagnac Castarède,"Mauléon-d'Armagnac, France",Castarède,own_make,NULL,FALSE,FALSE,Bas-Armagnac; Millésime,NULL,2000,NULL,NULL,NULL,NULL,Oak,NULL,NULL,https://www.armagnac-castarede.fr/en/88-2000; https://www.armagnac-castarede.fr/en/home/263-70cl-armagnac-castarede-2000.html,2026-06-26,https://www.armagnac-castarede.fr/618-large_default/70cl-armagnac-castarede-2000.jpg,armagnac_france
Armagnac,Armagnac Castarède,"Mauléon-d'Armagnac, France",Castarède,own_make,NULL,FALSE,FALSE,Bas-Armagnac; Millésime,NULL,2001,NULL,NULL,NULL,NULL,Oak,NULL,NULL,https://www.armagnac-castarede.fr/en/89-2001,2026-06-14,NULL,armagnac_france
Armagnac,Armagnac Castarède,"Mauléon-d'Armagnac, France",Castarède,own_make,NULL,FALSE,FALSE,Bas-Armagnac; Millésime,NULL,2002,NULL,NULL,NULL,NULL,Oak,NULL,NULL,https://www.la-maison-armagnac.com/en/collections/armagnac-castarede/products/armagnac-castarede-millesime-2002-70cl,2026-06-26,http://www.la-maison-armagnac.com/cdn/shop/products/Maison-Armagnac-_0045_ArmagnacCastarede200270cl.jpg,armagnac_france
Armagnac,Maison Delord,"Lannepax, France",Delord,own_make,NULL,FALSE,FALSE,Bas-Armagnac,NAS,NULL,NULL,80,40,"Ugni Blanc, Colombard, Baco, Folle-Blanche",Oak,NULL,"Aged in oak for a minimum of two years. Versatile in nature, can be used in cocktail, over ice or neat.",https://www.celticwhiskeyshop.com/delord-fine-armagnac,2026-06-28,NULL,armagnac_france
Armagnac,Maison Delord,"Lannepax, France",Delord,own_make,NULL,FALSE,FALSE,Bas-Armagnac; VSOP,NAS,NULL,NULL,80,40,"Ugni Blanc, Colombard, Baco, Folle-Blanche",Oak,NULL,"Aged for a minimum of 5 years. Nose very open, rich and pleasant: quince, caramel, peanut aromas, menthol note, toasted bread, soft spices. Palate round attack but powerful in alcohol, fresh, light bitterness with toasted brioche aromas.",https://www.celticwhiskeyshop.com/delord-bas-armagnac-vsop,2026-06-28,NULL,armagnac_france
Armagnac,Maison Delord,"Lannepax, France",Delord,own_make,NULL,FALSE,FALSE,Bas-Armagnac; Napoléon,NAS,NULL,NULL,NULL,NULL,NULL,NULL,NULL,"A fruit driven, but spicy flavoured Armagnac. The flavours are complex and mouthfilling.",https://www.celticwhiskeyshop.com/delord-bas-armagnac-napoleon,2026-06-28,NULL,armagnac_france
Armagnac,Maison Delord,"Lannepax, France",Delord,own_make,NULL,FALSE,FALSE,Bas-Armagnac; XO,NAS,NULL,NULL,NULL,NULL,NULL,NULL,NULL,Offers up some complex and spicy flavours whilst being suitably easy to drink. Great after a meal.,https://www.celticwhiskeyshop.com/delord-bas-armagnac-xo,2026-06-28,NULL,armagnac_france
Armagnac,Maison Delord,"Lannepax, France",Delord,own_make,NULL,FALSE,FALSE,Bas-Armagnac; XO; XO Premium,NAS,NULL,NULL,NULL,NULL,NULL,NULL,NULL,A special edition Armagnac that far exceeds the required age for an XO. The brandies used are aged between 25 and 45 years.,https://www.celticwhiskeyshop.com/Delord-Bas-Armagnac-XO-Premium; https://www.la-maison-armagnac.com/en/collections/maison-delord/products/armagnac-delord-xo-premium-70cl,2026-06-26,http://www.la-maison-armagnac.com/cdn/shop/products/Armagnac-Delord-XO-premium-70cl-caisse-bois.jpg,armagnac_france
Armagnac,Maison Delord,"Lannepax, France",Delord,own_make,NULL,FALSE,FALSE,Bas-Armagnac; Hors d'Âge,NAS,NULL,NULL,NULL,NULL,NULL,NULL,NULL,NULL,https://www.la-maison-armagnac.com/en/collections/maison-delord/products/armagnac-delord-hors-dage-70cl,2026-06-26,http://www.la-maison-armagnac.com/cdn/shop/products/Armagnac-Delord-caisse-bois-hors-d_age-70cl.jpg,armagnac_france
Armagnac,Maison Delord,"Lannepax, France",Delord,own_make,NULL,FALSE,FALSE,Bas-Armagnac,15 Years,NULL,NULL,NULL,NULL,NULL,Oak,NULL,"A perfectly aged Armagnac with rich spicy flavours of prune, oak, leather and cinnamon.",https://www.celticwhiskeyshop.com/delord-bas-armagnac-15-year-old,2026-06-28,NULL,armagnac_france
Armagnac,Maison Delord,"Lannepax, France",Delord,own_make,NULL,FALSE,FALSE,Bas-Armagnac,20 Years,NULL,NULL,NULL,NULL,NULL,NULL,NULL,NULL,https://www.la-maison-armagnac.com/en/collections/maison-delord/products/armagnac-delord-20-ans-dage-70cl,2026-06-26,http://www.la-maison-armagnac.com/cdn/shop/products/ARMAGNAC-DELORD-20-ans-d_age-Ariane-caisse-bois.jpg,armagnac_france
Armagnac,Maison Delord,"Lannepax, France",Delord,own_make,NULL,FALSE,FALSE,Bas-Armagnac,25 Years,NULL,NULL,NULL,NULL,"Ugni Blanc, Colombard, Baco, Folle-Blanche",NULL,NULL,"Very intense amber colour with olive green reflections. Very aromatic nose offers spice scents and rancio notes (nuts, butter); aromas found again in the mouth, very balanced. Elegant on the nose with peppery and spicy notes; complexity of cocoa and spice in the mouth.",https://www.la-maison-armagnac.com/en/collections/maison-delord/products/armagnac-delord-25-ans-dage-70cl; https://www.celticwhiskeyshop.com/delord-bas-armagnac-25-year-old,2026-06-26,http://www.la-maison-armagnac.com/cdn/shop/products/ARMAGNAC-DELORD-25-ans-d_age-Ariane-caisse-bois.jpg,armagnac_france
Armagnac,Maison Delord,"Lannepax, France",Delord,own_make,NULL,FALSE,FALSE,Blanche Armagnac,NULL,NULL,NULL,NULL,NULL,NULL,NULL,NULL,NULL,https://www.la-maison-armagnac.com/en/collections/maison-delord/products/blanche-armagnac-delord-70cl,2026-06-26,http://www.la-maison-armagnac.com/cdn/shop/products/Blanche-d_Armagnac-Delord.jpg,armagnac_france
Armagnac,Maison Delord,"Lannepax, France",Delord,own_make,NULL,FALSE,FALSE,Bas-Armagnac; Millésime; Cask Strength,NULL,1995,Brut de fût,NULL,NULL,NULL,NULL,NULL,NULL,https://www.la-maison-armagnac.com/en/collections/maison-delord/products/armagnac-delord-millesime-1997-brut-de-fut-70cl-1,2026-06-26,http://www.la-maison-armagnac.com/cdn/shop/files/Brutdefut1995.png,armagnac_france
Armagnac,Maison Delord,"Lannepax, France",Delord,own_make,NULL,FALSE,FALSE,Bas-Armagnac; Millésime,NULL,1934,NULL,NULL,NULL,NULL,NULL,NULL,An incredible Armagnac from the 1934 harvest. Bottled in 2013 after nearly eighty years.,https://www.celticwhiskeyshop.com/Delord-1934-Armagnac,2026-06-28,NULL,armagnac_france
Armagnac,Maison Delord,"Lannepax, France",Delord,own_make,NULL,FALSE,FALSE,Bas-Armagnac; Millésime,NULL,1940,NULL,NULL,NULL,NULL,NULL,NULL,Distilled from grapes that were harvested in 1940 as the German army marched across Europe.,https://www.celticwhiskeyshop.com/Delord-1940-Armagnac,2026-06-28,NULL,armagnac_france
Armagnac,Maison Delord,"Lannepax, France",Delord,own_make,NULL,FALSE,FALSE,Bas-Armagnac; Millésime,NULL,1941,NULL,NULL,NULL,NULL,NULL,NULL,An old vintage Armagnac from the 1941 harvest.,https://www.celticwhiskeyshop.com/Delord-1941-Armagnac,2026-06-28,NULL,armagnac_france
Armagnac,Maison Delord,"Lannepax, France",Delord,own_make,NULL,FALSE,FALSE,Bas-Armagnac; Millésime,NULL,1960,NULL,80,40,NULL,NULL,NULL,NULL,https://www.la-maison-armagnac.com/en/products/armagnac-delord-millesime-1960-70cl,2026-06-26,http://www.la-maison-armagnac.com/cdn/shop/products/Maison-Armagnac-_0044_ArmagnacDelordmillesime1960caissebois70cl.jpg,armagnac_france
Armagnac,Maison Delord,"Lannepax, France",Delord,own_make,NULL,FALSE,FALSE,Bas-Armagnac; Millésime,NULL,1963,NULL,NULL,NULL,NULL,NULL,NULL,NULL,https://www.la-maison-armagnac.com/en/collections/maison-delord,2026-06-28,NULL,armagnac_france
Armagnac,Maison Delord,"Lannepax, France",Delord,own_make,NULL,FALSE,FALSE,Bas-Armagnac; Millésime,NULL,1964,NULL,NULL,NULL,NULL,NULL,NULL,NULL,https://www.la-maison-armagnac.com/en/collections/maison-delord/products/armagnac-delord-millesime-1964-70cl,2026-06-26,http://www.la-maison-armagnac.com/cdn/shop/products/Maison-Armagnac-_0041_ArmagnacDelordmillesime1964caissebois70cl.jpg,armagnac_france
Armagnac,Maison Delord,"Lannepax, France",Delord,own_make,NULL,FALSE,FALSE,Bas-Armagnac; Millésime,NULL,1965,NULL,NULL,NULL,NULL,NULL,NULL,NULL,https://www.la-maison-armagnac.com/en/collections/maison-delord/products/armagnac-delord-millesime-1965-70cl,2026-06-26,http://www.la-maison-armagnac.com/cdn/shop/files/Delord1965.png,armagnac_france
Armagnac,Maison Delord,"Lannepax, France",Delord,own_make,NULL,FALSE,FALSE,Bas-Armagnac; Millésime,NULL,1966,NULL,NULL,NULL,NULL,NULL,NULL,NULL,https://www.la-maison-armagnac.com/en/collections/maison-delord/products/armagnac-delord-millesime-1966-70cl,2026-06-26,http://www.la-maison-armagnac.com/cdn/shop/products/Maison-Armagnac-_0039_ArmagnacDelordmillesime1966caissebois70cl.jpg,armagnac_france
Armagnac,Maison Delord,"Lannepax, France",Delord,own_make,NULL,FALSE,FALSE,Bas-Armagnac; Millésime,NULL,1968,NULL,NULL,NULL,NULL,NULL,NULL,A stunning Armagnac that was distilled in 1968. Flavours of citrus and plum work alongside sweet vanilla and caramel notes.,https://www.celticwhiskeyshop.com/delord-1968-armagnac,2026-06-28,NULL,armagnac_france
Armagnac,Maison Delord,"Lannepax, France",Delord,own_make,NULL,FALSE,FALSE,Bas-Armagnac; Millésime,NULL,1970,NULL,NULL,NULL,NULL,NULL,NULL,NULL,https://www.la-maison-armagnac.com/en/collections/maison-delord/products/armagnac-delord-millesime-1970-70cl,2026-06-26,http://www.la-maison-armagnac.com/cdn/shop/products/Maison-Armagnac-_0036_ArmagnacDelordmillesime1970caissebois70cl.jpg,armagnac_france
Armagnac,Maison Delord,"Lannepax, France",Delord,own_make,NULL,FALSE,FALSE,Bas-Armagnac; Millésime,NULL,1973,NULL,NULL,NULL,NULL,NULL,NULL,NULL,https://www.la-maison-armagnac.com/en/collections/maison-delord/products/armagnac-delord-millesime-1973-70cl,2026-06-26,http://www.la-maison-armagnac.com/cdn/shop/products/Maison-Armagnac-_0035_ArmagnacDelordmillesime1973caissebois70cl.jpg,armagnac_france
Armagnac,Maison Delord,"Lannepax, France",Delord,own_make,NULL,FALSE,FALSE,Bas-Armagnac; Millésime,NULL,1974,NULL,NULL,NULL,NULL,NULL,NULL,NULL,https://www.la-maison-armagnac.com/en/collections/maison-delord/products/armagnac-delord-millesime-1974-70cl,2026-06-26,http://www.la-maison-armagnac.com/cdn/shop/products/Maison-Armagnac-_0034_ArmagnacDelordmillesime1974caissebois70cl.jpg,armagnac_france
Armagnac,Maison Delord,"Lannepax, France",Delord,own_make,NULL,FALSE,FALSE,Bas-Armagnac; Millésime,NULL,1975,NULL,NULL,NULL,NULL,NULL,NULL,NULL,https://www.la-maison-armagnac.com/en/collections/maison-delord/products/armagnac-delord-millesime-1975-70cl,2026-06-26,http://www.la-maison-armagnac.com/cdn/shop/products/Maison-Armagnac-_0033_ArmagnacDelordmillesime1975caissebois70cl.jpg,armagnac_france
Armagnac,Maison Delord,"Lannepax, France",Delord,own_make,NULL,FALSE,FALSE,Bas-Armagnac; Millésime,NULL,1976,NULL,NULL,NULL,NULL,NULL,NULL,NULL,https://www.la-maison-armagnac.com/en/collections/maison-delord/products/armagnac-delord-millesime-1976-70cl,2026-06-26,http://www.la-maison-armagnac.com/cdn/shop/products/Maison-Armagnac-_0032_ArmagnacDelordmillesime1976caissebois70cl_babe0c90-f52b-4eac-a1bd-74bfaebaf8e4.jpg,armagnac_france
Armagnac,Maison Delord,"Lannepax, France",Delord,own_make,NULL,FALSE,FALSE,Bas-Armagnac; Millésime,NULL,1978,NULL,NULL,NULL,NULL,NULL,NULL,NULL,https://www.la-maison-armagnac.com/en/collections/maison-delord/products/armagnac-delord-millesime-1978-70cl,2026-06-26,http://www.la-maison-armagnac.com/cdn/shop/products/Maison-Armagnac-_0031_ArmagnacDelordmillesime1978caissebois70cl.jpg,armagnac_france
Armagnac,Maison Delord,"Lannepax, France",Delord,own_make,NULL,FALSE,FALSE,Bas-Armagnac; Millésime,NULL,1979,NULL,NULL,NULL,NULL,NULL,NULL,NULL,https://www.la-maison-armagnac.com/en/collections/maison-delord/products/armagnac-delord-millesime-1979-70cl,2026-06-26,http://www.la-maison-armagnac.com/cdn/shop/products/Maison-Armagnac-_0030_ArmagnacDelordmillesime1979caissebois70cl.jpg,armagnac_france
Armagnac,Maison Delord,"Lannepax, France",Delord,own_make,NULL,FALSE,FALSE,Bas-Armagnac; Millésime,NULL,1980,NULL,NULL,NULL,NULL,NULL,NULL,NULL,https://www.la-maison-armagnac.com/en/collections/maison-delord/products/armagnac-delord-millesime-1980-70cl,2026-06-26,http://www.la-maison-armagnac.com/cdn/shop/products/Maison-Armagnac-_0029_ArmagnacDelordmillesime1980caissebois70cl.jpg,armagnac_france
Armagnac,Maison Delord,"Lannepax, France",Delord,own_make,NULL,FALSE,FALSE,Bas-Armagnac; Millésime,NULL,1981,NULL,NULL,NULL,NULL,NULL,NULL,NULL,https://www.la-maison-armagnac.com/en/collections/maison-delord/products/armagnac-delord-millesime-1981-70cl,2026-06-26,http://www.la-maison-armagnac.com/cdn/shop/products/Maison-Armagnac-_0028_ArmagnacDelordmillesime1981caissebois70cl.jpg,armagnac_france
Armagnac,Maison Delord,"Lannepax, France",Delord,own_make,NULL,FALSE,FALSE,Bas-Armagnac; Millésime,NULL,1982,NULL,NULL,NULL,NULL,NULL,NULL,NULL,https://www.la-maison-armagnac.com/en/collections/maison-delord/products/armagnac-delord-millesime-1982-70cl,2026-06-26,http://www.la-maison-armagnac.com/cdn/shop/products/Maison-Armagnac-_0027_ArmagnacDelordmillesime1982caissebois70cl.jpg,armagnac_france
Armagnac,Maison Delord,"Lannepax, France",Delord,own_make,NULL,FALSE,FALSE,Bas-Armagnac; Millésime,NULL,1983,NULL,NULL,NULL,NULL,NULL,NULL,NULL,https://www.la-maison-armagnac.com/en/collections/maison-delord/products/armagnac-delord-millesime-1983-70cl,2026-06-26,http://www.la-maison-armagnac.com/cdn/shop/products/Maison-Armagnac-_0026_ArmagnacDelordmillesime1983caissebois70cl.jpg,armagnac_france
Armagnac,Maison Delord,"Lannepax, France",Delord,own_make,NULL,FALSE,FALSE,Bas-Armagnac; Millésime,NULL,1984,NULL,NULL,NULL,NULL,NULL,NULL,NULL,https://www.la-maison-armagnac.com/en/collections/maison-delord/products/armagnac-delord-millesime-1984-70cl,2026-06-26,http://www.la-maison-armagnac.com/cdn/shop/products/Maison-Armagnac-_0025_ArmagnacDelordmillesime1984caissebois70cl.jpg,armagnac_france
Armagnac,Maison Delord,"Lannepax, France",Delord,own_make,NULL,FALSE,FALSE,Bas-Armagnac; Millésime,NULL,1985,NULL,NULL,NULL,NULL,NULL,NULL,NULL,https://www.la-maison-armagnac.com/en/collections/maison-delord/products/armagnac-delord-millesime-1985-70cl,2026-06-26,http://www.la-maison-armagnac.com/cdn/shop/products/Maison-Armagnac-_0024_ArmagnacDelordmillesime1985caissebois70cl.jpg,armagnac_france
Armagnac,Maison Delord,"Lannepax, France",Delord,own_make,NULL,FALSE,FALSE,Bas-Armagnac; Millésime,NULL,1986,NULL,NULL,NULL,NULL,NULL,NULL,NULL,https://www.la-maison-armagnac.com/en/collections/maison-delord/products/armagnac-delord-millesime-1986-70cl,2026-06-26,http://www.la-maison-armagnac.com/cdn/shop/products/Maison-Armagnac-_0023_ArmagnacDelordmillesime1986caissebois70cl.jpg,armagnac_france
Armagnac,Maison Delord,"Lannepax, France",Delord,own_make,NULL,FALSE,FALSE,Bas-Armagnac; Millésime,NULL,1987,NULL,NULL,NULL,NULL,NULL,NULL,NULL,https://www.la-maison-armagnac.com/en/collections/maison-delord,2026-06-28,NULL,armagnac_france
Armagnac,Maison Delord,"Lannepax, France",Delord,own_make,NULL,FALSE,FALSE,Bas-Armagnac; Millésime,NULL,1988,NULL,NULL,NULL,NULL,NULL,NULL,NULL,https://www.la-maison-armagnac.com/en/collections/maison-delord/products/armagnac-delord-millesime-1988-70cl,2026-06-26,http://www.la-maison-armagnac.com/cdn/shop/products/Maison-Armagnac-_0021_ArmagnacDelordmillesime1988caissebois70cl.jpg,armagnac_france
Armagnac,Maison Delord,"Lannepax, France",Delord,own_make,NULL,FALSE,FALSE,Bas-Armagnac; Millésime,NULL,1989,NULL,NULL,NULL,NULL,NULL,NULL,NULL,https://www.la-maison-armagnac.com/en/collections/maison-delord/products/armagnac-delord-millesime-1989-70cl,2026-06-26,http://www.la-maison-armagnac.com/cdn/shop/products/Maison-Armagnac-_0020_ArmagnacDelordmillesime1989caissebois70cl.jpg,armagnac_france
Armagnac,Maison Delord,"Lannepax, France",Delord,own_make,NULL,FALSE,FALSE,Bas-Armagnac; Millésime,NULL,1990,NULL,NULL,NULL,NULL,NULL,NULL,NULL,https://www.la-maison-armagnac.com/en/collections/maison-delord/products/armagnac-delord-millesime-1990-70cl,2026-06-26,http://www.la-maison-armagnac.com/cdn/shop/products/Maison-Armagnac-_0019_ArmagnacDelordmillesime1990caissebois70cl.jpg,armagnac_france
Armagnac,Maison Delord,"Lannepax, France",Delord,own_make,NULL,FALSE,FALSE,Bas-Armagnac; Millésime,NULL,1991,NULL,NULL,NULL,NULL,NULL,NULL,NULL,https://www.la-maison-armagnac.com/en/collections/maison-delord/products/armagnac-delord-millesime-1991-70cl,2026-06-26,http://www.la-maison-armagnac.com/cdn/shop/products/Maison-Armagnac-_0018_ArmagnacDelordmillesime1991caissebois70cl.jpg,armagnac_france
Armagnac,Maison Delord,"Lannepax, France",Delord,own_make,NULL,FALSE,FALSE,Bas-Armagnac; Millésime,NULL,1992,NULL,NULL,NULL,NULL,NULL,NULL,NULL,https://www.la-maison-armagnac.com/en/collections/maison-delord/products/armagnac-delord-millesime-1992-70cl,2026-06-26,http://www.la-maison-armagnac.com/cdn/shop/products/Maison-Armagnac-_0017_ArmagnacDelordmillesime1992caissebois70cl.jpg,armagnac_france
Armagnac,Maison Delord,"Lannepax, France",Delord,own_make,NULL,FALSE,FALSE,Bas-Armagnac; Millésime,NULL,1993,NULL,NULL,NULL,NULL,NULL,NULL,NULL,https://www.la-maison-armagnac.com/en/collections/maison-delord/products/armagnac-delord-millesime-1993-70cl,2026-06-26,http://www.la-maison-armagnac.com/cdn/shop/products/Maison-Armagnac-_0016_ArmagnacDelordmillesime1993caissebois70cl.jpg,armagnac_france
Armagnac,Maison Delord,"Lannepax, France",Delord,own_make,NULL,FALSE,FALSE,Bas-Armagnac; Millésime,NULL,1994,NULL,NULL,NULL,NULL,NULL,NULL,NULL,https://www.la-maison-armagnac.com/en/collections/maison-delord/products/armagnac-delord-millesime-1994-70cl,2026-06-26,http://www.la-maison-armagnac.com/cdn/shop/products/Maison-Armagnac-_0015_ArmagnacDelordmillesime1994caissebois70cl.jpg,armagnac_france
Armagnac,Maison Delord,"Lannepax, France",Delord,own_make,NULL,FALSE,FALSE,Bas-Armagnac; Millésime,NULL,1995,NULL,NULL,NULL,NULL,NULL,NULL,NULL,https://www.la-maison-armagnac.com/en/collections/maison-delord/products/armagnac-delord-millesime-1995-70cl,2026-06-26,http://www.la-maison-armagnac.com/cdn/shop/products/Maison-Armagnac-_0014_ArmagnacDelordmillesime1995caissebois70cl.jpg,armagnac_france
Armagnac,Maison Delord,"Lannepax, France",Delord,own_make,NULL,FALSE,FALSE,Bas-Armagnac; Millésime,NULL,1996,NULL,NULL,NULL,NULL,NULL,NULL,NULL,https://www.la-maison-armagnac.com/en/collections/maison-delord/products/armagnac-delord-millesime-1996-70cl,2026-06-26,http://www.la-maison-armagnac.com/cdn/shop/products/Maison-Armagnac-_0013_ArmagnacDelordmillesime1996caissebois70cl.jpg,armagnac_france
Armagnac,Maison Delord,"Lannepax, France",Delord,own_make,NULL,FALSE,FALSE,Bas-Armagnac; Millésime,NULL,1997,NULL,NULL,NULL,NULL,NULL,NULL,NULL,https://www.la-maison-armagnac.com/en/collections/maison-delord/products/armagnac-delord-millesime-1997-70cl,2026-06-26,http://www.la-maison-armagnac.com/cdn/shop/products/Maison-Armagnac-_0012_ArmagnacDelordmillesime1997caissebois70cl.jpg,armagnac_france
Armagnac,Maison Delord,"Lannepax, France",Delord,own_make,NULL,FALSE,FALSE,Bas-Armagnac; Millésime,NULL,1998,NULL,NULL,NULL,NULL,NULL,NULL,NULL,https://www.la-maison-armagnac.com/en/collections/maison-delord/products/armagnac-delord-millesime-1998-70cl,2026-06-26,http://www.la-maison-armagnac.com/cdn/shop/products/Maison-Armagnac-_0011_ArmagnacDelordmillesime1998caissebois70cl.jpg,armagnac_france
Armagnac,Maison Delord,"Lannepax, France",Delord,own_make,NULL,FALSE,FALSE,Bas-Armagnac; Millésime,NULL,1999,NULL,NULL,NULL,NULL,NULL,NULL,NULL,https://www.la-maison-armagnac.com/en/collections/maison-delord,2026-06-28,NULL,armagnac_france
Armagnac,Maison Delord,"Lannepax, France",Delord,own_make,NULL,FALSE,FALSE,Bas-Armagnac; Millésime,NULL,2000,NULL,NULL,NULL,NULL,NULL,NULL,NULL,https://www.la-maison-armagnac.com/en/collections/maison-delord/products/armagnac-delord-millesime-2000-70cl,2026-06-26,http://www.la-maison-armagnac.com/cdn/shop/products/Maison-Armagnac-_0009_ArmagnacDelordmillesime2000caissebois70cl.jpg,armagnac_france
Armagnac,Maison Delord,"Lannepax, France",Delord,own_make,NULL,FALSE,FALSE,Bas-Armagnac; Millésime,NULL,2001,NULL,NULL,NULL,NULL,NULL,NULL,NULL,https://www.la-maison-armagnac.com/en/collections/maison-delord/products/armagnac-delord-millesime-2001-70cl,2026-06-26,http://www.la-maison-armagnac.com/cdn/shop/products/Maison-Armagnac-_0008_ArmagnacDelordmillesime2001caissebois70cl.jpg,armagnac_france
Armagnac,Maison Delord,"Lannepax, France",Delord,own_make,NULL,FALSE,FALSE,Bas-Armagnac; Millésime,NULL,2002,NULL,NULL,NULL,NULL,NULL,NULL,NULL,https://www.la-maison-armagnac.com/en/collections/maison-delord,2026-06-28,NULL,armagnac_france
Armagnac,Maison Delord,"Lannepax, France",Delord,own_make,NULL,FALSE,FALSE,Bas-Armagnac; Millésime,NULL,2003,NULL,NULL,NULL,NULL,NULL,NULL,NULL,https://www.la-maison-armagnac.com/en/collections/maison-delord,2026-06-28,NULL,armagnac_france
Armagnac,Maison Delord,"Lannepax, France",Delord,own_make,NULL,FALSE,FALSE,Bas-Armagnac; Millésime,NULL,2004,NULL,NULL,NULL,NULL,NULL,NULL,NULL,https://www.la-maison-armagnac.com/en/collections/maison-delord/products/armagnac-delord-millesime-2004-70cl,2026-06-26,http://www.la-maison-armagnac.com/cdn/shop/products/Maison-Armagnac-_0005_ArmagnacDelordmillesime2004caissebois70cl.jpg,armagnac_france
Armagnac,Maison Delord,"Lannepax, France",Delord,own_make,NULL,FALSE,FALSE,Bas-Armagnac; Millésime,NULL,2005,NULL,NULL,NULL,NULL,NULL,NULL,NULL,https://www.la-maison-armagnac.com/en/collections/maison-delord/products/armagnac-delord-millesime-2005-70cl,2026-06-26,http://www.la-maison-armagnac.com/cdn/shop/products/Maison-Armagnac-_0004_ArmagnacDelordmillesime2005caissebois70cl.jpg,armagnac_france
Armagnac,Maison Delord,"Lannepax, France",Delord,own_make,NULL,FALSE,FALSE,Bas-Armagnac; Millésime,NULL,2006,NULL,NULL,NULL,NULL,NULL,NULL,NULL,https://www.la-maison-armagnac.com/en/collections/maison-delord,2026-06-28,NULL,armagnac_france
Armagnac,Maison Delord,"Lannepax, France",Delord,own_make,NULL,FALSE,FALSE,Bas-Armagnac; Millésime,NULL,2007,NULL,NULL,NULL,NULL,NULL,NULL,NULL,https://www.la-maison-armagnac.com/en/collections/maison-delord,2026-06-28,NULL,armagnac_france
Armagnac,Maison Delord,"Lannepax, France",Delord,own_make,NULL,FALSE,FALSE,Bas-Armagnac; Millésime,NULL,2008,NULL,NULL,NULL,NULL,NULL,NULL,NULL,https://www.la-maison-armagnac.com/en/collections/maison-delord/products/armagnac-delord-millesime-2008-70cl,2026-06-26,http://www.la-maison-armagnac.com/cdn/shop/products/Maison-Armagnac-_0001_ArmagnacDelordmillesime2008caissebois70cl.jpg,armagnac_france
Armagnac,Maison Delord,"Lannepax, France",Delord,own_make,NULL,FALSE,FALSE,Bas-Armagnac; Millésime,NULL,2009,NULL,NULL,NULL,NULL,NULL,NULL,NULL,https://www.la-maison-armagnac.com/en/collections/maison-delord,2026-06-28,NULL,armagnac_france
Armagnac,Maison Delord,"Lannepax, France",Delord,own_make,NULL,FALSE,FALSE,Bas-Armagnac; Millésime,NULL,2010,NULL,NULL,NULL,NULL,NULL,NULL,NULL,https://www.la-maison-armagnac.com/en/collections/maison-delord/products/armagnac-delord-millesime-2010-70cl,2026-06-26,http://www.la-maison-armagnac.com/cdn/shop/products/Maison-Armagnac-_0045_ArmagnacDelordmillesime2010caissebois70cl.jpg,armagnac_france
Armagnac,Maison Delord,"Lannepax, France",Marie Duffau,own_make,NULL,FALSE,FALSE,Bas-Armagnac,NAS,NULL,NULL,NULL,NULL,NULL,Oak,NULL,"Pale yellow colour, bright and clear. Nose light note of wood and vanilla (ageing in barrels). Mouth clean and lively, well balanced; notes of vanilla, fresh grapes and apples; fresh-fruit finish of great length.",https://www.armagnacmarieduffau.com/en/our-armagnacs,2026-06-14,NULL,armagnac_france
Armagnac,Maison Delord,"Lannepax, France",Marie Duffau,own_make,NULL,FALSE,FALSE,Bas-Armagnac; VSOP,NAS,NULL,NULL,NULL,NULL,NULL,NULL,NULL,"Golden coloured Armagnac, bright and clear. Nose aromas of prunes, vanilla and fresh grapes. Mouth striking and clean attack followed by notes of quince, tannins, prunes; supple and round finish with light vanilla and great fullness.",https://www.armagnacmarieduffau.com/en/our-armagnacs,2026-06-14,NULL,armagnac_france
Armagnac,Maison Delord,"Lannepax, France",Marie Duffau,own_make,NULL,FALSE,FALSE,Bas-Armagnac; Napoléon,6 Years,NULL,NULL,80,40,"Ugni Blanc 70%, Baco 20%, Colombard 5%, Folle Blanche 5%",NULL,NULL,"Minimum 6 years old. Flavors of cocoa, orange rind, cake batter and vanilla; soft tannins on the finish and a touch of rancio. Roasted chestnut, baked pear, pineapple, caramel, black raisins, prunes and old oak; creamy textured, semisweet entry, nutty/woody midpalate, oily oaky finish.",https://www.armagnacmarieduffau.com/en/our-armagnacs; https://www.astorwines.com/item/27753,2026-06-14,NULL,armagnac_france
Armagnac,Maison Delord,"Lannepax, France",Marie Duffau,own_make,NULL,FALSE,FALSE,Bas-Armagnac; Hors d'Âge,12 Years,NULL,NULL,80,40,"Ugni Blanc 70%, Baco 20%, Colombard 5%, Folle Blanche 5%",French oak,NULL,"Bears an age statement of 12 years. Amber colour, bright and clear. Nose rancio, nuts, vanilla, toasted notes, mellow wood. Mouth clean attack, soft with light tannins; note of rancio with a round and supple finish of great length.",https://www.armagnacmarieduffau.com/en/our-armagnacs; https://distiller.com/spirits/marie-duffau-hors-d-age-armagnac,2026-06-26,https://ip-distiller.imgix.net/images/spirits/769ce590-0d76-0137-3a8e-6a9d639d49c9/marie_duffan_hors_d_age_original.jpg,armagnac_france
Armagnac,Maison Delord,"Lannepax, France",Marie Duffau,own_make,NULL,FALSE,FALSE,Bas-Armagnac; Millésime,NULL,1973,NULL,NULL,NULL,NULL,NULL,NULL,NULL,https://theliquorbarn.com/collections/marie-duffau/products/marie-duffau-1973-armagnac-750ml,2026-06-26,http://theliquorbarn.com/cdn/shop/files/marie_duffau_1973__32675.jpg,armagnac_france
Armagnac,Maison Delord,"Lannepax, France",Marie Duffau,own_make,NULL,FALSE,FALSE,Bas-Armagnac; Millésime,NULL,1976,NULL,NULL,NULL,NULL,NULL,NULL,NULL,https://www.wine-searcher.com/find/marie+duffau+vintage+bas+armagnac+france/1976,2026-06-14,NULL,armagnac_france
Armagnac,Maison Delord,"Lannepax, France",Marie Duffau,own_make,NULL,FALSE,FALSE,Bas-Armagnac; Millésime,NULL,1978,NULL,NULL,NULL,NULL,NULL,NULL,NULL,https://theliquorbarn.com/collections/marie-duffau/products/marie-duffau-1978-armagnac-750ml,2026-06-26,http://theliquorbarn.com/cdn/shop/files/marie_duffau_1978__42319.jpg,armagnac_france
Armagnac,Maison Delord,"Lannepax, France",Marie Duffau,own_make,NULL,FALSE,FALSE,Bas-Armagnac; Millésime,NULL,1979,NULL,NULL,NULL,NULL,NULL,NULL,NULL,https://theliquorbarn.com/collections/marie-duffau/products/marie-duffau-1979-armagnac-750ml; https://www.wine-searcher.com/find/marie+duffau+vintage+bas+armagnac+france/1979,2026-06-26,http://theliquorbarn.com/cdn/shop/files/marie_duffau_1978__22288.jpg,armagnac_france
Armagnac,Maison Delord,"Lannepax, France",Marie Duffau,own_make,NULL,FALSE,FALSE,Bas-Armagnac; Millésime,30 Years,1992,NULL,NULL,NULL,NULL,NULL,NULL,NULL,https://theliquorbarn.com/collections/marie-duffau/products/marie-duffau-1992-30-year-armagnac-750ml,2026-06-26,http://theliquorbarn.com/cdn/shop/files/Marie-Duffau-1992-30-Year-Armagnac__13389.jpg,armagnac_france
Armagnac,Dartigalongue,"Nogaro, France",Dartigalongue,own_make,NULL,FALSE,FALSE,Bas-Armagnac; VSOP,NAS,NULL,NULL,84,42,NULL,Oak,NULL,"Minimum 4 years old. Blend of young eaux-de-vie selected for their fruit and softness. Aromas of plum, pear, finish on sweet almond.",https://www.dartigalongue.com/nos-armagnacs/,2026-06-14,NULL,armagnac_france
Armagnac,Dartigalongue,"Nogaro, France",Dartigalongue,own_make,NULL,FALSE,FALSE,Bas-Armagnac; Vieille Réserve; Réserve,NAS,NULL,NULL,84,42,NULL,Oak,NULL,"Minimum 6 years old. Blend of eaux-de-vie with prolonged oak ageing for complexity. Fruit notes of young vintages married with spicy notes of reserve vintages; fresh, gourmand profile.",https://www.dartigalongue.com/nos-armagnacs/,2026-06-14,NULL,armagnac_france
Armagnac,Dartigalongue,"Nogaro, France",Dartigalongue,own_make,NULL,FALSE,FALSE,Bas-Armagnac; XO; XO Signature,NAS,NULL,NULL,84,42,NULL,Oak,NULL,"Minimum 12 years old. Signature of the Dartigalongue style. Notes of candied fruit (pineapple, orange), toasted oak, spices and sandalwood. Powerful, controlled palate with remarkable length.",https://www.dartigalongue.com/nos-armagnacs/,2026-06-14,NULL,armagnac_france
Armagnac,Dartigalongue,"Nogaro, France",Dartigalongue,own_make,NULL,FALSE,FALSE,Bas-Armagnac; Hors d'Âge; Héritage,20 Years,NULL,NULL,84,42,NULL,Oak,NULL,"Minimum 20 years old. The age of perfect harmony, roundness, balance. Silky mouth texture. Very rich bouquet with notes of gingerbread, liquorice and candied ginger.",https://www.dartigalongue.com/nos-armagnacs/,2026-06-14,NULL,armagnac_france
Armagnac,Dartigalongue,"Nogaro, France",Dartigalongue,own_make,NULL,FALSE,FALSE,Bas-Armagnac; Hors d'Âge; Prestige,30 Years,NULL,NULL,84,42,NULL,Oak,NULL,"Minimum 30 years old. The quintessence of the Dartigalongue style, from an exceptionally long oak ageing. Ode to noble rancio, with typical aromas of walnut, dried fruits and smoked wood. Incredible complexity.",https://www.dartigalongue.com/nos-armagnacs/,2026-06-14,NULL,armagnac_france
Armagnac,Dartigalongue,"Nogaro, France",Dartigalongue,own_make,NULL,FALSE,FALSE,Bas-Armagnac; Un-Oaked; Renouveau,NAS,NULL,NULL,86,43,NULL,Unaged,NULL,"Unaged. Nose subtle notes of pear, apple and white flowers. Palate very ample, unctuous texture, finish on sweet almond.",https://www.dartigalongue.com/nos-armagnacs/,2026-06-14,NULL,armagnac_france
Armagnac,Dartigalongue,"Nogaro, France",Dartigalongue,own_make,NULL,FALSE,FALSE,Bas-Armagnac; Single-Oaked; Renouveau,NAS,NULL,NULL,86,43,NULL,One pass in red oak casks,NULL,"One pass in red oak casks. Nose delicate notes of vanilla, plum and peach. Palate very intense and straight, finish marked by spices.",https://www.dartigalongue.com/nos-armagnacs/,2026-06-14,NULL,armagnac_france
Armagnac,Dartigalongue,"Nogaro, France",Dartigalongue,own_make,NULL,FALSE,FALSE,Bas-Armagnac; Double-Oaked; Renouveau,NAS,NULL,NULL,86,43,NULL,Two passes in new oak casks,NULL,"Two passes in new oak casks. Aromas of toasted bread, cocoa, roasting, spices highlighting the influence of Gascon oak.",https://www.dartigalongue.com/nos-armagnacs/,2026-06-14,NULL,armagnac_france
Armagnac,Dartigalongue,"Nogaro, France",Dartigalongue Cuvée Louis-Philippe,own_make,NULL,FALSE,FALSE,Bas-Armagnac; Blend; Cuvée Louis-Philippe 180ème anniversaire,NULL,NULL,NULL,84,42,NULL,Oak,NULL,"Created for the 180th anniversary of the house. Blend at 42% of 5 vintages: 1979, 1983, 1986, 1992 and 1994, selected for quality and complementarity. Remarkable for its finesse, gourmandise and length on the palate.",https://www.dartigalongue.com/nos-armagnacs/,2026-06-14,NULL,armagnac_france
Armagnac,Dartigalongue,"Nogaro, France",Dartigalongue,own_make,NULL,FALSE,FALSE,Bas-Armagnac; Millésime,NULL,1962,NULL,84,42,NULL,Oak (400L),NULL,NULL,https://www.dartigalongue.com/boutique/nos-millesimes/armagnac-1962/,2026-06-26,https://www.dartigalongue.com/wp-content/uploads/2020/09/1962_ba_carton.png,armagnac_france
Armagnac,Dartigalongue,"Nogaro, France",Dartigalongue,own_make,NULL,FALSE,FALSE,Bas-Armagnac; Millésime,NULL,1963,NULL,84,42,NULL,Oak (400L),NULL,NULL,https://www.dartigalongue.com/boutique/nos-millesimes/armagnac-1963/,2026-06-26,https://www.dartigalongue.com/wp-content/uploads/2020/09/1963_ba_carton.png,armagnac_france
Armagnac,Dartigalongue,"Nogaro, France",Dartigalongue,own_make,NULL,FALSE,FALSE,Bas-Armagnac; Millésime,NULL,1964,NULL,84,42,NULL,Oak (400L),NULL,NULL,https://www.dartigalongue.com/boutique/nos-millesimes/armagnac-1964/,2026-06-26,https://www.dartigalongue.com/wp-content/uploads/2020/09/1964_a_carton.png,armagnac_france
Armagnac,Dartigalongue,"Nogaro, France",Dartigalongue,own_make,NULL,FALSE,FALSE,Bas-Armagnac; Millésime,NULL,1965,NULL,84,42,NULL,Oak (400L),NULL,NULL,https://www.dartigalongue.com/boutique/nos-millesimes/armagnac-1965/,2026-06-26,https://www.dartigalongue.com/wp-content/uploads/2020/09/1965_a_carton.png,armagnac_france
Armagnac,Dartigalongue,"Nogaro, France",Dartigalongue,own_make,NULL,FALSE,FALSE,Bas-Armagnac; Millésime,NULL,1966,NULL,84,42,NULL,Oak (400L),NULL,NULL,https://www.dartigalongue.com/boutique/nos-millesimes/armagnac-1966/,2026-06-26,https://www.dartigalongue.com/wp-content/uploads/2020/09/1966_ba_carton.png,armagnac_france
Armagnac,Dartigalongue,"Nogaro, France",Dartigalongue,own_make,NULL,FALSE,FALSE,Bas-Armagnac; Millésime,NULL,1967,NULL,84,42,NULL,Oak (400L),NULL,NULL,https://www.dartigalongue.com/boutique/nos-millesimes/armagnac-1967/,2026-06-26,https://www.dartigalongue.com/wp-content/uploads/2020/09/1967_a_carton.png,armagnac_france
Armagnac,Dartigalongue,"Nogaro, France",Dartigalongue,own_make,NULL,FALSE,FALSE,Bas-Armagnac; Millésime,NULL,1970,NULL,84,42,NULL,Oak (400L),NULL,NULL,https://www.dartigalongue.com/boutique/nos-millesimes/armagnac-1970/,2026-06-26,https://www.dartigalongue.com/wp-content/uploads/2020/09/1970_a_carton.png,armagnac_france
Armagnac,Dartigalongue,"Nogaro, France",Dartigalongue,own_make,NULL,FALSE,FALSE,Bas-Armagnac; Millésime,NULL,1972,NULL,84,42,NULL,Oak (400L),NULL,NULL,https://www.dartigalongue.com/boutique/nos-millesimes/armagnac-1972/,2026-06-26,https://www.dartigalongue.com/wp-content/uploads/2020/09/1972_ba_carton.png,armagnac_france
Armagnac,Dartigalongue,"Nogaro, France",Dartigalongue,own_make,NULL,FALSE,FALSE,Bas-Armagnac; Millésime,NULL,1973,NULL,84,42,NULL,Oak (400L),NULL,NULL,https://www.dartigalongue.com/boutique/nos-millesimes/armagnac-1973/,2026-06-26,https://www.dartigalongue.com/wp-content/uploads/2020/09/1973_ba_carton.png,armagnac_france
Armagnac,Dartigalongue,"Nogaro, France",Dartigalongue,own_make,NULL,FALSE,FALSE,Bas-Armagnac; Millésime,NULL,1974,NULL,84,42,NULL,Oak (400L),NULL,NULL,https://www.dartigalongue.com/boutique/nos-millesimes/armagnac-1974/,2026-06-26,https://www.dartigalongue.com/wp-content/uploads/2020/09/1974_ba_carton.png,armagnac_france
Armagnac,Dartigalongue,"Nogaro, France",Dartigalongue,own_make,NULL,FALSE,FALSE,Bas-Armagnac; Millésime,NULL,1975,NULL,84,42,NULL,Oak (400L),NULL,NULL,https://www.dartigalongue.com/boutique/nos-millesimes/armagnac-1975/,2026-06-26,https://www.dartigalongue.com/wp-content/uploads/2020/09/1975_a_carton.png,armagnac_france
Armagnac,Dartigalongue,"Nogaro, France",Dartigalongue,own_make,NULL,FALSE,FALSE,Bas-Armagnac; Millésime,NULL,1976,NULL,84,42,NULL,Oak (400L),NULL,NULL,https://www.dartigalongue.com/boutique/nos-millesimes/armagnac-1976/,2026-06-26,https://www.dartigalongue.com/wp-content/uploads/2020/09/1976_ba_carton.png,armagnac_france
Armagnac,Dartigalongue,"Nogaro, France",Dartigalongue,own_make,NULL,FALSE,FALSE,Bas-Armagnac; Millésime,NULL,1978,NULL,84,42,NULL,Oak (400L),NULL,NULL,https://www.dartigalongue.com/boutique/nos-millesimes/armagnac-1978/,2026-06-26,https://www.dartigalongue.com/wp-content/uploads/2020/09/1978_ba_carton.png,armagnac_france
Armagnac,Dartigalongue,"Nogaro, France",Dartigalongue,own_make,NULL,FALSE,FALSE,Bas-Armagnac; Millésime,NULL,1979,NULL,84,42,NULL,Oak (400L),NULL,NULL,https://www.dartigalongue.com/boutique/nos-millesimes/armagnac-1979/,2026-06-26,https://www.dartigalongue.com/wp-content/uploads/2020/09/1979_ba_carton.png,armagnac_france
Armagnac,Dartigalongue,"Nogaro, France",Dartigalongue,own_make,NULL,FALSE,FALSE,Bas-Armagnac; Millésime,NULL,1980,NULL,84,42,NULL,Oak (400L),NULL,NULL,https://www.dartigalongue.com/boutique/nos-millesimes/armagnac-1980/,2026-06-26,https://www.dartigalongue.com/wp-content/uploads/2020/09/1989_ba_carton.png,armagnac_france
Armagnac,Dartigalongue,"Nogaro, France",Dartigalongue,own_make,NULL,FALSE,FALSE,Bas-Armagnac; Millésime,NULL,1981,NULL,84,42,NULL,Oak (400L),NULL,NULL,https://www.dartigalongue.com/boutique/nos-millesimes/armagnac-1981/,2026-06-26,https://www.dartigalongue.com/wp-content/uploads/2020/09/1981_ba_carton.png,armagnac_france
Armagnac,Dartigalongue,"Nogaro, France",Dartigalongue,own_make,NULL,FALSE,FALSE,Bas-Armagnac; Millésime,NULL,1982,NULL,84,42,NULL,Oak (400L),NULL,NULL,https://www.dartigalongue.com/boutique/nos-millesimes/armagnac-1982/,2026-06-26,https://www.dartigalongue.com/wp-content/uploads/2020/09/1982_a_carton.png,armagnac_france
Armagnac,Dartigalongue,"Nogaro, France",Dartigalongue,own_make,NULL,FALSE,FALSE,Bas-Armagnac; Millésime,NULL,1983,NULL,84,42,NULL,Oak (400L),NULL,NULL,https://www.dartigalongue.com/boutique/nos-millesimes/armagnac-1983/,2026-06-26,https://www.dartigalongue.com/wp-content/uploads/2020/09/1983_ba_carton.png,armagnac_france
Armagnac,Dartigalongue,"Nogaro, France",Dartigalongue,own_make,NULL,FALSE,FALSE,Bas-Armagnac; Millésime,NULL,1984,NULL,84,42,NULL,Oak (400L),NULL,NULL,https://www.dartigalongue.com/boutique/nos-millesimes/armagnac-1984/,2026-06-26,https://www.dartigalongue.com/wp-content/uploads/2020/09/1984_a_carton.png,armagnac_france
Armagnac,Dartigalongue,"Nogaro, France",Dartigalongue,own_make,NULL,FALSE,FALSE,Bas-Armagnac; Millésime,NULL,1985,NULL,84,42,NULL,Oak (400L),NULL,NULL,https://www.dartigalongue.com/boutique/nos-millesimes/armagnac-1985/,2026-06-26,https://www.dartigalongue.com/wp-content/uploads/2020/09/1985_a_carton.png,armagnac_france
Armagnac,Dartigalongue,"Nogaro, France",Dartigalongue,own_make,NULL,FALSE,FALSE,Bas-Armagnac; Millésime,NULL,1986,NULL,84,42,NULL,Oak (400L),NULL,NULL,https://www.dartigalongue.com/boutique/nos-millesimes/armagnac-1986/,2026-06-26,https://www.dartigalongue.com/wp-content/uploads/2020/09/1986_ba_carton.png,armagnac_france
Armagnac,Dartigalongue,"Nogaro, France",Dartigalongue,own_make,NULL,FALSE,FALSE,Bas-Armagnac; Millésime,NULL,1987,NULL,84,42,NULL,Oak (400L),NULL,NULL,https://www.dartigalongue.com/boutique/nos-millesimes/armagnac-1987/,2026-06-26,https://www.dartigalongue.com/wp-content/uploads/2020/09/1987_ba_carton.png,armagnac_france
Armagnac,Dartigalongue,"Nogaro, France",Dartigalongue,own_make,NULL,FALSE,FALSE,Bas-Armagnac; Millésime,NULL,1988,NULL,84,42,NULL,Oak (400L),NULL,NULL,https://www.dartigalongue.com/boutique/nos-millesimes/armagnac-1988/,2026-06-26,https://www.dartigalongue.com/wp-content/uploads/2020/09/1988_ba_carton.png,armagnac_france
Armagnac,Dartigalongue,"Nogaro, France",Dartigalongue,own_make,NULL,FALSE,FALSE,Bas-Armagnac; Millésime,NULL,1989,NULL,84,42,NULL,Oak (400L),NULL,NULL,https://www.dartigalongue.com/boutique/nos-millesimes/armagnac-1989/,2026-06-26,https://www.dartigalongue.com/wp-content/uploads/2020/09/1989_ba_carton.png,armagnac_france
Armagnac,Dartigalongue,"Nogaro, France",Dartigalongue,own_make,NULL,FALSE,FALSE,Bas-Armagnac; Millésime,NULL,1990,NULL,84,42,NULL,Oak (400L),NULL,NULL,https://www.dartigalongue.com/boutique/nos-millesimes/armagnac-1990/,2026-06-26,https://www.dartigalongue.com/wp-content/uploads/2020/09/1990_ba_carton.png,armagnac_france
Armagnac,Dartigalongue,"Nogaro, France",Dartigalongue,own_make,NULL,FALSE,FALSE,Bas-Armagnac; Millésime,NULL,1991,NULL,84,42,NULL,Oak (400L),NULL,NULL,https://www.dartigalongue.com/boutique/nos-millesimes/armagnac-1991/,2026-06-26,https://www.dartigalongue.com/wp-content/uploads/2020/09/1991_ba_carton.png,armagnac_france
Armagnac,Dartigalongue,"Nogaro, France",Dartigalongue,own_make,NULL,FALSE,FALSE,Bas-Armagnac; Millésime,NULL,1992,NULL,84,42,NULL,Oak (400L),NULL,NULL,https://www.dartigalongue.com/boutique/nos-millesimes/armagnac-1992/,2026-06-26,https://www.dartigalongue.com/wp-content/uploads/2020/09/1992_ba_carton.png,armagnac_france
Armagnac,Dartigalongue,"Nogaro, France",Dartigalongue,own_make,NULL,FALSE,FALSE,Bas-Armagnac; Millésime,NULL,1993,NULL,84,42,NULL,Oak (400L),NULL,NULL,https://www.dartigalongue.com/boutique/nos-millesimes/armagnac-1993/,2026-06-26,https://www.dartigalongue.com/wp-content/uploads/2020/09/1993_ba_carton.png,armagnac_france
Armagnac,Dartigalongue,"Nogaro, France",Dartigalongue,own_make,NULL,FALSE,FALSE,Bas-Armagnac; Millésime,NULL,1994,NULL,84,42,NULL,Oak (400L),NULL,NULL,https://www.dartigalongue.com/boutique/nos-millesimes/armagnac-1994/,2026-06-26,https://www.dartigalongue.com/wp-content/uploads/2020/09/1994_ba_carton.png,armagnac_france
Armagnac,Dartigalongue,"Nogaro, France",Dartigalongue,own_make,NULL,FALSE,FALSE,Bas-Armagnac; Millésime,NULL,1995,NULL,84,42,NULL,Oak (400L),NULL,NULL,https://www.dartigalongue.com/boutique/nos-millesimes/armagnac-1995/,2026-06-26,https://www.dartigalongue.com/wp-content/uploads/2020/09/1995_ba_carton.png,armagnac_france
Armagnac,Dartigalongue,"Nogaro, France",Dartigalongue,own_make,NULL,FALSE,FALSE,Bas-Armagnac; Millésime,NULL,1996,NULL,84,42,NULL,Oak (400L),NULL,NULL,https://www.dartigalongue.com/boutique/nos-millesimes/armagnac-1996/,2026-06-26,https://www.dartigalongue.com/wp-content/uploads/2020/09/1996_ba_carton.png,armagnac_france
Armagnac,Dartigalongue,"Nogaro, France",Dartigalongue,own_make,NULL,FALSE,FALSE,Bas-Armagnac; Millésime,NULL,1997,NULL,84,42,NULL,Oak (400L),NULL,NULL,https://www.dartigalongue.com/boutique/nos-millesimes/armagnac-1997/,2026-06-26,https://www.dartigalongue.com/wp-content/uploads/2020/09/1997_ba_carton.png,armagnac_france
Armagnac,Dartigalongue,"Nogaro, France",Dartigalongue,own_make,NULL,FALSE,FALSE,Bas-Armagnac; Millésime,NULL,1998,NULL,84,42,NULL,Oak (400L),NULL,NULL,https://www.dartigalongue.com/boutique/nos-millesimes/armagnac-1998/,2026-06-26,https://www.dartigalongue.com/wp-content/uploads/2020/09/1998_ba_carton.png,armagnac_france
Armagnac,Dartigalongue,"Nogaro, France",Dartigalongue,own_make,NULL,FALSE,FALSE,Bas-Armagnac; Millésime,NULL,1999,NULL,84,42,NULL,Oak (400L),NULL,NULL,https://www.dartigalongue.com/boutique/nos-millesimes/armagnac-1999/,2026-06-26,https://www.dartigalongue.com/wp-content/uploads/2020/09/1999_ba_carton.png,armagnac_france
Armagnac,Dartigalongue,"Nogaro, France",Dartigalongue,own_make,NULL,FALSE,FALSE,Bas-Armagnac; Millésime,NULL,2000,NULL,84,42,NULL,Oak (400L),NULL,NULL,https://www.dartigalongue.com/boutique/nos-millesimes/armagnac-2000/,2026-06-26,https://www.dartigalongue.com/wp-content/uploads/2020/09/2000_ba_carton.png,armagnac_france
Armagnac,Dartigalongue,"Nogaro, France",Dartigalongue,own_make,NULL,FALSE,FALSE,Bas-Armagnac; Millésime,NULL,2001,NULL,84,42,NULL,Oak (400L),NULL,NULL,https://www.dartigalongue.com/boutique/nos-millesimes/armagnac-2001/,2026-06-26,https://www.dartigalongue.com/wp-content/uploads/2020/09/2001_ba_carton.png,armagnac_france
Armagnac,Dartigalongue,"Nogaro, France",Dartigalongue,own_make,NULL,FALSE,FALSE,Bas-Armagnac; Millésime,NULL,2002,NULL,84,42,NULL,Oak (400L),NULL,NULL,https://www.dartigalongue.com/boutique/nos-millesimes/armagnac-2002/,2026-06-26,https://www.dartigalongue.com/wp-content/uploads/2020/09/2002_ba_carton.png,armagnac_france
Armagnac,Dartigalongue,"Nogaro, France",Dartigalongue,own_make,NULL,FALSE,FALSE,Bas-Armagnac; Millésime,NULL,2003,NULL,84,42,NULL,Oak (400L),NULL,NULL,https://www.dartigalongue.com/boutique/nos-millesimes/armagnac-2003/,2026-06-26,https://www.dartigalongue.com/wp-content/uploads/2020/09/2003_ba_carton.png,armagnac_france
Armagnac,Dartigalongue,"Nogaro, France",Dartigalongue,own_make,NULL,FALSE,FALSE,Bas-Armagnac; Millésime,NULL,2004,NULL,84,42,NULL,Oak (400L),NULL,NULL,https://www.dartigalongue.com/boutique/nos-millesimes/armagnac-2004/,2026-06-26,https://www.dartigalongue.com/wp-content/uploads/2020/09/2004_ba_carton.png,armagnac_france
Armagnac,Dartigalongue,"Nogaro, France",Dartigalongue,own_make,NULL,FALSE,FALSE,Bas-Armagnac; Millésime,NULL,2005,NULL,84,42,NULL,Oak (400L),NULL,NULL,https://www.dartigalongue.com/boutique/nos-millesimes/armagnac-2005/,2026-06-26,https://www.dartigalongue.com/wp-content/uploads/2020/09/2005_ba_carton.png,armagnac_france
Armagnac,Dartigalongue,"Nogaro, France",Dartigalongue,own_make,NULL,FALSE,FALSE,Bas-Armagnac; Millésime,NULL,2006,NULL,84,42,NULL,Oak (400L),NULL,NULL,https://www.dartigalongue.com/boutique/nos-millesimes/armagnac-2006/,2026-06-26,https://www.dartigalongue.com/wp-content/uploads/2020/09/2006_ba_carton.png,armagnac_france
Armagnac,Dartigalongue,"Nogaro, France",Dartigalongue,own_make,NULL,FALSE,FALSE,Bas-Armagnac; Millésime,NULL,2007,NULL,84,42,NULL,Oak (400L),NULL,NULL,https://www.dartigalongue.com/boutique/nos-millesimes/armagnac-2007/,2026-06-26,https://www.dartigalongue.com/wp-content/uploads/2020/09/2007_ba_carton.png,armagnac_france
Armagnac,Dartigalongue,"Nogaro, France",Dartigalongue,own_make,NULL,FALSE,FALSE,Bas-Armagnac; Millésime,NULL,2008,NULL,84,42,NULL,Oak (400L),NULL,NULL,https://www.dartigalongue.com/boutique/nos-millesimes/armagnac-2008/,2026-06-26,https://www.dartigalongue.com/wp-content/uploads/2020/09/2008_ba_carton.png,armagnac_france
Armagnac,Dartigalongue,"Nogaro, France",Dartigalongue,own_make,NULL,FALSE,FALSE,Bas-Armagnac; Millésime,NULL,2009,NULL,84,42,NULL,Oak (400L),NULL,NULL,https://www.dartigalongue.com/boutique/nos-millesimes/armagnac-2009/,2026-06-26,https://www.dartigalongue.com/wp-content/uploads/2020/09/2009_ba_carton.png,armagnac_france
Armagnac,Dartigalongue,"Nogaro, France",Dartigalongue,own_make,NULL,FALSE,FALSE,Bas-Armagnac; Millésime,NULL,2010,NULL,84,42,NULL,Oak (400L),NULL,NULL,https://www.dartigalongue.com/boutique/nos-millesimes/armagnac-2010/,2026-06-26,https://www.dartigalongue.com/wp-content/uploads/2026/04/2010_ba_carton.png,armagnac_france
Armagnac,Domaine de Joÿ,"Panjas, France",Domaine de Joÿ VSOP,own_make,NULL,FALSE,FALSE,Bas-Armagnac; VSOP,5 Years,NULL,NULL,81,40.5,Baco; Ugni Blanc,Gascon oak; Limousin oak,NULL,"Frank nose of medium-toast light wood giving a woody, discreet, blonde note; fresh on the palate, revealing all the youthfulness of this already well-balanced armagnac.",https://www.domaine-joy.com/our-bas-armagnacs-by-domaine-de-joy/?lang=en; https://toulouvin.com/en/bas-armagnac/domaine-joy-vsop-5-ans-936.html,2026-06-26,https://toulouvin.com/1111-large_default/domaine-joy-vsop-5-ans.webp,armagnac_france
Armagnac,Domaine de Joÿ,"Panjas, France",Domaine de Joÿ XO,own_make,NULL,FALSE,FALSE,Bas-Armagnac; XO,10 Years,NULL,NULL,NULL,NULL,Baco; Ugni Blanc,NULL,NULL,"Golden colour, already-evolved woody nose, pronounced vanilla flavour with floral notes; easy on the palate with a gentle vanilla and spice attack, then the wood returns to linger.",https://www.domaine-joy.com/our-bas-armagnacs-by-domaine-de-joy/?lang=en,2026-06-14,NULL,armagnac_france
Armagnac,Domaine de Joÿ,"Panjas, France",Domaine de Joÿ Hors d'Âge,own_make,NULL,FALSE,FALSE,Bas-Armagnac; Hors d'Âge,15 Years,NULL,NULL,NULL,NULL,Baco; Ugni Blanc,NULL,NULL,"Amber tending towards dark brown; mild nose dominated by wood of the mature rancio kind; soft and caressing on the palate where the alcohol disappears, leaving heightened notes of wood, rancio, cocoa, chocolate.",https://www.domaine-joy.com/our-bas-armagnacs-by-domaine-de-joy/?lang=en; https://toulouvin.com/en/bas-armagnac/domaine-joy-hors-d-age-15-ans-935.html,2026-06-26,https://toulouvin.com/1110-large_default/domaine-joy-hors-d-age-15-ans.webp,armagnac_france
Armagnac,Domaine de Joÿ,"Panjas, France",Domaine de Joÿ À un moment donné,own_make,NULL,FALSE,FALSE,Bas-Armagnac; Folle Blanche; À un moment donné,10 Years,NULL,NULL,NULL,NULL,Folle Blanche,NULL,NULL,"Vanilla-heavy, fruity nose where alcohol is not in evidence; already very supple and unctuous on the palate, where vanilla and toasty notes reign.",https://www.domaine-joy.com/our-bas-armagnacs-by-domaine-de-joy/?lang=en,2026-06-14,NULL,armagnac_france
Armagnac,Domaine de Joÿ,"Panjas, France",Armagnac by Joÿ VSOP,own_make,NULL,FALSE,FALSE,Bas-Armagnac; VSOP; Armagnac by Joÿ,5 Years,NULL,NULL,NULL,NULL,Baco; Ugni Blanc,NULL,NULL,"A frank nose of medium-toast light wood gives a woody, discreet, blonde note; fresh on the palate, revealing all the youthfulness of this already well-balanced armagnac.",https://www.domaine-joy.com/our-armagnacs-aoc-armagnac-2/?lang=en,2026-06-14,NULL,armagnac_france
Armagnac,Domaine de Joÿ,"Panjas, France",Armagnac by Joÿ XO,own_make,NULL,FALSE,FALSE,Bas-Armagnac; XO; Armagnac by Joÿ,10 Years,NULL,NULL,NULL,NULL,Baco; Ugni Blanc,NULL,NULL,"Golden colour, already-evolved woody nose, pronounced vanilla flavour with floral notes; gentle on the palate with a gentle vanilla and spice attack, then wood returns to linger.",https://www.domaine-joy.com/our-armagnacs-aoc-armagnac-2/?lang=en,2026-06-14,NULL,armagnac_france
Armagnac,Domaine de Joÿ,"Panjas, France",Armagnac by Joÿ XO Premium,own_make,NULL,FALSE,FALSE,Bas-Armagnac; XO; Baco; Armagnac by Joÿ XO Premium,25 Years,NULL,NULL,NULL,NULL,Baco,NULL,NULL,"Shiny amber colour with dark brown reflections; spicy cinnamon nose with notes of cocoa, candied orange and toasted hazelnuts; ample, unctuous and fluid on the palate, dominated by rancio and candied fruit; finish fresh and slightly mentholated.",https://www.domaine-joy.com/our-armagnacs-aoc-armagnac-2/?lang=en,2026-06-14,NULL,armagnac_france
Armagnac,Domaine d'Espérance,"Mauvezin-d'Armagnac, France",Domaine d'Espérance VS 5 fûts - brut de fûts,own_make,NULL,FALSE,FALSE,Bas-Armagnac; VS; Cask Strength; 5 fûts - brut de fûts,NULL,NULL,"Folle Blanche 2022, Baco 2022, Baco 2020",105,52.5,Baco 22A; Folle Blanche,Pedunculate Gascon oak (410-430 L),NULL,"Blend of 2 grape varieties from 5 different casks at still proof, no reduction; as an apéritif with ice cubes or within a fruit- or coffee-based cocktail.",https://www.armagnac-esperance.com/en-armagnac,2026-06-26,"https://static.wixstatic.com/media/eabb79_aa1dec39b1e74c1ba94929d3a277e88b%7Emv2.jpg/v1/fit/w_2500,h_1330,al_c/eabb79_aa1dec39b1e74c1ba94929d3a277e88b%7Emv2.jpg",armagnac_france
Armagnac,Domaine d'Espérance,"Mauvezin-d'Armagnac, France",Domaine d'Espérance 5 ans (VSOP),own_make,NULL,FALSE,FALSE,Bas-Armagnac; VSOP; 5 ans,5 Years,NULL,NULL,80,40,Baco 22A; Folle Blanche,Pedunculate Gascon oak (410-430 L),NULL,"Blend of 3, 4 or 5 complementary vintages aged at least 5 years; easy to drink, revealing fruity aromas backed by oak flavours.",https://www.armagnac-esperance.com/en-armagnac,2026-06-26,"https://static.wixstatic.com/media/eabb79_aa1dec39b1e74c1ba94929d3a277e88b%7Emv2.jpg/v1/fit/w_2500,h_1330,al_c/eabb79_aa1dec39b1e74c1ba94929d3a277e88b%7Emv2.jpg",armagnac_france
Armagnac,Domaine d'Espérance,"Mauvezin-d'Armagnac, France",Domaine d'Espérance 10 ans (XO),own_make,NULL,FALSE,FALSE,Bas-Armagnac; XO; 10 ans,10 Years,NULL,NULL,80,40,Baco 22A; Folle Blanche,Pedunculate Gascon oak (410-430 L),NULL,"Blend of at least 4 vintages, youngest aged at least 10 years; beautiful copper colour, wide range of aromas (prune, orange, vanilla) and great complexity in the mouth.",https://www.armagnac-esperance.com/en-armagnac,2026-06-26,"https://static.wixstatic.com/media/eabb79_aa1dec39b1e74c1ba94929d3a277e88b%7Emv2.jpg/v1/fit/w_2500,h_1330,al_c/eabb79_aa1dec39b1e74c1ba94929d3a277e88b%7Emv2.jpg",armagnac_france
Armagnac,Domaine d'Espérance,"Mauvezin-d'Armagnac, France",Domaine d'Espérance 18 ans,own_make,NULL,FALSE,FALSE,Bas-Armagnac; Baco; 18 ans,18 Years,NULL,NULL,86,43,Baco 22A,Pedunculate Gascon oak (410-430 L),NULL,"Blend of at least 4 vintages, youngest aged at least 18 years; beautiful copper colour, wide range of aromas (prune, orange, vanilla) and great complexity.",https://www.armagnac-esperance.com/en-armagnac,2026-06-26,"https://static.wixstatic.com/media/eabb79_aa1dec39b1e74c1ba94929d3a277e88b%7Emv2.jpg/v1/fit/w_2500,h_1330,al_c/eabb79_aa1dec39b1e74c1ba94929d3a277e88b%7Emv2.jpg",armagnac_france
Armagnac,Domaine d'Espérance,"Mauvezin-d'Armagnac, France",Domaine d'Espérance 20 ans,own_make,NULL,FALSE,FALSE,Bas-Armagnac; 20 ans,20 Years,NULL,NULL,NULL,NULL,NULL,Oak casks,NULL,Blend of 4 or 5 armagnacs aged in oak casks for more than 20 years.,https://www.armagnac-esperance.com/en-armagnac,2026-06-26,"https://static.wixstatic.com/media/eabb79_aa1dec39b1e74c1ba94929d3a277e88b%7Emv2.jpg/v1/fit/w_2500,h_1330,al_c/eabb79_aa1dec39b1e74c1ba94929d3a277e88b%7Emv2.jpg",armagnac_france
Armagnac,Domaine d'Espérance,"Mauvezin-d'Armagnac, France",Le Trentième d'Espérance,own_make,NULL,FALSE,FALSE,Bas-Armagnac; Blend; Le Trentième,NULL,NULL,"49 barrels, 1990-2020",NULL,NULL,Folle Blanche; Baco,Oak casks,NULL,"Single assembly blending the first 30 years at Espérance from 49 barrels of Folle Blanche and Baco (1990-2020); nose of orange typical of Espérance, vivacity of the young armagnacs with the fat of the 1990s Baco and floral notes of the 2000s Folle Blanche. Available only in magnum.",https://www.armagnac-esperance.com/en-armagnac,2026-06-26,"https://static.wixstatic.com/media/eabb79_aa1dec39b1e74c1ba94929d3a277e88b%7Emv2.jpg/v1/fit/w_2500,h_1330,al_c/eabb79_aa1dec39b1e74c1ba94929d3a277e88b%7Emv2.jpg",armagnac_france
Armagnac,Domaine d'Espérance,"Mauvezin-d'Armagnac, France",Domaine d'Espérance Millésime 1990,own_make,NULL,FALSE,FALSE,Bas-Armagnac; Millésime,NULL,1990,NULL,NULL,NULL,NULL,Pedunculate Gascon oak (410-430 L),NULL,"Single-vintage cask selection bottled at natural strength, no sweetener; each vintage has its own personality, typically dried fruits, oranges or prunes.",https://www.armagnac-esperance.com/en-armagnac,2026-06-26,"https://static.wixstatic.com/media/eabb79_aa1dec39b1e74c1ba94929d3a277e88b%7Emv2.jpg/v1/fit/w_2500,h_1330,al_c/eabb79_aa1dec39b1e74c1ba94929d3a277e88b%7Emv2.jpg",armagnac_france
Armagnac,Domaine d'Espérance,"Mauvezin-d'Armagnac, France",Domaine d'Espérance Millésime 1992,own_make,NULL,FALSE,FALSE,Bas-Armagnac; Millésime,NULL,1992,NULL,NULL,NULL,NULL,Pedunculate Gascon oak (410-430 L),NULL,"Single-vintage cask selection bottled at natural strength, no sweetener; each vintage has its own personality, typically dried fruits, oranges or prunes.",https://www.armagnac-esperance.com/en-armagnac,2026-06-26,"https://static.wixstatic.com/media/eabb79_aa1dec39b1e74c1ba94929d3a277e88b%7Emv2.jpg/v1/fit/w_2500,h_1330,al_c/eabb79_aa1dec39b1e74c1ba94929d3a277e88b%7Emv2.jpg",armagnac_france
Armagnac,Domaine d'Espérance,"Mauvezin-d'Armagnac, France",Domaine d'Espérance Millésime 1993,own_make,NULL,FALSE,FALSE,Bas-Armagnac; Millésime,NULL,1993,NULL,NULL,NULL,NULL,Pedunculate Gascon oak (410-430 L),NULL,"Single-vintage cask selection bottled at natural strength, no sweetener; each vintage has its own personality, typically dried fruits, oranges or prunes.",https://www.armagnac-esperance.com/en-armagnac,2026-06-26,"https://static.wixstatic.com/media/eabb79_aa1dec39b1e74c1ba94929d3a277e88b%7Emv2.jpg/v1/fit/w_2500,h_1330,al_c/eabb79_aa1dec39b1e74c1ba94929d3a277e88b%7Emv2.jpg",armagnac_france
Armagnac,Domaine d'Espérance,"Mauvezin-d'Armagnac, France",Domaine d'Espérance Millésime 1994,own_make,NULL,FALSE,FALSE,Bas-Armagnac; Millésime,NULL,1994,NULL,NULL,NULL,NULL,Pedunculate Gascon oak (410-430 L),NULL,"Single-vintage cask selection bottled at natural strength, no sweetener; each vintage has its own personality, typically dried fruits, oranges or prunes.",https://www.armagnac-esperance.com/en-armagnac,2026-06-26,"https://static.wixstatic.com/media/eabb79_aa1dec39b1e74c1ba94929d3a277e88b%7Emv2.jpg/v1/fit/w_2500,h_1330,al_c/eabb79_aa1dec39b1e74c1ba94929d3a277e88b%7Emv2.jpg",armagnac_france
Armagnac,Domaine d'Espérance,"Mauvezin-d'Armagnac, France",Domaine d'Espérance Millésime 1995,own_make,NULL,FALSE,FALSE,Bas-Armagnac; Millésime,NULL,1995,NULL,NULL,NULL,NULL,Pedunculate Gascon oak (410-430 L),NULL,"Single-vintage cask selection bottled at natural strength, no sweetener; each vintage has its own personality, typically dried fruits, oranges or prunes.",https://www.armagnac-esperance.com/en-armagnac,2026-06-26,"https://static.wixstatic.com/media/eabb79_aa1dec39b1e74c1ba94929d3a277e88b%7Emv2.jpg/v1/fit/w_2500,h_1330,al_c/eabb79_aa1dec39b1e74c1ba94929d3a277e88b%7Emv2.jpg",armagnac_france
Armagnac,Domaine d'Espérance,"Mauvezin-d'Armagnac, France",Domaine d'Espérance Millésime 1997,own_make,NULL,FALSE,FALSE,Bas-Armagnac; Millésime,NULL,1997,NULL,NULL,NULL,NULL,Pedunculate Gascon oak (410-430 L),NULL,"Single-vintage cask selection bottled at natural strength, no sweetener; each vintage has its own personality, typically dried fruits, oranges or prunes.",https://www.armagnac-esperance.com/en-armagnac,2026-06-26,"https://static.wixstatic.com/media/eabb79_aa1dec39b1e74c1ba94929d3a277e88b%7Emv2.jpg/v1/fit/w_2500,h_1330,al_c/eabb79_aa1dec39b1e74c1ba94929d3a277e88b%7Emv2.jpg",armagnac_france
Armagnac,Domaine d'Espérance,"Mauvezin-d'Armagnac, France",Domaine d'Espérance Millésime 1998,own_make,NULL,FALSE,FALSE,Bas-Armagnac; Millésime,NULL,1998,NULL,NULL,NULL,NULL,Pedunculate Gascon oak (410-430 L),NULL,"Single-vintage cask selection bottled at natural strength, no sweetener; each vintage has its own personality, typically dried fruits, oranges or prunes.",https://www.armagnac-esperance.com/en-armagnac,2026-06-26,"https://static.wixstatic.com/media/eabb79_aa1dec39b1e74c1ba94929d3a277e88b%7Emv2.jpg/v1/fit/w_2500,h_1330,al_c/eabb79_aa1dec39b1e74c1ba94929d3a277e88b%7Emv2.jpg",armagnac_france
Armagnac,Domaine d'Espérance,"Mauvezin-d'Armagnac, France",Domaine d'Espérance Millésime 1999,own_make,NULL,FALSE,FALSE,Bas-Armagnac; Millésime,NULL,1999,NULL,NULL,NULL,NULL,Pedunculate Gascon oak (410-430 L),NULL,"Single-vintage cask selection bottled at natural strength, no sweetener; each vintage has its own personality, typically dried fruits, oranges or prunes.",https://www.armagnac-esperance.com/en-armagnac,2026-06-26,"https://static.wixstatic.com/media/eabb79_aa1dec39b1e74c1ba94929d3a277e88b%7Emv2.jpg/v1/fit/w_2500,h_1330,al_c/eabb79_aa1dec39b1e74c1ba94929d3a277e88b%7Emv2.jpg",armagnac_france
Armagnac,Domaine d'Espérance,"Mauvezin-d'Armagnac, France",Domaine d'Espérance Millésime 2001,own_make,NULL,FALSE,FALSE,Bas-Armagnac; Millésime,NULL,2001,NULL,NULL,NULL,NULL,Pedunculate Gascon oak (410-430 L),NULL,"Single-vintage cask selection bottled at natural strength, no sweetener; each vintage has its own personality, typically dried fruits, oranges or prunes.",https://www.armagnac-esperance.com/en-armagnac,2026-06-26,"https://static.wixstatic.com/media/eabb79_aa1dec39b1e74c1ba94929d3a277e88b%7Emv2.jpg/v1/fit/w_2500,h_1330,al_c/eabb79_aa1dec39b1e74c1ba94929d3a277e88b%7Emv2.jpg",armagnac_france
Armagnac,Domaine d'Espérance,"Mauvezin-d'Armagnac, France",Domaine d'Espérance Millésime 2002,own_make,NULL,FALSE,FALSE,Bas-Armagnac; Millésime,NULL,2002,NULL,NULL,NULL,NULL,Pedunculate Gascon oak (410-430 L),NULL,"Single-vintage cask selection bottled at natural strength, no sweetener; each vintage has its own personality, typically dried fruits, oranges or prunes.",https://www.armagnac-esperance.com/en-armagnac,2026-06-26,"https://static.wixstatic.com/media/eabb79_aa1dec39b1e74c1ba94929d3a277e88b%7Emv2.jpg/v1/fit/w_2500,h_1330,al_c/eabb79_aa1dec39b1e74c1ba94929d3a277e88b%7Emv2.jpg",armagnac_france
Armagnac,Domaine d'Espérance,"Mauvezin-d'Armagnac, France",Domaine d'Espérance Millésime 2003,own_make,NULL,FALSE,FALSE,Bas-Armagnac; Millésime,NULL,2003,NULL,NULL,NULL,NULL,Pedunculate Gascon oak (410-430 L),NULL,"Single-vintage cask selection bottled at natural strength, no sweetener; each vintage has its own personality, typically dried fruits, oranges or prunes.",https://www.armagnac-esperance.com/en-armagnac,2026-06-26,"https://static.wixstatic.com/media/eabb79_aa1dec39b1e74c1ba94929d3a277e88b%7Emv2.jpg/v1/fit/w_2500,h_1330,al_c/eabb79_aa1dec39b1e74c1ba94929d3a277e88b%7Emv2.jpg",armagnac_france
Armagnac,Domaine d'Espérance,"Mauvezin-d'Armagnac, France",Domaine d'Espérance Millésime 2004,own_make,NULL,FALSE,FALSE,Bas-Armagnac; Millésime,NULL,2004,NULL,NULL,NULL,NULL,Pedunculate Gascon oak (410-430 L),NULL,"Single-vintage cask selection bottled at natural strength, no sweetener; each vintage has its own personality, typically dried fruits, oranges or prunes.",https://www.armagnac-esperance.com/en-armagnac,2026-06-26,"https://static.wixstatic.com/media/eabb79_aa1dec39b1e74c1ba94929d3a277e88b%7Emv2.jpg/v1/fit/w_2500,h_1330,al_c/eabb79_aa1dec39b1e74c1ba94929d3a277e88b%7Emv2.jpg",armagnac_france
Armagnac,Domaine d'Espérance,"Mauvezin-d'Armagnac, France",Domaine d'Espérance Millésime 2005,own_make,NULL,FALSE,FALSE,Bas-Armagnac; Millésime,NULL,2005,NULL,NULL,NULL,NULL,Pedunculate Gascon oak (410-430 L),NULL,"Single-vintage cask selection bottled at natural strength, no sweetener; each vintage has its own personality, typically dried fruits, oranges or prunes.",https://www.armagnac-esperance.com/en-armagnac,2026-06-26,"https://static.wixstatic.com/media/eabb79_aa1dec39b1e74c1ba94929d3a277e88b%7Emv2.jpg/v1/fit/w_2500,h_1330,al_c/eabb79_aa1dec39b1e74c1ba94929d3a277e88b%7Emv2.jpg",armagnac_france
Armagnac,Domaine d'Espérance,"Mauvezin-d'Armagnac, France",Domaine d'Espérance Millésime 2006,own_make,NULL,FALSE,FALSE,Bas-Armagnac; Millésime,NULL,2006,NULL,NULL,NULL,NULL,Pedunculate Gascon oak (410-430 L),NULL,"Single-vintage cask selection bottled at natural strength, no sweetener; each vintage has its own personality, typically dried fruits, oranges or prunes.",https://www.armagnac-esperance.com/en-armagnac,2026-06-26,"https://static.wixstatic.com/media/eabb79_aa1dec39b1e74c1ba94929d3a277e88b%7Emv2.jpg/v1/fit/w_2500,h_1330,al_c/eabb79_aa1dec39b1e74c1ba94929d3a277e88b%7Emv2.jpg",armagnac_france
Armagnac,Domaine d'Espérance,"Mauvezin-d'Armagnac, France",Domaine d'Espérance Millésime 2007,own_make,NULL,FALSE,FALSE,Bas-Armagnac; Millésime,NULL,2007,NULL,NULL,NULL,NULL,Pedunculate Gascon oak (410-430 L),NULL,"Single-vintage cask selection bottled at natural strength, no sweetener; each vintage has its own personality, typically dried fruits, oranges or prunes.",https://www.armagnac-esperance.com/en-armagnac,2026-06-26,"https://static.wixstatic.com/media/eabb79_aa1dec39b1e74c1ba94929d3a277e88b%7Emv2.jpg/v1/fit/w_2500,h_1330,al_c/eabb79_aa1dec39b1e74c1ba94929d3a277e88b%7Emv2.jpg",armagnac_france
Armagnac,Domaine d'Espérance,"Mauvezin-d'Armagnac, France",Cobrafire Blanche Armagnac d'Espérance,own_make,NULL,FALSE,FALSE,Blanche Armagnac,NAS,NULL,NULL,104.4,52.2,Folle Blanche; Baco,NULL,NULL,"White armagnac with no oak ageing; blend of Folle Blanche and Baco distilled at low degree to preserve grape aromas; drunk like a fruit brandy or chilled like vodka, a must for cocktails, pairs with smoked salmon, eel and cold cuts.",https://www.armagnac-esperance.com/en-armagnac; https://www.armagnac-esperance.com/product-page/armagnac-blanche-d-esp%C3%A8rance,2026-06-26,"https://static.wixstatic.com/media/eabb79_b4239e7848754e998980a0f6ecbc8e9c~mv2.jpg/v1/fit/w_500,h_500,q_90/file.jpg",armagnac_france
Armagnac,Château de Lacquy,"Lacquy, France",Château de Lacquy 3 ans,own_make,NULL,FALSE,FALSE,Bas-Armagnac; Blend; Baco,3 Years,NULL,NULL,81,40.5,Baco,French oak,NULL,NULL,https://www.chateaudelacquy.com/en/collections/all/products/bas-armagnac-3-ans-baco; https://www.masterofmalt.com/armagnac/chateau-de-lacquy/chateau-de-lacquy-3-year-old-armagnac/?sku=68494,2026-06-26,https://cdn11.bigcommerce.com/s-e8lbekfe7c/images/stencil/1024w/attribute_rule_images/15493_source_1779093749.jpg,armagnac_france
Armagnac,Château de Lacquy,"Lacquy, France",Château de Lacquy 7 ans VSOP,own_make,NULL,FALSE,FALSE,Bas-Armagnac; VSOP; Blend,7 Years,NULL,NULL,81,40.5,Folle Blanche; Baco; Colombard,French oak,NULL,NULL,https://www.chateaudelacquy.com/en/collections/all/products/bas-armagnac-7-ans-folle-blanche-baco-colombard; https://www.masterofmalt.com/armagnac/chateau-de-lacquy/chateau-de-lacquy-7-year-old-vsop-armagnac/?sku=98220,2026-06-26,https://cdn11.bigcommerce.com/s-e8lbekfe7c/images/stencil/1024w/attribute_rule_images/943_source_1758884003.jpg,armagnac_france
Armagnac,Château de Lacquy,"Lacquy, France",Château de Lacquy 12 ans,own_make,NULL,FALSE,FALSE,Bas-Armagnac; Blend,12 Years,NULL,NULL,80,40,Folle Blanche; Baco; Colombard,French oak,NULL,NULL,https://www.chateaudelacquy.com/en/collections/all/products/bas-armagnac-12-ans-folle-blanche-baco-colombard; https://www.masterofmalt.com/armagnac/chateau-de-lacquy/chateau-de-lacquy-12-year-old-armagnac/?sku=62386,2026-06-26,https://cdn11.bigcommerce.com/s-e8lbekfe7c/images/stencil/1024w/attribute_rule_images/18388_source_1758883418.jpg,armagnac_france
Armagnac,Château de Lacquy,"Lacquy, France",Château de Lacquy 17 ans,own_make,NULL,FALSE,FALSE,Bas-Armagnac; Blend,17 Years,NULL,NULL,NULL,NULL,Baco; Colombard; Ugni Blanc,French oak,NULL,NULL,https://www.chateaudelacquy.com/en/collections/all/products/copie-de-17-ans-baco-colombard-ugni-blanc,2026-06-26,https://www.chateaudelacquy.com/cdn/shop/files/17_ans_Bouteille_classique.jpg,armagnac_france
Armagnac,Château de Lacquy,"Lacquy, France",Château de Lacquy 21 ans,own_make,NULL,FALSE,FALSE,Bas-Armagnac; Blend,21 Years,NULL,NULL,NULL,NULL,Baco; Colombard; Ugni Blanc,French oak,NULL,NULL,https://www.chateaudelacquy.com/en/collections/all/products/bas-armagnac-21-ans-baco-colombard-ugni-blanc,2026-06-26,https://www.chateaudelacquy.com/cdn/shop/files/Diapositive5_393ce091-8d6f-473e-8c0e-66826e6c053d.jpg,armagnac_france
Armagnac,Château de Lacquy,"Lacquy, France",Château de Lacquy Carafe des Siècles,own_make,NULL,FALSE,FALSE,Bas-Armagnac; Hors d'Âge; Blend; Carafe des Siècles,NULL,NULL,NULL,86,43,NULL,Pedunculate oak,NULL,"Unique blend of armagnacs distilled between 1800 and 1980, brut de fût; characterised by great finesse and voluptuousness; floral aromas with hints of spice, vanilla, cocoa and candied fruit; exceptional length.",https://www.chateaudelacquy.com/en/collections/all,2026-06-28,NULL,armagnac_france
Armagnac,Château de Lacquy,"Lacquy, France",Château de Lacquy Millésime 1987,own_make,NULL,FALSE,FALSE,Bas-Armagnac; Millésime,NULL,1987,NULL,90,45,NULL,French oak,NULL,NULL,https://www.masterofmalt.com/armagnac/chateau-de-lacquy/chateau-de-lacquy-1987-magnum-1-5l-armagnac/?sku=68504,2026-06-26,https://cdn11.bigcommerce.com/s-e8lbekfe7c/images/stencil/1024w/attribute_rule_images/15494_source_1758883532.jpg,armagnac_france
Armagnac,Château de Lacquy,"Lacquy, France",Château de Lacquy Millésime 1988,own_make,NULL,FALSE,FALSE,Bas-Armagnac; Millésime,NULL,1988,NULL,94,47,NULL,French oak,NULL,NULL,https://www.masterofmalt.com/armagnac/chateau-de-lacquy/chateau-de-lacquy-1988-armagnac/?sku=110887,2026-06-26,https://cdn11.bigcommerce.com/s-e8lbekfe7c/images/stencil/1024w/attribute_rule_images/48995_source_1758884306.jpg,armagnac_france
Armagnac,Château de Lacquy,"Lacquy, France",Château de Lacquy Millésime 1991,own_make,NULL,FALSE,FALSE,Bas-Armagnac; Millésime,NULL,1991,NULL,90,45,NULL,French oak,NULL,NULL,https://www.masterofmalt.com/armagnac/chateau-de-lacquy/chateau-de-lacquy-1991-armagnac/?sku=62393,2026-06-26,https://cdn11.bigcommerce.com/s-e8lbekfe7c/images/stencil/1024w/attribute_rule_images/18391_source_1758883419.jpg,armagnac_france
Armagnac,Château de Lacquy,"Lacquy, France",Château de Lacquy Millésime 1991 (44%),own_make,NULL,FALSE,FALSE,Bas-Armagnac; Millésime,NULL,1991,NULL,88,44,NULL,French oak,NULL,NULL,https://www.masterofmalt.com/armagnac/chateau-de-lacquy/chateau-de-lacquy-1991-44-armagnac/?sku=127097,2026-06-26,https://cdn11.bigcommerce.com/s-e8lbekfe7c/images/stencil/1024w/attribute_rule_images/39137_source_1758884710.jpg,armagnac_france
Armagnac,Château de Lacquy,"Lacquy, France",Château de Lacquy Millésime 1995,own_make,NULL,FALSE,FALSE,Bas-Armagnac; Millésime,NULL,1995,NULL,94,47,NULL,French oak,NULL,NULL,https://www.masterofmalt.com/armagnac/chateau-de-lacquy/chateau-de-lacquy-1995-armagnac/?sku=62392,2026-06-26,https://cdn11.bigcommerce.com/s-e8lbekfe7c/images/stencil/1024w/attribute_rule_images/18407_source_1758883418.jpg,armagnac_france
Armagnac,Château de Lacquy,"Lacquy, France",Château de Lacquy Millésime 1996,own_make,NULL,FALSE,FALSE,Bas-Armagnac; Millésime,NULL,1996,NULL,90,45,NULL,French oak,NULL,NULL,https://www.masterofmalt.com/armagnac/chateau-de-lacquy/chateau-de-lacquy-1996-armagnac/?sku=62391,2026-06-26,https://cdn11.bigcommerce.com/s-e8lbekfe7c/images/stencil/1024w/attribute_rule_images/18413_source_1758883418.jpg,armagnac_france
Armagnac,Château de Lacquy,"Lacquy, France",Château de Lacquy Millésime 1999 - Barrel n°357,own_make,NULL,FALSE,FALSE,Bas-Armagnac; Millésime; Single Cask,NULL,1999,Fût n°357,90,45,Baco 80%; Colombard 10%; Ugni Blanc 10%,French oak,NULL,NULL,https://www.chateaudelacquy.com/en/collections/all/products/bas-armagnac-millesime-1999-fut-n-357-baco-80-colombard-10-ugni-blanc-10; https://www.masterofmalt.com/armagnac/chateau-de-lacquy/chateau-de-lacquy-1999-armagnac/?sku=85718,2026-06-26,https://cdn11.bigcommerce.com/s-e8lbekfe7c/images/stencil/1024w/attribute_rule_images/7298_source_1767774032.jpg,armagnac_france
Armagnac,Château de Lacquy,"Lacquy, France",Château de Lacquy Millésime 2000 - Barrel n°120,own_make,NULL,FALSE,FALSE,Bas-Armagnac; Millésime; Single Cask,NULL,2000,Fût n°120,NULL,NULL,Baco 80%; Ugni Blanc 20%,French oak,NULL,NULL,https://www.chateaudelacquy.com/en/collections/all/products/bas-armagnac-millesime-2000-fut-n-120-baco-80-ugni-blanc-20,2026-06-26,https://www.chateaudelacquy.com/cdn/shop/files/Armagnac_de_Lacquy_-_Bouteille_Classique_-_Millesime_26_1db6848f-8b99-4a3d-99e2-5bb27072fb79.jpg,armagnac_france
Armagnac,Château de Lacquy,"Lacquy, France",Château de Lacquy Millésime 2001,own_make,NULL,FALSE,FALSE,Bas-Armagnac; Millésime,NULL,2001,NULL,94,47,Baco; Colombard,French oak,NULL,NULL,https://www.chateaudelacquy.com/en/collections/all/products/bas-armagnac-millesime-2001-baco-colombard; https://www.masterofmalt.com/armagnac/chateau-de-lacquy/chateau-de-lacquy-2001-armagnac/?sku=104436,2026-06-26,https://cdn11.bigcommerce.com/s-e8lbekfe7c/images/stencil/1024w/attribute_rule_images/53505_source_1781253639.jpg,armagnac_france
Armagnac,Château de Lacquy,"Lacquy, France",Château de Lacquy Millésime 2005 - Barrel n°429,own_make,NULL,FALSE,FALSE,Bas-Armagnac; Millésime; Single Cask,NULL,2005,Fût n°429,NULL,NULL,Colombard 60%; Folle Blanche 40%,French oak,NULL,NULL,https://www.chateaudelacquy.com/en/collections/all/products/bas-armagnac-millesime-2005-fut-n-429-colombard-60-folle-blanche-40,2026-06-26,https://www.chateaudelacquy.com/cdn/shop/files/Armagnac_de_Lacquy_-_Bouteille_Classique_-_Millesime_31_1ce381f7-3410-4ef9-bca0-f15543b4ff98.jpg,armagnac_france
Armagnac,Château de Lacquy,"Lacquy, France",Château de Lacquy Millésime 2008 - Barrel n°13,own_make,NULL,FALSE,FALSE,Bas-Armagnac; Millésime; Folle Blanche; Single Cask,NULL,2008,Fût n°13,NULL,NULL,Folle Blanche,French oak,NULL,NULL,https://www.chateaudelacquy.com/en/collections/all/products/bas-armagnac-millesime2008-folle-blanche-fut-n-13,2026-06-26,https://www.chateaudelacquy.com/cdn/shop/files/Armagnac_de_Lacquy_-_Bouteille_Classique_-_Millesime_34_fd8e9d3c-3265-4cb5-ad9f-06896c8a21ed.jpg,armagnac_france
Armagnac,Château de Lacquy,"Lacquy, France",Château de Lacquy Millésime 2010,own_make,NULL,FALSE,FALSE,Bas-Armagnac; Millésime,NULL,2010,NULL,NULL,NULL,Folle Blanche; Baco; Colombard,French oak,NULL,NULL,https://www.chateaudelacquy.com/en/collections/all/products/bas-armagnac-millesime-2010,2026-06-26,https://www.chateaudelacquy.com/cdn/shop/files/Armagnac_de_Lacquy_-_Bouteille_Classique_-_Millesime_36_436109af-6841-40aa-a7cc-a846c17b289b.jpg,armagnac_france
Armagnac,Château de Lacquy,"Lacquy, France",Château de Lacquy Millésime 2014 - Barrel n°258,own_make,NULL,FALSE,FALSE,Bas-Armagnac; Millésime; Baco; Single Cask,NULL,2014,Fût n°258,NULL,NULL,Baco,French oak,NULL,NULL,https://www.chateaudelacquy.com/en/collections/all/products/bas-armagnac-millesime-2015-folle-blanche,2026-06-26,https://www.chateaudelacquy.com/cdn/shop/files/Armagnac_de_Lacquy_-_Bouteille_Classique_-_Millesime_2014.jpg,armagnac_france
Armagnac,Château Garreau,"Labastide-d'Armagnac, France",Château Garreau Bouquet de Vie,own_make,NULL,FALSE,FALSE,Bas-Armagnac; VS; Bouquet de Vie,NULL,NULL,NULL,NULL,NULL,Baco; Ugni Blanc; Folle Blanche,Oak,NULL,NULL,https://meilleurarmagnac.fr/collections/armagnacs/products/chateau-garreau-armagnac-very-special-700-ml,2026-06-26,http://meilleurarmagnac.fr/cdn/shop/products/Bouquetdevie_225x285mm_1200x1200.jpg,armagnac_france
Armagnac,Château Garreau,"Labastide-d'Armagnac, France",Château Garreau VSOP,own_make,NULL,FALSE,FALSE,Bas-Armagnac; VSOP,NULL,NULL,NULL,NULL,NULL,Baco; Ugni Blanc; Folle Blanche,Oak,NULL,NULL,https://meilleurarmagnac.fr/collections/armagnacs/products/armagnac-chateau-garreau-vsop-700-ml,2026-06-26,http://meilleurarmagnac.fr/cdn/shop/products/VSOPChateauGarreaudetoure_1200x1200.png,armagnac_france
Armagnac,Château Garreau,"Labastide-d'Armagnac, France",Château Garreau Hors d'Âge XO,own_make,NULL,FALSE,FALSE,Bas-Armagnac; XO; Hors d'Âge,NULL,NULL,NULL,NULL,NULL,Baco; Ugni Blanc; Folle Blanche,Oak,NULL,NULL,https://meilleurarmagnac.fr/collections/armagnacs/products/chateau-garreau-armagnac-xo-carafe-700-ml,2026-06-26,http://meilleurarmagnac.fr/cdn/shop/products/Horsd_age_XO_700mlChateauGarreaucompresse_1200x1200.jpg,armagnac_france
Armagnac,Château Garreau,"Labastide-d'Armagnac, France",Château Garreau Cuvée Royale,own_make,NULL,FALSE,FALSE,Bas-Armagnac; Cuvée Royale,NULL,NULL,NULL,NULL,NULL,Baco; Ugni Blanc; Folle Blanche,Oak,NULL,NULL,https://meilleurarmagnac.fr/collections/armagnacs/products/grand-bas-armagnac-cuvee-royale,2026-06-26,http://meilleurarmagnac.fr/cdn/shop/products/CR_700mlChateauGarreaucompresse_1200x1200.jpg,armagnac_france
Armagnac,Château Garreau,"Labastide-d'Armagnac, France",Château Garreau Cuvée du Siècle,own_make,NULL,FALSE,FALSE,Bas-Armagnac; Hors d'Âge; Cuvée du Siècle,NULL,NULL,NULL,NULL,NULL,Baco; Ugni Blanc; Folle Blanche,Oak,NULL,NULL,https://meilleurarmagnac.fr/collections/armagnacs/products/cuvee-du-siecle-chateau-garreau-grand-bas-armaganc,2026-06-26,http://meilleurarmagnac.fr/cdn/shop/products/cuveedusieclemedailleor_1200x1200.jpg,armagnac_france
Armagnac,Château Garreau,"Labastide-d'Armagnac, France",Château Garreau Blanche Armagnac,own_make,NULL,FALSE,FALSE,Blanche Armagnac,NULL,NULL,NULL,NULL,NULL,Baco; Ugni Blanc; Folle Blanche,NULL,NULL,NULL,https://meilleurarmagnac.fr/collections/armagnacs/products/blanche-armagnac,2026-06-28,NULL,armagnac_france
Armagnac,Château Garreau,"Labastide-d'Armagnac, France",Château Garreau Millésime 1955,own_make,NULL,FALSE,FALSE,Bas-Armagnac; Millésime,NULL,1955,NULL,NULL,NULL,NULL,Oak,NULL,NULL,https://meilleurarmagnac.fr/collections/armagnacs/products/chateau-garreau-millesime-1955-700-ml,2026-06-26,http://meilleurarmagnac.fr/cdn/shop/files/1959-min_1200x1200.png,armagnac_france
Armagnac,Château Garreau,"Labastide-d'Armagnac, France",Château Garreau Millésime 1959,own_make,NULL,FALSE,FALSE,Bas-Armagnac; Millésime,NULL,1959,NULL,NULL,NULL,NULL,Oak,NULL,NULL,https://meilleurarmagnac.fr/collections/armagnacs/products/chateau-garreau-millesime-1959-700-ml,2026-06-26,http://meilleurarmagnac.fr/cdn/shop/files/1959-min_1200x1200.png,armagnac_france
Armagnac,Château Garreau,"Labastide-d'Armagnac, France",Château Garreau Millésime 1960,own_make,NULL,FALSE,FALSE,Bas-Armagnac; Millésime,NULL,1960,NULL,NULL,NULL,NULL,Oak,NULL,NULL,https://meilleurarmagnac.fr/collections/armagnacs/products/chateau-garreau-millesime-1960-700-ml,2026-06-26,http://meilleurarmagnac.fr/cdn/shop/files/1960-min_1200x1200.png,armagnac_france
Armagnac,Château Garreau,"Labastide-d'Armagnac, France",Château Garreau Millésime 1962,own_make,NULL,FALSE,FALSE,Bas-Armagnac; Millésime,NULL,1962,NULL,NULL,NULL,NULL,Oak,NULL,NULL,https://meilleurarmagnac.fr/collections/armagnacs/products/chateau-garreau-millesime-1962-700-ml,2026-06-26,http://meilleurarmagnac.fr/cdn/shop/files/1962-min_1200x1200.png,armagnac_france
Armagnac,Château Garreau,"Labastide-d'Armagnac, France",Château Garreau Millésime 1966,own_make,NULL,FALSE,FALSE,Bas-Armagnac; Millésime,NULL,1966,NULL,NULL,NULL,NULL,Oak,NULL,NULL,https://meilleurarmagnac.fr/collections/armagnacs/products/chateau-garreau-millesime-1966-700-ml,2026-06-26,http://meilleurarmagnac.fr/cdn/shop/files/1966-min_1200x1200.png,armagnac_france
Armagnac,Château Garreau,"Labastide-d'Armagnac, France",Château Garreau Millésime 1976,own_make,NULL,FALSE,FALSE,Bas-Armagnac; Millésime,NULL,1976,NULL,NULL,NULL,NULL,Oak,NULL,NULL,https://meilleurarmagnac.fr/collections/armagnacs/products/chateau-garreau-millesime-1976-700-ml,2026-06-26,http://meilleurarmagnac.fr/cdn/shop/files/1976-min_1200x1200.png,armagnac_france
Armagnac,Château Garreau,"Labastide-d'Armagnac, France",Château Garreau Millésime 1982,own_make,NULL,FALSE,FALSE,Bas-Armagnac; Millésime,NULL,1982,NULL,NULL,NULL,NULL,Oak,NULL,NULL,https://meilleurarmagnac.fr/collections/armagnacs/products/chateau-garreau-millesime-1982-700-ml,2026-06-26,http://meilleurarmagnac.fr/cdn/shop/products/1982_1200x1200.png,armagnac_france
Armagnac,Château Garreau,"Labastide-d'Armagnac, France",Château Garreau Millésime 1983,own_make,NULL,FALSE,FALSE,Bas-Armagnac; Millésime,NULL,1983,NULL,NULL,NULL,NULL,Oak,NULL,NULL,https://meilleurarmagnac.fr/collections/armagnacs/products/chateau-garreau-millesime-1983-700-ml,2026-06-26,http://meilleurarmagnac.fr/cdn/shop/products/1983_1200x1200.jpg,armagnac_france
Armagnac,Château Garreau,"Labastide-d'Armagnac, France",Château Garreau Millésime 1984,own_make,NULL,FALSE,FALSE,Bas-Armagnac; Millésime,NULL,1984,NULL,NULL,NULL,NULL,Oak,NULL,NULL,https://meilleurarmagnac.fr/collections/armagnacs/products/chateau-garreau-millesime-1984-700-ml,2026-06-26,http://meilleurarmagnac.fr/cdn/shop/products/1984armagnacGarreau_1200x1200.png,armagnac_france
Armagnac,Château Garreau,"Labastide-d'Armagnac, France",Château Garreau Millésime 1985,own_make,NULL,FALSE,FALSE,Bas-Armagnac; Millésime,NULL,1985,NULL,NULL,NULL,NULL,Oak,NULL,NULL,https://meilleurarmagnac.fr/collections/armagnacs/products/chateau-garreau-millesime-1985,2026-06-26,http://meilleurarmagnac.fr/cdn/shop/products/Armagnac1985_1200x1200.jpg,armagnac_france
Armagnac,Château Garreau,"Labastide-d'Armagnac, France",Château Garreau Millésime 1986,own_make,NULL,FALSE,FALSE,Bas-Armagnac; Millésime,NULL,1986,NULL,93,46.5,NULL,Oak,NULL,NULL,https://meilleurarmagnac.fr/collections/armagnacs/products/chateau-garreau-millesime-1986-700-ml; https://www.cognac-expert.com/bonjourdrinks/chateau-garreau-vintage-1986-bas-armagnac,2026-06-26,http://meilleurarmagnac.fr/cdn/shop/files/1986-min_1200x1200.png,armagnac_france
Armagnac,Château Garreau,"Labastide-d'Armagnac, France",Château Garreau Millésime 1988,own_make,NULL,FALSE,FALSE,Bas-Armagnac; Millésime,NULL,1988,NULL,NULL,NULL,NULL,Oak,NULL,NULL,https://meilleurarmagnac.fr/collections/armagnacs/products/chateau-garreau-millesime-1988-700-ml,2026-06-26,http://meilleurarmagnac.fr/cdn/shop/files/1988-min_1200x1200.png,armagnac_france
Armagnac,Château Garreau,"Labastide-d'Armagnac, France",Château Garreau Millésime 1990,own_make,NULL,FALSE,FALSE,Bas-Armagnac; Millésime,NULL,1990,NULL,NULL,NULL,NULL,Oak,NULL,NULL,https://meilleurarmagnac.fr/collections/armagnacs/products/chateau-garreau-millesime-1990-700-ml-1,2026-06-26,http://meilleurarmagnac.fr/cdn/shop/files/1990-min_1200x1200.png,armagnac_france
Armagnac,Château Garreau,"Labastide-d'Armagnac, France",Château Garreau Millésime 1991,own_make,NULL,FALSE,FALSE,Bas-Armagnac; Millésime,NULL,1991,NULL,NULL,NULL,NULL,Oak,NULL,NULL,https://meilleurarmagnac.fr/collections/armagnacs/products/chateau-garreau-millesime-1990-700-ml,2026-06-26,http://meilleurarmagnac.fr/cdn/shop/files/1991-min_1200x1200.png,armagnac_france
Armagnac,Château Garreau,"Labastide-d'Armagnac, France",Château Garreau Millésime 1992,own_make,NULL,FALSE,FALSE,Bas-Armagnac; Millésime,NULL,1992,NULL,NULL,NULL,NULL,Oak,NULL,NULL,https://meilleurarmagnac.fr/collections/armagnacs/products/copie-de-chateau-garreau-millesime-1992-700-ml,2026-06-26,http://meilleurarmagnac.fr/cdn/shop/files/1992-min_1200x1200.png,armagnac_france
Armagnac,Château Garreau,"Labastide-d'Armagnac, France",Château Garreau Millésime 1993,own_make,NULL,FALSE,FALSE,Bas-Armagnac; Millésime,NULL,1993,NULL,NULL,NULL,NULL,Oak,NULL,NULL,https://meilleurarmagnac.fr/collections/armagnacs/products/chateau-garreau-millesime-1993-700-ml,2026-06-26,http://meilleurarmagnac.fr/cdn/shop/files/1993-min_1200x1200.png,armagnac_france
Armagnac,Château Garreau,"Labastide-d'Armagnac, France",Château Garreau Millésime 1994,own_make,NULL,FALSE,FALSE,Bas-Armagnac; Millésime,NULL,1994,NULL,NULL,NULL,NULL,Oak,NULL,NULL,https://meilleurarmagnac.fr/collections/armagnacs/products/chateau-garreau-millesime-1994-700-ml,2026-06-26,http://meilleurarmagnac.fr/cdn/shop/products/1994_1200x1200.jpg,armagnac_france
Armagnac,Château Garreau,"Labastide-d'Armagnac, France",Château Garreau Millésime 1995,own_make,NULL,FALSE,FALSE,Bas-Armagnac; Millésime,NULL,1995,NULL,NULL,NULL,NULL,Oak,NULL,NULL,https://meilleurarmagnac.fr/collections/armagnacs/products/chateau-garreau-millesime-1995-700-ml,2026-06-26,http://meilleurarmagnac.fr/cdn/shop/files/1995-min_1200x1200.png,armagnac_france
Armagnac,Château Garreau,"Labastide-d'Armagnac, France",Château Garreau Millésime 1997,own_make,NULL,FALSE,FALSE,Bas-Armagnac; Millésime,NULL,1997,NULL,NULL,NULL,NULL,Oak,NULL,NULL,https://meilleurarmagnac.fr/collections/armagnacs/products/chateau-garreau-millesime-1997-700-ml,2026-06-26,http://meilleurarmagnac.fr/cdn/shop/files/1997-min_1200x1200.png,armagnac_france
Armagnac,Château Garreau,"Labastide-d'Armagnac, France",Château Garreau Millésime 1998,own_make,NULL,FALSE,FALSE,Bas-Armagnac; Millésime,NULL,1998,NULL,NULL,NULL,NULL,Oak,NULL,NULL,https://meilleurarmagnac.fr/collections/armagnacs/products/chateau-garreau-millesime-1998-700-ml,2026-06-26,http://meilleurarmagnac.fr/cdn/shop/products/1998CHATEAUGARREAUcompresse_1200x1200.jpg,armagnac_france
Armagnac,Château Garreau,"Labastide-d'Armagnac, France",Château Garreau Millésime 1999,own_make,NULL,FALSE,FALSE,Bas-Armagnac; Millésime,NULL,1999,NULL,NULL,NULL,NULL,Oak,NULL,NULL,https://meilleurarmagnac.fr/collections/armagnacs/products/chateau-garreau-millesime-1999-700-ml,2026-06-26,http://meilleurarmagnac.fr/cdn/shop/files/1999_1200x1200.png,armagnac_france
Armagnac,Château Garreau,"Labastide-d'Armagnac, France",Château Garreau Millésime 2000,own_make,NULL,FALSE,FALSE,Bas-Armagnac; Millésime,NULL,2000,NULL,NULL,NULL,NULL,Oak,NULL,NULL,https://meilleurarmagnac.fr/collections/armagnacs/products/chateau-garreau-millesime-1996-700-ml-1,2026-06-26,http://meilleurarmagnac.fr/cdn/shop/products/2000CHATEAUGARREAUcompresse_1200x1200.jpg,armagnac_france
Armagnac,Château Garreau,"Labastide-d'Armagnac, France",Château Garreau Millésime 2001,own_make,NULL,FALSE,FALSE,Bas-Armagnac; Millésime,NULL,2001,NULL,NULL,NULL,NULL,Oak,NULL,NULL,https://meilleurarmagnac.fr/collections/armagnacs/products/chateau-garreau-millesime-2001-700-ml,2026-06-26,http://meilleurarmagnac.fr/cdn/shop/products/2001ChateauGarreaucompresse_1200x1200.jpg,armagnac_france
Armagnac,Château Garreau,"Labastide-d'Armagnac, France",Château Garreau Millésime 2002,own_make,NULL,FALSE,FALSE,Bas-Armagnac; Millésime,NULL,2002,NULL,NULL,NULL,NULL,Oak,NULL,NULL,https://meilleurarmagnac.fr/collections/armagnacs/products/chateau-garreau-millesime-2002-700-ml,2026-06-26,http://meilleurarmagnac.fr/cdn/shop/products/2002_1200x1200.jpg,armagnac_france
Armagnac,Château Garreau,"Labastide-d'Armagnac, France",Château Garreau Millésime 2004,own_make,NULL,FALSE,FALSE,Bas-Armagnac; Millésime,NULL,2004,NULL,NULL,NULL,NULL,Oak,NULL,NULL,https://meilleurarmagnac.fr/collections/armagnacs/products/chateau-garreau-millesime-2004-700-ml,2026-06-26,http://meilleurarmagnac.fr/cdn/shop/products/2004_1200x1200.jpg,armagnac_france
Armagnac,Château Garreau,"Labastide-d'Armagnac, France",Château Garreau Millésime 2005,own_make,NULL,FALSE,FALSE,Bas-Armagnac; Millésime,NULL,2005,NULL,NULL,NULL,NULL,Oak,NULL,NULL,https://meilleurarmagnac.fr/collections/armagnacs/products/chateau-garreau-millesime-2005-700-ml,2026-06-26,http://meilleurarmagnac.fr/cdn/shop/files/2005_1200x1200.png,armagnac_france
Armagnac,Château Garreau,"Labastide-d'Armagnac, France",Château Garreau Millésime 2006,own_make,NULL,FALSE,FALSE,Bas-Armagnac; Millésime,NULL,2006,NULL,NULL,NULL,NULL,Oak,NULL,NULL,https://meilleurarmagnac.fr/collections/armagnacs/products/chateau-garreau-millesime-2006-700-ml,2026-06-26,http://meilleurarmagnac.fr/cdn/shop/files/2006_1200x1200.png,armagnac_france
Armagnac,Château Garreau,"Labastide-d'Armagnac, France",Château Garreau Millésime 2007,own_make,NULL,FALSE,FALSE,Bas-Armagnac; Millésime,NULL,2007,NULL,NULL,NULL,NULL,Oak,NULL,NULL,https://meilleurarmagnac.fr/collections/armagnacs/products/chateau-garreau-millesime-2008-700-ml-1,2026-06-26,http://meilleurarmagnac.fr/cdn/shop/files/2007_1200x1200.png,armagnac_france
Armagnac,Château Garreau,"Labastide-d'Armagnac, France",Château Garreau Millésime 2008,own_make,NULL,FALSE,FALSE,Bas-Armagnac; Millésime,NULL,2008,NULL,NULL,NULL,NULL,Oak,NULL,NULL,https://meilleurarmagnac.fr/collections/armagnacs/products/chateau-garreau-millesime-2008-700-ml,2026-06-26,http://meilleurarmagnac.fr/cdn/shop/products/2008ChateauGarreau_1200x1200.jpg,armagnac_france
Armagnac,Château Garreau,"Labastide-d'Armagnac, France",Château Garreau Millésime 2009,own_make,NULL,FALSE,FALSE,Bas-Armagnac; Millésime,NULL,2009,NULL,NULL,NULL,NULL,Oak,NULL,NULL,https://meilleurarmagnac.fr/collections/armagnacs/products/chateau-garreau-millesime-2009-700-ml,2026-06-26,http://meilleurarmagnac.fr/cdn/shop/files/2009detoure_1200x1200.jpg,armagnac_france
Armagnac,Château Garreau,"Labastide-d'Armagnac, France",Château Garreau Millésime 2010 - Carol's Selection,own_make,NULL,FALSE,FALSE,Bas-Armagnac; Millésime; Carol's Selection,NULL,2010,Carol's Selection,NULL,NULL,NULL,Oak,NULL,NULL,https://meilleurarmagnac.fr/collections/armagnacs/products/chateau-garreau-millesime-2010-carols-selection-700-ml,2026-06-26,http://meilleurarmagnac.fr/cdn/shop/files/2010carol_sselectiondetoure_1200x1200.jpg,armagnac_france
Armagnac,Domaine de Laballe,"Parleboscq, France",Laballe Réserve,own_make,NULL,FALSE,FALSE,Bas-Armagnac; VSOP,4 Years,NULL,NULL,80,40,NULL,Landais oak,NULL,NULL,https://www.thewhiskyexchange.com/b/355/laballe-armagnac,2026-06-14,NULL,armagnac_france
Armagnac,Domaine de Laballe,"Parleboscq, France",Laballe 3 Year Old,own_make,NULL,FALSE,FALSE,Bas-Armagnac,3 Years,NULL,NULL,94.6,47.3,NULL,NULL,NULL,NULL,https://www.thewhiskyexchange.com/p/52436/laballe-bas-armagnac-3-year-old,2026-06-26,https://img.thewhiskyexchange.com/540/armag_lab03yo.jpg,armagnac_france
Armagnac,Domaine de Laballe,"Parleboscq, France",Laballe Hors d'Âge,own_make,NULL,FALSE,FALSE,Bas-Armagnac; Hors d'Âge,10 Years,NULL,NULL,86,43,NULL,NULL,NULL,"A rich, oaky Hors d'Age Armagnac matured for at least 10 years. Notes of oak spice, prunes and orange blossom fill the palate.",https://www.thewhiskyexchange.com/p/52440/laballe-bas-armagnac-hors-dage-10-year-old,2026-06-26,https://img.thewhiskyexchange.com/540/armag_lab10yo.jpg,armagnac_france
Armagnac,Domaine de Laballe,"Parleboscq, France",Laballe 12 Year Old,own_make,NULL,FALSE,FALSE,Bas-Armagnac,12 Years,NULL,NULL,88.4,44.2,NULL,NULL,NULL,NULL,https://www.thewhiskyexchange.com/p/52437/laballe-bas-armagnac-12-year-old,2026-06-26,https://img.thewhiskyexchange.com/540/armag_lab12yo.jpg,armagnac_france
Armagnac,Domaine de Laballe,"Parleboscq, France",Laballe XO Extra,own_make,NULL,FALSE,FALSE,Bas-Armagnac; XO,15 Years,NULL,NULL,80,40,NULL,Landais oak,NULL,"A fruity, rich XO Armagnac matured for at least 15 years in Landais oak casks. The palate offers notes of tobacco, dried fruits and cinnamon, with hints of chestnut, honey and orange blossom lingering in the finish.",https://www.thewhiskyexchange.com/p/52441/laballe-bas-armagnac-xo-extra-15-year-old,2026-06-26,https://img.thewhiskyexchange.com/540/armag_lab15yo.jpg,armagnac_france
Armagnac,Domaine de Laballe,"Parleboscq, France",Laballe 21 Year Old,own_make,NULL,FALSE,FALSE,Bas-Armagnac,21 Years,NULL,NULL,83.2,41.6,NULL,NULL,NULL,NULL,https://www.thewhiskyexchange.com/p/52438/laballe-bas-armagnac-21-year-old,2026-06-26,https://img.thewhiskyexchange.com/540/armag_lab21yo.jpg,armagnac_france
Armagnac,Domaine de Laballe,"Parleboscq, France",Laballe Résistance,own_make,NULL,FALSE,FALSE,Bas-Armagnac; Baco,NULL,NULL,NULL,86,43,Baco 100%,NULL,NULL,NULL,https://www.thewhiskyexchange.com/p/52435/laballe-armagnac-resistance-100-baco,2026-06-26,https://img.thewhiskyexchange.com/540/armag_lab1.jpg,armagnac_france
Armagnac,Domaine de Laballe,"Parleboscq, France",Laballe Vital Blanche d'Armagnac (Organic),own_make,NULL,FALSE,FALSE,Blanche Armagnac,NULL,NULL,NULL,85.8,42.9,NULL,NULL,NULL,NULL,https://www.thewhiskyexchange.com/p/84037/laballe-armagnac-blanche-vital-organic,2026-06-26,https://img.thewhiskyexchange.com/540/armag_lab6.jpg,armagnac_france
Armagnac,Domaine de Laballe,"Parleboscq, France",Laballe Folle Blanche Blanche d'Armagnac 2019,own_make,NULL,FALSE,FALSE,Blanche Armagnac; Folle Blanche,NULL,2019,NULL,86,43,Folle Blanche,NULL,NULL,"An unaged Armagnac eau-de-vie with subtle floral character and pungent fruity notes of pears, plums, and grapes.",https://www.thewhiskyexchange.com/p/70613/laballe-folle-blanche-blanche-darmagnac-eau-de-vie-2019,2026-06-26,https://img.thewhiskyexchange.com/540/eau_lab2019.jpg,armagnac_france
Armagnac,Domaine de Laballe,"Parleboscq, France",Laballe Folle Blanche Blanche d'Armagnac 2022,own_make,NULL,FALSE,FALSE,Blanche Armagnac; Folle Blanche,NULL,2022,NULL,108.2,54.1,Folle Blanche,NULL,NULL,NULL,https://www.thewhiskyexchange.com/p/84036/laballe-folle-blanche-blanche-darmagnac-eau-de-vie-2022,2026-06-26,https://img.thewhiskyexchange.com/540/eau_lab2022.jpg,armagnac_france
Armagnac,Domaine de Laballe,"Parleboscq, France",Laballe Bas Armagnac 1976,own_make,NULL,FALSE,FALSE,Bas-Armagnac; Millésime,NULL,1976,Bot.2026,88,44,NULL,NULL,NULL,NULL,https://www.thewhiskyexchange.com/p/87097/laballe-bas-armagnac-1976-bot2026,2026-06-26,https://img.thewhiskyexchange.com/540/armag_lab1976v2.jpg,armagnac_france
Armagnac,Domaine de Laballe,"Parleboscq, France",Laballe Bas Armagnac 1982,own_make,NULL,FALSE,FALSE,Bas-Armagnac; Millésime,NULL,1982,Bot.2026,85,42.5,NULL,NULL,NULL,NULL,https://www.thewhiskyexchange.com/p/87100/laballe-bas-armagnac-1982-bot2026,2026-06-26,https://img.thewhiskyexchange.com/540/armag_lab1982v1.jpg,armagnac_france
Armagnac,Domaine de Laballe,"Parleboscq, France",Laballe Bas Armagnac 1983,own_make,NULL,FALSE,FALSE,Bas-Armagnac; Millésime,NULL,1983,Bot.2026,96.2,48.1,NULL,NULL,NULL,NULL,https://www.thewhiskyexchange.com/p/87101/laballe-bas-armagnac-1983-bot2026,2026-06-26,https://img.thewhiskyexchange.com/540/armag_lab1983v1.jpg,armagnac_france
Armagnac,Domaine de Laballe,"Parleboscq, France",Laballe Bas Armagnac 1984,own_make,NULL,FALSE,FALSE,Bas-Armagnac; Millésime,NULL,1984,Bot.2026,87.6,43.8,NULL,NULL,NULL,NULL,https://www.thewhiskyexchange.com/p/87102/laballe-bas-armagnac-1984-bot2026,2026-06-26,https://img.thewhiskyexchange.com/540/armag_lab1984v2.jpg,armagnac_france
Armagnac,Domaine de Laballe,"Parleboscq, France",Laballe Bas Armagnac 1985,own_make,NULL,FALSE,FALSE,Bas-Armagnac; Millésime,NULL,1985,Bot.2026,87,43.5,NULL,NULL,NULL,NULL,https://www.thewhiskyexchange.com/p/87103/laballe-bas-armagnac-1985-bot2026,2026-06-26,https://img.thewhiskyexchange.com/540/armag_lab1985v3.jpg,armagnac_france
Armagnac,Domaine de Laballe,"Parleboscq, France",Laballe Bas Armagnac 1986,own_make,NULL,FALSE,FALSE,Bas-Armagnac; Millésime,NULL,1986,Bot.2026,91.2,45.6,NULL,NULL,NULL,NULL,https://www.thewhiskyexchange.com/p/87104/laballe-bas-armagnac-1986-bot2026,2026-06-26,https://img.thewhiskyexchange.com/540/armag_lab1986v2.jpg,armagnac_france
Armagnac,Domaine de Laballe,"Parleboscq, France",Laballe Bas Armagnac 1992,own_make,NULL,FALSE,FALSE,Bas-Armagnac; Millésime,NULL,1992,Bot.2025,94.8,47.4,NULL,NULL,NULL,NULL,https://www.thewhiskyexchange.com/p/84020/laballe-bas-armagnac-1992-bot2025,2026-06-26,https://img.thewhiskyexchange.com/540/armag_lab1992v3.jpg,armagnac_france
Armagnac,Domaine de Laballe,"Parleboscq, France",Laballe Bas Armagnac 1994,own_make,NULL,FALSE,FALSE,Bas-Armagnac; Millésime,NULL,1994,Bot.2024,95.4,47.7,NULL,NULL,NULL,NULL,https://www.thewhiskyexchange.com/p/84022/laballe-bas-armagnac-1994-bot2024,2026-06-26,https://img.thewhiskyexchange.com/540/armag_lab1994v2.jpg,armagnac_france
Armagnac,Domaine de Laballe,"Parleboscq, France",Laballe Bas Armagnac 1995,own_make,NULL,FALSE,FALSE,Bas-Armagnac; Millésime,NULL,1995,Bot.2026,89,44.5,NULL,NULL,NULL,NULL,https://www.thewhiskyexchange.com/p/87105/laballe-bas-armagnac-1995-bot2026,2026-06-26,https://img.thewhiskyexchange.com/540/armag_lab1995v2.jpg,armagnac_france
Armagnac,Domaine de Laballe,"Parleboscq, France",Laballe Bas Armagnac 1996,own_make,NULL,FALSE,FALSE,Bas-Armagnac; Millésime,NULL,1996,Bot.2026,87.6,43.8,NULL,NULL,NULL,NULL,https://www.thewhiskyexchange.com/p/87106/laballe-bas-armagnac-1996-bot2026,2026-06-26,https://img.thewhiskyexchange.com/540/armag_lab1996v1.jpg,armagnac_france
Armagnac,Domaine de Laballe,"Parleboscq, France",Laballe Bas Armagnac 1997,own_make,NULL,FALSE,FALSE,Bas-Armagnac; Millésime,NULL,1997,Bot.2026,91,45.5,NULL,NULL,NULL,NULL,https://www.thewhiskyexchange.com/p/87107/laballe-bas-armagnac-1997-bot2026,2026-06-26,https://img.thewhiskyexchange.com/540/armag_lab1997v2.jpg,armagnac_france
Armagnac,Domaine de Laballe,"Parleboscq, France",Laballe Bas Armagnac 2001,own_make,NULL,FALSE,FALSE,Bas-Armagnac; Millésime,NULL,2001,Bot.2026,90.2,45.1,NULL,NULL,NULL,NULL,https://www.thewhiskyexchange.com/p/87108/laballe-bas-armagnac-2001-bot2026,2026-06-26,https://img.thewhiskyexchange.com/540/armag_lab2001v2.jpg,armagnac_france
Armagnac,Domaine de Laballe,"Parleboscq, France",Laballe Bas Armagnac 2002,own_make,NULL,FALSE,FALSE,Bas-Armagnac; Millésime,NULL,2002,Bot.2025,93.6,46.8,NULL,NULL,NULL,NULL,https://www.thewhiskyexchange.com/p/84028/laballe-bas-armagnac-2002-bot2025,2026-06-26,https://img.thewhiskyexchange.com/540/armag_lab2002v2.jpg,armagnac_france
Armagnac,Domaine de Laballe,"Parleboscq, France",Laballe Bas Armagnac 2004,own_make,NULL,FALSE,FALSE,Bas-Armagnac; Millésime,NULL,2004,Bot.2026,88.2,44.1,NULL,NULL,NULL,NULL,https://www.thewhiskyexchange.com/p/87109/laballe-bas-armagnac-2004-bot2026,2026-06-26,https://img.thewhiskyexchange.com/540/armag_lab2004v3.jpg,armagnac_france
Armagnac,Domaine de Laballe,"Parleboscq, France",Laballe Bas Armagnac 2006,own_make,NULL,FALSE,FALSE,Bas-Armagnac; Millésime,NULL,2006,Bot.2025,99.2,49.6,NULL,NULL,NULL,NULL,https://www.thewhiskyexchange.com/p/84032/laballe-bas-armagnac-2006-bot2025,2026-06-26,https://img.thewhiskyexchange.com/540/armag_lab2006v1.jpg,armagnac_france
Armagnac,Domaine de Laballe,"Parleboscq, France",Laballe Bas Armagnac 2007,own_make,NULL,FALSE,FALSE,Bas-Armagnac; Millésime,NULL,2007,Bot.2026,90.6,45.3,NULL,NULL,NULL,NULL,https://www.thewhiskyexchange.com/p/87110/laballe-bas-armagnac-2007-bot2026,2026-06-26,https://img.thewhiskyexchange.com/540/armag_lab2007v2.jpg,armagnac_france
Armagnac,Domaine de Laballe,"Parleboscq, France",Laballe Bas Armagnac 2008,own_make,NULL,FALSE,FALSE,Bas-Armagnac; Millésime,NULL,2008,Bot.2026,95.6,47.8,NULL,NULL,NULL,NULL,https://www.thewhiskyexchange.com/p/87111/laballe-bas-armagnac-2008-bot2026,2026-06-26,https://img.thewhiskyexchange.com/540/armag_lab2008v3.jpg,armagnac_france
Armagnac,Domaine de Laballe,"Parleboscq, France",Laballe Bas Armagnac 2009,own_make,NULL,FALSE,FALSE,Bas-Armagnac; Millésime,NULL,2009,Bot.2026,100.4,50.2,NULL,NULL,NULL,NULL,https://www.thewhiskyexchange.com/p/87113/laballe-bas-armagnac-2009-bot2026,2026-06-26,https://img.thewhiskyexchange.com/540/armag_lab2009v1.jpg,armagnac_france
Armagnac,Domaine de Laballe,"Parleboscq, France",Laballe Bas Armagnac 2011,own_make,NULL,FALSE,FALSE,Bas-Armagnac; Millésime,NULL,2011,Bot.2026,99.6,49.8,NULL,NULL,NULL,NULL,https://www.thewhiskyexchange.com/p/87115/laballe-bas-armagnac-2011-bot2026,2026-06-26,https://img.thewhiskyexchange.com/540/armag_lab2011v2.jpg,armagnac_france
Armagnac,Domaine de Laballe,"Parleboscq, France",Laballe Bas Armagnac 2012,own_make,NULL,FALSE,FALSE,Bas-Armagnac; Millésime,NULL,2012,Bot.2026,95.4,47.7,NULL,NULL,NULL,NULL,https://www.thewhiskyexchange.com/p/87114/laballe-bas-armagnac-2012-bot2026,2026-06-26,https://img.thewhiskyexchange.com/540/armag_lab2012v2.jpg,armagnac_france
Armagnac,Château de Ravignan,"Perquie, France",Château de Ravignan Bas-Armagnac 1981,own_make,NULL,FALSE,FALSE,Bas-Armagnac; Millésime,NULL,1981,NULL,NULL,NULL,NULL,Oak (Limousin and estate-grown),NULL,NULL,https://www.charlesnealselections.com/chateau-de-ravignan.html,2026-06-28,NULL,armagnac_france
Armagnac,Château de Ravignan,"Perquie, France",Château de Ravignan Bas-Armagnac 1983,own_make,NULL,FALSE,FALSE,Bas-Armagnac; Millésime,NULL,1983,NULL,NULL,NULL,NULL,Oak (Limousin and estate-grown),NULL,NULL,https://www.charlesnealselections.com/chateau-de-ravignan.html,2026-06-28,NULL,armagnac_france
Armagnac,Château de Ravignan,"Perquie, France",Château de Ravignan Bas-Armagnac 1984,own_make,NULL,FALSE,FALSE,Bas-Armagnac; Millésime,NULL,1984,NULL,NULL,NULL,NULL,Oak (Limousin and estate-grown),NULL,NULL,https://www.charlesnealselections.com/chateau-de-ravignan.html,2026-06-28,NULL,armagnac_france
Armagnac,Château de Ravignan,"Perquie, France",Château de Ravignan Bas-Armagnac 1985,own_make,NULL,FALSE,FALSE,Bas-Armagnac; Millésime,NULL,1985,NULL,82,41,NULL,Oak (Limousin and estate-grown),NULL,"Dark amber with deep golden highlights. Round, creamy notes emit aromas of plum, vanilla, toffee, and spice. Great balance on the soft palate, with additional notes of walnut, pepper and a touch of smoke. The flavors linger on the palate for over a minute.",https://www.charlesnealselections.com/chateau-de-ravignan.html,2026-06-28,NULL,armagnac_france
Armagnac,Château de Ravignan,"Perquie, France",Château de Ravignan Bas-Armagnac 1986,own_make,NULL,FALSE,FALSE,Bas-Armagnac; Millésime,NULL,1986,NULL,86,43,NULL,Oak (Limousin and estate-grown),NULL,"Dark amber with deep golden highlights. Rich nose shows notes of dried plums, leather, vanilla and spice. Palate is round and soft, with mouth-coating flavors that include cocoa, almonds and oak. Finishes long.",https://www.charlesnealselections.com/chateau-de-ravignan.html,2026-06-28,NULL,armagnac_france
Armagnac,Château de Ravignan,"Perquie, France",Château de Ravignan Bas-Armagnac 1991,own_make,NULL,FALSE,FALSE,Bas-Armagnac; Millésime,NULL,1991,NULL,NULL,NULL,NULL,Oak (Limousin and estate-grown),NULL,"Dried fruit (prune, quince), leather, smoked honey, walnut, and spice. Soft and long.",https://www.charlesnealselections.com/chateau-de-ravignan.html,2026-06-28,NULL,armagnac_france
Armagnac,Château de Ravignan,"Perquie, France",Château de Ravignan Bas-Armagnac 1998,own_make,NULL,FALSE,FALSE,Bas-Armagnac; Millésime,NULL,1998,NULL,85,42.5,NULL,Oak,NULL,"Robe: ambrée avec reflets acajou. Nez: souple avec des notes d'agrumes, oranges confites et pointe de cèdre. Bouche: attaque souple en bouche, notes de vanille et belle longueur.",https://lsbterroir.fr/products/bas-armagnac-ravignan-millesime,2026-06-14,NULL,armagnac_france
Armagnac,Château de Ravignan,"Perquie, France",Château de Ravignan Bas-Armagnac 1999,own_make,NULL,FALSE,FALSE,Bas-Armagnac; Millésime,NULL,1999,NULL,NULL,NULL,NULL,Oak,NULL,NULL,https://lsbterroir.fr/products/bas-armagnac-ravignan-millesime,2026-06-14,NULL,armagnac_france
Armagnac,Château de Ravignan,"Perquie, France",Château de Ravignan Bas-Armagnac 2000,own_make,NULL,FALSE,FALSE,Bas-Armagnac; Millésime,NULL,2000,NULL,NULL,NULL,NULL,Oak (Limousin and estate-grown),NULL,"Rich texture emits liquered apricot, cherry, and plum. Lots of fruit on the palate, with a long finish that shows additional notes of orange peel, almond, and spice.",https://www.charlesnealselections.com/chateau-de-ravignan.html,2026-06-28,NULL,armagnac_france
Armagnac,Château de Ravignan,"Perquie, France",Château de Ravignan Bas-Armagnac 2003,own_make,NULL,FALSE,FALSE,Bas-Armagnac; Millésime,NULL,2003,NULL,91,45.5,NULL,Oak,NULL,"Robe: tabac avec reflets orangés. Nez: souple avec des notes réglissées, légèrement poivrées. Bouche: attaque souple, rapidement suivie d'une agréable fougue, finale longue et subtilement réglissée.",https://lsbterroir.fr/products/bas-armagnac-ravignan-millesime,2026-06-14,NULL,armagnac_france
Armagnac,Château de Ravignan,"Perquie, France",Château de Ravignan Bas-Armagnac Folle Blanche 2003,own_make,NULL,FALSE,FALSE,Bas-Armagnac; Folle Blanche; Millésime,NULL,2003,NULL,NULL,NULL,Folle Blanche,Oak (Limousin and estate-grown),NULL,NULL,https://www.charlesnealselections.com/chateau-de-ravignan.html,2026-06-28,NULL,armagnac_france
Armagnac,Château de Ravignan,"Perquie, France",Château de Ravignan Bas-Armagnac 2004,own_make,NULL,FALSE,FALSE,Bas-Armagnac; Millésime,NULL,2004,NULL,NULL,NULL,NULL,Oak,NULL,NULL,https://lsbterroir.fr/products/bas-armagnac-ravignan-millesime,2026-06-14,NULL,armagnac_france
Armagnac,Château de Ravignan,"Perquie, France",Château de Ravignan Bas-Armagnac 2006,own_make,NULL,FALSE,FALSE,Bas-Armagnac; Millésime,NULL,2006,NULL,90,45,NULL,Oak,NULL,"Robe: dorée aux reflets orange. Nez: abricot frais et reine-claude. Bouche: frais et ample, abricot et cannelle.",https://lsbterroir.fr/products/bas-armagnac-ravignan-millesime,2026-06-14,NULL,armagnac_france
Armagnac,Château de Ravignan,"Perquie, France",Château de Ravignan Bas-Armagnac 2012,own_make,NULL,FALSE,FALSE,Bas-Armagnac; Millésime,NULL,2012,NULL,NULL,NULL,NULL,Oak,NULL,NULL,https://lsbterroir.fr/products/bas-armagnac-ravignan-millesime,2026-06-14,NULL,armagnac_france
Armagnac,Château de Ravignan,"Perquie, France",Château de Ravignan Bas-Armagnac 1969,own_make,NULL,FALSE,FALSE,Bas-Armagnac; Millésime,NULL,1969,NULL,NULL,NULL,NULL,Oak,NULL,NULL,https://www.littlewood.fr/fr/spiritueux/1417-1969-bas-armagnac-chateau-de-ravignan-7427281008595.html,2026-06-14,NULL,armagnac_france
Armagnac,Domaine de Charron,"Perquie, France",Domaine de Charron Millésime 1985,own_make,NULL,FALSE,FALSE,Bas-Armagnac; Cask Strength; Baco; Millésime,NULL,1985,NULL,89.6,44.8,Baco 100%,New oak,NULL,NULL,https://www.excellencerhum.com/en/armagnac/5941-armagnac-domaine-de-charron-vintage-1985.html,2026-06-26,https://cdn1.excellencerhum.com/8713-thickbox_default/armagnac-domaine-de-charron-vintage-1985.jpg,armagnac_france
Armagnac,Domaine de Charron,"Perquie, France",Domaine de Charron Millésime 1986,own_make,NULL,FALSE,FALSE,Bas-Armagnac; Cask Strength; Baco; Millésime,NULL,1986,NULL,91.2,45.6,Baco 100%,New oak,NULL,NULL,https://www.excellencerhum.com/en/armagnac/5942-armagnac-domaine-de-charron-vintage-1986.html,2026-06-26,https://cdn1.excellencerhum.com/8714-thickbox_default/armagnac-domaine-de-charron-vintage-1986.jpg,armagnac_france
Armagnac,Domaine de Charron,"Perquie, France",Domaine de Charron Millésime 1987,own_make,NULL,FALSE,FALSE,Bas-Armagnac; Cask Strength; Baco; Millésime,NULL,1987,NULL,93.4,46.7,Baco 100%,New oak,NULL,NULL,https://www.excellencerhum.com/en/armagnac/5943-armagnac-domaine-de-charron-vintage-1987.html,2026-06-26,https://cdn1.excellencerhum.com/8715-thickbox_default/armagnac-domaine-de-charron-vintage-1987.jpg,armagnac_france
Armagnac,Domaine de Charron,"Perquie, France",Domaine de Charron Millésime 1988,own_make,NULL,FALSE,FALSE,Bas-Armagnac; Cask Strength; Baco; Millésime,NULL,1988,NULL,95.8,47.9,Baco 100%,New oak,NULL,NULL,https://www.excellencerhum.com/en/armagnac/5944-armagnac-domaine-de-charron-vintage-1988.html,2026-06-26,https://cdn1.excellencerhum.com/8716-thickbox_default/armagnac-domaine-de-charron-vintage-1988.jpg,armagnac_france
Armagnac,Domaine de Charron,"Perquie, France",Domaine de Charron Millésime 1989,own_make,NULL,FALSE,FALSE,Bas-Armagnac; Cask Strength; Baco; Millésime,NULL,1989,NULL,94.2,47.1,Baco 100%,New oak,NULL,NULL,https://www.excellencerhum.com/en/armagnac/5945-armagnac-domaine-de-charron-vintage-1989.html,2026-06-26,https://cdn3.excellencerhum.com/8717-thickbox_default/armagnac-domaine-de-charron-vintage-1989.jpg,armagnac_france
Armagnac,Domaine de Charron,"Perquie, France",Domaine de Charron Millésime 1990,own_make,NULL,FALSE,FALSE,Bas-Armagnac; Cask Strength; Baco; Millésime,NULL,1990,NULL,94.4,47.2,Baco 100%,New oak,NULL,NULL,https://www.excellencerhum.com/en/armagnac/5946-armagnac-domaine-de-charron-vintage-1990.html,2026-06-26,https://cdn3.excellencerhum.com/8718-thickbox_default/armagnac-domaine-de-charron-vintage-1990.jpg,armagnac_france
Armagnac,Domaine de Charron,"Perquie, France",Domaine de Charron Millésime 1992,own_make,NULL,FALSE,FALSE,Bas-Armagnac; Cask Strength; Baco; Millésime,NULL,1992,NULL,96.4,48.2,Baco 100%,New oak,NULL,NULL,https://www.excellencerhum.com/en/armagnac/5947-armagnac-domaine-de-charron-vintage-1992.html,2026-06-26,https://cdn2.excellencerhum.com/8719-thickbox_default/armagnac-domaine-de-charron-vintage-1992.jpg,armagnac_france
Armagnac,Domaine de Charron,"Perquie, France",Domaine de Charron Millésime 1995,own_make,NULL,FALSE,FALSE,Bas-Armagnac; Cask Strength; Baco; Millésime,NULL,1995,NULL,97.4,48.7,Baco 100%,New oak,NULL,NULL,https://www.excellencerhum.com/en/armagnac/5948-armagnac-domaine-de-charron-vintage-1995.html,2026-06-26,https://cdn3.excellencerhum.com/8720-thickbox_default/armagnac-domaine-de-charron-vintage-1995.jpg,armagnac_france
Armagnac,Domaine de Charron,"Perquie, France",Domaine de Charron Millésime 1996,own_make,NULL,FALSE,FALSE,Bas-Armagnac; Cask Strength; Baco; Millésime,NULL,1996,NULL,97,48.5,Baco 100%,New oak,NULL,"Nez: le nez est fin et élégant, tout d'abord sur des arômes de fruits compotés puis surviennent les notes d'abricot confit. Bouche: l'attaque en bouche est franche et intense, sur des notes de pain grillé et d'épices (girofle). Finale: la finale sur des notes de rancio est très persistante.",https://www.excellencerhum.com/en/armagnac/7639-armagnac-domaine-de-charron-vintage-1996.html,2026-06-26,https://cdn2.excellencerhum.com/11134-thickbox_default/armagnac-domaine-de-charron-vintage-1996.jpg,armagnac_france
Armagnac,Domaine de Charron,"Perquie, France",Domaine de Charron Millésime 1998,own_make,NULL,FALSE,FALSE,Bas-Armagnac; Cask Strength; Baco; Millésime,NULL,1998,NULL,96.2,48.1,Baco 100%,New oak,NULL,NULL,https://www.excellencerhum.com/en/armagnac/7098-armagnac-domaine-de-charron-millesime-1998.html,2026-06-26,https://cdn1.excellencerhum.com/10356-thickbox_default/armagnac-domaine-de-charron-millesime-1998.jpg,armagnac_france
Armagnac,Domaine de Charron,"Perquie, France",Domaine de Charron Millésime 1999,own_make,NULL,FALSE,FALSE,Bas-Armagnac; Cask Strength; Baco; Millésime,NULL,1999,NULL,NULL,NULL,Baco 100%,New oak,NULL,NULL,https://www.excellencerhum.com/en/armagnac/5949-armagnac-domaine-de-charron-vintage-1999.html,2026-06-26,https://cdn3.excellencerhum.com/8721-thickbox_default/armagnac-domaine-de-charron-vintage-1999.jpg,armagnac_france
Armagnac,Domaine de Charron,"Perquie, France",Domaine de Charron Millésime 2000,own_make,NULL,FALSE,FALSE,Bas-Armagnac; Cask Strength; Baco; Millésime,NULL,2000,NULL,100,50,Baco 100%,New oak,NULL,NULL,https://www.excellencerhum.com/en/armagnac/7097-armagnac-domaine-de-charron-vintage-2000.html,2026-06-26,https://cdn3.excellencerhum.com/10355-thickbox_default/armagnac-domaine-de-charron-vintage-2000.jpg,armagnac_france
Armagnac,Domaine de Charron,"Perquie, France",Domaine de Charron Millésime 2001,own_make,NULL,FALSE,FALSE,Bas-Armagnac; Cask Strength; Baco; Millésime,NULL,2001,NULL,100.2,50.1,Baco 100%,New oak,NULL,NULL,https://www.excellencerhum.com/en/armagnac/5950-armagnac-domaine-de-charron-vintage-2001.html,2026-06-26,https://cdn1.excellencerhum.com/8722-thickbox_default/armagnac-domaine-de-charron-vintage-2001.jpg,armagnac_france
Armagnac,Domaine de Charron,"Perquie, France",Domaine de Charron Millésime 2002,own_make,NULL,FALSE,FALSE,Bas-Armagnac; Cask Strength; Baco; Millésime,NULL,2002,NULL,NULL,NULL,Baco 100%,New oak,NULL,NULL,https://www.la-maison-armagnac.com/en/products/armagnac-domaine-de-charron-brut-de-fut-2002,2026-06-26,http://www.la-maison-armagnac.com/cdn/shop/products/domaine-de-charron-produit-2002.jpg,armagnac_france
Armagnac,Domaine de Charron,"Perquie, France",Domaine de Charron Millésime 2003,own_make,NULL,FALSE,FALSE,Bas-Armagnac; Cask Strength; Baco; Millésime,NULL,2003,NULL,101.2,50.6,Baco 100%,New oak,NULL,"Nose: a first slightly wooded nose carried on the compoted fruit. Mouth: the attack is frank, alcohol subtly reveals aromas of cooked prunes. Final: a lightness final. Aromas of undergrowth and fern delivering rancio flavors of smoked tea.",https://www.la-maison-armagnac.com/en/products/armagnac-domaine-de-charron-brut-de-fut-2003,2026-06-26,http://www.la-maison-armagnac.com/cdn/shop/products/domaine-de-charron-produit-2003.jpg,armagnac_france
Armagnac,Domaine de Charron,"Perquie, France",Domaine de Charron Millésime 2004 (N°149),own_make,NULL,FALSE,FALSE,Bas-Armagnac; Cask Strength; Baco; Single Cask; Millésime,NULL,2004,N°149,101.6,50.8,Baco 100%,New oak,NULL,NULL,https://www.excellencerhum.com/en/armagnac/9699-armagnac-domaine-de-charron-vintage-2004.html,2026-06-26,https://cdn1.excellencerhum.com/18470-thickbox_default/armagnac-domaine-de-charron-vintage-2004.jpg,armagnac_france
Armagnac,Domaine de Charron,"Perquie, France",Domaine de Charron Millésime 2005,own_make,NULL,FALSE,FALSE,Bas-Armagnac; Cask Strength; Baco; Millésime,NULL,2005,NULL,NULL,NULL,Baco 100%,New oak,NULL,NULL,https://cap-vintage.com/en/collections/armagnac-domaine-de-charron/products/armagnac-2005-domaine-de-charron,2026-06-26,http://cap-vintage.com/cdn/shop/products/Armagnac-2005-Domaine-de-Charron-Brut-de-fut.jpg,armagnac_france
Armagnac,Domaine de Charron,"Perquie, France",Domaine de Charron Millésime 2007,own_make,NULL,FALSE,FALSE,Bas-Armagnac; Cask Strength; Baco; Millésime,NULL,2007,NULL,102.8,51.4,Baco 100%,New oak,NULL,NULL,https://www.excellencerhum.com/en/armagnac/5953-armagnac-domaine-de-charron-vintage-2007.html,2026-06-26,https://cdn3.excellencerhum.com/8725-thickbox_default/armagnac-domaine-de-charron-vintage-2007.jpg,armagnac_france
Armagnac,Domaine de Charron,"Perquie, France",Domaine de Charron Millésime 2008,own_make,NULL,FALSE,FALSE,Bas-Armagnac; Cask Strength; Baco; Millésime,NULL,2008,NULL,101,50.5,Baco 100%,New oak,NULL,NULL,https://www.excellencerhum.com/en/armagnac/6595-armagnac-domaine-de-charron-vintage-2008.html,2026-06-26,https://cdn3.excellencerhum.com/9622-thickbox_default/armagnac-domaine-de-charron-vintage-2008.jpg,armagnac_france
Armagnac,Domaine de Charron,"Perquie, France",Domaine de Charron Millésime 2010,own_make,NULL,FALSE,FALSE,Bas-Armagnac; Cask Strength; Baco; Millésime,NULL,2010,NULL,96.8,48.4,Baco 100%,New oak,NULL,NULL,https://www.excellencerhum.com/en/armagnac/9688-armagnac-domaine-de-charron-vintage-2008.html,2026-06-26,https://cdn1.excellencerhum.com/18441-thickbox_default/armagnac-domaine-de-charron-vintage-2008.jpg,armagnac_france
Armagnac,Château de Laubade,"Sorbets, France",Château de Laubade,own_make,NULL,FALSE,FALSE,Bas-Armagnac; VSOP,NULL,NULL,NULL,NULL,NULL,Baco / Ugni Blanc / Folle Blanche / Colombard,NULL,NULL,"Intense aromas of ripe fruit, plums and sweet pastries; subtle and smooth on the palate with hints of vanilla and citrus and a long aftertaste. Aged 6-12 years.",https://www.chateaudelaubade.com/en/vsop/,2026-06-26,https://www.chateaudelaubade.com/inc/uploads/2023/02/vsop_pack.jpg,armagnac_france
Armagnac,Château de Laubade,"Sorbets, France",Château de Laubade,own_make,NULL,FALSE,FALSE,Bas-Armagnac; XO,NULL,NULL,NULL,NULL,NULL,NULL,NULL,NULL,"Deep-amber color; intense bouquet of prunes, vanilla, cinnamon, cocoa, coffee, almonds and toast with hints of orange peel and dried apricot; soft, velvety mouthfeel and a remarkably long aftertaste. Aged 15-25 years.",https://www.chateaudelaubade.com/en/xo/,2026-06-26,https://www.chateaudelaubade.com/inc/uploads/2023/02/xo_pack.jpg,armagnac_france
Armagnac,Château de Laubade,"Sorbets, France",Château de Laubade,own_make,NULL,FALSE,FALSE,Bas-Armagnac; Hors d'Âge; Intemporel 12 Ans,12 Years,NULL,NULL,NULL,NULL,NULL,NULL,NULL,"Deep-amber blend of over 30 eaux-de-vie, majority Baco; bouquet of candied fruit, spice and vanilla; powerful and rich on the palate with persistent rancio typical of old Bas Armagnacs. Aged 12-20 years.",https://www.chateaudelaubade.com/en/intemporel-12-ans/,2026-06-26,https://www.chateaudelaubade.com/inc/uploads/2023/02/intemporel_12ans_pack.jpg,armagnac_france
Armagnac,Château de Laubade,"Sorbets, France",Château de Laubade,own_make,NULL,FALSE,FALSE,Bas-Armagnac; Hors d'Âge,21 Years,NULL,NULL,NULL,NULL,NULL,Gascon oak,NULL,Blend of the most remarkable 420L casks aged 21-25 years; created for premium whisky enthusiasts and singular armagnac aficionados.,https://www.chateaudelaubade.com/en/21-years-old/,2026-06-26,https://www.chateaudelaubade.com/inc/uploads/2023/07/laubade_21ans_pack.jpg,armagnac_france
Armagnac,Château de Laubade,"Sorbets, France",Intemporel,own_make,NULL,FALSE,FALSE,Bas-Armagnac; Hors d'Âge; Intemporel N°5,NULL,NULL,NULL,NULL,NULL,NULL,NULL,NULL,"Mahogany-colored blend of nearly 40 eaux-de-vie, almost 50% Baco; very complex bouquet of prune, candied fruit and cocoa; subtle hints of hazelnut and ripe fruit with oaky notes. Aged 20-30 years; named 'World's Best Brandy' in San Francisco.",https://www.chateaudelaubade.com/en/intemporel-n-5/,2026-06-26,https://www.chateaudelaubade.com/inc/uploads/2023/02/intemporel_n_5_pack.jpg,armagnac_france
Armagnac,Château de Laubade,"Sorbets, France",Château de Laubade,own_make,NULL,FALSE,FALSE,Blanche Armagnac; Folle Blanche,NAS,NULL,NULL,NULL,NULL,Folle Blanche,NULL,NULL,"Unaged eau-de-vie blended exclusively from Folle Blanche; intensely aromatic, fresh and fruity; round and well-balanced on the palate with a soft aftertaste.",https://www.chateaudelaubade.com/en/blanche-armagnac/,2026-06-26,https://www.chateaudelaubade.com/inc/uploads/2023/02/blanche_pack.jpg,armagnac_france
Armagnac,Château de Laubade,"Sorbets, France",Château de Laubade,own_make,NULL,FALSE,FALSE,Bas-Armagnac; Millésime; Cask Strength; Single Cask,NULL,1974,NULL,88.2,44.1,Baco / Ugni Blanc / Colombard,Gascon oak,NULL,"Deep mahogany with coppery reflections; nose of rancio, dried fruits, candied fig and walnut with sweet spices, orange peel and subtle lactic and lightly smoked notes; long, warm finish of dried fruits and spices. Bottled at natural cask strength.",https://www.la-maison-armagnac.com/en/collections/chateau-de-laubade/products/armagnac-chateau-de-laubade-brut-de-fut-1974,2026-06-26,http://www.la-maison-armagnac.com/cdn/shop/files/BRUTDEFUT1974ETCOFFRETPF.jpg,armagnac_france
Armagnac,Château de Laubade,"Sorbets, France",Château de Laubade,own_make,NULL,FALSE,FALSE,Bas-Armagnac; Millésime; Cask Strength; Single Cask,NULL,1985,NULL,96.8,48.4,Baco / Ugni Blanc / Colombard,Gascon oak,NULL,"Light mahogany; nose of rancio, dried fruits, figs, nuts, spices, orange bark, milky and smoked notes; great maturity, power and deep complexity on the palate. Bottled at natural cask strength.",https://www.la-maison-armagnac.com/en/collections/chateau-de-laubade/products/armagnac-chateau-de-laubade-single-cask-1985,2026-06-26,http://www.la-maison-armagnac.com/cdn/shop/products/maison-armagnac-chateau-de-laubade-_0011_ChateaudeLaubadebrutdefut198570cl.jpg,armagnac_france
Armagnac,Château de Laubade,"Sorbets, France",Château de Laubade,own_make,NULL,FALSE,FALSE,Bas-Armagnac; Millésime; Cask Strength; Single Cask,NULL,1986,NULL,NULL,NULL,NULL,Gascon oak,NULL,NULL,https://www.la-maison-armagnac.com/en/collections/chateau-de-laubade/products/armagnac-chateau-de-laubade-single-cask-1986,2026-06-26,http://www.la-maison-armagnac.com/cdn/shop/products/maison-armagnac-chateau-de-laubade-_0010_ChateaudeLaubadebrutdefut198670cl.jpg,armagnac_france
Armagnac,Château de Laubade,"Sorbets, France",Château de Laubade,own_make,NULL,FALSE,FALSE,Bas-Armagnac; Millésime; Cask Strength; Single Cask,NULL,1989,NULL,97.0,48.5,NULL,Gascon oak,NULL,NULL,https://www.la-maison-armagnac.com/en/collections/chateau-de-laubade/products/armagnac-chateau-de-laubade-single-cask-1989,2026-06-26,http://www.la-maison-armagnac.com/cdn/shop/products/maison-armagnac-chateau-de-laubade-_0009_ChateaudeLaubadebrutdefut198970cl.jpg,armagnac_france
Armagnac,Château de Laubade,"Sorbets, France",Château de Laubade,own_make,NULL,FALSE,FALSE,Bas-Armagnac; Millésime; Cask Strength; Single Cask,NULL,1990,NULL,NULL,NULL,NULL,Gascon oak,NULL,NULL,https://www.la-maison-armagnac.com/en/collections/chateau-de-laubade/products/armagnac-chateau-de-laubade-single-cask-1990,2026-06-26,http://www.la-maison-armagnac.com/cdn/shop/products/maison-armagnac-chateau-de-laubade-_0008_ChateaudeLaubadebrutdefut199070cl.jpg,armagnac_france
Armagnac,Château de Laubade,"Sorbets, France",Château de Laubade,own_make,NULL,FALSE,FALSE,Bas-Armagnac; Millésime; Cask Strength; Single Cask,NULL,1992,NULL,NULL,NULL,NULL,Gascon oak,NULL,NULL,https://www.la-maison-armagnac.com/en/collections/chateau-de-laubade/products/armagnac-chateau-de-laubade-single-cask-1992,2026-06-26,http://www.la-maison-armagnac.com/cdn/shop/products/maison-armagnac-chateau-de-laubade-_0007_ChateaudeLaubadebrutdefut199270cl.jpg,armagnac_france
Armagnac,Château de Laubade,"Sorbets, France",Château de Laubade,own_make,NULL,FALSE,FALSE,Bas-Armagnac; Millésime; Cask Strength; Single Cask,NULL,1994,NULL,NULL,NULL,NULL,Gascon oak,NULL,NULL,https://www.la-maison-armagnac.com/en/collections/chateau-de-laubade/products/armagnac-chateau-de-laubade-single-cask-1994,2026-06-26,http://www.la-maison-armagnac.com/cdn/shop/products/maison-armagnac-chateau-de-laubade-_0006_ChateaudeLaubadebrutdefut199470cl.jpg,armagnac_france
Armagnac,Château de Laubade,"Sorbets, France",Château de Laubade,own_make,NULL,FALSE,FALSE,Bas-Armagnac; Millésime; Cask Strength; Single Cask,NULL,2000,NULL,104.8,52.4,Baco / Ugni Blanc,Gascon oak,NULL,"Mahogany color with a beautiful shine; delicate nose of citrus (grapefruit), prune and vanilla; frank, ample and balanced palate of orange zest, candied fruit and plum to a long finish. Bottled at natural 52.4% cask strength.",https://www.la-maison-armagnac.com/en/collections/chateau-de-laubade/products/armagnac-chateau-de-laubade-single-cask-2000,2026-06-26,http://www.la-maison-armagnac.com/cdn/shop/products/maison-armagnac-chateau-de-laubade-_0004_ChateaudeLaubadebrutdefut200070cl.jpg,armagnac_france
Armagnac,Château de Laubade,"Sorbets, France",Château de Laubade,own_make,NULL,FALSE,FALSE,Bas-Armagnac; Millésime; Cask Strength; Single Cask,NULL,2003,NULL,NULL,NULL,NULL,Gascon oak,NULL,NULL,https://www.la-maison-armagnac.com/en/collections/chateau-de-laubade/products/armagnac-chateau-de-laubade-single-cask-2003,2026-06-26,http://www.la-maison-armagnac.com/cdn/shop/products/maison-armagnac-chateau-de-laubade-_0003_ChateaudeLaubadebrutdefut200370cl.jpg,armagnac_france
Armagnac,Château de Laubade,"Sorbets, France",Château de Laubade,own_make,NULL,FALSE,FALSE,Bas-Armagnac; Millésime; Cask Strength; Single Cask,NULL,2006,NULL,NULL,NULL,NULL,Gascon oak,NULL,NULL,https://www.la-maison-armagnac.com/en/collections/chateau-de-laubade/products/armagnac-chateau-de-laubade-single-cask-2006,2026-06-26,http://www.la-maison-armagnac.com/cdn/shop/products/maison-armagnac-chateau-de-laubade-_0016_ChateaudeLaubadebrutdefut200670cl.jpg,armagnac_france
Armagnac,Maison Sempé,"Aignan, France",Sempé,blended,NULL,FALSE,FALSE,Bas-Armagnac; VS,NULL,NULL,NULL,80,40,NULL,Oak,NULL,NULL,https://www.masterofmalt.com/armagnac/le-club-des-marques/sempe-vs-bas-armagnac/,2026-06-26,https://cdn11.bigcommerce.com/s-e8lbekfe7c/images/stencil/1024w/attribute_rule_images/62566_source_1782290435.jpg,armagnac_france
Armagnac,Maison Sempé,"Aignan, France",Sempé,blended,NULL,FALSE,FALSE,Bas-Armagnac; VSOP,NULL,NULL,NULL,80,40,NULL,Oak,NULL,"Plenty of dried fruit, raisins, prunes, and orange peel, with the oak influence coming through in vanilla notes, and a touch of leather.",https://www.masterofmalt.com/armagnac/le-club-des-marques/sempe-vsop-bas-armagnac/,2026-06-26,https://cdn11.bigcommerce.com/s-e8lbekfe7c/images/stencil/1024w/attribute_rule_images/62578_source_1779891195.jpg,armagnac_france
Armagnac,Maison Sempé,"Aignan, France",Sempé,blended,NULL,FALSE,FALSE,Bas-Armagnac; XO,NULL,NULL,NULL,80,40,NULL,Oak,NULL,"Aged for a minimum of six years, but containing some much older eaux-de-vie.",https://www.thewhiskyexchange.com/p/29985/sempe-xo-armagnac,2026-06-26,https://img.thewhiskyexchange.com/540/armag_sem10.jpg,armagnac_france
Armagnac,Maison Sempé,"Aignan, France",Sempé,blended,NULL,FALSE,FALSE,Bas-Armagnac; Hors d'Âge; 15 Years,15 Years,NULL,NULL,NULL,NULL,NULL,Oak,NULL,NULL,https://www.armagnac.com/fr/armagnac.php/577-armagnac-bas-armagnac-sempe-15-ans-d-age,2026-06-26,https://www.armagnac.com/12329-large_default/armagnac-bas-armagnac-sempe-15-yers-old.jpg,armagnac_france
Armagnac,Maison Sempé,"Aignan, France",Sempé,blended,NULL,FALSE,FALSE,Bas-Armagnac; 18 Years,18 Years,NULL,NULL,80,40,NULL,Oak,NULL,"Plenty of dried fruit, oaky spice, and a rancio notes developing.",https://www.masterofmalt.com/armagnac/les-club-des-marques/sempe-18-year-old-bas-armagnac/,2026-06-26,https://cdn11.bigcommerce.com/s-e8lbekfe7c/images/stencil/1024w/attribute_rule_images/62589_source_1782290435.jpg,armagnac_france
Armagnac,Maison Sempé,"Aignan, France",Sempé Single Barrel Cask Strength,blended,NULL,FALSE,FALSE,Bas-Armagnac; Single Cask; Cask Strength; Millésime,NULL,2011,NULL,NULL,NULL,NULL,Oak,NULL,NULL,https://www.masterofmalt.com/armagnac/le-club-des-marques/sempe-single-barrel-cask-strength-bas-armagnac-2011-armagnac/,2026-06-26,https://cdn11.bigcommerce.com/s-e8lbekfe7c/images/stencil/1024w/attribute_rule_images/62584_source_1781209265.jpg,armagnac_france
Armagnac,Maison Sempé,"Aignan, France",Sempé,blended,NULL,FALSE,FALSE,Bas-Armagnac; Millésime,NULL,1934,NULL,NULL,NULL,NULL,NULL,NULL,NULL,https://www.armagnac.com/en/armagnac.php/629-armagnac-bas-armagnac-sempe-1934,2026-06-26,https://www.armagnac.com/12367-large_default/armagnac-bas-armagnac-sempe-1934.jpg,armagnac_france
Armagnac,Maison Sempé,"Aignan, France",Sempé,blended,NULL,FALSE,FALSE,Bas-Armagnac; Millésime,NULL,1935,NULL,NULL,NULL,NULL,NULL,NULL,NULL,https://www.armagnac.com/en/armagnac.php/1095-armagnac-bas-armagnac-sempe-1935,2026-06-26,https://www.armagnac.com/12369-large_default/armagnac-bas-armagnac-sempe-1935.jpg,armagnac_france
Armagnac,Maison Sempé,"Aignan, France",Sempé,blended,NULL,FALSE,FALSE,Bas-Armagnac; Millésime,NULL,1936,NULL,NULL,NULL,NULL,NULL,NULL,NULL,https://www.armagnac.com/en/armagnac.php/627-armagnac-bas-armagnac-sempe-1936,2026-06-26,https://www.armagnac.com/12371-large_default/armagnac-bas-armagnac-sempe-1936.jpg,armagnac_france
Armagnac,Maison Sempé,"Aignan, France",Sempé,blended,NULL,FALSE,FALSE,Bas-Armagnac; Millésime,NULL,1937,NULL,NULL,NULL,NULL,NULL,NULL,NULL,https://www.armagnac.com/en/armagnac.php/626-armagnac-bas-armagnac-sempe-1937,2026-06-26,https://www.armagnac.com/12373-large_default/armagnac-bas-armagnac-sempe-1937.jpg,armagnac_france
Armagnac,Maison Sempé,"Aignan, France",Sempé,blended,NULL,FALSE,FALSE,Bas-Armagnac; Millésime,NULL,1938,NULL,NULL,NULL,NULL,NULL,NULL,NULL,https://www.armagnac.com/en/armagnac.php/1158-armagnac-bas-armagnac-sempe-1938,2026-06-26,https://www.armagnac.com/12375-large_default/armagnac-bas-armagnac-sempe-1938.jpg,armagnac_france
Armagnac,Maison Sempé,"Aignan, France",Sempé,blended,NULL,FALSE,FALSE,Bas-Armagnac; Millésime,NULL,1939,NULL,NULL,NULL,NULL,NULL,NULL,NULL,https://www.armagnac.com/en/armagnac.php/1096-armagnac-bas-armagnac-sempe-1939,2026-06-26,https://www.armagnac.com/12377-large_default/armagnac-bas-armagnac-sempe-1939.jpg,armagnac_france
Armagnac,Maison Sempé,"Aignan, France",Sempé,blended,NULL,FALSE,FALSE,Bas-Armagnac; Millésime,NULL,1940,NULL,NULL,NULL,NULL,NULL,NULL,NULL,https://www.armagnac.com/en/armagnac.php/625-armagnac-bas-armagnac-sempe-1940,2026-06-26,https://www.armagnac.com/12379-large_default/armagnac-bas-armagnac-sempe-1940.jpg,armagnac_france
Armagnac,Maison Sempé,"Aignan, France",Sempé,blended,NULL,FALSE,FALSE,Bas-Armagnac; Millésime,NULL,1941,NULL,NULL,NULL,NULL,NULL,NULL,NULL,https://www.armagnac.com/en/armagnac.php/624-armagnac-bas-armagnac-sempe-1941,2026-06-26,https://www.armagnac.com/12381-large_default/armagnac-bas-armagnac-sempe-1941.jpg,armagnac_france
Armagnac,Maison Sempé,"Aignan, France",Sempé,blended,NULL,FALSE,FALSE,Bas-Armagnac; Millésime,NULL,1942,NULL,NULL,NULL,NULL,NULL,NULL,NULL,https://www.armagnac.com/en/armagnac.php/623-armagnac-bas-armagnac-sempe-1942,2026-06-26,https://www.armagnac.com/12383-large_default/armagnac-bas-armagnac-sempe-1942.jpg,armagnac_france
Armagnac,Maison Sempé,"Aignan, France",Sempé,blended,NULL,FALSE,FALSE,Bas-Armagnac; Millésime,NULL,1943,NULL,NULL,NULL,NULL,NULL,NULL,NULL,https://www.armagnac.com/en/armagnac.php/622-armagnac-bas-armagnac-sempe-1943,2026-06-26,https://www.armagnac.com/12385-large_default/armagnac-bas-armagnac-sempe-1943.jpg,armagnac_france
Armagnac,Maison Sempé,"Aignan, France",Sempé,blended,NULL,FALSE,FALSE,Bas-Armagnac; Millésime,NULL,1944,NULL,NULL,NULL,NULL,NULL,NULL,NULL,https://www.armagnac.com/en/armagnac.php/621-armagnac-bas-armagnac-sempe-1944,2026-06-26,https://www.armagnac.com/12387-large_default/armagnac-bas-armagnac-sempe-1944.jpg,armagnac_france
Armagnac,Maison Sempé,"Aignan, France",Sempé,blended,NULL,FALSE,FALSE,Bas-Armagnac; Millésime,NULL,1945,NULL,NULL,NULL,NULL,NULL,NULL,NULL,https://www.armagnac.com/en/armagnac.php/620-armagnac-bas-armagnac-sempe-1945,2026-06-26,https://www.armagnac.com/12389-large_default/armagnac-bas-armagnac-sempe-1945.jpg,armagnac_france
Armagnac,Maison Sempé,"Aignan, France",Sempé,blended,NULL,FALSE,FALSE,Bas-Armagnac; Millésime,NULL,1946,NULL,NULL,NULL,NULL,NULL,NULL,NULL,https://www.armagnac.com/en/armagnac.php/619-armagnac-bas-armagnac-sempe-1946,2026-06-26,https://www.armagnac.com/12391-large_default/armagnac-bas-armagnac-sempe-1946.jpg,armagnac_france
Armagnac,Maison Sempé,"Aignan, France",Sempé,blended,NULL,FALSE,FALSE,Bas-Armagnac; Millésime,NULL,1947,NULL,NULL,NULL,NULL,NULL,NULL,NULL,https://www.armagnac.com/en/armagnac.php/618-armagnac-bas-armagnac-sempe-1947,2026-06-26,https://www.armagnac.com/12393-large_default/armagnac-bas-armagnac-sempe-1947.jpg,armagnac_france
Armagnac,Maison Sempé,"Aignan, France",Sempé,blended,NULL,FALSE,FALSE,Bas-Armagnac; Millésime,NULL,1948,NULL,NULL,NULL,NULL,NULL,NULL,NULL,https://www.armagnac.com/en/armagnac.php/1097-armagnac-bas-armagnac-sempe-1948,2026-06-26,https://www.armagnac.com/12395-large_default/armagnac-bas-armagnac-sempe-1948.jpg,armagnac_france
Armagnac,Maison Sempé,"Aignan, France",Sempé,blended,NULL,FALSE,FALSE,Bas-Armagnac; Millésime,NULL,1950,NULL,NULL,NULL,NULL,NULL,NULL,NULL,https://www.armagnac.com/en/armagnac.php/1098-armagnac-bas-armagnac-sempe-1950,2026-06-26,https://www.armagnac.com/12397-large_default/armagnac-bas-armagnac-sempe-1950.jpg,armagnac_france
Armagnac,Maison Sempé,"Aignan, France",Sempé,blended,NULL,FALSE,FALSE,Bas-Armagnac; Millésime,NULL,1951,NULL,NULL,NULL,NULL,NULL,NULL,NULL,https://www.armagnac.com/en/armagnac.php/1099-armagnac-bas-armagnac-sempe-1951,2026-06-26,https://www.armagnac.com/12399-large_default/armagnac-bas-armagnac-sempe-1951.jpg,armagnac_france
Armagnac,Maison Sempé,"Aignan, France",Sempé,blended,NULL,FALSE,FALSE,Bas-Armagnac; Millésime,NULL,1952,NULL,NULL,NULL,NULL,NULL,NULL,NULL,https://www.armagnac.com/en/armagnac.php/613-armagnac-bas-armagnac-sempe-1952,2026-06-26,https://www.armagnac.com/12401-large_default/armagnac-bas-armagnac-sempe-1952.jpg,armagnac_france
Armagnac,Maison Sempé,"Aignan, France",Sempé,blended,NULL,FALSE,FALSE,Bas-Armagnac; Millésime,NULL,1953,NULL,NULL,NULL,NULL,NULL,NULL,NULL,https://www.armagnac.com/en/armagnac.php/1100-armagnac-bas-armagnac-sempe-1953,2026-06-26,https://www.armagnac.com/12403-large_default/armagnac-bas-armagnac-sempe-1953.jpg,armagnac_france
Armagnac,Maison Sempé,"Aignan, France",Sempé,blended,NULL,FALSE,FALSE,Bas-Armagnac; Millésime,NULL,1955,NULL,NULL,NULL,NULL,NULL,NULL,NULL,https://www.armagnac.com/en/armagnac.php/612-armagnac-bas-armagnac-sempe-1955,2026-06-26,https://www.armagnac.com/12405-large_default/armagnac-bas-armagnac-sempe-1955.jpg,armagnac_france
Armagnac,Maison Sempé,"Aignan, France",Sempé,blended,NULL,FALSE,FALSE,Bas-Armagnac; Millésime,NULL,1956,NULL,NULL,NULL,NULL,NULL,NULL,NULL,https://www.armagnac.com/en/armagnac.php/611-armagnac-bas-armagnac-sempe-1956,2026-06-26,https://www.armagnac.com/12407-large_default/armagnac-bas-armagnac-sempe-1956.jpg,armagnac_france
Armagnac,Maison Sempé,"Aignan, France",Sempé,blended,NULL,FALSE,FALSE,Bas-Armagnac; Millésime,NULL,1959,NULL,NULL,NULL,NULL,NULL,NULL,NULL,https://www.armagnac.com/en/armagnac.php/608-armagnac-bas-armagnac-sempe-1959,2026-06-26,https://www.armagnac.com/12409-large_default/armagnac-bas-armagnac-sempe-1959.jpg,armagnac_france
Armagnac,Maison Sempé,"Aignan, France",Sempé,blended,NULL,FALSE,FALSE,Bas-Armagnac; Millésime,NULL,1960,NULL,NULL,NULL,NULL,NULL,NULL,NULL,https://www.armagnac.com/en/armagnac.php/607-armagnac-bas-armagnac-sempe-1960,2026-06-26,https://www.armagnac.com/12411-large_default/armagnac-bas-armagnac-sempe-1960.jpg,armagnac_france
Armagnac,Maison Sempé,"Aignan, France",Sempé,blended,NULL,FALSE,FALSE,Bas-Armagnac; Millésime,NULL,1961,NULL,NULL,NULL,NULL,NULL,NULL,NULL,https://www.armagnac.com/en/armagnac.php/606-armagnac-bas-armagnac-sempe-1961,2026-06-26,https://www.armagnac.com/12413-large_default/armagnac-bas-armagnac-sempe-1961.jpg,armagnac_france
Armagnac,Maison Sempé,"Aignan, France",Sempé,blended,NULL,FALSE,FALSE,Bas-Armagnac; Millésime,NULL,1962,NULL,NULL,NULL,NULL,NULL,NULL,NULL,https://www.armagnac.com/en/armagnac.php/605-armagnac-bas-armagnac-sempe-1962,2026-06-26,https://www.armagnac.com/12415-large_default/armagnac-bas-armagnac-sempe-1962.jpg,armagnac_france
Armagnac,Maison Sempé,"Aignan, France",Sempé,blended,NULL,FALSE,FALSE,Bas-Armagnac; Single Cask; Millésime,NULL,1963,NULL,NULL,NULL,NULL,NULL,NULL,NULL,https://www.armagnac.com/en/armagnac.php/604-armagnac-bas-armagnac-sempe-1963,2026-06-26,https://www.armagnac.com/12417-large_default/armagnac-bas-armagnac-sempe-1963.jpg,armagnac_france
Armagnac,Maison Sempé,"Aignan, France",Sempé,blended,NULL,FALSE,FALSE,Bas-Armagnac; Millésime,NULL,1964,NULL,NULL,NULL,NULL,NULL,NULL,NULL,https://www.armagnac.com/en/armagnac.php/603-armagnac-bas-armagnac-sempe-1964,2026-06-26,https://www.armagnac.com/12419-large_default/armagnac-bas-armagnac-sempe-1964.jpg,armagnac_france
Armagnac,Maison Sempé,"Aignan, France",Sempé,blended,NULL,FALSE,FALSE,Bas-Armagnac; Millésime,NULL,1965,NULL,NULL,NULL,NULL,NULL,NULL,NULL,https://www.armagnac.com/en/armagnac.php/602-armagnac-bas-armagnac-sempe-1965,2026-06-26,https://www.armagnac.com/12421-large_default/armagnac-bas-armagnac-sempe-1965.jpg,armagnac_france
Armagnac,Maison Sempé,"Aignan, France",Sempé,blended,NULL,FALSE,FALSE,Bas-Armagnac; Millésime,NULL,1966,NULL,NULL,NULL,NULL,NULL,NULL,NULL,https://www.armagnac.com/en/armagnac.php/601-armagnac-bas-armagnac-sempe-1966,2026-06-26,https://www.armagnac.com/12423-large_default/armagnac-bas-armagnac-sempe-1966.jpg,armagnac_france
Armagnac,Maison Sempé,"Aignan, France",Sempé,blended,NULL,FALSE,FALSE,Bas-Armagnac; Single Cask; Millésime,NULL,1967,NULL,NULL,NULL,NULL,NULL,NULL,NULL,https://www.armagnac.com/en/armagnac.php/600-armagnac-bas-armagnac-sempe-1967,2026-06-26,https://www.armagnac.com/12425-large_default/armagnac-bas-armagnac-sempe-1967.jpg,armagnac_france
Armagnac,Maison Sempé,"Aignan, France",Sempé,blended,NULL,FALSE,FALSE,Bas-Armagnac; Millésime,NULL,1968,NULL,NULL,NULL,NULL,NULL,NULL,NULL,https://www.armagnac.com/en/armagnac.php/599-armagnac-bas-armagnac-sempe-1968,2026-06-26,https://www.armagnac.com/12427-large_default/armagnac-bas-armagnac-sempe-1968.jpg,armagnac_france
Armagnac,Maison Sempé,"Aignan, France",Sempé,blended,NULL,FALSE,FALSE,Bas-Armagnac; Millésime,NULL,1969,NULL,NULL,NULL,NULL,NULL,NULL,NULL,https://www.armagnac.com/en/armagnac.php/598-armagnac-bas-armagnac-sempe-1969,2026-06-26,https://www.armagnac.com/12429-large_default/armagnac-bas-armagnac-sempe-1969.jpg,armagnac_france
Armagnac,Maison Sempé,"Aignan, France",Sempé,blended,NULL,FALSE,FALSE,Bas-Armagnac; Millésime,NULL,1970,NULL,NULL,NULL,NULL,NULL,NULL,NULL,https://www.armagnac.com/en/armagnac.php/597-armagnac-bas-armagnac-sempe-1970,2026-06-26,https://www.armagnac.com/12431-large_default/armagnac-bas-armagnac-sempe-1970.jpg,armagnac_france
Armagnac,Maison Sempé,"Aignan, France",Sempé,blended,NULL,FALSE,FALSE,Bas-Armagnac; Millésime,NULL,1971,NULL,NULL,NULL,NULL,NULL,NULL,NULL,https://www.armagnac.com/en/armagnac.php/596-armagnac-bas-armagnac-sempe-1971,2026-06-26,https://www.armagnac.com/12433-large_default/armagnac-bas-armagnac-sempe-1971.jpg,armagnac_france
Armagnac,Maison Sempé,"Aignan, France",Sempé,blended,NULL,FALSE,FALSE,Bas-Armagnac; Millésime,NULL,1972,NULL,NULL,NULL,NULL,NULL,NULL,NULL,https://www.armagnac.com/en/armagnac.php/595-armagnac-bas-armagnac-sempe-1972,2026-06-26,https://www.armagnac.com/12435-large_default/armagnac-bas-armagnac-sempe-1972.jpg,armagnac_france
Armagnac,Maison Sempé,"Aignan, France",Sempé,blended,NULL,FALSE,FALSE,Bas-Armagnac; Millésime,NULL,1973,NULL,NULL,NULL,NULL,NULL,NULL,NULL,https://www.armagnac.com/en/armagnac.php/594-armagnac-bas-armagnac-sempe-1973,2026-06-26,https://www.armagnac.com/12437-large_default/armagnac-bas-armagnac-sempe-1973.jpg,armagnac_france
Armagnac,Maison Sempé,"Aignan, France",Sempé,blended,NULL,FALSE,FALSE,Bas-Armagnac; Millésime,NULL,1974,NULL,NULL,NULL,NULL,NULL,NULL,NULL,https://www.armagnac.com/en/armagnac.php/593-armagnac-bas-armagnac-sempe-1974,2026-06-26,https://www.armagnac.com/12439-large_default/armagnac-bas-armagnac-sempe-1974.jpg,armagnac_france
Armagnac,Maison Sempé,"Aignan, France",Sempé,blended,NULL,FALSE,FALSE,Bas-Armagnac; Single Cask; Millésime,NULL,1975,NULL,NULL,NULL,NULL,NULL,NULL,NULL,https://www.armagnac.com/en/armagnac.php/592-armagnac-bas-armagnac-sempe-1975,2026-06-26,https://www.armagnac.com/12441-large_default/armagnac-bas-armagnac-sempe-1975.jpg,armagnac_france
Armagnac,Maison Sempé,"Aignan, France",Sempé,blended,NULL,FALSE,FALSE,Bas-Armagnac; Millésime,NULL,1976,NULL,NULL,NULL,NULL,NULL,NULL,NULL,https://www.armagnac.com/en/armagnac.php/591-armagnac-bas-armagnac-sempe-1976,2026-06-26,https://www.armagnac.com/12443-large_default/armagnac-bas-armagnac-sempe-1976.jpg,armagnac_france
Armagnac,Maison Sempé,"Aignan, France",Sempé,blended,NULL,FALSE,FALSE,Bas-Armagnac; Millésime,NULL,1977,NULL,NULL,NULL,NULL,NULL,NULL,NULL,https://www.armagnac.com/en/armagnac.php/590-armagnac-bas-armagnac-sempe-1977,2026-06-26,https://www.armagnac.com/12445-large_default/armagnac-bas-armagnac-sempe-1977.jpg,armagnac_france
Armagnac,Maison Sempé,"Aignan, France",Sempé,blended,NULL,FALSE,FALSE,Bas-Armagnac; Millésime,NULL,1978,NULL,NULL,NULL,NULL,NULL,NULL,NULL,https://www.armagnac.com/en/armagnac.php/589-armagnac-bas-armagnac-sempe-1978,2026-06-26,https://www.armagnac.com/12447-large_default/armagnac-bas-armagnac-sempe-1978.jpg,armagnac_france
Armagnac,Maison Sempé,"Aignan, France",Sempé,blended,NULL,FALSE,FALSE,Bas-Armagnac; Single Cask; Millésime,NULL,1979,NULL,NULL,NULL,NULL,NULL,NULL,NULL,https://www.armagnac.com/en/armagnac.php/588-armagnac-bas-armagnac-sempe-1979,2026-06-26,https://www.armagnac.com/12449-large_default/armagnac-bas-armagnac-sempe-1979.jpg,armagnac_france
Armagnac,Maison Sempé,"Aignan, France",Sempé,blended,NULL,FALSE,FALSE,Bas-Armagnac; Millésime,NULL,1980,NULL,NULL,NULL,NULL,NULL,NULL,NULL,https://www.armagnac.com/en/armagnac.php/587-armagnac-bas-armagnac-sempe-1980,2026-06-26,https://www.armagnac.com/12451-large_default/armagnac-bas-armagnac-sempe-1980.jpg,armagnac_france
Armagnac,Maison Sempé,"Aignan, France",Sempé Brut de Fût,blended,NULL,FALSE,FALSE,Bas-Armagnac; Cask Strength; Millésime,NULL,1980,NULL,NULL,NULL,NULL,NULL,NULL,NULL,https://www.armagnac.com/en/producteur/sempe.html,2026-06-14,NULL,armagnac_france
Armagnac,Maison Sempé,"Aignan, France",Sempé,blended,NULL,FALSE,FALSE,Bas-Armagnac; Millésime,NULL,1981,NULL,NULL,NULL,NULL,NULL,NULL,NULL,https://www.armagnac.com/en/armagnac.php/586-armagnac-bas-armagnac-sempe-1981,2026-06-26,https://www.armagnac.com/12453-large_default/armagnac-bas-armagnac-sempe-1981.jpg,armagnac_france
Armagnac,Maison Sempé,"Aignan, France",Sempé Single Cask,blended,NULL,FALSE,FALSE,Bas-Armagnac; Single Cask; Millésime,NULL,1981,NULL,NULL,NULL,NULL,NULL,NULL,NULL,https://www.armagnac.com/en/producteur/sempe.html,2026-06-14,NULL,armagnac_france
Armagnac,Maison Sempé,"Aignan, France",Sempé,blended,NULL,FALSE,FALSE,Bas-Armagnac; Millésime,NULL,1982,NULL,NULL,NULL,NULL,NULL,NULL,NULL,https://www.armagnac.com/en/armagnac.php/585-armagnac-bas-armagnac-sempe-1982,2026-06-26,https://www.armagnac.com/12455-large_default/armagnac-bas-armagnac-sempe-1982.jpg,armagnac_france
Armagnac,Maison Sempé,"Aignan, France",Sempé,blended,NULL,FALSE,FALSE,Bas-Armagnac; Millésime,NULL,1983,NULL,NULL,NULL,NULL,NULL,NULL,NULL,https://www.armagnac.com/en/armagnac.php/584-armagnac-bas-armagnac-sempe-1983,2026-06-26,https://www.armagnac.com/12457-large_default/armagnac-bas-armagnac-sempe-1983.jpg,armagnac_france
Armagnac,Maison Sempé,"Aignan, France",Sempé,blended,NULL,FALSE,FALSE,Bas-Armagnac; Millésime,NULL,1984,NULL,NULL,NULL,NULL,NULL,NULL,NULL,https://www.armagnac.com/en/armagnac.php/583-armagnac-bas-armagnac-sempe-1984,2026-06-26,https://www.armagnac.com/12459-large_default/armagnac-bas-armagnac-sempe-1984.jpg,armagnac_france
Armagnac,Maison Sempé,"Aignan, France",Sempé,blended,NULL,FALSE,FALSE,Bas-Armagnac; Millésime,NULL,1985,NULL,NULL,NULL,NULL,NULL,NULL,NULL,https://www.armagnac.com/en/armagnac.php/582-armagnac-bas-armagnac-sempe-1985,2026-06-26,https://www.armagnac.com/12461-large_default/armagnac-bas-armagnac-sempe-1985.jpg,armagnac_france
Armagnac,Maison Sempé,"Aignan, France",Sempé,blended,NULL,FALSE,FALSE,Bas-Armagnac; Millésime,NULL,1986,NULL,NULL,NULL,NULL,NULL,NULL,NULL,https://www.armagnac.com/en/armagnac.php/581-armagnac-bas-armagnac-sempe-1986,2026-06-26,https://www.armagnac.com/12463-large_default/armagnac-bas-armagnac-sempe-1986.jpg,armagnac_france
Armagnac,Maison Sempé,"Aignan, France",Sempé,blended,NULL,FALSE,FALSE,Bas-Armagnac; Millésime,NULL,1987,NULL,NULL,NULL,NULL,NULL,NULL,NULL,https://www.armagnac.com/en/armagnac.php/580-armagnac-bas-armagnac-sempe-1987,2026-06-26,https://www.armagnac.com/12465-large_default/armagnac-bas-armagnac-sempe-1987.jpg,armagnac_france
Armagnac,Maison Sempé,"Aignan, France",Sempé,blended,NULL,FALSE,FALSE,Bas-Armagnac; Single Cask; Millésime,NULL,1988,NULL,NULL,NULL,NULL,NULL,NULL,NULL,https://www.armagnac.com/en/armagnac.php/579-armagnac-bas-armagnac-sempe-1988,2026-06-26,https://www.armagnac.com/12467-large_default/armagnac-bas-armagnac-sempe-1988.jpg,armagnac_france
Armagnac,Maison Sempé,"Aignan, France",Sempé,blended,NULL,FALSE,FALSE,Bas-Armagnac; Millésime,NULL,1989,NULL,NULL,NULL,NULL,NULL,NULL,NULL,https://www.armagnac.com/en/armagnac.php/578-armagnac-bas-armagnac-sempe-1989,2026-06-26,https://www.armagnac.com/12469-large_default/armagnac-bas-armagnac-sempe-1989.jpg,armagnac_france
Armagnac,Maison Sempé,"Aignan, France",Sempé,blended,NULL,FALSE,FALSE,Bas-Armagnac; Millésime,NULL,1990,NULL,NULL,NULL,NULL,NULL,NULL,NULL,https://www.armagnac.com/en/armagnac.php/576-armagnac-bas-armagnac-sempe-1990,2026-06-26,https://www.armagnac.com/12471-large_default/armagnac-bas-armagnac-sempe-1990.jpg,armagnac_france
Armagnac,Maison Sempé,"Aignan, France",Sempé Brut de Fût,blended,NULL,FALSE,FALSE,Bas-Armagnac; Cask Strength; Millésime,NULL,1990,NULL,NULL,NULL,NULL,NULL,NULL,NULL,https://www.armagnac.com/en/producteur/sempe.html,2026-06-14,NULL,armagnac_france
Armagnac,Maison Sempé,"Aignan, France",Sempé,blended,NULL,FALSE,FALSE,Bas-Armagnac; Millésime,NULL,1991,NULL,NULL,NULL,NULL,NULL,NULL,NULL,https://www.armagnac.com/en/producteur/sempe.html,2026-06-14,NULL,armagnac_france
Armagnac,Maison Sempé,"Aignan, France",Sempé,blended,NULL,FALSE,FALSE,Bas-Armagnac; Millésime,NULL,1992,NULL,NULL,NULL,NULL,NULL,NULL,NULL,https://www.armagnac.com/en/armagnac.php/574-armagnac-bas-armagnac-sempe-1992,2026-06-26,https://www.armagnac.com/12475-large_default/armagnac-bas-armagnac-sempe-1992.jpg,armagnac_france
Armagnac,Maison Sempé,"Aignan, France",Sempé Single Cask,blended,NULL,FALSE,FALSE,Bas-Armagnac; Single Cask; Millésime,NULL,1992,NULL,NULL,NULL,NULL,NULL,NULL,NULL,https://www.armagnac.com/en/producteur/sempe.html,2026-06-14,NULL,armagnac_france
Armagnac,Maison Sempé,"Aignan, France",Sempé,blended,NULL,FALSE,FALSE,Bas-Armagnac; Millésime,NULL,1993,NULL,NULL,NULL,NULL,NULL,NULL,NULL,https://www.armagnac.com/en/armagnac.php/1102-armagnac-bas-armagnac-sempe-1993,2026-06-26,https://www.armagnac.com/12477-large_default/armagnac-bas-armagnac-sempe-1993.jpg,armagnac_france
Armagnac,Maison Sempé,"Aignan, France",Sempé,blended,NULL,FALSE,FALSE,Bas-Armagnac; Millésime,NULL,1994,NULL,NULL,NULL,NULL,NULL,NULL,NULL,https://www.armagnac.com/en/armagnac.php/1103-armagnac-bas-armagnac-sempe-1994,2026-06-26,https://www.armagnac.com/12479-large_default/armagnac-bas-armagnac-sempe-1994.jpg,armagnac_france
Armagnac,Maison Sempé,"Aignan, France",Sempé,blended,NULL,FALSE,FALSE,Bas-Armagnac; Millésime,NULL,1995,NULL,NULL,NULL,NULL,NULL,NULL,NULL,https://www.armagnac.com/en/armagnac.php/1104-armagnac-bas-armagnac-sempe-1995,2026-06-26,https://www.armagnac.com/12481-large_default/armagnac-bas-armagnac-sempe-1995.jpg,armagnac_france
Armagnac,Maison Sempé,"Aignan, France",Sempé,blended,NULL,FALSE,FALSE,Bas-Armagnac; Millésime,NULL,1996,NULL,NULL,NULL,NULL,NULL,NULL,NULL,https://www.armagnac.com/en/armagnac.php/1105-armagnac-bas-armagnac-sempe-1996,2026-06-26,https://www.armagnac.com/12483-large_default/armagnac-bas-armagnac-sempe-1996.jpg,armagnac_france
Armagnac,Maison Sempé,"Aignan, France",Sempé,blended,NULL,FALSE,FALSE,Bas-Armagnac; Millésime,NULL,1997,NULL,NULL,NULL,NULL,NULL,NULL,NULL,https://www.armagnac.com/en/armagnac.php/1106-armagnac-bas-armagnac-sempe-1997,2026-06-26,https://www.armagnac.com/12485-large_default/armagnac-bas-armagnac-sempe-1997.jpg,armagnac_france
Armagnac,Maison Sempé,"Aignan, France",Sempé,blended,NULL,FALSE,FALSE,Bas-Armagnac; Millésime,NULL,1998,NULL,NULL,NULL,NULL,NULL,NULL,NULL,https://www.armagnac.com/en/armagnac.php/1107-armagnac-bas-armagnac-sempe-1998,2026-06-26,https://www.armagnac.com/12487-large_default/armagnac-bas-armagnac-sempe-1998.jpg,armagnac_france
Armagnac,Maison Sempé,"Aignan, France",Sempé Single Cask,blended,NULL,FALSE,FALSE,Bas-Armagnac; Single Cask; Millésime,NULL,1998,NULL,NULL,NULL,NULL,NULL,NULL,NULL,https://www.armagnac.com/en/producteur/sempe.html,2026-06-14,NULL,armagnac_france
Armagnac,Maison Sempé,"Aignan, France",Sempé,blended,NULL,FALSE,FALSE,Bas-Armagnac; Millésime,NULL,1999,NULL,NULL,NULL,NULL,NULL,NULL,NULL,https://www.armagnac.com/en/armagnac.php/1108-armagnac-bas-armagnac-sempe-1999,2026-06-26,https://www.armagnac.com/12489-large_default/armagnac-bas-armagnac-sempe-1999.jpg,armagnac_france
Armagnac,Maison Sempé,"Aignan, France",Sempé,blended,NULL,FALSE,FALSE,Bas-Armagnac; Millésime,NULL,2000,NULL,NULL,NULL,NULL,NULL,NULL,NULL,https://www.armagnac.com/en/armagnac.php/1109-armagnac-bas-armagnac-sempe-2000,2026-06-26,https://www.armagnac.com/12491-large_default/armagnac-bas-armagnac-sempe-2000.jpg,armagnac_france
Armagnac,Maison Sempé,"Aignan, France",Sempé Brut de Fût,blended,NULL,FALSE,FALSE,Bas-Armagnac; Cask Strength; Millésime,NULL,2000,NULL,NULL,NULL,NULL,NULL,NULL,NULL,https://www.armagnac.com/en/producteur/sempe.html,2026-06-14,NULL,armagnac_france
Armagnac,Maison Sempé,"Aignan, France",Sempé,blended,NULL,FALSE,FALSE,Bas-Armagnac; Millésime,NULL,2001,NULL,NULL,NULL,NULL,NULL,NULL,NULL,https://www.armagnac.com/en/armagnac.php/1152-armagnac-bas-armagnac-sempe-2001,2026-06-26,https://www.armagnac.com/12493-large_default/armagnac-bas-armagnac-sempe-2001.jpg,armagnac_france
Armagnac,Maison Sempé,"Aignan, France",Sempé,blended,NULL,FALSE,FALSE,Bas-Armagnac; Millésime,NULL,2002,NULL,NULL,NULL,NULL,NULL,NULL,NULL,https://www.armagnac.com/en/armagnac.php/1153-armagnac-bas-armagnac-sempe-2002,2026-06-26,https://www.armagnac.com/12495-large_default/armagnac-bas-armagnac-sempe-2002.jpg,armagnac_france
Armagnac,Maison Sempé,"Aignan, France",Sempé Single Cask,blended,NULL,FALSE,FALSE,Bas-Armagnac; Single Cask; Millésime,NULL,2002,NULL,NULL,NULL,NULL,NULL,NULL,NULL,https://www.armagnac.com/en/producteur/sempe.html,2026-06-14,NULL,armagnac_france
Armagnac,Maison Sempé,"Aignan, France",Sempé,blended,NULL,FALSE,FALSE,Bas-Armagnac; Millésime,NULL,2003,NULL,NULL,NULL,NULL,NULL,NULL,NULL,https://www.armagnac.com/en/armagnac.php/1154-armagnac-bas-armagnac-sempe-2003,2026-06-26,https://www.armagnac.com/12497-large_default/armagnac-bas-armagnac-sempe-2003.jpg,armagnac_france
Armagnac,Maison Sempé,"Aignan, France",Sempé Single Cask,blended,NULL,FALSE,FALSE,Bas-Armagnac; Single Cask; Millésime,NULL,2003,NULL,NULL,NULL,NULL,NULL,NULL,NULL,https://www.armagnac.com/en/producteur/sempe.html,2026-06-14,NULL,armagnac_france
Armagnac,Maison Sempé,"Aignan, France",Sempé,blended,NULL,FALSE,FALSE,Bas-Armagnac; Millésime,NULL,2004,NULL,NULL,NULL,NULL,NULL,NULL,NULL,https://www.armagnac.com/en/armagnac.php/1155-armagnac-bas-armagnac-sempe-2004,2026-06-26,https://www.armagnac.com/12499-large_default/armagnac-bas-armagnac-sempe-2004.jpg,armagnac_france
Armagnac,Maison Sempé,"Aignan, France",Sempé,blended,NULL,FALSE,FALSE,Bas-Armagnac; Millésime,NULL,2005,NULL,NULL,NULL,NULL,NULL,NULL,NULL,https://www.armagnac.com/en/armagnac.php/1156-armagnac-bas-armagnac-sempe-2005,2026-06-26,https://www.armagnac.com/12501-large_default/armagnac-bas-armagnac-sempe-2005.jpg,armagnac_france
Armagnac,Maison Sempé,"Aignan, France",Sempé,blended,NULL,FALSE,FALSE,Bas-Armagnac; Millésime,NULL,2006,NULL,NULL,NULL,NULL,NULL,NULL,NULL,https://www.armagnac.com/en/armagnac.php/1289-armagnac-bas-armagnac-sempe-2006,2026-06-26,https://www.armagnac.com/12503-large_default/armagnac-bas-armagnac-sempe-2006.jpg,armagnac_france
Armagnac,Maison Sempé,"Aignan, France",Sempé,blended,NULL,FALSE,FALSE,Bas-Armagnac; Millésime,NULL,2007,NULL,NULL,NULL,NULL,NULL,NULL,NULL,https://www.armagnac.com/en/armagnac.php/1290-armagnac-bas-armagnac-sempe-2007,2026-06-26,https://www.armagnac.com/12505-large_default/armagnac-bas-armagnac-sempe-2007.jpg,armagnac_france
Armagnac,Maison Sempé,"Aignan, France",Sempé,blended,NULL,FALSE,FALSE,Bas-Armagnac; Millésime,NULL,2008,NULL,NULL,NULL,NULL,NULL,NULL,NULL,https://www.armagnac.com/en/armagnac.php/1329-armagnac-bas-armagnac-sempe-2008,2026-06-26,https://www.armagnac.com/12507-large_default/armagnac-bas-armagnac-sempe-2008.jpg,armagnac_france
Armagnac,Maison Sempé,"Aignan, France",Sempé,blended,NULL,FALSE,FALSE,Bas-Armagnac; Millésime,NULL,2009,NULL,NULL,NULL,NULL,NULL,NULL,NULL,https://www.armagnac.com/en/armagnac.php/1561-armagnac-bas-armagnac-sempe-2009,2026-06-26,https://www.armagnac.com/12509-large_default/armagnac-bas-armagnac-sempe-2009.jpg,armagnac_france
Armagnac,Maison Sempé,"Aignan, France",Sempé,blended,NULL,FALSE,FALSE,Bas-Armagnac; Millésime,NULL,2010,NULL,NULL,NULL,NULL,NULL,NULL,NULL,https://www.armagnac.com/en/armagnac.php/1583-armagnac-bas-armagnac-sempe-2010,2026-06-26,https://www.armagnac.com/12511-large_default/armagnac-bas-armagnac-sempe-2010.jpg,armagnac_france
Armagnac,Maison Sempé,"Aignan, France",Sempé,blended,NULL,FALSE,FALSE,Bas-Armagnac; Millésime,NULL,2011,NULL,NULL,NULL,NULL,NULL,NULL,NULL,https://www.armagnac.com/en/armagnac.php/1834-armagnac-bas-armagnac-sempe-2011,2026-06-26,https://www.armagnac.com/12513-large_default/armagnac-bas-armagnac-sempe-2011.jpg,armagnac_france
Armagnac,Maison Sempé,"Aignan, France",Sempé,blended,NULL,FALSE,FALSE,Bas-Armagnac; Millésime,NULL,2012,NULL,NULL,NULL,NULL,NULL,NULL,NULL,https://www.armagnac.com/en/armagnac.php/1835-armagnac-bas-armagnac-sempe-2012,2026-06-26,https://www.armagnac.com/12515-large_default/armagnac-bas-armagnac-sempe-2012.jpg,armagnac_france
Armagnac,Maison Sempé,"Aignan, France",Sempé,blended,NULL,FALSE,FALSE,Bas-Armagnac; Millésime,NULL,2013,NULL,NULL,NULL,NULL,NULL,NULL,NULL,https://www.armagnac.com/en/armagnac.php/1887-armagnac-bas-armagnac-sempe-2013,2026-06-26,https://www.armagnac.com/12517-large_default/armagnac-bas-armagnac-sempe-2013.jpg,armagnac_france
Armagnac,Domaine de Bordeneuve,"Éauze, France",Baron de Sigognac,own_make,NULL,FALSE,FALSE,Bas-Armagnac; VS,NULL,NULL,NULL,80,40,Ugni Blanc; Baco,Oak,NULL,NULL,https://www.thewhiskyexchange.com/p/9849/baron-de-sigognac-vs-armagnac,2026-06-26,https://img.thewhiskyexchange.com/540/armag_sig17.jpg,armagnac_france
Armagnac,Domaine de Bordeneuve,"Éauze, France",Baron de Sigognac,own_make,NULL,FALSE,FALSE,Bas-Armagnac; VSOP,NULL,NULL,NULL,80,40,Ugni Blanc; Baco,Oak,NULL,"This complex, balanced VSOP Armagnac won a Silver Medal at the International Spirit Challenge in London 2004. This was aged for 6 months in new oak before 7 years in old oak.",https://www.masterofmalt.com/armagnac/baron-de-sigognac/baron-de-sigognac-vsop-armagnac/,2026-06-26,https://cdn11.bigcommerce.com/s-e8lbekfe7c/images/stencil/1024w/attribute_rule_images/17434_source_1781210454.jpg,armagnac_france
Armagnac,Domaine de Bordeneuve,"Éauze, France",Baron de Sigognac,own_make,NULL,FALSE,FALSE,Bas-Armagnac; 10 Years,10 Years,NULL,NULL,80,40,Ugni Blanc; Baco,Oak,NULL,NULL,https://www.masterofmalt.com/armagnac/bas-armagnac/baron-de-sigognac/10-year-old-armagnac/?sku=4322,2026-06-26,https://cdn11.bigcommerce.com/s-e8lbekfe7c/images/stencil/1024w/attribute_rule_images/25582_source_1781268044.jpg,armagnac_france
Armagnac,Domaine de Bordeneuve,"Éauze, France",Baron de Sigognac,own_make,NULL,FALSE,FALSE,Bas-Armagnac; 20 Years,20 Years,NULL,NULL,80,40,Ugni Blanc; Baco,Oak,NULL,NULL,https://www.masterofmalt.com/armagnac/bas-armagnac/baron-de-sigognac/20-year-old-armagnac/?sku=4327,2026-06-26,https://cdn11.bigcommerce.com/s-e8lbekfe7c/images/stencil/1024w/attribute_rule_images/25518_source_1780269040.jpg,armagnac_france
Armagnac,Domaine de Bordeneuve,"Éauze, France",Baron de Sigognac,own_make,NULL,FALSE,FALSE,Bas-Armagnac; 25 Years,25 Years,NULL,NULL,80,40,Ugni Blanc; Baco,Oak,NULL,NULL,https://www.masterofmalt.com/armagnac/baron-de-sigognac-25-year-old-armagnac/?sku=12593,2026-06-26,https://cdn11.bigcommerce.com/s-e8lbekfe7c/images/stencil/1024w/attribute_rule_images/40043_source_1758882852.jpg,armagnac_france
Armagnac,Domaine de Bordeneuve,"Éauze, France",Baron de Sigognac XO Platinum,own_make,NULL,FALSE,FALSE,Bas-Armagnac; XO,NULL,NULL,NULL,80,40,Ugni Blanc; Baco,Oak,NULL,NULL,https://www.thewhiskyexchange.com/p/22258/baron-de-sigognac-xo-platinum-armagnac,2026-06-26,https://img.thewhiskyexchange.com/540/armag_sig26.jpg,armagnac_france
Armagnac,Domaine de Bordeneuve,"Éauze, France",Baron de Sigognac 50 Year Old Decanter,own_make,NULL,FALSE,FALSE,Bas-Armagnac; 50 Years,50 Years,NULL,NULL,80,40,Ugni Blanc; Baco,Oak,NULL,NULL,https://www.thewhiskyexchange.com/p/10488/baron-de-sigognac-50-year-old-decanter,2026-06-26,https://img.thewhiskyexchange.com/540/armag_sig9.jpg,armagnac_france
Armagnac,Domaine de Bordeneuve,"Éauze, France",Baron de Sigognac 70 Ans d'Age Heritage,own_make,NULL,FALSE,FALSE,Bas-Armagnac; 70 Years,70 Years,NULL,NULL,NULL,NULL,Ugni Blanc; Baco,Oak,NULL,NULL,https://www.chateau-bordeneuve.com/product-page/70-ans-d-age-sigognac-heritage,2026-06-26,"https://static.wixstatic.com/media/ea7f64_62652b33faba488da2e68f650a33637f~mv2.jpg/v1/fit/w_500,h_500,q_90/file.jpg",armagnac_france
Armagnac,Domaine de Bordeneuve,"Éauze, France",Baron de Sigognac,own_make,NULL,FALSE,FALSE,Bas-Armagnac; Millésime,NULL,1936,NULL,80,40,Ugni Blanc; Baco,Oak,NULL,NULL,https://www.thewhiskyexchange.com/p/65632/baron-de-sigognac-1936-armagnac,2026-06-26,https://img.thewhiskyexchange.com/540/armag_sig1936.jpg,armagnac_france
Armagnac,Domaine de Bordeneuve,"Éauze, France",Baron de Sigognac,own_make,NULL,FALSE,FALSE,Bas-Armagnac; Millésime,NULL,1950,NULL,80,40,Ugni Blanc; Baco,Oak,NULL,NULL,https://www.masterofmalt.com/armagnac/bas-armagnac/baron-de-sigognac/1950-armagnac/?sku=4323,2026-06-26,https://cdn11.bigcommerce.com/s-e8lbekfe7c/images/stencil/1024w/attribute_rule_images/25569_source_1758882739.jpg,armagnac_france
Armagnac,Domaine de Bordeneuve,"Éauze, France",Baron de Sigognac,own_make,NULL,FALSE,FALSE,Bas-Armagnac; Millésime,NULL,1952,NULL,80,40,Ugni Blanc; Baco,Oak,NULL,NULL,https://www.masterofmalt.com/armagnac/baron-de-sigognac/baron-de-sigognac-1952-armagnac/?sku=114662,2026-06-26,https://cdn11.bigcommerce.com/s-e8lbekfe7c/images/stencil/1024w/attribute_rule_images/46176_source_1758884846.jpg,armagnac_france
Armagnac,Domaine de Bordeneuve,"Éauze, France",Baron de Sigognac,own_make,NULL,FALSE,FALSE,Bas-Armagnac; Millésime,NULL,1959,NULL,80,40,Ugni Blanc; Baco,Oak,NULL,NULL,https://www.masterofmalt.com/armagnac/baron-de-sigognac/baron-de-sigognac-1959-armagnac/?sku=114663,2026-06-26,https://cdn11.bigcommerce.com/s-e8lbekfe7c/images/stencil/1024w/attribute_rule_images/46184_source_1758884846.jpg,armagnac_france
Armagnac,Domaine de Bordeneuve,"Éauze, France",Baron de Sigognac,own_make,NULL,FALSE,FALSE,Bas-Armagnac; Millésime,NULL,1960,NULL,80,40,Ugni Blanc; Baco,Oak,NULL,NULL,https://www.masterofmalt.com/armagnac/bas-armagnac/baron-de-sigognac/1960-armagnac/?sku=4324,2026-06-26,https://cdn11.bigcommerce.com/s-e8lbekfe7c/images/stencil/1024w/attribute_rule_images/25555_source_1775592653.jpg,armagnac_france
Armagnac,Domaine de Bordeneuve,"Éauze, France",Baron de Sigognac,own_make,NULL,FALSE,FALSE,Bas-Armagnac; Millésime,NULL,1961,NULL,80,40,Ugni Blanc; Baco,Oak,NULL,NULL,https://www.masterofmalt.com/armagnac/baron-de-sigognac/baron-de-sigognac-1961-armagnac/?sku=114664,2026-06-26,https://cdn11.bigcommerce.com/s-e8lbekfe7c/images/stencil/1024w/attribute_rule_images/46178_source_1758884847.jpg,armagnac_france
Armagnac,Domaine de Bordeneuve,"Éauze, France",Baron de Sigognac,own_make,NULL,FALSE,FALSE,Bas-Armagnac; Millésime,NULL,1962,NULL,80,40,Ugni Blanc; Baco,Oak,NULL,NULL,https://www.thewhiskyexchange.com/p/52299/baron-de-sigognac-1962-bas-armagnac,2026-06-26,https://img.thewhiskyexchange.com/540/armag_sig1962.jpg,armagnac_france
Armagnac,Domaine de Bordeneuve,"Éauze, France",Baron de Sigognac,own_make,NULL,FALSE,FALSE,Bas-Armagnac; Millésime,NULL,1964,NULL,80,40,Ugni Blanc; Baco,Oak,NULL,NULL,https://www.masterofmalt.com/armagnac/baron-de-sigognac/baron-de-sigognac-1964-armagnac/?sku=36710,2026-06-26,https://cdn11.bigcommerce.com/s-e8lbekfe7c/images/stencil/1024w/attribute_rule_images/27995_source_1758884727.jpg,armagnac_france
Armagnac,Domaine de Bordeneuve,"Éauze, France",Baron de Sigognac,own_make,NULL,FALSE,FALSE,Bas-Armagnac; Millésime,NULL,1965,NULL,80,40,Ugni Blanc; Baco,Oak,NULL,NULL,https://www.thewhiskyexchange.com/p/86417/baron-de-sigognac-1965-armagnac,2026-06-26,https://img.thewhiskyexchange.com/540/armag_sig1965.jpg,armagnac_france
Armagnac,Domaine de Bordeneuve,"Éauze, France",Baron de Sigognac,own_make,NULL,FALSE,FALSE,Bas-Armagnac; Millésime,NULL,1967,NULL,80,40,Ugni Blanc; Baco,Oak,NULL,NULL,https://www.masterofmalt.com/armagnac/baron-de-sigognac/baron-de-sigognac-1967-armagnac/?sku=59356,2026-06-26,https://cdn11.bigcommerce.com/s-e8lbekfe7c/images/stencil/1024w/attribute_rule_images/19723_source_1758883381.jpg,armagnac_france
Armagnac,Domaine de Bordeneuve,"Éauze, France",Baron de Sigognac,own_make,NULL,FALSE,FALSE,Bas-Armagnac; Millésime,NULL,1968,NULL,80,40,Ugni Blanc; Baco,Oak,NULL,NULL,https://www.masterofmalt.com/armagnac/baron-de-sigognac/baron-de-sigognac-1968-armagnac/?sku=59357,2026-06-26,https://cdn11.bigcommerce.com/s-e8lbekfe7c/images/stencil/1024w/attribute_rule_images/19733_source_1758883381.jpg,armagnac_france
Armagnac,Domaine de Bordeneuve,"Éauze, France",Baron de Sigognac,own_make,NULL,FALSE,FALSE,Bas-Armagnac; Millésime,NULL,1970,NULL,80,40,Ugni Blanc; Baco,Oak,NULL,NULL,https://www.masterofmalt.com/armagnac/bas-armagnac/baron-de-sigognac/1970-armagnac/?sku=4325,2026-06-26,https://cdn11.bigcommerce.com/s-e8lbekfe7c/images/stencil/1024w/attribute_rule_images/25567_source_1758882739.jpg,armagnac_france
Armagnac,Domaine de Bordeneuve,"Éauze, France",Baron de Sigognac,own_make,NULL,FALSE,FALSE,Bas-Armagnac; Millésime,NULL,1972,NULL,80,40,Ugni Blanc; Baco,Oak,NULL,NULL,https://www.masterofmalt.com/armagnac/baron-de-sigognac/baron-de-sigognac-1972-armagnac/?sku=114667,2026-06-26,https://cdn11.bigcommerce.com/s-e8lbekfe7c/images/stencil/1024w/attribute_rule_images/46188_source_1758884847.jpg,armagnac_france
Armagnac,Domaine de Bordeneuve,"Éauze, France",Baron de Sigognac,own_make,NULL,FALSE,FALSE,Bas-Armagnac; Millésime,NULL,1973,NULL,80,40,Ugni Blanc; Baco,Oak,NULL,NULL,https://www.masterofmalt.com/armagnac/baron-de-sigognac/baron-de-sigognac-1973-armagnac/?sku=114668,2026-06-26,https://cdn11.bigcommerce.com/s-e8lbekfe7c/images/stencil/1024w/attribute_rule_images/46197_source_1758884848.jpg,armagnac_france
Armagnac,Domaine de Bordeneuve,"Éauze, France",Baron de Sigognac,own_make,NULL,FALSE,FALSE,Bas-Armagnac; Millésime,NULL,1974,NULL,80,40,Ugni Blanc; Baco,Oak,NULL,NULL,https://www.masterofmalt.com/armagnac/baron-de-sigognac/baron-de-sigognac-1974-armagnac/?sku=36711,2026-06-26,https://cdn11.bigcommerce.com/s-e8lbekfe7c/images/stencil/1024w/attribute_rule_images/27987_source_1758884727.jpg,armagnac_france
Armagnac,Domaine de Bordeneuve,"Éauze, France",Baron de Sigognac,own_make,NULL,FALSE,FALSE,Bas-Armagnac; Millésime,NULL,1976,NULL,80,40,Ugni Blanc; Baco,Oak,NULL,NULL,https://www.masterofmalt.com/armagnac/baron-de-sigognac/baron-de-sigognac-1976-armagnac/?sku=59364,2026-06-26,https://cdn11.bigcommerce.com/s-e8lbekfe7c/images/stencil/1024w/attribute_rule_images/19758_source_1758883381.jpg,armagnac_france
Armagnac,Domaine de Bordeneuve,"Éauze, France",Baron de Sigognac,own_make,NULL,FALSE,FALSE,Bas-Armagnac; Millésime,NULL,1977,NULL,80,40,Ugni Blanc; Baco,Oak,NULL,NULL,https://www.masterofmalt.com/armagnac/baron-de-sigognac/baron-de-sigognac-1977-armagnac/?sku=59365,2026-06-26,https://cdn11.bigcommerce.com/s-e8lbekfe7c/images/stencil/1024w/attribute_rule_images/19744_source_1758883381.jpg,armagnac_france
Armagnac,Domaine de Bordeneuve,"Éauze, France",Baron de Sigognac,own_make,NULL,FALSE,FALSE,Bas-Armagnac; Millésime,NULL,1978,NULL,80,40,Ugni Blanc; Baco,Oak,NULL,NULL,https://www.masterofmalt.com/armagnac/baron-de-sigognac-1978-armagnac/?sku=12563,2026-06-26,https://cdn11.bigcommerce.com/s-e8lbekfe7c/images/stencil/1024w/attribute_rule_images/40249_source_1758882850.jpg,armagnac_france
Armagnac,Domaine de Bordeneuve,"Éauze, France",Baron de Sigognac,own_make,NULL,FALSE,FALSE,Bas-Armagnac; Millésime,NULL,1979,NULL,80,40,Ugni Blanc; Baco,Oak,NULL,NULL,https://www.masterofmalt.com/armagnac/baron-de-sigognac/baron-de-sigognac-1979-armagnac/?sku=114669,2026-06-26,https://cdn11.bigcommerce.com/s-e8lbekfe7c/images/stencil/1024w/attribute_rule_images/46162_source_1758884848.jpg,armagnac_france
Armagnac,Domaine de Bordeneuve,"Éauze, France",Baron de Sigognac,own_make,NULL,FALSE,FALSE,Bas-Armagnac; Millésime,NULL,1983,NULL,80,40,Ugni Blanc; Baco,Oak,NULL,NULL,https://www.masterofmalt.com/armagnac/bas-armagnac/baron-de-sigognac/1983-armagnac/?sku=4326,2026-06-26,https://cdn11.bigcommerce.com/s-e8lbekfe7c/images/stencil/1024w/attribute_rule_images/25576_source_1758882739.jpg,armagnac_france
Armagnac,Domaine de Bordeneuve,"Éauze, France",Baron de Sigognac,own_make,NULL,FALSE,FALSE,Bas-Armagnac; Millésime,NULL,1984,NULL,80,40,Ugni Blanc; Baco,Oak,NULL,NULL,https://www.masterofmalt.com/armagnac/baron-de-sigognac/baron-de-sigognac-1984-armagnac/?sku=36712,2026-06-26,https://cdn11.bigcommerce.com/s-e8lbekfe7c/images/stencil/1024w/attribute_rule_images/28009_source_1758884729.jpg,armagnac_france
Armagnac,Domaine de Bordeneuve,"Éauze, France",Baron de Sigognac,own_make,NULL,FALSE,FALSE,Bas-Armagnac; Millésime,NULL,1986,NULL,80,40,Ugni Blanc; Baco,Oak,NULL,NULL,https://www.masterofmalt.com/armagnac/baron-de-sigognac/baron-de-sigognac-1986-armagnac/?sku=50463,2026-06-26,https://cdn11.bigcommerce.com/s-e8lbekfe7c/images/stencil/1024w/attribute_rule_images/23361_source_1782244849.jpg,armagnac_france
Armagnac,Domaine de Bordeneuve,"Éauze, France",Baron de Sigognac,own_make,NULL,FALSE,FALSE,Bas-Armagnac; Millésime,NULL,1988,NULL,80,40,Ugni Blanc; Baco,Oak,NULL,NULL,https://www.masterofmalt.com/armagnac/baron-de-sigognac/baron-de-sigognac-1988-armagnac/?sku=114670,2026-06-26,https://cdn11.bigcommerce.com/s-e8lbekfe7c/images/stencil/1024w/attribute_rule_images/46189_source_1758884849.jpg,armagnac_france
Armagnac,Domaine de Bordeneuve,"Éauze, France",Baron de Sigognac,own_make,NULL,FALSE,FALSE,Bas-Armagnac; Millésime,NULL,1997,NULL,80,40,Ugni Blanc; Baco,Oak,NULL,NULL,https://www.masterofmalt.com/armagnac/baron-de-sigognac/baron-de-sigognac-1997-armagnac/?sku=114672,2026-06-26,https://cdn11.bigcommerce.com/s-e8lbekfe7c/images/stencil/1024w/attribute_rule_images/46177_source_1758884849.jpg,armagnac_france
Armagnac,Domaine de Bordeneuve,"Éauze, France",Château de Bordeneuve,own_make,NULL,FALSE,FALSE,Bas-Armagnac; VSOP,NULL,NULL,NULL,82,41,Ugni Blanc; Baco,Oak,NULL,NULL,https://www.chateau-bordeneuve.com/bordeneuve-chateau-bas-armagnac,2026-06-26,"https://static.wixstatic.com/media/ea7f64_618979ac62fc48bf9e8710248ad63e16%7Emv2.jpg/v1/fit/w_2500,h_1330,al_c/ea7f64_618979ac62fc48bf9e8710248ad63e16%7Emv2.jpg",armagnac_france
Armagnac,Domaine de Bordeneuve,"Éauze, France",Château de Bordeneuve,own_make,NULL,FALSE,FALSE,Bas-Armagnac; Hors d'Âge,NAS,NULL,NULL,82,41,Ugni Blanc; Baco,Oak,NULL,"Aroma: Dried tropical fruits and candied orange with chocolate, linseed and fruitcake. Taste: Dried fruit, tropical fruit and linseed oil rubbed leather with cinnamon spice and grated ginger. Aftertaste: Spicy orange zest and chocolate with lingering nuts and raisins.",https://www.diffordsguide.com/beer-wine-spirits/3664/chateau-de-bordeneuve-hors-dage,2026-06-26,https://cdn.diffordsguide.com/bws/N16opa/product-image/0/512x.webp,armagnac_france
Armagnac,Domaine de Bordeneuve,"Éauze, France",Château de Bordeneuve,own_make,NULL,FALSE,FALSE,Bas-Armagnac; Cask Strength; Millésime,NULL,2008,Brut de Fût,NULL,NULL,Ugni Blanc; Baco,Oak,NULL,NULL,https://www.chateau-bordeneuve.com/product-page/château-de-bordeneuve-2008,2026-06-26,"https://static.wixstatic.com/media/7e47e4_4ff6827db6924da595b4406d55742d5d~mv2_d_3328_4992_s_4_2.jpg/v1/fit/w_500,h_500,q_90/file.jpg",armagnac_france
Armagnac,Domaine de Bordeneuve,"Éauze, France",Château de Bordeneuve,own_make,NULL,FALSE,FALSE,Bas-Armagnac; Cask Strength; Millésime,NULL,2012,Brut de Fût,NULL,NULL,Ugni Blanc; Baco,Oak,NULL,NULL,https://www.chateau-bordeneuve.com/product-page/1985-dom-de-mourelat,2026-06-26,"https://static.wixstatic.com/media/ea7f64_1c37e9d87f1b4bfe995e1948d2820521~mv2.png/v1/fit/w_500,h_500,q_90/file.png",armagnac_france
Armagnac,Maison Fontan,"Noulens, France",Domaine de Maubet,own_make,NULL,FALSE,FALSE,Bas-Armagnac; VSOP,NULL,NULL,NULL,84,42,Ugni Blanc,NULL,NULL,"Assemblage of Armagnac aged 5 to 7 years, reduced to 42%; menthol and licorice notes, smooth and round.",https://maisonfontan.com/armagnacAssemblageVSOP; https://maisonfontan.com/armagnacMaisonFontan,2026-06-14,NULL,armagnac_france
Armagnac,Maison Fontan,"Noulens, France",Domaine de Maubet,own_make,NULL,FALSE,FALSE,Bas-Armagnac; XO,10 Years,NULL,NULL,84,42,Ugni Blanc,NULL,NULL,"Assemblage of Armagnac aged 10 years, reduced to 42%; fresh menthol and eucalyptus, prune on the palate and a smoky finish.",https://maisonfontan.com/armagnacAssemblageXO; https://maisonfontan.com/armagnacMaisonFontan,2026-06-14,NULL,armagnac_france
Armagnac,Maison Fontan,"Noulens, France",Domaine de Maubet,own_make,NULL,FALSE,FALSE,Bas-Armagnac; Hors d'Âge,12 Years,NULL,NULL,84,42,Ugni Blanc,NULL,NULL,"Assemblage of Armagnac aged 12 to 15 years, reduced to 42%; prunes, dried fruits, vanilla and coconut; melted, silky tannins.",https://maisonfontan.com/armagnacAssemblageHorsAge; https://maisonfontan.com/armagnacMaisonFontan,2026-06-14,NULL,armagnac_france
Armagnac,Maison Fontan,"Noulens, France",Domaine de Maubet,own_make,NULL,FALSE,FALSE,Bas-Armagnac; Millésime,23 Years,1995,NULL,84,42,Ugni Blanc,NULL,NULL,"Distilled 1995, aged 23 years in barrels, reduced to 42%; spiced brioche, smooth with hints of rancio and almonds.",https://maisonfontan.com/armagnacMillesimes1995; https://maisonfontan.com/armagnacMaisonFontan,2026-06-14,NULL,armagnac_france
Armagnac,Maison Fontan,"Noulens, France",Domaine de Maubet,own_make,NULL,FALSE,FALSE,"Bas-Armagnac; Millésime, Cask Strength, Single Cask; Brut de Fût",21 Years,1996,NULL,109.2,54.6,Ugni Blanc,NULL,NULL,"Distilled 1996, aged 21 years in barrels at 54.6%; rancio on walnuts and Tonka bean aromas.",https://maisonfontan.com/armagnacBrutDeFut1996; https://maisonfontan.com/armagnacMaisonFontan,2026-06-14,NULL,armagnac_france
Armagnac,Maison Fontan,"Noulens, France",Domaine de Maubet,own_make,NULL,FALSE,FALSE,"Bas-Armagnac; Millésime, Cask Strength, Single Cask; Brut de Fût",11 Years,2006,NULL,100.2,50.1,Ugni Blanc,NULL,NULL,"Distilled 2006, aged 11 years in barrels at 50.1%; minty freshness, round attack, slightly vanillaed mouth with lemon verbena.",https://maisonfontan.com/armagnacBrutDeFut2006; https://maisonfontan.com/armagnacMaisonFontan,2026-06-14,NULL,armagnac_france
Armagnac,Maison Fontan,"Noulens, France",Domaine de Maubet,own_make,NULL,FALSE,FALSE,Bas-Armagnac; Millésime; Carafe 2000,NULL,2000,NULL,NULL,NULL,Ugni Blanc,NULL,NULL,Amber dress; spicy aromas of cinnamon and pear with a touch of white figs.,https://maisonfontan.com/armagnacCarafes2000; https://maisonfontan.com/armagnacMaisonFontan,2026-06-14,NULL,armagnac_france
Armagnac,Maison Fontan,"Noulens, France",Domaine de Maubet,own_make,NULL,FALSE,FALSE,Bas-Armagnac; Reduced Strength; Carafe 20 ans d'âge,20 Years,NULL,NULL,84,42,Ugni Blanc,NULL,NULL,"50cl carafe at 42%; youngest eau-de-vie aged 20 years; amber, cinnamon and pear with white fig; greengage plum, creme brulee, vanilla finish.",https://maisonfontan.com/armagnacCarafes20ans; https://www.la-maison-armagnac.com/products/armagnac-fontan-carafe-20-ans-dage-50cl,2026-06-26,http://www.la-maison-armagnac.com/cdn/shop/products/maison-armagnac-maison-fontan-_0007_5_ArmagnacMaisonFontonCarafe20ans.jpg,armagnac_france
Armagnac,Maison Fontan,"Noulens, France",Domaine de Maubet,own_make,NULL,FALSE,FALSE,Bas-Armagnac; Hors d'Âge; Vie de Plaisir,12 Years,NULL,NULL,84,42,Ugni Blanc,NULL,NULL,"Assemblage of Armagnacs aged 12 to 15 years, reduced to 42%; prunes and dried fruits with slight vanilla and coconut; melted silky tannins.",https://maisonfontan.com/armagnacVieDePlaisir; https://www.la-maison-armagnac.com/en/products/armagnac-fontan-carafe-vie-de-plaisir-hors-age-70cl,2026-06-26,http://www.la-maison-armagnac.com/cdn/shop/products/maison-armagnac-maison-fontan-_0005_7_ArmagnacMaisonFOntanCarafeviedeplaisirhorsd_age.jpg,armagnac_france
Armagnac,Maison Fontan,"Noulens, France",Domaine de Maubet,own_make,NULL,FALSE,FALSE,"Bas-Armagnac; Millésime, Reduced Strength; Collection 2000",19 Years,2000,NULL,84,42,Ugni Blanc,NULL,NULL,"Millésime 2000, 19 years old, reduced to 42%.",https://maisonfontan.com/armagnacCollection200042; https://www.la-maison-armagnac.com/en/products/armagnac-fontan-millesime-2000-42-70cl,2026-06-26,http://www.la-maison-armagnac.com/cdn/shop/products/maison-armagnac-maison-fontan-_0009_3_ArmagnacMaisonFontanCollection200019ansd_age42_70cl.jpg,armagnac_france
Armagnac,Maison Fontan,"Noulens, France",Domaine de Maubet,own_make,NULL,FALSE,FALSE,Bas-Armagnac; Millésime; Collection 2000,18 Years,2000,NULL,96,48,Ugni Blanc,NULL,NULL,"Millésime 2000, 18 years old, 48%.",https://maisonfontan.com/armagnacCollection200048; https://www.la-maison-armagnac.com/en/products/armagnac-fontan-millesime-2000-48-7-70cl,2026-06-26,http://www.la-maison-armagnac.com/cdn/shop/products/maison-armagnac-maison-fontan-_0008_4_ArmagnacMaisonFontanCollection200019ansd_age48_7_70cl_png.jpg,armagnac_france
Armagnac,Maison Fontan,"Noulens, France",Domaine de Maubet,own_make,NULL,FALSE,FALSE,"Bas-Armagnac; Millésime, Cask Strength, Single Cask; Collection 2000",19 Years,2000,NULL,106.4,53.2,Ugni Blanc,NULL,NULL,"Millésime 2000 single cask, 19 years old, 53.2%.",https://maisonfontan.com/armagnacCollection200053; https://maisonfontan.com/armagnacMaisonFontan,2026-06-14,NULL,armagnac_france
Armagnac,Maison Fontan,"Noulens, France",Domaine de Maubet,own_make,NULL,FALSE,FALSE,Blanche Armagnac,NULL,NULL,NULL,NULL,NULL,Ugni Blanc,NULL,NULL,Unaged white Blanche d'Armagnac (Mixologie range).,https://maisonfontan.com/armagnacMixologieBlanche; https://maisonfontan.com/armagnacMaisonFontan,2026-06-14,NULL,armagnac_france
Armagnac,Armagnac Veuve Goudoulin,"Courrensan, France",Veuve Goudoulin,own_make,NULL,FALSE,FALSE,Bas-Armagnac; VS,NULL,NULL,NULL,NULL,NULL,NULL,NULL,NULL,NULL,https://www.armagnac-goudoulin.com/assemblages-jeunes-73.html;https://www.armagnac-goudoulin.com/bas-armagnac-s78.html,2026-06-14,NULL,armagnac_france
Armagnac,Armagnac Veuve Goudoulin,"Courrensan, France",Veuve Goudoulin,own_make,NULL,FALSE,FALSE,Bas-Armagnac; Vieille Réserve; Réserve,NULL,NULL,NULL,NULL,NULL,NULL,NULL,NULL,NULL,https://www.armagnac-goudoulin.com/assemblages-jeunes-73.html;https://www.armagnac-goudoulin.com/bas-armagnac-s69.html,2026-06-14,NULL,armagnac_france
Armagnac,Armagnac Veuve Goudoulin,"Courrensan, France",Veuve Goudoulin,own_make,NULL,FALSE,FALSE,Bas-Armagnac; VSOP,NULL,NULL,NULL,80,40,NULL,NULL,NULL,"A very soft, fruity Armagnac, well balanced; bright amber; nose of fruit and spice (plum, vanilla, walnut); round, fresh texture with woody, spicy notes.",https://www.armagnac-goudoulin.com/bas-armagnac-s1.html;https://www.armagnac.com/fr/armagnac.php/1315-bas-armagnac-j-goudoulin-vsop,2026-06-26,https://www.armagnac.com/8520-large_default/bas-armagnac-j-goudoulin-vsop.jpg,armagnac_france
Armagnac,Armagnac Veuve Goudoulin,"Courrensan, France",Veuve Goudoulin,own_make,NULL,FALSE,FALSE,Bas-Armagnac; Napoléon,NULL,NULL,NULL,NULL,NULL,NULL,NULL,NULL,NULL,https://www.armagnac-goudoulin.com/assemblages-jeunes-73.html;https://www.armagnac-goudoulin.com/bas-armagnac-s79.html,2026-06-14,NULL,armagnac_france
Armagnac,Armagnac Veuve Goudoulin,"Courrensan, France",Veuve Goudoulin,own_make,NULL,FALSE,FALSE,Bas-Armagnac; Hors d'Âge,NULL,NULL,NULL,80,40,NULL,NULL,NULL,"Amber, bright and limpid; nose of cooked prunes with vanilla and spices such as cinnamon; frank attack, very light wood note; finish on prunes and rancio.",https://www.armagnac-goudoulin.com/hors-dage-xo-s70.html;https://www.armagnac.com/fr/armagnac.php/394-bas-armagnac-j-goudoulin-hors-d-age,2026-06-26,https://www.armagnac.com/8523-large_default/bas-armagnac-j-goudoulin-hors-d-age.jpg,armagnac_france
Armagnac,Armagnac Veuve Goudoulin,"Courrensan, France",Veuve Goudoulin,own_make,NULL,FALSE,FALSE,Bas-Armagnac; XO; XO Jeanne,NULL,NULL,NULL,NULL,NULL,NULL,NULL,NULL,NULL,https://www.armagnac.com/fr/armagnac.php/1888-bas-armagnac-j-goudoulin-xo-jeanne,2026-06-26,https://www.armagnac.com/11904-large_default/bas-armagnac-j-goudoulin-xo-jeanne.jpg,armagnac_france
Armagnac,Armagnac Veuve Goudoulin,"Courrensan, France",Veuve Goudoulin,own_make,NULL,FALSE,FALSE,"Bas-Armagnac; VSOP, Single Cask, Cask Strength; Double Cask Brut de Fût",NULL,NULL,NULL,100.1,50.04,NULL,Gascon pedunculate oak,NULL,"Blend of two rich, complex vintages bottled cask strength without filtration at 50.04% vol; amber and bright; nose of fruit and spice on a caramelised, mocha-dominant base; round, fresh texture with woody, spicy and caramel notes.",https://www.armagnac-goudoulin.com/bas-armagnac-vsop-brut-de-fut-s89.html;https://www.armagnac.com/fr/armagnac.php/1326-bas-armagnac-j-goudoulin-vsop-double-cask,2026-06-26,https://www.armagnac.com/8508-large_default/bas-armagnac-j-goudoulin-vsop-double-cask.jpg,armagnac_france
Armagnac,Armagnac Veuve Goudoulin,"Courrensan, France",Veuve Goudoulin,own_make,NULL,FALSE,FALSE,"Bas-Armagnac; XO, Single Cask, Cask Strength; XO Single Cask Brut de Fût",NULL,NULL,NULL,95.8,47.9,NULL,Gascon pedunculate oak,NULL,"Over 18 years old, finished 5 years in a Gascon pedunculate oak barrel; bottled cask strength unfiltered at 47.9% vol; pale topaz; rich floral and fruity nose, honeysuckle, red and exotic fruits, grilled wood notes; warm, round, balanced palate on red fruit with a fresh passion-fruit finish.",https://www.armagnac-goudoulin.com/xo-brut-de-fut-s90.html;https://www.armagnac.com/fr/armagnac.php/1327-bas-armagnac-j-goudoulin-xo-single-cask,2026-06-26,https://www.armagnac.com/8514-large_default/bas-armagnac-j-goudoulin-xo-single-cask.jpg,armagnac_france
Armagnac,Armagnac Veuve Goudoulin,"Courrensan, France",Veuve Goudoulin,own_make,NULL,FALSE,FALSE,Bas-Armagnac; Baco; 100% Baco,10 Years,NULL,NULL,NULL,NULL,Baco,NULL,NULL,NULL,https://www.armagnac-goudoulin.com/baco-blanche-darmagnac-61.html;https://www.armagnac.com/fr/armagnac.php/1857-bas-armagnac-j-goudoulin-10-ans-d-age-100-baco,2026-06-26,https://www.armagnac.com/11730-large_default/bas-armagnac-j-goudoulin-10-ans-d-age-100-baco.jpg,armagnac_france
Armagnac,Armagnac Veuve Goudoulin,"Courrensan, France",Veuve Goudoulin,own_make,NULL,FALSE,FALSE,Blanche Armagnac; Baco,NULL,NULL,NULL,84,42,Baco,NULL,NULL,"Complex nose mixing pear and lightly stewed banana; round, powerful palate with a fireworks of orchard-fruit and floral flavours, soft brioche and honeyed finish; serve chilled or frozen, neat or in cocktails.",https://www.armagnac-goudoulin.com/blanche-darmagnac-s129.html;https://www.armagnac.com/fr/armagnac.php/1889-bas-armagnac-j-goudoulin-blanche,2026-06-26,https://www.armagnac.com/11908-large_default/bas-armagnac-j-goudoulin-blanche.jpg,armagnac_france
Armagnac,Armagnac Veuve Goudoulin,"Courrensan, France",Veuve Goudoulin,own_make,NULL,FALSE,FALSE,Bas-Armagnac,8 Years,NULL,NULL,NULL,NULL,NULL,NULL,NULL,NULL,https://www.armagnac-goudoulin.com/assemblages-jeunes-73.html;https://www.armagnac.com/fr/armagnac.php/173-bas-armagnac-j-goudoulin-8-ans-d-age,2026-06-26,https://www.armagnac.com/8526-large_default/bas-armagnac-j-goudoulin-8-ans-d-age.jpg,armagnac_france
Armagnac,Armagnac Veuve Goudoulin,"Courrensan, France",Veuve Goudoulin,own_make,NULL,FALSE,FALSE,Bas-Armagnac,15 Years,NULL,NULL,NULL,NULL,NULL,NULL,NULL,NULL,https://www.armagnac-goudoulin.com/assemblages-vieux-74.html;https://www.armagnac.com/fr/armagnac.php/368-bas-armagnac-j-goudoulin-15-ans-d-age,2026-06-26,https://www.armagnac.com/8517-large_default/bas-armagnac-j-goudoulin-15-ans-d-age.jpg,armagnac_france
Armagnac,Armagnac Veuve Goudoulin,"Courrensan, France",Veuve Goudoulin,own_make,NULL,FALSE,FALSE,Bas-Armagnac,20 Years,NULL,NULL,NULL,NULL,NULL,NULL,NULL,Sustained amber colour; supple nose marked by candied plum evolving towards prune; rather fat palate with a typical rancio for this length of ageing and light almond notes.,https://www.armagnac-goudoulin.com/assemblage-armagnac-dexception-s137.html;https://www.armagnac.com/fr/armagnac.php/370-bas-armagnac-j-goudoulin-20-ans-d-age,2026-06-26,https://www.armagnac.com/8541-large_default/bas-armagnac-j-goudoulin-20-ans-d-age.jpg,armagnac_france
Armagnac,Armagnac Veuve Goudoulin,"Courrensan, France",Veuve Goudoulin,own_make,NULL,FALSE,FALSE,Bas-Armagnac,30 Years,NULL,NULL,NULL,NULL,NULL,NULL,NULL,NULL,https://www.armagnac-goudoulin.com/meilleur-armagnac-du-monde-s74.html;https://www.armagnac.com/fr/armagnac.php/372-bas-armagnac-j-goudoulin-30-ans-d-age,2026-06-26,https://www.armagnac.com/8538-large_default/bas-armagnac-j-goudoulin-30-ans-d-age.jpg,armagnac_france
Armagnac,Armagnac Veuve Goudoulin,"Courrensan, France",Veuve Goudoulin,own_make,NULL,FALSE,FALSE,Bas-Armagnac,40 Years,NULL,NULL,NULL,NULL,NULL,NULL,NULL,NULL,https://www.armagnac-goudoulin.com/armagnac-dexception-s75.html;https://www.armagnac.com/fr/armagnac.php/390-bas-armagnac-j-goudoulin-40-ans-d-age,2026-06-26,https://www.armagnac.com/12942-large_default/bas-armagnac-j-goudoulin-40-ans-d-age.jpg,armagnac_france
Armagnac,Armagnac Veuve Goudoulin,"Courrensan, France",Veuve Goudoulin,own_make,NULL,FALSE,FALSE,Bas-Armagnac,50 Years,NULL,NULL,NULL,NULL,NULL,NULL,NULL,NULL,https://www.armagnac-goudoulin.com/armagnac-dexception-s76.html;https://www.armagnac.com/fr/armagnac.php/392-bas-armagnac-j-goudoulin-50-ans-d-age,2026-06-26,https://www.armagnac.com/8532-large_default/bas-armagnac-j-goudoulin-50-ans-d-age.jpg,armagnac_france
Armagnac,Armagnac Veuve Goudoulin,"Courrensan, France",Veuve Goudoulin,own_make,NULL,FALSE,FALSE,Bas-Armagnac,60 Years,NULL,NULL,NULL,NULL,NULL,NULL,NULL,NULL,https://www.armagnac-goudoulin.com/armagnac-dexception-s80.html;https://www.armagnac.com/fr/armagnac.php/1047-bas-armagnac-j-goudoulin-60-ans-d-age,2026-06-26,https://www.armagnac.com/8529-large_default/bas-armagnac-j-goudoulin-60-ans-d-age.jpg,armagnac_france
Armagnac,Armagnac Veuve Goudoulin,"Courrensan, France",Veuve Goudoulin,own_make,NULL,FALSE,FALSE,Bas-Armagnac,70 Years,NULL,NULL,NULL,NULL,NULL,NULL,NULL,NULL,https://www.armagnac-goudoulin.com/armagnac-dexception-s81.html;https://www.armagnac.com/fr/armagnac.php/1557-bas-armagnac-j-goudoulin-70-ans-d-age,2026-06-26,https://www.armagnac.com/9615-large_default/bas-armagnac-j-goudoulin-70-ans-d-age.jpg,armagnac_france
Armagnac,Armagnac Veuve Goudoulin,"Courrensan, France",Veuve Goudoulin,own_make,NULL,FALSE,FALSE,Bas-Armagnac; Millésime,NULL,1900,NULL,NULL,NULL,NULL,NULL,NULL,NULL,https://www.armagnac-goudoulin.com/bas-armagnac-millesime-rare-1900-s2.html,2026-06-14,NULL,armagnac_france
Armagnac,Armagnac Veuve Goudoulin,"Courrensan, France",Veuve Goudoulin,own_make,NULL,FALSE,FALSE,Bas-Armagnac; Millésime,NULL,1914,NULL,NULL,NULL,NULL,NULL,NULL,NULL,https://www.armagnac-goudoulin.com/vente-bas-armagnac-millesime-1914-s3.html;https://www.armagnac.com/fr/armagnac.php/970-bas-armagnac-j-goudoulin-1914,2026-06-26,https://www.armagnac.com/8684-large_default/bas-armagnac-j-goudoulin-1914.jpg,armagnac_france
Armagnac,Armagnac Veuve Goudoulin,"Courrensan, France",Veuve Goudoulin,own_make,NULL,FALSE,FALSE,Bas-Armagnac; Millésime,NULL,1918,NULL,NULL,NULL,NULL,NULL,NULL,NULL,https://www.armagnac-goudoulin.com/bas-armagnac-millesime-rare-1918-s4.html,2026-06-14,NULL,armagnac_france
Armagnac,Armagnac Veuve Goudoulin,"Courrensan, France",Veuve Goudoulin,own_make,NULL,FALSE,FALSE,Bas-Armagnac; Millésime,NULL,1921,NULL,NULL,NULL,NULL,NULL,NULL,NULL,https://www.armagnac-goudoulin.com/bas-armagnac-millesime-rare-1921-s5.html,2026-06-14,NULL,armagnac_france
Armagnac,Armagnac Veuve Goudoulin,"Courrensan, France",Veuve Goudoulin,own_make,NULL,FALSE,FALSE,Bas-Armagnac; Millésime,NULL,1923,NULL,NULL,NULL,NULL,NULL,NULL,NULL,https://www.armagnac-goudoulin.com/armagnac-millesime-rare-1923-s6.html,2026-06-14,NULL,armagnac_france
Armagnac,Armagnac Veuve Goudoulin,"Courrensan, France",Veuve Goudoulin,own_make,NULL,FALSE,FALSE,Bas-Armagnac; Millésime,NULL,1924,NULL,NULL,NULL,NULL,NULL,NULL,NULL,https://www.armagnac-goudoulin.com/armagnac-millesime-rare-1924-s7.html,2026-06-14,NULL,armagnac_france
Armagnac,Armagnac Veuve Goudoulin,"Courrensan, France",Veuve Goudoulin,own_make,NULL,FALSE,FALSE,Bas-Armagnac; Millésime,NULL,1925,NULL,NULL,NULL,NULL,NULL,NULL,NULL,https://www.armagnac-goudoulin.com/armagnac-millesime-rare-1925-s8.html,2026-06-14,NULL,armagnac_france
Armagnac,Armagnac Veuve Goudoulin,"Courrensan, France",Veuve Goudoulin,own_make,NULL,FALSE,FALSE,Bas-Armagnac; Millésime,NULL,1928,NULL,NULL,NULL,NULL,NULL,NULL,NULL,https://www.armagnac-goudoulin.com/bas-aramagnac-millesime-rare-1928-s10.html,2026-06-14,NULL,armagnac_france
Armagnac,Armagnac Veuve Goudoulin,"Courrensan, France",Veuve Goudoulin,own_make,NULL,FALSE,FALSE,Bas-Armagnac; Millésime,NULL,1929,NULL,NULL,NULL,NULL,NULL,NULL,NULL,https://www.armagnac-goudoulin.com/bas-armagnac-millesime-rare-historique-1929-s11.html;https://www.armagnac.com/fr/armagnac.php/966-bas-armagnac-j-goudoulin-1929,2026-06-26,https://www.armagnac.com/8687-large_default/bas-armagnac-j-goudoulin-1929.jpg,armagnac_france
Armagnac,Armagnac Veuve Goudoulin,"Courrensan, France",Veuve Goudoulin,own_make,NULL,FALSE,FALSE,Bas-Armagnac; Millésime,NULL,1932,NULL,NULL,NULL,NULL,NULL,NULL,NULL,https://www.armagnac-goudoulin.com/bas-armagnac-millesime-rare-1932-s12.html,2026-06-14,NULL,armagnac_france
Armagnac,Armagnac Veuve Goudoulin,"Courrensan, France",Veuve Goudoulin,own_make,NULL,FALSE,FALSE,Bas-Armagnac; Millésime,NULL,1933,NULL,NULL,NULL,NULL,NULL,NULL,NULL,https://www.armagnac-goudoulin.com/armagnac-millesime-rare-historique-1933-s13.html;https://www.armagnac.com/fr/armagnac.php/1866-bas-armagnac-j-goudoulin-1933,2026-06-26,https://www.armagnac.com/11772-large_default/bas-armagnac-j-goudoulin-1933.jpg,armagnac_france
Armagnac,Armagnac Veuve Goudoulin,"Courrensan, France",Veuve Goudoulin,own_make,NULL,FALSE,FALSE,Bas-Armagnac; Millésime,NULL,1934,NULL,NULL,NULL,NULL,NULL,NULL,NULL,https://www.armagnac-goudoulin.com/armagnac-millesime-1934-s14.html;https://www.armagnac.com/fr/armagnac.php/962-bas-armagnac-j-goudoulin-1934,2026-06-26,https://www.armagnac.com/8690-large_default/bas-armagnac-j-goudoulin-1934.jpg,armagnac_france
Armagnac,Armagnac Veuve Goudoulin,"Courrensan, France",Veuve Goudoulin,own_make,NULL,FALSE,FALSE,Bas-Armagnac; Millésime,NULL,1935,NULL,NULL,NULL,NULL,NULL,NULL,NULL,https://www.armagnac-goudoulin.com/armagnac-millesime-1935-s15.html,2026-06-14,NULL,armagnac_france
Armagnac,Armagnac Veuve Goudoulin,"Courrensan, France",Veuve Goudoulin,own_make,NULL,FALSE,FALSE,Bas-Armagnac; Millésime,NULL,1936,NULL,NULL,NULL,NULL,NULL,NULL,NULL,https://www.armagnac-goudoulin.com/armagnac-millesime-rare-1936-s16.html,2026-06-14,NULL,armagnac_france
Armagnac,Armagnac Veuve Goudoulin,"Courrensan, France",Veuve Goudoulin,own_make,NULL,FALSE,FALSE,Bas-Armagnac; Millésime,NULL,1939,NULL,NULL,NULL,NULL,NULL,NULL,NULL,https://www.armagnac-goudoulin.com/armagnac-rare-1939-s17.html,2026-06-14,NULL,armagnac_france
Armagnac,Armagnac Veuve Goudoulin,"Courrensan, France",Veuve Goudoulin,own_make,NULL,FALSE,FALSE,Bas-Armagnac; Millésime,NULL,1941,NULL,NULL,NULL,NULL,NULL,NULL,NULL,https://www.armagnac-goudoulin.com/armagnac-millesime-rare-1941-s18.html;https://www.armagnac.com/fr/armagnac.php/954-bas-armagnac-j-goudoulin-1941,2026-06-26,https://www.armagnac.com/10759-large_default/bas-armagnac-j-goudoulin-1941.jpg,armagnac_france
Armagnac,Armagnac Veuve Goudoulin,"Courrensan, France",Veuve Goudoulin,own_make,NULL,FALSE,FALSE,Bas-Armagnac; Millésime,NULL,1942,NULL,NULL,NULL,NULL,NULL,NULL,NULL,https://www.armagnac-goudoulin.com/armagnac-millesime-rare-1942-s19.html;https://www.armagnac.com/fr/armagnac.php/952-bas-armagnac-j-goudoulin-1942,2026-06-26,https://www.armagnac.com/8678-large_default/bas-armagnac-j-goudoulin-1942.jpg,armagnac_france
Armagnac,Armagnac Veuve Goudoulin,"Courrensan, France",Veuve Goudoulin,own_make,NULL,FALSE,FALSE,Bas-Armagnac; Millésime,NULL,1943,NULL,NULL,NULL,NULL,NULL,NULL,NULL,https://www.armagnac-goudoulin.com/armagnac-millesime-rare-1943-s20.html;https://www.armagnac.com/fr/armagnac.php/950-bas-armagnac-j-goudoulin-1943,2026-06-26,https://www.armagnac.com/10732-large_default/bas-armagnac-j-goudoulin-1943.jpg,armagnac_france
Armagnac,Armagnac Veuve Goudoulin,"Courrensan, France",Veuve Goudoulin,own_make,NULL,FALSE,FALSE,Bas-Armagnac; Millésime,NULL,1944,NULL,NULL,NULL,NULL,NULL,NULL,NULL,https://www.armagnac-goudoulin.com/armagnac-millesime-rare-1944-s21.html,2026-06-14,NULL,armagnac_france
Armagnac,Armagnac Veuve Goudoulin,"Courrensan, France",Veuve Goudoulin,own_make,NULL,FALSE,FALSE,Bas-Armagnac; Millésime,NULL,1945,NULL,NULL,NULL,NULL,NULL,NULL,NULL,https://www.armagnac-goudoulin.com/vieil-armagnac-millesime-rare-1945-s22.html,2026-06-14,NULL,armagnac_france
Armagnac,Armagnac Veuve Goudoulin,"Courrensan, France",Veuve Goudoulin,own_make,NULL,FALSE,FALSE,Bas-Armagnac; Millésime,NULL,1946,NULL,NULL,NULL,NULL,NULL,NULL,NULL,https://www.armagnac-goudoulin.com/vieil-armagnac-millesime-rare-1946-s23.html;https://www.armagnac.com/fr/armagnac.php/944-bas-armagnac-j-goudoulin-1946,2026-06-26,https://www.armagnac.com/12963-large_default/bas-armagnac-j-goudoulin-1946.jpg,armagnac_france
Armagnac,Armagnac Veuve Goudoulin,"Courrensan, France",Veuve Goudoulin,own_make,NULL,FALSE,FALSE,Bas-Armagnac; Millésime,NULL,1952,NULL,NULL,NULL,NULL,NULL,NULL,NULL,https://www.armagnac-goudoulin.com/bas-armagnac-millesime-rare-1952-s24.html,2026-06-14,NULL,armagnac_france
Armagnac,Armagnac Veuve Goudoulin,"Courrensan, France",Veuve Goudoulin,own_make,NULL,FALSE,FALSE,Bas-Armagnac; Millésime,NULL,1956,NULL,NULL,NULL,NULL,NULL,NULL,NULL,https://www.armagnac-goudoulin.com/armagnac-millesime-rare-1956-s25.html;https://www.armagnac.com/fr/armagnac.php/1051-bas-armagnac-j-goudoulin-1956,2026-06-26,https://www.armagnac.com/12960-large_default/bas-armagnac-j-goudoulin-1956.jpg,armagnac_france
Armagnac,Armagnac Veuve Goudoulin,"Courrensan, France",Veuve Goudoulin,own_make,NULL,FALSE,FALSE,Bas-Armagnac; Millésime,NULL,1960,NULL,NULL,NULL,NULL,NULL,NULL,NULL,https://www.armagnac-goudoulin.com/bas-armagnac-millesime-rare-1960-s27.html;https://www.armagnac.com/fr/armagnac.php/938-bas-armagnac-j-goudoulin-1960,2026-06-26,https://www.armagnac.com/8672-large_default/bas-armagnac-j-goudoulin-1960.jpg,armagnac_france
Armagnac,Armagnac Veuve Goudoulin,"Courrensan, France",Veuve Goudoulin,own_make,NULL,FALSE,FALSE,Bas-Armagnac; Millésime,NULL,1961,NULL,NULL,NULL,NULL,NULL,NULL,NULL,https://www.armagnac-goudoulin.com/armagnac-millesime-rare-1961-s28.html;https://www.armagnac.com/fr/armagnac.php/936-bas-armagnac-j-goudoulin-1961,2026-06-26,https://www.armagnac.com/10765-large_default/bas-armagnac-j-goudoulin-1961.jpg,armagnac_france
Armagnac,Armagnac Veuve Goudoulin,"Courrensan, France",Veuve Goudoulin,own_make,NULL,FALSE,FALSE,Bas-Armagnac; Millésime,NULL,1962,NULL,NULL,NULL,NULL,NULL,NULL,NULL,https://www.armagnac-goudoulin.com/bas-armagnac-millesime-1962-s29.html;https://www.armagnac.com/fr/armagnac.php/934-bas-armagnac-j-goudoulin-1962,2026-06-26,https://www.armagnac.com/8669-large_default/bas-armagnac-j-goudoulin-1962.jpg,armagnac_france
Armagnac,Armagnac Veuve Goudoulin,"Courrensan, France",Veuve Goudoulin,own_make,NULL,FALSE,FALSE,Bas-Armagnac; Millésime,NULL,1963,NULL,NULL,NULL,NULL,NULL,NULL,NULL,https://www.armagnac-goudoulin.com/bas-armagnac-millesime-1963-s30.html;https://www.armagnac.com/fr/armagnac.php/932-bas-armagnac-j-goudoulin-1963,2026-06-26,https://www.armagnac.com/8666-large_default/bas-armagnac-j-goudoulin-1963.jpg,armagnac_france
Armagnac,Armagnac Veuve Goudoulin,"Courrensan, France",Veuve Goudoulin,own_make,NULL,FALSE,FALSE,"Bas-Armagnac; Millésime, Single Cask",NULL,1963,Single Cask,NULL,NULL,NULL,NULL,NULL,NULL,https://www.armagnac.com/fr/producteur/jgoudoulin.html,2026-06-14,NULL,armagnac_france
Armagnac,Armagnac Veuve Goudoulin,"Courrensan, France",Veuve Goudoulin,own_make,NULL,FALSE,FALSE,Bas-Armagnac; Millésime,NULL,1964,NULL,NULL,NULL,NULL,NULL,NULL,NULL,https://www.armagnac-goudoulin.com/armagnac-millesime-rare-1964-s31.html;https://www.armagnac.com/fr/armagnac.php/930-bas-armagnac-j-goudoulin-1964,2026-06-26,https://www.armagnac.com/8663-large_default/bas-armagnac-j-goudoulin-1964.jpg,armagnac_france
Armagnac,Armagnac Veuve Goudoulin,"Courrensan, France",Veuve Goudoulin,own_make,NULL,FALSE,FALSE,Bas-Armagnac; Millésime,NULL,1965,NULL,NULL,NULL,NULL,NULL,NULL,NULL,https://www.armagnac-goudoulin.com/armagnac-rare-millesime-1965-s32.html;https://www.armagnac.com/fr/armagnac.php/928-bas-armagnac-j-goudoulin-1965,2026-06-26,https://www.armagnac.com/8660-large_default/bas-armagnac-j-goudoulin-1965.jpg,armagnac_france
Armagnac,Armagnac Veuve Goudoulin,"Courrensan, France",Veuve Goudoulin,own_make,NULL,FALSE,FALSE,"Bas-Armagnac; Millésime, Cask Strength; Brut de Fût",NULL,1965,NULL,NULL,NULL,NULL,NULL,NULL,NULL,https://www.armagnac-goudoulin.com/1965-bas-armagnac-brut-de-fut-s83.html;https://www.armagnac.com/fr/armagnac.php/1317-bas-armagnac-j-goudoulin-1965-brut-de-fut,2026-06-26,https://www.armagnac.com/8436-large_default/bas-armagnac-j-goudoulin-1965-brut-de-fut.jpg,armagnac_france
Armagnac,Armagnac Veuve Goudoulin,"Courrensan, France",Veuve Goudoulin,own_make,NULL,FALSE,FALSE,Bas-Armagnac; Millésime,NULL,1966,NULL,NULL,NULL,NULL,NULL,NULL,NULL,https://www.armagnac-goudoulin.com/bas-armagnac-millesime-rare-1966-s33.html;https://www.armagnac.com/fr/armagnac.php/926-bas-armagnac-j-goudoulin-1966,2026-06-26,https://www.armagnac.com/12957-large_default/bas-armagnac-j-goudoulin-1966.jpg,armagnac_france
Armagnac,Armagnac Veuve Goudoulin,"Courrensan, France",Veuve Goudoulin,own_make,NULL,FALSE,FALSE,Bas-Armagnac; Millésime,NULL,1967,NULL,NULL,NULL,NULL,NULL,NULL,NULL,https://www.armagnac-goudoulin.com/vieil-armagnac-millesime-rare-1967-s34.html;https://www.armagnac.com/fr/armagnac.php/924-bas-armagnac-j-goudoulin-1967,2026-06-26,https://www.armagnac.com/8654-large_default/bas-armagnac-j-goudoulin-1967.jpg,armagnac_france
Armagnac,Armagnac Veuve Goudoulin,"Courrensan, France",Veuve Goudoulin,own_make,NULL,FALSE,FALSE,"Bas-Armagnac; Millésime, Single Cask",NULL,1967,Single Cask,NULL,NULL,NULL,NULL,NULL,NULL,https://www.armagnac.com/fr/producteur/jgoudoulin.html,2026-06-14,NULL,armagnac_france
Armagnac,Armagnac Veuve Goudoulin,"Courrensan, France",Veuve Goudoulin,own_make,NULL,FALSE,FALSE,Bas-Armagnac; Millésime,NULL,1968,NULL,NULL,NULL,NULL,NULL,NULL,NULL,https://www.armagnac.com/fr/armagnac.php/922-bas-armagnac-j-goudoulin-1968,2026-06-26,https://www.armagnac.com/10768-large_default/bas-armagnac-j-goudoulin-1968.jpg,armagnac_france
Armagnac,Armagnac Veuve Goudoulin,"Courrensan, France",Veuve Goudoulin,own_make,NULL,FALSE,FALSE,Bas-Armagnac; Millésime,NULL,1969,NULL,NULL,NULL,NULL,NULL,NULL,NULL,https://www.armagnac-goudoulin.com/armagnac-millesime-confidentiel-1969-annee-historique-s36.html;https://www.armagnac.com/fr/armagnac.php/920-bas-armagnac-j-goudoulin-1969,2026-06-26,https://www.armagnac.com/10771-large_default/bas-armagnac-j-goudoulin-1969.jpg,armagnac_france
Armagnac,Armagnac Veuve Goudoulin,"Courrensan, France",Veuve Goudoulin,own_make,NULL,FALSE,FALSE,Bas-Armagnac; Millésime,NULL,1970,NULL,NULL,NULL,NULL,NULL,NULL,NULL,https://www.armagnac-goudoulin.com/armagnac-millesime-1970-s37.html;https://www.armagnac.com/fr/armagnac.php/918-bas-armagnac-j-goudoulin-1970,2026-06-26,https://www.armagnac.com/12937-large_default/bas-armagnac-j-goudoulin-1970.jpg,armagnac_france
Armagnac,Armagnac Veuve Goudoulin,"Courrensan, France",Veuve Goudoulin,own_make,NULL,FALSE,FALSE,Bas-Armagnac; Millésime,NULL,1971,NULL,NULL,NULL,NULL,NULL,NULL,NULL,https://www.armagnac.com/fr/producteur/jgoudoulin.html,2026-06-14,NULL,armagnac_france
Armagnac,Armagnac Veuve Goudoulin,"Courrensan, France",Veuve Goudoulin,own_make,NULL,FALSE,FALSE,Bas-Armagnac; Millésime,NULL,1972,NULL,NULL,NULL,NULL,NULL,NULL,NULL,https://www.armagnac-goudoulin.com/armagnac-millesime-1972-s39.html;https://www.armagnac.com/fr/producteur/jgoudoulin.html,2026-06-14,NULL,armagnac_france
Armagnac,Armagnac Veuve Goudoulin,"Courrensan, France",Veuve Goudoulin,own_make,NULL,FALSE,FALSE,Bas-Armagnac; Millésime,NULL,1973,NULL,NULL,NULL,NULL,NULL,NULL,NULL,https://www.armagnac-goudoulin.com/bas-armagnac-millesime-exceptionnel-1973-doublement-medaille-dor-s40.html;https://www.armagnac.com/fr/armagnac.php/899-bas-armagnac-j-goudoulin-1973,2026-06-26,https://www.armagnac.com/8642-large_default/bas-armagnac-j-goudoulin-1973.jpg,armagnac_france
Armagnac,Armagnac Veuve Goudoulin,"Courrensan, France",Veuve Goudoulin,own_make,NULL,FALSE,FALSE,"Bas-Armagnac; Millésime, Cask Strength; Brut de Fût",NULL,1973,NULL,NULL,NULL,NULL,NULL,NULL,NULL,https://www.armagnac-goudoulin.com/bas-armagnac-brut-de-fut-s82.html;https://www.armagnac.com/fr/armagnac.php/1316-bas-armagnac-j-goudoulin-1973-brut-de-fut,2026-06-26,https://www.armagnac.com/8432-large_default/bas-armagnac-j-goudoulin-1973-brut-de-fut.jpg,armagnac_france
Armagnac,Armagnac Veuve Goudoulin,"Courrensan, France",Veuve Goudoulin,own_make,NULL,FALSE,FALSE,Bas-Armagnac; Millésime,NULL,1974,NULL,NULL,NULL,NULL,NULL,NULL,NULL,https://www.armagnac-goudoulin.com/bas-armagnac-millesime-1974-s41.html;https://www.armagnac.com/fr/armagnac.php/901-bas-armagnac-j-goudoulin-1974,2026-06-26,https://www.armagnac.com/8639-large_default/bas-armagnac-j-goudoulin-1974.jpg,armagnac_france
Armagnac,Armagnac Veuve Goudoulin,"Courrensan, France",Veuve Goudoulin,own_make,NULL,FALSE,FALSE,Bas-Armagnac; Millésime,NULL,1975,NULL,NULL,NULL,NULL,NULL,NULL,NULL,https://www.armagnac-goudoulin.com/armagnac-millesime-1975-s42.html;https://www.armagnac.com/fr/armagnac.php/909-bas-armagnac-j-goudoulin-1975,2026-06-26,https://www.armagnac.com/8636-large_default/bas-armagnac-j-goudoulin-1975.jpg,armagnac_france
Armagnac,Armagnac Veuve Goudoulin,"Courrensan, France",Veuve Goudoulin,own_make,NULL,FALSE,FALSE,"Bas-Armagnac; Millésime, Single Cask",NULL,1975,Single Cask,NULL,NULL,NULL,NULL,NULL,NULL,https://www.armagnac.com/fr/producteur/jgoudoulin.html,2026-06-14,NULL,armagnac_france
Armagnac,Armagnac Veuve Goudoulin,"Courrensan, France",Veuve Goudoulin,own_make,NULL,FALSE,FALSE,Bas-Armagnac; Millésime,NULL,1976,NULL,NULL,NULL,NULL,NULL,NULL,NULL,https://www.armagnac-goudoulin.com/armagnac-millesime-1976-s43.html;https://www.armagnac.com/fr/armagnac.php/911-bas-armagnac-j-goudoulin-1976,2026-06-26,https://www.armagnac.com/12954-large_default/bas-armagnac-j-goudoulin-1976.jpg,armagnac_france
Armagnac,Armagnac Veuve Goudoulin,"Courrensan, France",Veuve Goudoulin,own_make,NULL,FALSE,FALSE,Bas-Armagnac; Millésime,NULL,1977,NULL,NULL,NULL,NULL,NULL,NULL,NULL,https://www.armagnac-goudoulin.com/armagnac-millesime-rare-1977-s44.html;https://www.armagnac.com/fr/producteur/jgoudoulin.html,2026-06-14,NULL,armagnac_france
Armagnac,Armagnac Veuve Goudoulin,"Courrensan, France",Veuve Goudoulin,own_make,NULL,FALSE,FALSE,Bas-Armagnac; Millésime,NULL,1978,NULL,NULL,NULL,NULL,NULL,NULL,NULL,https://www.armagnac-goudoulin.com/armagnac-millesime-rare-1978-s45.html;https://www.armagnac.com/fr/producteur/jgoudoulin.html,2026-06-14,NULL,armagnac_france
Armagnac,Armagnac Veuve Goudoulin,"Courrensan, France",Veuve Goudoulin,own_make,NULL,FALSE,FALSE,Bas-Armagnac; Millésime,NULL,1979,NULL,NULL,NULL,NULL,NULL,NULL,NULL,https://www.armagnac-goudoulin.com/armagnac-millesime-rare-1979-s46.html;https://www.armagnac.com/fr/armagnac.php/873-bas-armagnac-j-goudoulin-1979,2026-06-26,https://www.armagnac.com/8624-large_default/bas-armagnac-j-goudoulin-1979.jpg,armagnac_france
Armagnac,Armagnac Veuve Goudoulin,"Courrensan, France",Veuve Goudoulin,own_make,NULL,FALSE,FALSE,"Bas-Armagnac; Millésime, Single Cask",NULL,1979,Single Cask,NULL,NULL,NULL,NULL,NULL,NULL,https://www.armagnac.com/fr/producteur/jgoudoulin.html,2026-06-14,NULL,armagnac_france
Armagnac,Armagnac Veuve Goudoulin,"Courrensan, France",Veuve Goudoulin,own_make,NULL,FALSE,FALSE,Bas-Armagnac; Millésime,NULL,1980,NULL,NULL,NULL,NULL,NULL,NULL,NULL,https://www.armagnac-goudoulin.com/armagnac-millesime-1980-s47.html;https://www.armagnac.com/fr/armagnac.php/875-bas-armagnac-j-goudoulin-1980,2026-06-26,https://www.armagnac.com/8615-large_default/bas-armagnac-j-goudoulin-1980.jpg,armagnac_france
Armagnac,Armagnac Veuve Goudoulin,"Courrensan, France",Veuve Goudoulin,own_make,NULL,FALSE,FALSE,"Bas-Armagnac; Millésime, Cask Strength; Brut de Fût",NULL,1980,NULL,NULL,NULL,NULL,NULL,NULL,NULL,https://www.armagnac.com/fr/producteur/jgoudoulin.html,2026-06-14,NULL,armagnac_france
Armagnac,Armagnac Veuve Goudoulin,"Courrensan, France",Veuve Goudoulin,own_make,NULL,FALSE,FALSE,Bas-Armagnac; Millésime,NULL,1981,NULL,NULL,NULL,NULL,NULL,NULL,NULL,https://www.armagnac-goudoulin.com/bas-armagnac-millesime-1981-s48.html;https://www.armagnac.com/fr/armagnac.php/877-bas-armagnac-j-goudoulin-1981,2026-06-26,https://www.armagnac.com/8612-large_default/bas-armagnac-j-goudoulin-1981.jpg,armagnac_france
Armagnac,Armagnac Veuve Goudoulin,"Courrensan, France",Veuve Goudoulin,own_make,NULL,FALSE,FALSE,"Bas-Armagnac; Millésime, Single Cask",NULL,1981,Single Cask,NULL,NULL,NULL,NULL,NULL,NULL,https://www.armagnac.com/fr/producteur/jgoudoulin.html,2026-06-14,NULL,armagnac_france
Armagnac,Armagnac Veuve Goudoulin,"Courrensan, France",Veuve Goudoulin,own_make,NULL,FALSE,FALSE,Bas-Armagnac; Millésime,NULL,1982,NULL,NULL,NULL,NULL,NULL,NULL,NULL,https://www.armagnac-goudoulin.com/armagnac-millesime-1982-s49.html;https://www.armagnac.com/fr/armagnac.php/903-bas-armagnac-j-goudoulin-1982,2026-06-26,https://www.armagnac.com/8609-large_default/bas-armagnac-j-goudoulin-1982.jpg,armagnac_france
Armagnac,Armagnac Veuve Goudoulin,"Courrensan, France",Veuve Goudoulin,own_make,NULL,FALSE,FALSE,Bas-Armagnac; Millésime,NULL,1983,NULL,NULL,NULL,NULL,NULL,NULL,NULL,https://www.armagnac-goudoulin.com/armagnac-millesime-1983-s50.html;https://www.armagnac.com/fr/armagnac.php/905-bas-armagnac-j-goudoulin-1983,2026-06-26,https://www.armagnac.com/8606-large_default/bas-armagnac-j-goudoulin-1983.jpg,armagnac_france
Armagnac,Armagnac Veuve Goudoulin,"Courrensan, France",Veuve Goudoulin,own_make,NULL,FALSE,FALSE,Bas-Armagnac; Millésime,NULL,1984,NULL,NULL,NULL,NULL,NULL,NULL,NULL,https://www.armagnac-goudoulin.com/bas-armagnac-millesime-1984-s51.html;https://www.armagnac.com/fr/armagnac.php/907-bas-armagnac-j-goudoulin-1984,2026-06-26,https://www.armagnac.com/8603-large_default/bas-armagnac-j-goudoulin-1984.jpg,armagnac_france
Armagnac,Armagnac Veuve Goudoulin,"Courrensan, France",Veuve Goudoulin,own_make,NULL,FALSE,FALSE,Bas-Armagnac; Millésime,NULL,1985,NULL,NULL,NULL,NULL,NULL,NULL,NULL,https://www.armagnac-goudoulin.com/armagnac-grand-millesime-1985-s52.html;https://www.armagnac.com/fr/armagnac.php/894-bas-armagnac-j-goudoulin-1985,2026-06-26,https://www.armagnac.com/8600-large_default/bas-armagnac-j-goudoulin-1985.jpg,armagnac_france
Armagnac,Armagnac Veuve Goudoulin,"Courrensan, France",Veuve Goudoulin,own_make,NULL,FALSE,FALSE,Bas-Armagnac; Millésime,NULL,1986,NULL,NULL,NULL,NULL,NULL,NULL,NULL,https://www.armagnac-goudoulin.com/bas-armagnac-millesime-1986-s53.html;https://www.armagnac.com/fr/armagnac.php/887-bas-armagnac-j-goudoulin-1986,2026-06-26,https://www.armagnac.com/12951-large_default/bas-armagnac-j-goudoulin-1986.jpg,armagnac_france
Armagnac,Armagnac Veuve Goudoulin,"Courrensan, France",Veuve Goudoulin,own_make,NULL,FALSE,FALSE,Bas-Armagnac; Millésime,NULL,1987,NULL,NULL,NULL,NULL,NULL,NULL,NULL,https://www.armagnac-goudoulin.com/annee-de-distillation-1987-s54.html;https://www.armagnac.com/fr/armagnac.php/888-bas-armagnac-j-goudoulin-1987,2026-06-26,https://www.armagnac.com/8597-large_default/bas-armagnac-j-goudoulin-1987.jpg,armagnac_france
Armagnac,Armagnac Veuve Goudoulin,"Courrensan, France",Veuve Goudoulin,own_make,NULL,FALSE,FALSE,Bas-Armagnac; Millésime,NULL,1988,NULL,NULL,NULL,NULL,NULL,NULL,NULL,https://www.armagnac-goudoulin.com/annee-de-distillation-1988-s55.html;https://www.armagnac.com/fr/armagnac.php/890-bas-armagnac-j-goudoulin-1988,2026-06-26,https://www.armagnac.com/8591-large_default/bas-armagnac-j-goudoulin-1988.jpg,armagnac_france
Armagnac,Armagnac Veuve Goudoulin,"Courrensan, France",Veuve Goudoulin,own_make,NULL,FALSE,FALSE,"Bas-Armagnac; Millésime, Single Cask",NULL,1988,Single Cask,NULL,NULL,NULL,NULL,NULL,NULL,https://www.armagnac.com/fr/producteur/jgoudoulin.html,2026-06-14,NULL,armagnac_france
Armagnac,Armagnac Veuve Goudoulin,"Courrensan, France",Veuve Goudoulin,own_make,NULL,FALSE,FALSE,Bas-Armagnac; Millésime,NULL,1989,NULL,NULL,NULL,NULL,NULL,NULL,NULL,https://www.armagnac-goudoulin.com/bas-armagnac-1989-s56.html;https://www.armagnac.com/fr/armagnac.php/617-bas-armagnac-j-goudoulin-1989,2026-06-26,https://www.armagnac.com/8621-large_default/bas-armagnac-j-goudoulin-1989.jpg,armagnac_france
Armagnac,Armagnac Veuve Goudoulin,"Courrensan, France",Veuve Goudoulin,own_make,NULL,FALSE,FALSE,Bas-Armagnac; Millésime,NULL,1990,NULL,NULL,NULL,NULL,NULL,NULL,NULL,https://www.armagnac-goudoulin.com/bas-armagnac-1990-s57.html;https://www.armagnac.com/fr/armagnac.php/614-bas-armagnac-j-goudoulin-1990,2026-06-26,https://www.armagnac.com/8585-large_default/bas-armagnac-j-goudoulin-1990.jpg,armagnac_france
Armagnac,Armagnac Veuve Goudoulin,"Courrensan, France",Veuve Goudoulin,own_make,NULL,FALSE,FALSE,"Bas-Armagnac; Millésime, Cask Strength; Brut de Fût",NULL,1990,NULL,NULL,NULL,NULL,NULL,NULL,NULL,https://www.armagnac.com/fr/producteur/jgoudoulin.html,2026-06-14,NULL,armagnac_france
Armagnac,Armagnac Veuve Goudoulin,"Courrensan, France",Veuve Goudoulin,own_make,NULL,FALSE,FALSE,Bas-Armagnac; Millésime,NULL,1991,NULL,NULL,NULL,NULL,NULL,NULL,NULL,https://www.armagnac-goudoulin.com/annee-de-distillation-1991-s58.html;https://www.armagnac.com/fr/armagnac.php/313-bas-armagnac-j-goudoulin-1991,2026-06-26,https://www.armagnac.com/8582-large_default/bas-armagnac-j-goudoulin-1991.jpg,armagnac_france
Armagnac,Armagnac Veuve Goudoulin,"Courrensan, France",Veuve Goudoulin,own_make,NULL,FALSE,FALSE,Bas-Armagnac; Millésime,NULL,1992,NULL,NULL,NULL,NULL,NULL,NULL,NULL,https://www.armagnac-goudoulin.com/annee-de-distillation-1992-s59.html;https://www.armagnac.com/fr/armagnac.php/311-bas-armagnac-j-goudoulin-1992,2026-06-26,https://www.armagnac.com/8579-large_default/bas-armagnac-j-goudoulin-1992.jpg,armagnac_france
Armagnac,Armagnac Veuve Goudoulin,"Courrensan, France",Veuve Goudoulin,own_make,NULL,FALSE,FALSE,"Bas-Armagnac; Millésime, Single Cask",NULL,1992,Single Cask,NULL,NULL,NULL,NULL,NULL,NULL,https://www.armagnac.com/fr/producteur/jgoudoulin.html,2026-06-14,NULL,armagnac_france
Armagnac,Armagnac Veuve Goudoulin,"Courrensan, France",Veuve Goudoulin,own_make,NULL,FALSE,FALSE,Bas-Armagnac; Millésime,NULL,1993,NULL,NULL,NULL,NULL,NULL,NULL,NULL,https://www.armagnac-goudoulin.com/annee-de-distillation-1993-s60.html;https://www.armagnac.com/fr/armagnac.php/309-bas-armagnac-j-goudoulin-1993,2026-06-26,https://www.armagnac.com/8576-large_default/bas-armagnac-j-goudoulin-1993.jpg,armagnac_france
Armagnac,Armagnac Veuve Goudoulin,"Courrensan, France",Veuve Goudoulin,own_make,NULL,FALSE,FALSE,Bas-Armagnac; Millésime,NULL,1994,NULL,NULL,NULL,NULL,NULL,NULL,NULL,https://www.armagnac-goudoulin.com/armagnac-annee-de-distillation-1994-s61.html;https://www.armagnac.com/fr/armagnac.php/307-bas-armagnac-j-goudoulin-1994,2026-06-26,https://www.armagnac.com/8573-large_default/bas-armagnac-j-goudoulin-1994.jpg,armagnac_france
Armagnac,Armagnac Veuve Goudoulin,"Courrensan, France",Veuve Goudoulin,own_make,NULL,FALSE,FALSE,Bas-Armagnac; Millésime,NULL,1995,NULL,NULL,NULL,NULL,NULL,NULL,NULL,https://www.armagnac-goudoulin.com/armagnac-1995-s62.html;https://www.armagnac.com/fr/armagnac.php/414-bas-armagnac-j-goudoulin-1995,2026-06-26,https://www.armagnac.com/8570-large_default/bas-armagnac-j-goudoulin-1995.jpg,armagnac_france
Armagnac,Armagnac Veuve Goudoulin,"Courrensan, France",Veuve Goudoulin,own_make,NULL,FALSE,FALSE,Bas-Armagnac; Millésime,NULL,1996,NULL,NULL,NULL,NULL,NULL,NULL,NULL,https://www.armagnac-goudoulin.com/bas-armagnac-distillation-annee-1996-s63.html;https://www.armagnac.com/fr/armagnac.php/412-bas-armagnac-j-goudoulin-1996,2026-06-26,https://www.armagnac.com/12948-large_default/bas-armagnac-j-goudoulin-1996.jpg,armagnac_france
Armagnac,Armagnac Veuve Goudoulin,"Courrensan, France",Veuve Goudoulin,own_make,NULL,FALSE,FALSE,Bas-Armagnac; Millésime,NULL,1997,NULL,NULL,NULL,NULL,NULL,NULL,NULL,https://www.armagnac-goudoulin.com/annee-de-distillation-1997-s64.html;https://www.armagnac.com/fr/armagnac.php/410-bas-armagnac-j-goudoulin-1997,2026-06-26,https://www.armagnac.com/8564-large_default/bas-armagnac-j-goudoulin-1997.jpg,armagnac_france
Armagnac,Armagnac Veuve Goudoulin,"Courrensan, France",Veuve Goudoulin,own_make,NULL,FALSE,FALSE,Bas-Armagnac; Millésime,NULL,1998,NULL,NULL,NULL,NULL,NULL,NULL,NULL,https://www.armagnac-goudoulin.com/armagnac-annee-de-distillation-1998-s65.html;https://www.armagnac.com/fr/armagnac.php/408-bas-armagnac-j-goudoulin-1998,2026-06-26,https://www.armagnac.com/8561-large_default/bas-armagnac-j-goudoulin-1998.jpg,armagnac_france
Armagnac,Armagnac Veuve Goudoulin,"Courrensan, France",Veuve Goudoulin,own_make,NULL,FALSE,FALSE,"Bas-Armagnac; Millésime, Single Cask",NULL,1998,Single Cask,NULL,NULL,NULL,NULL,NULL,NULL,https://www.armagnac.com/fr/producteur/jgoudoulin.html,2026-06-14,NULL,armagnac_france
Armagnac,Armagnac Veuve Goudoulin,"Courrensan, France",Veuve Goudoulin,own_make,NULL,FALSE,FALSE,Bas-Armagnac; Millésime,NULL,1999,NULL,NULL,NULL,NULL,NULL,NULL,NULL,https://www.armagnac-goudoulin.com/bas-armagnac-1999-s66.html;https://www.armagnac.com/fr/armagnac.php/406-bas-armagnac-j-goudoulin-1999,2026-06-26,https://www.armagnac.com/8558-large_default/bas-armagnac-j-goudoulin-1999.jpg,armagnac_france
Armagnac,Armagnac Veuve Goudoulin,"Courrensan, France",Veuve Goudoulin,own_make,NULL,FALSE,FALSE,Bas-Armagnac; Millésime,NULL,2000,NULL,NULL,NULL,NULL,NULL,NULL,NULL,https://www.armagnac-goudoulin.com/bas-armagnac-2000-s67.html;https://www.armagnac.com/fr/armagnac.php/396-bas-armagnac-j-goudoulin-2000,2026-06-26,https://www.armagnac.com/8555-large_default/bas-armagnac-j-goudoulin-2000.jpg,armagnac_france
Armagnac,Armagnac Veuve Goudoulin,"Courrensan, France",Veuve Goudoulin,own_make,NULL,FALSE,FALSE,"Bas-Armagnac; Millésime, Cask Strength; Brut de Fût",NULL,2000,585 bottles,NULL,NULL,NULL,NULL,NULL,NULL,https://www.armagnac-goudoulin.com/bas-armagnac-2000-585-bouteilles-s135.html;https://www.armagnac.com/fr/producteur/jgoudoulin.html,2026-06-14,NULL,armagnac_france
Armagnac,Armagnac Veuve Goudoulin,"Courrensan, France",Veuve Goudoulin,own_make,NULL,FALSE,FALSE,Bas-Armagnac; Millésime,NULL,2001,NULL,NULL,NULL,NULL,NULL,NULL,NULL,https://www.armagnac-goudoulin.com/annee-2001-s68.html;https://www.armagnac.com/fr/armagnac.php/1045-bas-armagnac-j-goudoulin-2001,2026-06-26,https://www.armagnac.com/8552-large_default/bas-armagnac-j-goudoulin-2001.jpg,armagnac_france
Armagnac,Armagnac Veuve Goudoulin,"Courrensan, France",Veuve Goudoulin,own_make,NULL,FALSE,FALSE,Bas-Armagnac; Millésime,NULL,2002,NULL,NULL,NULL,NULL,NULL,NULL,NULL,https://www.armagnac-goudoulin.com/armagnac-2002-s84.html;https://www.armagnac.com/fr/armagnac.php/1094-bas-armagnac-j-goudoulin-2002,2026-06-26,https://www.armagnac.com/8549-large_default/bas-armagnac-j-goudoulin-2002.jpg,armagnac_france
Armagnac,Armagnac Veuve Goudoulin,"Courrensan, France",Veuve Goudoulin,own_make,NULL,FALSE,FALSE,Bas-Armagnac; Millésime,NULL,2003,NULL,NULL,NULL,NULL,NULL,NULL,NULL,https://www.armagnac-goudoulin.com/armagnac-millesime-s85.html;https://www.armagnac.com/fr/armagnac.php/1166-bas-armagnac-j-goudoulin-2003,2026-06-26,https://www.armagnac.com/8546-large_default/bas-armagnac-j-goudoulin-2003.jpg,armagnac_france
Armagnac,Armagnac Veuve Goudoulin,"Courrensan, France",Veuve Goudoulin,own_make,NULL,FALSE,FALSE,Bas-Armagnac; Millésime,NULL,2004,NULL,NULL,NULL,NULL,NULL,NULL,NULL,https://www.armagnac-goudoulin.com/bas-armagnac-s105.html;https://www.armagnac.com/fr/armagnac.php/1579-bas-armagnac-j-goudoulin-2004,2026-06-26,https://www.armagnac.com/9913-large_default/bas-armagnac-j-goudoulin-2004.jpg,armagnac_france
Armagnac,Armagnac Veuve Goudoulin,"Courrensan, France",Veuve Goudoulin,own_make,NULL,FALSE,FALSE,Bas-Armagnac; Millésime,NULL,2005,NULL,NULL,NULL,NULL,NULL,NULL,NULL,https://www.armagnac-goudoulin.com/cadeau-spiritueux-armagnac-s106.html;https://www.armagnac.com/fr/armagnac.php/1732-bas-armagnac-j-goudoulin-2005,2026-06-26,https://www.armagnac.com/10744-large_default/bas-armagnac-j-goudoulin-2005.jpg,armagnac_france
Armagnac,Armagnac Veuve Goudoulin,"Courrensan, France",Veuve Goudoulin,own_make,NULL,FALSE,FALSE,Bas-Armagnac; Millésime,NULL,2006,NULL,NULL,NULL,NULL,NULL,NULL,NULL,https://www.armagnac-goudoulin.com/bas-armagnac-s132.html;https://www.armagnac.com/fr/armagnac.php/1964-bas-armagnac-j-goudoulin-2006,2026-06-26,https://www.armagnac.com/12945-large_default/bas-armagnac-j-goudoulin-2006.jpg,armagnac_france
Armagnac,Armagnac Veuve Goudoulin,"Courrensan, France",Veuve Goudoulin,own_make,NULL,FALSE,FALSE,"Bas-Armagnac; Millésime, Cask Strength; Brut de Fût",NULL,2008,NULL,NULL,NULL,NULL,NULL,NULL,NULL,https://www.armagnac-goudoulin.com/bas-armagnac-2008-edition-limitee-s134.html,2026-06-14,NULL,armagnac_france
Armagnac,Armagnac Veuve Goudoulin,"Courrensan, France",Veuve Goudoulin,own_make,NULL,FALSE,FALSE,"Bas-Armagnac; Millésime, Cask Strength; Brut de Fût",NULL,2015,NULL,NULL,NULL,NULL,NULL,NULL,NULL,https://www.armagnac-goudoulin.com/2015-bas-armagnac-brut-de-fut-s133.html,2026-06-14,NULL,armagnac_france
Armagnac,Château de Cassaigne,"Cassaigne, France",Château de Cassaigne,own_make,NULL,FALSE,FALSE,"Armagnac-Ténarèze; VSOP, Blend",NULL,NULL,NULL,80,40,Ugni Blanc; Colombard,Oak,NULL,"A blend of 6 years and more, aged in oak barrels, tamed by the more mature 12 year old brandies in the blend; complex nose and powerful palate; aromas of ripe fruit, vanilla and gentle spice with notes of baked apple, caramel and light oak.",https://www.lacavedebruno.com/products/vsop-domaine-cassaigne-aoc-armagnac-nv; https://www.corneyandbarrow.com/armagnac-vsop-chateau-de-cassaigne-102079400nvb701-1.html,2026-06-26,http://www.lacavedebruno.com/cdn/shop/products/online-french-armagnac.jpg,armagnac_france
Armagnac,Château de Cassaigne,"Cassaigne, France",Château de Cassaigne,own_make,NULL,FALSE,FALSE,Armagnac-Ténarèze; Millésime,NULL,1935,NULL,80,40,NULL,NULL,NULL,NULL,https://www.idealwine.com/en/buy-a-wine/B2120562-685-1-bottle-Armagnac-Chateau-de-Cassaigne-1935-Amber,2026-06-26,https://www.idealwine.com/media/cache/product_variant_medium/00-migrated-variant-photos/B2615487_773.jpg,armagnac_france
Armagnac,Château de Cassaigne,"Cassaigne, France",Château de Cassaigne,own_make,NULL,FALSE,FALSE,Armagnac-Ténarèze; Millésime,NULL,1952,NULL,NULL,NULL,NULL,NULL,NULL,NULL,https://www.stephconti.com/1-armagnac/armagnac-cassaigne/armagnac-cassaigne-millesime-1952-en-coffret-bois-70cl.html,2026-06-26,https://media.cdnws.com/_i/47855/fb%7B630%7D-8551/2542/51/armagnac-cassaigne-1952.jpeg,armagnac_france
Armagnac,Château de Cassaigne,"Cassaigne, France",Château de Cassaigne,own_make,NULL,FALSE,FALSE,Armagnac-Ténarèze; Millésime,NULL,1962,NULL,NULL,NULL,NULL,NULL,NULL,NULL,https://www.stephconti.com/1-armagnac/armagnac-cassaigne/coffret-bois-armagnac-cassaigne-millesime-1962-70cl.html,2026-06-26,https://media.cdnws.com/_i/47855/fb%7B630%7D-8430/2825/34/cassaigne-1962.jpeg,armagnac_france
Armagnac,Château de Cassaigne,"Cassaigne, France",Château de Cassaigne,own_make,NULL,FALSE,FALSE,Armagnac-Ténarèze; Millésime,NULL,1963,NULL,NULL,NULL,NULL,NULL,NULL,NULL,https://www.stephconti.com/1-armagnac/armagnac-cassaigne/coffret-bois-armagnac-cassaigne-millesime-1963-70cl.html,2026-06-26,https://media.cdnws.com/_i/47855/fb%7B630%7D-8414/3007/18/cassaigne-1963.jpeg,armagnac_france
Armagnac,Château de Cassaigne,"Cassaigne, France",Château de Cassaigne,own_make,NULL,FALSE,FALSE,Armagnac-Ténarèze; Millésime,NULL,1968,NULL,NULL,NULL,NULL,NULL,NULL,NULL,https://www.stephconti.com/1-armagnac/armagnac-cassaigne/armagnac-chateau-de-cassaigne-millesime-1968-70cl.html,2026-06-26,https://media.cdnws.com/_i/47855/fb%7B630%7D-9211/1215/13/cassaigne-1968.jpeg,armagnac_france
Armagnac,Château de Cassaigne,"Cassaigne, France",Château de Cassaigne,own_make,NULL,FALSE,FALSE,Armagnac-Ténarèze; Millésime,NULL,1970,NULL,NULL,NULL,NULL,NULL,NULL,NULL,https://www.stephconti.com/1-armagnac/armagnac-cassaigne/armagnac-cassaigne-millesime-1970-70cl.html,2026-06-26,https://media.cdnws.com/_i/47855/fb%7B630%7D-8408/568/12/armagnac-cassaigne-1970.jpeg,armagnac_france
Armagnac,Château de Cassaigne,"Cassaigne, France",Château de Cassaigne,own_make,NULL,FALSE,FALSE,Armagnac-Ténarèze; Millésime,NULL,1971,NULL,NULL,NULL,NULL,NULL,NULL,NULL,https://www.stephconti.com/1-armagnac/armagnac-cassaigne/armagnac-chateau-de-cassaigne-millesime-1971-70cl.html,2026-06-26,https://media.cdnws.com/_i/47855/fb%7B630%7D-8560/377/60/cassaigne-1971.jpeg,armagnac_france
Armagnac,Château de Cassaigne,"Cassaigne, France",Château de Cassaigne,own_make,NULL,FALSE,FALSE,Armagnac-Ténarèze; Millésime,NULL,1978,NULL,NULL,NULL,NULL,NULL,NULL,NULL,https://www.stephconti.com/1-armagnac/armagnac-cassaigne/armagnac-cassaigne-millesime-1978-70cl.html,2026-06-26,https://media.cdnws.com/_i/47855/fb%7B630%7D-9147/30/48/cassaigne-1978.jpeg,armagnac_france
Armagnac,Château de Cassaigne,"Cassaigne, France",Château de Cassaigne,own_make,NULL,FALSE,FALSE,Armagnac-Ténarèze; Millésime,NULL,1979,NULL,NULL,NULL,NULL,NULL,NULL,NULL,https://www.stephconti.com/1-armagnac/armagnac-cassaigne/coffret-bois-armagnac-cassaigne-millesime-1979-70cl.html,2026-06-26,https://media.cdnws.com/_i/47855/fb%7B630%7D-8419/2650/23/armagnac-cassaigne-1979.jpeg,armagnac_france
Armagnac,Château de Cassaigne,"Cassaigne, France",Château de Cassaigne,own_make,NULL,FALSE,FALSE,Armagnac-Ténarèze; Millésime,NULL,1983,NULL,NULL,NULL,NULL,NULL,NULL,NULL,https://www.stephconti.com/1-armagnac/armagnac-cassaigne/armagnac-chateau-de-cassaigne-1983-70cl.html,2026-06-26,https://media.cdnws.com/_i/47855/fb%7B630%7D-9151/2718/52/cassaigne-1983.jpeg,armagnac_france
Armagnac,Château de Cassaigne,"Cassaigne, France",Château de Cassaigne,own_make,NULL,FALSE,FALSE,Armagnac-Ténarèze; Millésime,NULL,1984,NULL,NULL,NULL,NULL,NULL,NULL,NULL,https://www.stephconti.com/1-armagnac/armagnac-cassaigne/armagnac-chateau-de-cassaigne-millesime-1984-70cl.html,2026-06-26,https://media.cdnws.com/_i/47855/fb%7B630%7D-8555/1413/55/cassaigne-1984.jpeg,armagnac_france
Armagnac,Château de Cassaigne,"Cassaigne, France",Château de Cassaigne,own_make,NULL,FALSE,FALSE,Armagnac-Ténarèze; Millésime,NULL,1986,NULL,NULL,NULL,NULL,NULL,NULL,NULL,https://www.stephconti.com/1-armagnac/armagnac-cassaigne/armagnac-chateau-de-cassaigne-1986-70cl.html,2026-06-26,https://media.cdnws.com/_i/47855/fb%7B630%7D-9149/773/50/cassaigne-1986.jpeg,armagnac_france
Armagnac,Château de Cassaigne,"Cassaigne, France",Château de Cassaigne,own_make,NULL,FALSE,FALSE,Armagnac-Ténarèze; Millésime,NULL,1988,NULL,NULL,NULL,NULL,NULL,NULL,NULL,https://www.stephconti.com/1-armagnac/armagnac-cassaigne/armagnac-chateau-de-cassaigne-millesime-1988-70cl-1.html,2026-06-26,https://media.cdnws.com/_i/47855/fb%7B630%7D-8557/3389/57/cassaigne-1988.jpeg,armagnac_france
Armagnac,Château de Cassaigne,"Cassaigne, France",Château de Cassaigne,own_make,NULL,FALSE,FALSE,Armagnac-Ténarèze; Millésime,NULL,1989,NULL,NULL,NULL,NULL,NULL,NULL,NULL,https://www.stephconti.com/1-armagnac/armagnac-cassaigne/armagnac-chateau-de-cassaigne-millesime-1989-70cl-1.html,2026-06-26,https://media.cdnws.com/_i/47855/fb%7B630%7D-9214/931/16/cassaigne-1989.jpeg,armagnac_france
Armagnac,Château de Cassaigne,"Cassaigne, France",Château de Cassaigne,own_make,NULL,FALSE,FALSE,Armagnac-Ténarèze; Millésime,NULL,1991,NULL,NULL,NULL,NULL,NULL,NULL,NULL,https://www.stephconti.com/1-armagnac/armagnac-cassaigne/armagnac-chateau-de-cassaigne-millesime-1991-70cl.html,2026-06-26,https://media.cdnws.com/_i/47855/fb%7B630%7D-8552/282/52/cassaigne-1991.jpeg,armagnac_france
Armagnac,Château de Cassaigne,"Cassaigne, France",Château de Cassaigne,own_make,NULL,FALSE,FALSE,Armagnac-Ténarèze; Millésime,NULL,1992,NULL,NULL,NULL,NULL,NULL,NULL,NULL,https://www.stephconti.com/1-armagnac/armagnac-cassaigne/armagnac-chateau-de-cassaigne-millesime-1992-70cl-1.html,2026-06-26,https://media.cdnws.com/_i/47855/fb%7B630%7D-8646/838/47/cassaigne-1992.jpeg,armagnac_france
Armagnac,Château de Cassaigne,"Cassaigne, France",Château de Cassaigne,own_make,NULL,FALSE,FALSE,Armagnac-Ténarèze; Millésime,NULL,1993,NULL,NULL,NULL,NULL,NULL,NULL,NULL,https://www.stephconti.com/1-armagnac/armagnac-cassaigne/armagnac-chateau-de-cassaigne-millesime-1993-70cl.html,2026-06-26,https://media.cdnws.com/_i/47855/fb%7B630%7D-9217/3556/19/cassaigne-1993.jpeg,armagnac_france
Armagnac,Château de Cassaigne,"Cassaigne, France",Château de Cassaigne,own_make,NULL,FALSE,FALSE,Armagnac-Ténarèze; Millésime,NULL,1995,NULL,NULL,NULL,NULL,NULL,NULL,NULL,https://www.stephconti.com/1-armagnac/armagnac-cassaigne/armagnac-chateau-de-cassaigne-millesime-1995-70cl.html,2026-06-26,https://media.cdnws.com/_i/47855/fb%7B630%7D-9212/2910/14/cassaigne-1995.jpeg,armagnac_france
Armagnac,Château de Cassaigne,"Cassaigne, France",Château de Cassaigne,own_make,NULL,FALSE,FALSE,Armagnac-Ténarèze; Millésime,NULL,1996,NULL,NULL,NULL,NULL,NULL,NULL,NULL,https://www.stephconti.com/1-armagnac/armagnac-cassaigne/armagnac-chateau-de-cassaigne-millesime-1996-70cl.html,2026-06-26,https://media.cdnws.com/_i/47855/fb%7B630%7D-9215/339/17/cassaigne-1996.jpeg,armagnac_france
Armagnac,Château de Cassaigne,"Cassaigne, France",Château de Cassaigne,own_make,NULL,FALSE,FALSE,Armagnac-Ténarèze; Millésime,NULL,1997,NULL,NULL,NULL,NULL,NULL,NULL,NULL,https://www.stephconti.com/1-armagnac/armagnac-cassaigne/armagnac-chateau-de-cassaigne-millesime-1997-70cl-1.html,2026-06-26,https://media.cdnws.com/_i/47855/fb%7B630%7D-9210/568/12/cassaigne-1997.jpeg,armagnac_france
Armagnac,Château de Cassaigne,"Cassaigne, France",Château de Cassaigne,own_make,NULL,FALSE,FALSE,Armagnac-Ténarèze; Millésime,NULL,1999,NULL,NULL,NULL,NULL,NULL,NULL,NULL,https://www.stephconti.com/1-armagnac/armagnac-cassaigne/armagnac-chateau-de-cassaigne-millesime-1999-70cl.html,2026-06-26,https://media.cdnws.com/_i/47855/fb%7B630%7D-8561/660/61/cassaigne-1999.jpeg,armagnac_france
Armagnac,Château de Léberon,"Cassaigne, France",Château de Léberon,own_make,NULL,FALSE,FALSE,"Armagnac-Ténarèze; Millésime, Cask Strength",NULL,1962,NULL,80.2,40.1,"Ugni Blanc, Colombard",Gascony oak,NULL,NULL,https://www.masterofmalt.com/distilleries/chateau-de-leberon/,2026-06-14,NULL,armagnac_france
Armagnac,Château de Léberon,"Cassaigne, France",Château de Léberon,own_make,NULL,FALSE,FALSE,"Armagnac-Ténarèze; Millésime, Cask Strength",51 Years,1964,NULL,81,40.5,NULL,Local Gascony oak,NULL,"At over five decades, this Armagnac is a kaleidoscope of rancio, pimento, five-spice, anise candy, and preserved fig. The alcohol has broken down completely to a warm, glycerol tide softly washing the dark flavors across the palate. The finish continues to reverberate the earlier flavors and lasts and lasts.",https://www.klwines.com/p/i?i=1230381; https://distiller.com/spirits/chateau-de-leberon-1964-armagnac-tenareze,2026-06-14,NULL,armagnac_france
Armagnac,Château de Léberon,"Cassaigne, France",Château de Léberon,own_make,NULL,FALSE,FALSE,"Armagnac-Ténarèze; Millésime, Cask Strength",NULL,1966,NULL,81.8,40.9,"Ugni Blanc, Colombard",Gascony oak,NULL,NULL,https://www.masterofmalt.com/distilleries/chateau-de-leberon/,2026-06-14,NULL,armagnac_france
Armagnac,Château de Léberon,"Cassaigne, France",Château de Léberon,own_make,NULL,FALSE,FALSE,"Armagnac-Ténarèze; Millésime, Cask Strength",NULL,1979,NULL,92,46,"Ugni Blanc, Colombard",Gascony oak,NULL,NULL,https://www.masterofmalt.com/distilleries/chateau-de-leberon/,2026-06-14,NULL,armagnac_france
Armagnac,Château de Léberon,"Cassaigne, France",Château de Léberon,own_make,NULL,FALSE,FALSE,"Armagnac-Ténarèze; Millésime, Cask Strength",NULL,1980,NULL,95.8,47.9,"Ugni Blanc, Colombard",Gascony oak,NULL,NULL,https://www.masterofmalt.com/distilleries/chateau-de-leberon/,2026-06-14,NULL,armagnac_france
Armagnac,Château de Léberon,"Cassaigne, France",Château de Léberon,own_make,NULL,FALSE,FALSE,"Armagnac-Ténarèze; Millésime, Cask Strength",NULL,1984,NULL,88,44,"Ugni Blanc, Colombard",Gascony oak,NULL,NULL,https://www.masterofmalt.com/distilleries/chateau-de-leberon/; https://thewhiskylibrary.com/collections/armagnac-chateau-de-leberon,2026-06-14,NULL,armagnac_france
Armagnac,Château de Léberon,"Cassaigne, France",Château de Léberon,own_make,NULL,FALSE,FALSE,"Armagnac-Ténarèze; Millésime, Cask Strength",29 Years,1986,NULL,89.4,44.7,NULL,Local Gascony oak,NULL,"Deep, brown pitch with no caramel coloring. The nose follows with a deep, nutty profile. At 29 years old there is a youthful spike of acidity that adds nice structure to the more autumnal flavors. At only 44.7% alcohol the finish is rich without leaving much burn.",https://distiller.com/spirits/chateau-de-leberon-1986-armagnac-tenareze,2026-06-14,NULL,armagnac_france
Armagnac,Château de Léberon,"Cassaigne, France",Château de Léberon,own_make,NULL,FALSE,FALSE,"Armagnac-Ténarèze; Millésime, Single Cask, Cask Strength",29 Years,1987,NULL,90.8,45.4,NULL,Oak pièce (42 litre),NULL,"A very nice amber tint with green sheens. Limpid and lustrous. A strongly intense entry and finish. Complex and generous aromas revealing notes of candied fruit, stones, prunes, figs, walnuts. A structured finish that lasts with a beautiful elegance.",https://dewinespot.co/products/chateau-de-leberon-1987-armagnac-tenareze; https://singlecaskrum.com/2021/10/20/armagnac-chateau-de-leberon/,2026-06-26,http://dewinespot.co/cdn/shop/products/64c41865dfa8a15bbc20c99b3b72d40215680aa3.jpg,armagnac_france
Armagnac,Château de Léberon,"Cassaigne, France",Château de Léberon,own_make,NULL,FALSE,FALSE,"Armagnac-Ténarèze; Millésime, Single Cask, Cask Strength",31 Years,1987,NULL,99.8,49.9,"Ugni Blanc, Colombard",Gascony oak,NULL,"Nose slightly acidic and sour with notes of vinegar, sour white grape juice, apple cider, citrus and grilled fish. Palate closer to wine, with herbs such as thyme or oregano, lemon and apple. Finish rather short with apples, cider, apple vinegar and grapefruit.",https://singlecaskrum.com/2021/10/20/armagnac-chateau-de-leberon/,2026-06-28,NULL,armagnac_france
Armagnac,Château de Léberon,"Cassaigne, France",Château de Léberon,own_make,NULL,FALSE,FALSE,"Armagnac-Ténarèze; Millésime, Cask Strength",30 Years,1988,NULL,89.8,44.9,"Ugni Blanc, Colombard",Gascony oak,NULL,"Nose of roasted chestnut, caramelized almonds with a pinch of salt, oak, pomace, multi-grain bread, chocolate and roasted coffee. Palate full proof but lean, with bread, leather, dried fruits and dry red wine. Finish medium-long with wood, spices and juniper berries.",https://www.masterofmalt.com/distilleries/chateau-de-leberon/; https://singlecaskrum.com/2021/10/20/armagnac-chateau-de-leberon/,2026-06-14,NULL,armagnac_france
Armagnac,Château de Léberon,"Cassaigne, France",Château de Léberon,own_make,NULL,FALSE,FALSE,"Armagnac-Ténarèze; Millésime, Cask Strength",NULL,1989,NULL,91.2,45.6,"Ugni Blanc, Colombard",Gascony oak,NULL,NULL,https://www.masterofmalt.com/distilleries/chateau-de-leberon/,2026-06-14,NULL,armagnac_france
Armagnac,Château de Léberon,"Cassaigne, France",Château de Léberon,own_make,NULL,FALSE,FALSE,"Armagnac-Ténarèze; Millésime, Cask Strength",27 Years,1992,NULL,87.6,43.8,"Ugni Blanc, Colombard",Gascony oak,NULL,"Nose of leather, rum-soaked raisins, oak, dried apricot and mild nuts, later more rancid and buttery notes. Palate thin, woody and somewhat bitter with stale black tea, walnuts, chestnuts and wood. Finish long and bitter.",https://www.masterofmalt.com/distilleries/chateau-de-leberon/; https://singlecaskrum.com/2021/10/20/armagnac-chateau-de-leberon/,2026-06-14,NULL,armagnac_france
Armagnac,Château de Léberon,"Cassaigne, France",Château de Léberon,own_make,NULL,FALSE,FALSE,"Armagnac-Ténarèze; Millésime, Single Cask, Cask Strength",27 Years,1994,NULL,92,46,"Ugni Blanc 65%, Colombard 35%",Local dark Gascon oak,NULL,NULL,https://www.astorwines.com/item/44367,2026-06-14,NULL,armagnac_france
Armagnac,Château de Léberon,"Cassaigne, France",Château de Léberon,own_make,NULL,FALSE,FALSE,"Armagnac-Ténarèze; Millésime, Single Cask, Cask Strength",NULL,1998,NULL,96.6,48.3,"Ugni Blanc 65%, Colombard 35%",Gascony oak,NULL,"Blend of 65% Ugni Blanc and 35% Colombard. An exceptionally hot summer that year favored optimal grape maturity, giving rich, powerful and intense notes with remarkable aromatic depth.",https://www.closdesspiritueux.com/29665-clos-des-millesimes-chateau-de-leberon---armagnac-tenareze---brut-de-fut---millesime-1998---483.html; https://www.masterofmalt.com/distilleries/chateau-de-leberon/,2026-06-14,NULL,armagnac_france
Armagnac,Château de Léberon,"Cassaigne, France",Château de Léberon,own_make,NULL,FALSE,FALSE,"Armagnac-Ténarèze; Millésime, Cask Strength",NULL,2000,NULL,92,46,"Ugni Blanc, Colombard",Gascony oak,NULL,NULL,https://www.masterofmalt.com/distilleries/chateau-de-leberon/,2026-06-14,NULL,armagnac_france
Armagnac,Château de Léberon,"Cassaigne, France",Château de Léberon,own_make,NULL,FALSE,FALSE,Armagnac-Ténarèze; Cask Strength; Solera 2001,NULL,NULL,foudre C1,86.4,43.2,"Ugni Blanc, Colombard, Baco",Solera foudre (55 hL),NULL,"Full-bodied and vibrant, with notes of stewed fruit and fruit compote, marrying quince, fig and dried apricot, and a good helping of oak on the finish.",https://www.masterofmalt.com/armagnac/chateau-de-leberon/chateau-de-leberon-solera-2001-armagnac/; https://www.lesgrandsalambics.com/armagnac/1973-chateau-de-leberon-solera-2001.html,2026-06-26,https://cdn11.bigcommerce.com/s-e8lbekfe7c/images/stencil/1024w/attribute_rule_images/5312_source_1758883874.jpg,armagnac_france
Armagnac,Baron Gaston Legrand,"Lannepax, France",Baron Gaston Legrand,blended,NULL,FALSE,FALSE,"Armagnac-Ténarèze; Millésime, Cask Strength",NULL,1971,NULL,88,44,NULL,Gascony oak,NULL,NULL,https://whiskyparis.com/collections/baron-gaston-legrand; https://vinodelice.com/en/collections/armagnac-tenareze; https://www.armagnac.de/en/collections/baron-gaston-legrand-tenareze,2026-06-14,NULL,armagnac_france
Armagnac,Baron Gaston Legrand,"Lannepax, France",Baron Gaston Legrand,blended,NULL,FALSE,FALSE,"Armagnac-Ténarèze; Millésime, Cask Strength",NULL,1972,NULL,88,44,NULL,Gascony oak,NULL,NULL,https://whiskyparis.com/collections/baron-gaston-legrand; https://vinodelice.com/en/collections/armagnac-tenareze; https://www.armagnac.de/en/collections/baron-gaston-legrand-tenareze,2026-06-14,NULL,armagnac_france
Armagnac,Baron Gaston Legrand,"Lannepax, France",Baron Gaston Legrand,blended,NULL,FALSE,FALSE,"Armagnac-Ténarèze; Millésime, Cask Strength",NULL,1974,NULL,94,47,NULL,Gascony oak,NULL,NULL,https://whiskyparis.com/collections/baron-gaston-legrand; https://vinodelice.com/en/collections/armagnac-tenareze; https://www.armagnac.de/en/collections/baron-gaston-legrand-tenareze,2026-06-14,NULL,armagnac_france
Armagnac,Baron Gaston Legrand,"Lannepax, France",Baron Gaston Legrand,blended,NULL,FALSE,FALSE,"Armagnac-Ténarèze; Millésime, Cask Strength",NULL,1975,NULL,94,47,NULL,Gascony oak,NULL,NULL,https://whiskyparis.com/collections/baron-gaston-legrand; https://vinodelice.com/en/collections/armagnac-tenareze; https://www.armagnac.de/en/collections/baron-gaston-legrand-tenareze,2026-06-14,NULL,armagnac_france
Armagnac,Baron Gaston Legrand,"Lannepax, France",Baron Gaston Legrand,blended,NULL,FALSE,FALSE,"Armagnac-Ténarèze; Millésime, Cask Strength",NULL,1978,NULL,80,40,NULL,Gascony oak,NULL,NULL,https://whiskyparis.com/collections/baron-gaston-legrand; https://vinodelice.com/en/collections/armagnac-tenareze; https://www.armagnac.de/en/collections/baron-gaston-legrand-tenareze,2026-06-14,NULL,armagnac_france
Armagnac,Baron Gaston Legrand,"Lannepax, France",Baron Gaston Legrand,blended,NULL,FALSE,FALSE,"Armagnac-Ténarèze; Millésime, Cask Strength",NULL,1979,NULL,80,40,NULL,Gascony oak,NULL,NULL,https://whiskyparis.com/collections/baron-gaston-legrand; https://vinodelice.com/en/collections/armagnac-tenareze; https://www.armagnac.de/en/collections/baron-gaston-legrand-tenareze,2026-06-14,NULL,armagnac_france
Armagnac,Baron Gaston Legrand,"Lannepax, France",Baron Gaston Legrand,blended,NULL,FALSE,FALSE,"Armagnac-Ténarèze; Millésime, Cask Strength",NULL,1980,NULL,94,47,NULL,Gascony oak,NULL,NULL,https://whiskyparis.com/collections/baron-gaston-legrand; https://vinodelice.com/en/collections/armagnac-tenareze; https://www.armagnac.de/en/collections/baron-gaston-legrand-tenareze,2026-06-14,NULL,armagnac_france
Armagnac,Baron Gaston Legrand,"Lannepax, France",Baron Gaston Legrand,blended,NULL,FALSE,FALSE,"Armagnac-Ténarèze; Millésime, Cask Strength",NULL,1982,NULL,90,45,NULL,Gascony oak,NULL,NULL,https://whiskyparis.com/collections/baron-gaston-legrand; https://vinodelice.com/en/collections/armagnac-tenareze; https://www.armagnac.de/en/collections/baron-gaston-legrand-tenareze,2026-06-14,NULL,armagnac_france
Armagnac,Baron Gaston Legrand,"Lannepax, France",Baron Gaston Legrand,blended,NULL,FALSE,FALSE,"Armagnac-Ténarèze; Millésime, Cask Strength",NULL,1986,NULL,92,46,NULL,Gascony oak,NULL,NULL,https://whiskyparis.com/collections/baron-gaston-legrand; https://vinodelice.com/en/collections/armagnac-tenareze; https://www.armagnac.de/en/collections/baron-gaston-legrand-tenareze,2026-06-14,NULL,armagnac_france
Armagnac,Baron Gaston Legrand,"Lannepax, France",Baron Gaston Legrand,blended,NULL,FALSE,FALSE,"Armagnac-Ténarèze; Millésime, Cask Strength",NULL,1987,NULL,92,46,NULL,Gascony oak,NULL,NULL,https://whiskyparis.com/collections/baron-gaston-legrand; https://www.armagnac.de/en/collections/baron-gaston-legrand-tenareze,2026-06-14,NULL,armagnac_france
Armagnac,Baron Gaston Legrand,"Lannepax, France",Baron Gaston Legrand,blended,NULL,FALSE,FALSE,"Armagnac-Ténarèze; Millésime, Cask Strength",NULL,1988,NULL,92,46,NULL,Gascony oak,NULL,"Powerful nose of spiced butter, dried fruit, walnut, prune and vanilla; direct, balanced palate with rich, elegant tannins; long, refined, fresh finish.",https://whiskyparis.com/collections/baron-gaston-legrand; https://vinodelice.com/en/products/armagnac-tenareze-baron-gaston-legrand-1988,2026-06-14,NULL,armagnac_france
Armagnac,Baron Gaston Legrand,"Lannepax, France",Baron Gaston Legrand,blended,NULL,FALSE,FALSE,"Armagnac-Ténarèze; Millésime, Cask Strength",NULL,1989,NULL,92,46,NULL,Gascony oak,NULL,NULL,https://whiskyparis.com/collections/baron-gaston-legrand; https://vinodelice.com/en/collections/armagnac-tenareze; https://www.armagnac.de/en/collections/baron-gaston-legrand-tenareze,2026-06-14,NULL,armagnac_france
Armagnac,Baron Gaston Legrand,"Lannepax, France",Baron Gaston Legrand,blended,NULL,FALSE,FALSE,"Armagnac-Ténarèze; Millésime, Cask Strength",NULL,1990,NULL,92,46,NULL,Gascony oak,NULL,NULL,https://whiskyparis.com/collections/baron-gaston-legrand; https://vinodelice.com/en/collections/armagnac-tenareze; https://www.armagnac.de/en/collections/baron-gaston-legrand-tenareze,2026-06-14,NULL,armagnac_france
Armagnac,Baron Gaston Legrand,"Lannepax, France",Baron Gaston Legrand,blended,NULL,FALSE,FALSE,"Armagnac-Ténarèze; Millésime, Cask Strength",NULL,1991,NULL,88,44,NULL,Gascony oak,NULL,NULL,https://whiskyparis.com/collections/baron-gaston-legrand; https://vinodelice.com/en/collections/armagnac-tenareze; https://www.armagnac.de/en/collections/baron-gaston-legrand-tenareze,2026-06-14,NULL,armagnac_france
Armagnac,Baron Gaston Legrand,"Lannepax, France",Baron Gaston Legrand,blended,NULL,FALSE,FALSE,"Armagnac-Ténarèze; Millésime, Cask Strength",NULL,1992,NULL,88,44,NULL,Gascony oak,NULL,NULL,https://whiskyparis.com/collections/baron-gaston-legrand; https://vinodelice.com/en/collections/armagnac-tenareze; https://www.armagnac.de/en/collections/baron-gaston-legrand-tenareze,2026-06-14,NULL,armagnac_france
Armagnac,Baron Gaston Legrand,"Lannepax, France",Baron Gaston Legrand,blended,NULL,FALSE,FALSE,"Armagnac-Ténarèze; Millésime, Cask Strength",NULL,1993,NULL,88,44,NULL,Gascony oak,NULL,NULL,https://whiskyparis.com/collections/baron-gaston-legrand; https://vinodelice.com/en/collections/armagnac-tenareze; https://www.armagnac.de/en/collections/baron-gaston-legrand-tenareze,2026-06-14,NULL,armagnac_france
Armagnac,Baron Gaston Legrand,"Lannepax, France",Baron Gaston Legrand,blended,NULL,FALSE,FALSE,"Armagnac-Ténarèze; Millésime, Cask Strength",NULL,1994,NULL,88,44,NULL,Gascony oak,NULL,NULL,https://whiskyparis.com/collections/baron-gaston-legrand; https://vinodelice.com/en/collections/armagnac-tenareze; https://www.armagnac.de/en/collections/baron-gaston-legrand-tenareze,2026-06-14,NULL,armagnac_france
Armagnac,Baron Gaston Legrand,"Lannepax, France",Baron Gaston Legrand,blended,NULL,FALSE,FALSE,"Armagnac-Ténarèze; Millésime, Cask Strength",NULL,1995,NULL,88,44,NULL,Gascony oak,NULL,NULL,https://whiskyparis.com/collections/baron-gaston-legrand; https://www.armagnac.de/en/collections/baron-gaston-legrand-tenareze,2026-06-14,NULL,armagnac_france
Armagnac,Baron Gaston Legrand,"Lannepax, France",Baron Gaston Legrand,blended,NULL,FALSE,FALSE,"Armagnac-Ténarèze; Millésime, Cask Strength",NULL,1996,NULL,88,44,NULL,Gascony oak,NULL,NULL,https://whiskyparis.com/collections/baron-gaston-legrand; https://vinodelice.com/en/collections/armagnac-tenareze; https://www.armagnac.de/en/collections/baron-gaston-legrand-tenareze,2026-06-14,NULL,armagnac_france
Armagnac,Baron Gaston Legrand,"Lannepax, France",Baron Gaston Legrand,blended,NULL,FALSE,FALSE,"Armagnac-Ténarèze; Millésime, Cask Strength",NULL,1997,NULL,88,44,NULL,Gascony oak,NULL,NULL,https://whiskyparis.com/collections/baron-gaston-legrand; https://vinodelice.com/en/collections/armagnac-tenareze; https://www.armagnac.de/en/collections/baron-gaston-legrand-tenareze,2026-06-14,NULL,armagnac_france
Armagnac,Baron Gaston Legrand,"Lannepax, France",Baron Gaston Legrand,blended,NULL,FALSE,FALSE,"Armagnac-Ténarèze; Millésime, Cask Strength",NULL,1998,NULL,88,44,NULL,Gascony oak,NULL,NULL,https://whiskyparis.com/collections/baron-gaston-legrand; https://vinodelice.com/en/collections/armagnac-tenareze; https://www.armagnac.de/en/collections/baron-gaston-legrand-tenareze,2026-06-14,NULL,armagnac_france
Armagnac,Baron Gaston Legrand,"Lannepax, France",Baron Gaston Legrand,blended,NULL,FALSE,FALSE,"Armagnac-Ténarèze; Millésime, Cask Strength",NULL,1999,NULL,88,44,NULL,Gascony oak,NULL,NULL,https://whiskyparis.com/collections/baron-gaston-legrand; https://vinodelice.com/en/collections/armagnac-tenareze; https://www.armagnac.de/en/collections/baron-gaston-legrand-tenareze,2026-06-14,NULL,armagnac_france
Armagnac,Baron Gaston Legrand,"Lannepax, France",Baron Gaston Legrand,blended,NULL,FALSE,FALSE,"Armagnac-Ténarèze; Millésime, Cask Strength",NULL,2002,NULL,88,44,NULL,Gascony oak,NULL,NULL,https://whiskyparis.com/collections/baron-gaston-legrand; https://vinodelice.com/en/products/armagnac-tenareze-baron-gaston-legrand-2002; https://www.armagnac.de/en/collections/baron-gaston-legrand-tenareze,2026-06-14,NULL,armagnac_france
Armagnac,Janneau,"Condom, France",Janneau,own_make,NULL,FALSE,FALSE,Armagnac; VSOP; Grand Armagnac,NULL,NULL,NULL,80,40,"Ugni Blanc, Baco, Folle Blanche",Limousin oak,NULL,"Kirsch, cherry, stewed plum and cider apple with floral violet, clove, nutmeg, hazelnut and freshly sawn cedar; slightly sweet, fruity palate of prunes and dried fruit with drying oak tannins, tobacco, vanilla, quince and kirsch.",https://www.thewhiskyexchange.com/p/38962/janneau-vsop-armagnac; https://www.diffordsguide.com/beer-wine-spirits/3719/janneau-vsop; https://www.delicando.com/en/26932/janneau-vsop-grand-armagnac-40-vol-07l-in-giftbox,2026-06-26,https://img.thewhiskyexchange.com/540/armag_jan25.jpg,armagnac_france
Armagnac,Janneau,"Condom, France",Janneau,own_make,NULL,FALSE,FALSE,Armagnac; Napoléon; Grand Armagnac,NULL,NULL,NULL,80,40,"Ugni Blanc, Baco",Oak,NULL,NULL,https://www.delicando.com/en/26931/janneau-napoleon-grand-armagnac-40-vol-07l-in-giftbox; https://shop.frankfurt-airport.com/en-US/product/janneau-grand-armagnac-napoleon-40-0-7l-gift-pack_126b06a6452ffb62,2026-06-26,http://www.delicando.com/cdn/shop/files/af06844a97de210a0a76239dd2df047ab039355bb815e99ad6ac0f40843829a1.webp,armagnac_france
Armagnac,Janneau,"Condom, France",Janneau,own_make,NULL,FALSE,FALSE,Armagnac; XO; Grand Armagnac,NULL,NULL,NULL,80,40,"Baco, Ugni Blanc","Limousin oak, Gascon black oak",NULL,NULL,https://www.delicando.com/en/26930/janneau-xo-grand-armagnac-40-vol-07l-in-giftbox; https://www.oldtowntequila.com/janneau-xo-grand-armagnac/; https://shop.frankfurt-airport.com/en-US/product/janneau-grand-armagnac-xo-40-0-7l-gift-pack_e5a0dd1f043e8bca,2026-06-26,http://www.delicando.com/cdn/shop/files/4533513a6e2457f4bc23458ca83c8f899935e95752550d13cf91fa01cf99b825.webp,armagnac_france
Armagnac,Janneau,"Condom, France",Janneau,blended,NULL,FALSE,FALSE,Armagnac; Millésime; Millesime Collection Grand Armagnac,NULL,1985,NULL,86,43,"Ugni Blanc, Baco",Oak,NULL,Deep amber with golden highlights; aromas of ripe fruit including plum and apricot enriched by vanilla and toasted wood.,https://www.wine-searcher.com/find/janneau+millesime+collection+vintage+grand+armagnac+france/1985; https://farehamwinecellar.co.uk/Products/spirit/armagnac/vintage-armagnac/janneau-1985-vintage-armagnac/,2026-06-14,NULL,armagnac_france
Armagnac,Larressingle,"Condom, France",Larressingle,blended,NULL,FALSE,FALSE,Armagnac; VS,NULL,NULL,NULL,NULL,NULL,NULL,"New oak, then used casks",NULL,"Pale yellow with golden highlights; fresh, precise nose dominated by fruit; soft attack with slight toasted notes and white-fruit aromas; smooth vanilla finish.",https://armagnac-larressingle.com/en/,2026-06-14,NULL,armagnac_france
Armagnac,Larressingle,"Condom, France",Larressingle,blended,NULL,FALSE,FALSE,Armagnac; VSOP,NULL,NULL,NULL,80,40,NULL,"New oak, then used casks",NULL,Supple and full-fruited with a rich smoky bouquet reminiscent of prunes and a lingering mellow finish.,https://www.kobrandwineandspirits.com/product/larressingle_vsop_armagnac/; https://www.empirewine.com/liquor/larressingle-vsop-armagnac-750ml-h12888/; https://armagnac-larressingle.com/en/,2026-06-14,NULL,armagnac_france
Armagnac,Larressingle,"Condom, France",Larressingle,blended,NULL,FALSE,FALSE,Armagnac; Napoléon,NULL,NULL,NULL,NULL,NULL,NULL,"New oak, then used casks",NULL,NULL,https://armagnac-larressingle.com/en/; https://woodencork.com/products/larressingle-napoleon-vieil-armagnac,2026-06-28,NULL,armagnac_france
Armagnac,Larressingle,"Condom, France",Larressingle,blended,NULL,FALSE,FALSE,Armagnac; XO,NULL,NULL,NULL,80,40,NULL,"New oak, then used casks",NULL,"Complex, virile and long-lived; elegant and refined on the palate, with a subtle smoky bouquet hinting of prunes and hazelnuts and a smooth lasting finish.",https://www.kobrandwineandspirits.com/product/larressingle_xo_armagnac/; https://www.empirewine.com/liquor/larressingle-xo-armagnac-h12889/; https://armagnac-larressingle.com/en/,2026-06-14,NULL,armagnac_france
Armagnac,Marquis de Montesquiou,"Eauze, France",Marquis de Montesquiou,blended,NULL,FALSE,FALSE,Armagnac; VS,NULL,NULL,NULL,86,43,"Ugni Blanc, Folle Blanche, Baco",Oak,NULL,NULL,https://www.masterofmalt.com/armagnac/marquis-de-montesquiou/marquis-de-montesquiou-vs-armagnac/; https://marquisarmagnac.com/en/,2026-06-26,https://cdn11.bigcommerce.com/s-e8lbekfe7c/images/stencil/1024w/attribute_rule_images/61595_source_1780576348.jpg,armagnac_france
Armagnac,Marquis de Montesquiou,"Eauze, France",Marquis de Montesquiou,blended,NULL,FALSE,FALSE,Armagnac; VSOP,NULL,NULL,NULL,86,43,"Ugni Blanc, Folle Blanche, Baco",Oak,NULL,"Delicate, spicy aromas of apricot, caramel, vanilla, orange peel, cinnamon and caramelised fruits; smooth, rich, full-bodied, fresh and fruity palate with a hint of ginger; rich finish with sweet spices and vanilla.",https://www.masterofmalt.com/armagnac/marquis-de-montesquiou/marquis-de-montesquiou-vsop-armagnac/; https://marquisarmagnac.com/en/,2026-06-26,https://cdn11.bigcommerce.com/s-e8lbekfe7c/images/stencil/1024w/attribute_rule_images/61585_source_1777228828.jpg,armagnac_france
Armagnac,Marquis de Montesquiou,"Eauze, France",Marquis de Montesquiou,blended,NULL,FALSE,FALSE,Armagnac; XO,NULL,NULL,NULL,86,43,"Ugni Blanc, Folle Blanche, Baco",Oak,NULL,NULL,https://www.masterofmalt.com/distilleries/marquis-de-montesquiou-armagnac-distillery/; https://www.saratogawine.com/product/marquis-de-montesquiou-napoleon-armagnac-xo-750ml/; https://marquisarmagnac.com/en/,2026-06-14,NULL,armagnac_france
Armagnac,Domaine de Pellehaut,"Montréal, France",Domaine de Pellehaut,own_make,NULL,FALSE,FALSE,Armagnac-Ténarèze; VS,NULL,NULL,NULL,NULL,NULL,Ugni Blanc; Folle Blanche,NULL,NULL,NULL,https://www.armagnac.com/fr/armagnac.php/1840-armagnac-domaine-de-pellehaut-vs,2026-06-26,https://www.armagnac.com/12124-large_default/armagnac-domaine-de-pellehaut-vs.jpg,armagnac_france
Armagnac,Domaine de Pellehaut,"Montréal, France",Domaine de Pellehaut,own_make,NULL,FALSE,FALSE,Armagnac-Ténarèze; VSOP,NULL,NULL,NULL,NULL,NULL,Ugni Blanc; Folle Blanche,NULL,NULL,NULL,https://www.armagnac.com/fr/armagnac.php/1883-armagnac-domaine-de-pellehaut-carafe-vsop,2026-06-26,https://www.armagnac.com/11870-large_default/armagnac-domaine-de-pellehaut-carafe-vsop.jpg,armagnac_france
Armagnac,Domaine de Pellehaut,"Montréal, France",Domaine de Pellehaut,own_make,NULL,FALSE,FALSE,Armagnac-Ténarèze; XO,NULL,NULL,NULL,NULL,NULL,Folle Blanche; Ugni Blanc,NULL,NULL,"Copper colour with amber highlights; candied fruit, spices and noble rancio on the nose; soft palate with smooth notes of prunes, liquorice and cocoa.",https://www.armagnac.com/fr/armagnac.php/1790-armagnac-domaine-de-pellehaut-xo,2026-06-26,https://www.armagnac.com/12122-large_default/armagnac-domaine-de-pellehaut-xo.jpg,armagnac_france
Armagnac,Domaine de Pellehaut,"Montréal, France",Domaine de Pellehaut,own_make,NULL,FALSE,FALSE,Armagnac-Ténarèze; XO; Collection XO,NULL,NULL,NULL,NULL,NULL,NULL,NULL,NULL,"Blend of 20 and 30 year olds; walnuts, coffee, prunes and ginger.",https://www.armagnac.com/fr/armagnac.php/1841-armagnac-domaine-de-pellehaut-collection-xo,2026-06-26,https://www.armagnac.com/11630-large_default/armagnac-domaine-de-pellehaut-collection-xo.jpg,armagnac_france
Armagnac,Domaine de Pellehaut,"Montréal, France",Domaine de Pellehaut,own_make,NULL,FALSE,FALSE,Armagnac-Ténarèze; Hors d'Âge; Réserve,NULL,NULL,NULL,NULL,NULL,NULL,NULL,NULL,Average age around 10 years; vanilla with hints of coconut and marked fruity freshness on the palate.,https://www.armagnac.com/fr/armagnac.php/1792-armagnac-domaine-de-pellehaut-reserve,2026-06-26,https://www.armagnac.com/12126-large_default/armagnac-domaine-de-pellehaut-reserve.jpg,armagnac_france
Armagnac,Domaine de Pellehaut,"Montréal, France",Domaine de Pellehaut,own_make,NULL,FALSE,FALSE,Armagnac-Ténarèze; Vieille Réserve; La Réserve de Gaston,NULL,NULL,NULL,84,42,Ugni Blanc; Folle Blanche,400L oak,NULL,"Golden mahogany; blend of 20-year Ugni Blanc and 10-year Folle Blanche; powerful woody nose with peach and mirabelle plum and noble spices; warm, sweet, full palate with a slightly salty note and very long finish.",https://www.armagnac.com/fr/armagnac.php/1793-armagnac-domaine-de-pellehaut-la-reserve-de-gaston,2026-06-26,https://www.armagnac.com/11106-large_default/armagnac-domaine-de-pellehaut-la-reserve-de-gaston.jpg,armagnac_france
Armagnac,Domaine de Pellehaut,"Montréal, France",Domaine de Pellehaut,own_make,NULL,FALSE,FALSE,Armagnac-Ténarèze; Sélection,7 Years,NULL,NULL,NULL,NULL,NULL,NULL,NULL,NULL,https://www.armagnac.com/fr/armagnac.php/1842-armagnac-domaine-de-pellehaut-selection,2026-06-26,https://www.armagnac.com/12120-large_default/armagnac-domaine-de-pellehaut-selection.jpg,armagnac_france
Armagnac,Domaine de Pellehaut,"Montréal, France",Domaine de Pellehaut,own_make,NULL,FALSE,FALSE,Armagnac-Ténarèze; 10 ans d'Âge,10 Years,NULL,NULL,NULL,NULL,NULL,NULL,NULL,NULL,https://www.armagnac.com/fr/armagnac.php/1786-armagnac-domaine-de-pellehaut-10-ans-d-age,2026-06-26,https://www.armagnac.com/11078-large_default/armagnac-domaine-de-pellehaut-10-ans-d-age.jpg,armagnac_france
Armagnac,Domaine de Pellehaut,"Montréal, France",Domaine de Pellehaut,own_make,NULL,FALSE,FALSE,Armagnac-Ténarèze; 20 ans d'Âge,20 Years,NULL,NULL,NULL,NULL,NULL,NULL,NULL,NULL,https://www.armagnac.com/fr/armagnac.php/1787-armagnac-domaine-de-pellehaut-20-ans-d-age,2026-06-26,https://www.armagnac.com/11082-large_default/armagnac-domaine-de-pellehaut-20-ans-d-age.jpg,armagnac_france
Armagnac,Domaine de Pellehaut,"Montréal, France",Domaine de Pellehaut,own_make,NULL,FALSE,FALSE,Armagnac-Ténarèze; 30 ans d'Âge,30 Years,NULL,NULL,NULL,NULL,NULL,NULL,NULL,NULL,https://www.armagnac.com/fr/armagnac.php/1788-armagnac-domaine-de-pellehaut-30-ans-d-age,2026-06-26,https://www.armagnac.com/11086-large_default/armagnac-domaine-de-pellehaut-30-ans-d-age.jpg,armagnac_france
Armagnac,Domaine de Pellehaut,"Montréal, France",Domaine de Pellehaut,own_make,NULL,FALSE,FALSE,Armagnac-Ténarèze; 40 ans d'Âge,40 Years,NULL,NULL,NULL,NULL,NULL,NULL,NULL,NULL,https://www.armagnac.com/fr/armagnac.php/1789-armagnac-domaine-de-pellehaut-40-ans-d-age,2026-06-26,https://www.armagnac.com/11090-large_default/armagnac-domaine-de-pellehaut-40-ans-d-age.jpg,armagnac_france
Armagnac,Domaine de Pellehaut,"Montréal, France",Domaine de Pellehaut,own_make,NULL,FALSE,FALSE,Armagnac-Ténarèze; Millésime,NULL,1974,NULL,NULL,NULL,NULL,NULL,NULL,NULL,https://www.armagnac.com/fr/armagnac.php/1772-armagnac-domaine-de-pellehaut-1974,2026-06-26,https://www.armagnac.com/11022-large_default/armagnac-domaine-de-pellehaut-1974.jpg,armagnac_france
Armagnac,Domaine de Pellehaut,"Montréal, France",Domaine de Pellehaut,own_make,NULL,FALSE,FALSE,Armagnac-Ténarèze; Millésime,NULL,1983,NULL,NULL,NULL,NULL,NULL,NULL,NULL,https://www.armagnac.com/fr/armagnac.php/1774-armagnac-domaine-de-pellehaut-1983,2026-06-26,https://www.armagnac.com/11030-large_default/armagnac-domaine-de-pellehaut-1983.jpg,armagnac_france
Armagnac,Domaine de Pellehaut,"Montréal, France",Domaine de Pellehaut,own_make,NULL,FALSE,FALSE,Armagnac-Ténarèze; Millésime,NULL,1984,NULL,NULL,NULL,NULL,NULL,NULL,NULL,https://www.armagnac.com/fr/armagnac.php/1926-armagnac-domaine-de-pellehaut-1984,2026-06-26,https://www.armagnac.com/12130-large_default/armagnac-domaine-de-pellehaut-1984.jpg,armagnac_france
Armagnac,Domaine de Pellehaut,"Montréal, France",Domaine de Pellehaut,own_make,NULL,FALSE,FALSE,Armagnac-Ténarèze; Millésime,NULL,1986,NULL,NULL,NULL,NULL,NULL,NULL,NULL,https://www.armagnac.com/fr/armagnac.php/1775-armagnac-domaine-de-pellehaut-1986,2026-06-26,https://www.armagnac.com/11034-large_default/armagnac-domaine-de-pellehaut-1986.jpg,armagnac_france
Armagnac,Domaine de Pellehaut,"Montréal, France",Domaine de Pellehaut,own_make,NULL,FALSE,FALSE,Armagnac-Ténarèze; Millésime,NULL,1987,NULL,NULL,NULL,NULL,NULL,NULL,NULL,https://www.armagnac.com/fr/armagnac.php/1776-armagnac-domaine-de-pellehaut-1987,2026-06-26,https://www.armagnac.com/11038-large_default/armagnac-domaine-de-pellehaut-1987.jpg,armagnac_france
Armagnac,Domaine de Pellehaut,"Montréal, France",Domaine de Pellehaut,own_make,NULL,FALSE,FALSE,Armagnac-Ténarèze; Millésime,NULL,1988,NULL,NULL,NULL,NULL,NULL,NULL,NULL,https://www.armagnac.com/fr/armagnac.php/1777-armagnac-domaine-de-pellehaut-1988,2026-06-26,https://www.armagnac.com/11042-large_default/armagnac-domaine-de-pellehaut-1988.jpg,armagnac_france
Armagnac,Domaine de Pellehaut,"Montréal, France",Domaine de Pellehaut,own_make,NULL,FALSE,FALSE,Armagnac-Ténarèze; Millésime,NULL,1989,NULL,NULL,NULL,NULL,NULL,NULL,NULL,https://www.armagnac.com/fr/armagnac.php/1778-armagnac-domaine-de-pellehaut-1989,2026-06-26,https://www.armagnac.com/11046-large_default/armagnac-domaine-de-pellehaut-1989.jpg,armagnac_france
Armagnac,Domaine de Pellehaut,"Montréal, France",Domaine de Pellehaut,own_make,NULL,FALSE,FALSE,Armagnac-Ténarèze; Millésime,NULL,1990,NULL,NULL,NULL,NULL,NULL,NULL,NULL,https://www.armagnac.com/fr/armagnac.php/1780-armagnac-domaine-de-pellehaut-1990,2026-06-26,https://www.armagnac.com/11054-large_default/armagnac-domaine-de-pellehaut-1990.jpg,armagnac_france
Armagnac,Domaine de Pellehaut,"Montréal, France",Domaine de Pellehaut,own_make,NULL,FALSE,FALSE,Armagnac-Ténarèze; Millésime,NULL,2000,NULL,NULL,NULL,NULL,NULL,NULL,NULL,https://www.armagnac.com/fr/armagnac.php/1783-armagnac-domaine-de-pellehaut-2000,2026-06-26,https://www.armagnac.com/11066-large_default/armagnac-domaine-de-pellehaut-2000.jpg,armagnac_france
Armagnac,Domaine de Pellehaut,"Montréal, France",Domaine de Pellehaut,own_make,NULL,FALSE,FALSE,Armagnac-Ténarèze; Millésime,NULL,2001,NULL,NULL,NULL,NULL,NULL,NULL,NULL,https://www.armagnac.com/fr/armagnac.php/1784-armagnac-domaine-de-pellehaut-2001,2026-06-26,https://www.armagnac.com/11070-large_default/armagnac-domaine-de-pellehaut-2001.jpg,armagnac_france
Armagnac,Domaine de Pellehaut,"Montréal, France",Domaine de Pellehaut,own_make,NULL,FALSE,FALSE,Armagnac-Ténarèze; Millésime,NULL,2005,NULL,NULL,NULL,NULL,NULL,NULL,NULL,https://www.armagnac.com/fr/armagnac.php/1785-armagnac-domaine-de-pellehaut-2005,2026-06-26,https://www.armagnac.com/11074-large_default/armagnac-domaine-de-pellehaut-2005.jpg,armagnac_france
Armagnac,Domaine de Pellehaut,"Montréal, France",Domaine de Pellehaut,own_make,NULL,FALSE,FALSE,Blanche Armagnac; Folle Blanche,NULL,NULL,NULL,NULL,NULL,Folle Blanche,NULL,NULL,"100% Folle Blanche, matured two years in vat; powerful fruity nose of ripe pear, peach and banana with rosemary, floral when warmed; clean palate with violets and fresh cherries.",https://www.armagnac.com/fr/armagnac.php/1791-armagnac-domaine-de-pellehaut-blanche; https://www.pellehaut.com/fr/les-armagnac-de-coupe/41-blanche-d-armagnac.html,2026-06-26,https://www.armagnac.com/12118-large_default/armagnac-domaine-de-pellehaut-blanche.jpg,armagnac_france
Armagnac,Domaine de Magnaut,"Fourcès, France",Domaine de Magnaut,own_make,NULL,FALSE,FALSE,Armagnac-Ténarèze; VS,NULL,NULL,NULL,NULL,NULL,NULL,NULL,NULL,NULL,https://www.domainedemagnaut.com/produit/armagnac-v-s/; https://www.domainedemagnaut.com/nos-produits/,2026-06-14,NULL,armagnac_france
Armagnac,Domaine de Magnaut,"Fourcès, France",Domaine de Magnaut,own_make,NULL,FALSE,FALSE,Armagnac-Ténarèze; VSOP,NULL,NULL,NULL,NULL,NULL,NULL,NULL,NULL,Nose of candied oranges and quince paste with slightly toasted wood; palate of citrus and fruit notes.,https://www.domainedemagnaut.com/produit/armagnac-v-s-o-p/; https://www.domainedemagnaut.com/nos-produits/,2026-06-14,NULL,armagnac_france
Armagnac,Domaine de Magnaut,"Fourcès, France",Domaine de Magnaut,own_make,NULL,FALSE,FALSE,Armagnac-Ténarèze; XO,NULL,NULL,NULL,NULL,NULL,NULL,NULL,NULL,NULL,https://www.domainedemagnaut.com/produit/armagnac-x-o/; https://www.domainedemagnaut.com/nos-produits/,2026-06-14,NULL,armagnac_france
Armagnac,Domaine de Magnaut,"Fourcès, France",Domaine de Magnaut,own_make,NULL,FALSE,FALSE,Armagnac-Ténarèze; Millésime,NULL,1976,NULL,NULL,NULL,NULL,NULL,NULL,Bottled 2022; '50 ans d'âge' release.,https://www.domainedemagnaut.com/produit/armagnac-1976-50-ans-dage/; https://www.domainedemagnaut.com/nos-produits/,2026-06-14,NULL,armagnac_france
Armagnac,Domaine de Magnaut,"Fourcès, France",Domaine de Magnaut,own_make,NULL,FALSE,FALSE,Armagnac-Ténarèze; Millésime,NULL,1981,NULL,NULL,NULL,NULL,NULL,NULL,NULL,https://www.domainedemagnaut.com/produit/armagnac-1981/; https://www.domainedemagnaut.com/nos-produits/,2026-06-14,NULL,armagnac_france
Armagnac,Domaine de Magnaut,"Fourcès, France",Domaine de Magnaut,own_make,NULL,FALSE,FALSE,Armagnac-Ténarèze; Millésime,NULL,2005,NULL,NULL,NULL,NULL,NULL,NULL,NULL,https://www.domainedemagnaut.com/produit/armagnac-2005/; https://www.domainedemagnaut.com/nos-produits/,2026-06-14,NULL,armagnac_france
Armagnac,Domaine de Magnaut,"Fourcès, France",Domaine de Magnaut,own_make,NULL,FALSE,FALSE,Armagnac-Ténarèze; Millésime,NULL,2006,NULL,NULL,NULL,NULL,NULL,NULL,NULL,https://www.domainedemagnaut.com/produit/armagnac-2006/; https://www.domainedemagnaut.com/nos-produits/,2026-06-14,NULL,armagnac_france
Armagnac,Domaine de Magnaut,"Fourcès, France",Domaine de Magnaut,own_make,NULL,FALSE,FALSE,Armagnac-Ténarèze; Millésime,NULL,2007,NULL,NULL,NULL,NULL,NULL,NULL,NULL,https://www.domainedemagnaut.com/produit/armagnac-2007/; https://www.domainedemagnaut.com/nos-produits/,2026-06-14,NULL,armagnac_france
Armagnac,Domaine de Magnaut,"Fourcès, France",Domaine de Magnaut,own_make,NULL,FALSE,FALSE,Armagnac-Ténarèze; Millésime,NULL,2008,NULL,NULL,NULL,NULL,NULL,NULL,NULL,https://www.domainedemagnaut.com/produit/armagnac-2008/; https://www.domainedemagnaut.com/nos-produits/,2026-06-14,NULL,armagnac_france
Armagnac,Domaine de Magnaut,"Fourcès, France",Domaine de Magnaut,own_make,NULL,FALSE,FALSE,Armagnac-Ténarèze; Millésime,NULL,2009,NULL,NULL,NULL,NULL,NULL,NULL,NULL,https://www.domainedemagnaut.com/produit/armagnac-2009/; https://www.domainedemagnaut.com/nos-produits/,2026-06-14,NULL,armagnac_france
Armagnac,Domaine de Magnaut,"Fourcès, France",Domaine de Magnaut,own_make,NULL,FALSE,FALSE,Armagnac-Ténarèze; Millésime,NULL,2011,NULL,NULL,NULL,NULL,NULL,NULL,NULL,https://www.domainedemagnaut.com/produit/armagnac-2011/; https://www.domainedemagnaut.com/nos-produits/,2026-06-14,NULL,armagnac_france
Armagnac,Domaine de Magnaut,"Fourcès, France",Domaine de Magnaut,own_make,NULL,FALSE,FALSE,Armagnac-Ténarèze; Millésime,NULL,2012,NULL,NULL,NULL,NULL,NULL,NULL,NULL,https://www.domainedemagnaut.com/produit/armagnac-2012/; https://www.domainedemagnaut.com/nos-produits/,2026-06-14,NULL,armagnac_france
Armagnac,Domaine de Magnaut,"Fourcès, France",Domaine de Magnaut,own_make,NULL,FALSE,FALSE,Armagnac-Ténarèze; Millésime,NULL,2013,NULL,NULL,NULL,NULL,NULL,NULL,NULL,https://www.domainedemagnaut.com/produit/armagnac-2013/; https://www.domainedemagnaut.com/nos-produits/,2026-06-14,NULL,armagnac_france
Armagnac,Domaine de Magnaut,"Fourcès, France",Domaine de Magnaut,own_make,NULL,FALSE,FALSE,Armagnac-Ténarèze; Millésime,NULL,2014,NULL,NULL,NULL,NULL,NULL,NULL,NULL,https://www.domainedemagnaut.com/produit/armagnac-2014/; https://www.domainedemagnaut.com/nos-produits/,2026-06-14,NULL,armagnac_france
Armagnac,Domaine de Magnaut,"Fourcès, France",Domaine de Magnaut,own_make,NULL,FALSE,FALSE,Armagnac-Ténarèze; Millésime,NULL,2004,NULL,NULL,NULL,NULL,NULL,NULL,Listed as 20cl mignonnette format.,https://www.domainedemagnaut.com/produit/armagnac-2004-mignonnette-20-cl/; https://www.domainedemagnaut.com/nos-produits/,2026-06-14,NULL,armagnac_france
Armagnac,Domaine de Magnaut,"Fourcès, France",Domaine de Magnaut,own_make,NULL,FALSE,FALSE,Blanche Armagnac,NULL,NULL,NULL,NULL,NULL,NULL,NULL,NULL,NULL,https://www.domainedemagnaut.com/produit/blanche-darmagnac/; https://www.domainedemagnaut.com/nos-produits/,2026-06-14,NULL,armagnac_france
Armagnac,Château de Busca-Maniban,"Mansencôme, France",Château de Busca-Maniban,own_make,NULL,FALSE,FALSE,Armagnac-Ténarèze; XO; XO No. 1,NULL,NULL,NULL,80,40,Ugni Blanc,Black oak casks,NULL,"Orange-golden hue; candied orange and vanilla on the nose; long, smooth palate with mellow woodiness.",https://shop.klwines.com/products/details/1020469; https://www.wine-searcher.com/find/du+busca+x+o+no+one+tenareze+armagnac+france,2026-06-14,NULL,armagnac_france
Armagnac,Château de Busca-Maniban,"Mansencôme, France",Château de Busca-Maniban,own_make,NULL,FALSE,FALSE,Armagnac-Ténarèze; Hors d'Âge,NULL,NULL,NULL,80,40,Ugni Blanc,Oak barrels,NULL,"Deep orange hue. Nose: ripe black plum and fig. Palate: sweet with notes of mandarin and lightly roasted vanilla. Silver Medal, 2006 San Francisco World Spirits Competition.",https://shop.klwines.com/products/details/1020467; https://www.klwines.com/p/i?i=1020467,2026-06-26,https://cdn.klwines.com/images/skus/1020467x.jpg,armagnac_france
Armagnac,Château de Busca-Maniban,"Mansencôme, France",Château de Busca-Maniban,own_make,NULL,FALSE,FALSE,Armagnac-Ténarèze; Millésime,NULL,1978,NULL,80,40,Ugni Blanc,Black oak casks,NULL,NULL,https://www.klwines.com/detail.asp?sku=1020468; https://www.wine-searcher.com/find/du+busca+millesime+armagnac+tenareze+france/1978,2026-06-14,NULL,armagnac_france
Armagnac,Château de Busca-Maniban,"Mansencôme, France",Château de Busca-Maniban,own_make,NULL,FALSE,FALSE,Armagnac-Ténarèze; Millésime,NULL,1981,NULL,NULL,NULL,Ugni Blanc,Black oak casks,NULL,NULL,https://www.wine-searcher.com/find/du+busca+millesime+armagnac+tenareze+france,2026-06-14,NULL,armagnac_france
Armagnac,Château de Busca-Maniban,"Mansencôme, France",Château de Busca-Maniban,own_make,NULL,FALSE,FALSE,Armagnac-Ténarèze; Millésime,NULL,1983,NULL,NULL,NULL,Ugni Blanc,Black oak casks,NULL,NULL,https://www.wine-searcher.com/find/du+busca+millesime+armagnac+tenareze+france; https://www.cellartracker.com/wine.asp?iWine=4179211,2026-06-14,NULL,armagnac_france
Armagnac,Château de Busca-Maniban,"Mansencôme, France",Château de Busca-Maniban,own_make,NULL,FALSE,FALSE,Armagnac-Ténarèze; Millésime,NULL,1986,NULL,NULL,NULL,Ugni Blanc,Black oak casks,NULL,NULL,https://www.delmesaliquor.com/products/chateau-du-busca-armagnac-1986-vintage-tenareze; https://www.wine-searcher.com/find/du+busca+millesime+armagnac+tenareze+france,2026-06-26,http://www.delmesaliquor.com/cdn/shop/products/busca_df1c5e97-4745-4919-8e74-288c670f8733.png,armagnac_france
Armagnac,Château de Busca-Maniban,"Mansencôme, France",Château de Busca-Maniban,own_make,NULL,FALSE,FALSE,Armagnac-Ténarèze; Millésime,NULL,1988,NULL,NULL,NULL,Ugni Blanc,Black oak casks,NULL,NULL,https://www.wine-searcher.com/find/du+busca+millesime+armagnac+tenareze+france,2026-06-14,NULL,armagnac_france
Armagnac,Château de Busca-Maniban,"Mansencôme, France",Château de Busca-Maniban,own_make,NULL,FALSE,FALSE,Armagnac-Ténarèze; Millésime,NULL,1991,NULL,88,44,Ugni Blanc,Black oak casks,NULL,NULL,https://shop.klwines.com/products/details/1020470; https://www.wine-searcher.com/find/du+busca+millesime+armagnac+tenareze+france/1991,2026-06-14,NULL,armagnac_france
Armagnac,Château de Busca-Maniban,"Mansencôme, France",Château de Busca-Maniban,own_make,NULL,FALSE,FALSE,Armagnac-Ténarèze; Millésime,NULL,1955,NULL,NULL,NULL,Ugni Blanc,Black oak casks,NULL,NULL,https://www.cellartracker.com/wine.asp?iWine=2198619,2026-06-26,https://cdn.ct-static.com/labels/f6d7c165-ea64-472a-8694-49fb7e0ff5ac.jpg,armagnac_france
Armagnac,Château de Busca-Maniban,"Mansencôme, France",Château de Busca-Maniban,own_make,NULL,FALSE,FALSE,Armagnac-Ténarèze; Millésime,NULL,1946,NULL,NULL,NULL,Ugni Blanc,Black oak casks,NULL,NULL,https://www.thewhiskyexchange.com/p/37989/chateau-du-busca-1946-armagnac,2026-06-26,https://img.thewhiskyexchange.com/540/armag_bus1946.jpg,armagnac_france
Armagnac,Château de Hontambère,"Castelnau-d'Auzan, France",Château de Hontambère,own_make,NULL,FALSE,FALSE,"Armagnac-Ténarèze; XO, Cask Strength, Alambic Armagnacais",NULL,NULL,NULL,106.4,53.2,"Colombard, Ugni Blanc",French oak (420L),NULL,"Aromas of pastry, almond paste and baking spice; viscous texture; spicy and peppery at the edges; seamless mineral finish. Bouquet of vanilla and plum with a touch of oaky rancio. No additive, no reduction, no filtration.",https://www.armagnac.de/en/pages/hontambere; https://flaviar.com/products/hontambere-tenareze-xo-armagnac-750; https://www.caskers.com/hontambere-tenareze-xo-armagnac/,2026-06-28,NULL,armagnac_france
Armagnac,Château de Hontambère,"Castelnau-d'Auzan, France",Château de Hontambère,own_make,NULL,FALSE,FALSE,"Armagnac-Ténarèze; VSOP, Blend, Cask Strength, Alambic Armagnacais",NULL,NULL,NULL,NULL,NULL,"Colombard, Ugni Blanc, Baco, Folle Blanche",French oak (420L),NULL,"Cask-strength VSOP blend. No additives, no coloring, no adulteration.",https://www.armagnac.de/en/pages/hontambere,2026-06-28,NULL,armagnac_france
Armagnac,Château de Hontambère,"Castelnau-d'Auzan, France",Château de Hontambère,own_make,NULL,FALSE,FALSE,Blanche Armagnac; Alambic Armagnacais,NULL,2023,NULL,NULL,NULL,"Colombard, Ugni Blanc, Baco, Folle Blanche",NULL,NULL,Unaged white Armagnac (Blanche).,https://www.armagnac.de/en/products/hontambere-blanche-2023-70; https://www.armagnac.de/en/pages/hontambere,2026-06-26,http://www.armagnac.de/cdn/shop/files/Hontambere-Blanche.jpg,armagnac_france
Armagnac,Château de Hontambère,"Castelnau-d'Auzan, France",Château de Hontambère,own_make,NULL,FALSE,FALSE,"Armagnac-Ténarèze; Millésime, Single Cask, Cask Strength, Colombard",13 Years,2008,Cask TC2,109.6,54.8,Colombard,French oak (420L),NULL,"First Hontambère vintage; distilled from Colombard, aged 13 years in cask TC2, bottled at cask strength.",https://www.heavenlyspirits.com/hontambere-armagnac; https://www.armagnac.de/en/pages/hontambere,2026-06-28,NULL,armagnac_france
Armagnac,Château de Hontambère,"Castelnau-d'Auzan, France",Château de Hontambère,own_make,NULL,FALSE,FALSE,"Armagnac-Ténarèze; Millésime, Single Cask, Cask Strength",NULL,2011,NULL,NULL,NULL,NULL,French oak (420L),NULL,Estate-distilled single-cask vintage.,https://www.whiskynotes.be/2025/armagnac/hontambere-armagnac-2013-2011-1982/,2026-06-26,https://www.whiskynotes.be/wp-content/uploads/2025/02/hontambere-armagnac-2013-2011-1982.jpg,armagnac_france
Armagnac,Château de Hontambère,"Castelnau-d'Auzan, France",Château de Hontambère,own_make,NULL,FALSE,FALSE,"Armagnac-Ténarèze; Millésime, Single Cask, Cask Strength",NULL,2013,NULL,NULL,NULL,NULL,French oak (420L),NULL,Estate-distilled single-cask vintage.,https://www.whiskynotes.be/2025/armagnac/hontambere-armagnac-2013-2011-1982/,2026-06-26,https://www.whiskynotes.be/wp-content/uploads/2025/02/hontambere-armagnac-2013-2011-1982.jpg,armagnac_france
Armagnac,Château Pomès-Pébérère,"Condom, France",Château Pomès-Pébérère,own_make,NULL,FALSE,FALSE,"Armagnac-Ténarèze; Ugni Blanc, Colombard, Alambic Armagnacais",10 Years,NULL,NULL,NULL,NULL,"Ugni Blanc 50%, Colombard 40%",Oak casks,NULL,Figs and prunes on the nose; lively attack with aromas evolving toward dried fruit and a woody touch.,https://www.armagnac.com/fr/producteur/chateau-pomes-peberere.html; https://www.armagnac.com/fr/armagnac.php/1898-armagnac-tenareze-chateau-pomes-peberere-10-ans-d-age,2026-06-14,NULL,armagnac_france
Armagnac,Château Pomès-Pébérère,"Condom, France",Château Pomès-Pébérère,own_make,NULL,FALSE,FALSE,"Armagnac-Ténarèze; Ugni Blanc, Colombard, Alambic Armagnacais",20 Years,NULL,NULL,NULL,NULL,"Ugni Blanc 50%, Colombard 40%",Oak casks,NULL,Figs and prunes on the nose; lively attack with aromas evolving toward dried fruit and a woody touch.,https://www.armagnac.com/fr/producteur/chateau-pomes-peberere.html; https://www.armagnac.com/fr/armagnac.php/758-armagnac-tenareze-chateau-pomes-peberere-20-ans-d-age,2026-06-14,NULL,armagnac_france
Armagnac,Château Pomès-Pébérère,"Condom, France",Château Pomès-Pébérère,own_make,NULL,FALSE,FALSE,"Armagnac-Ténarèze; Millésime, Ugni Blanc, Colombard, Alambic Armagnacais",NULL,1974,NULL,84,42,"Ugni Blanc 50%, Colombard 40%",Oak casks,NULL,NULL,https://www.armagnac.com/fr/armagnac.php/762-armagnac-tenareze-chateau-pomes-peberere-1974,2026-06-28,NULL,armagnac_france
Armagnac,Château Pomès-Pébérère,"Condom, France",Château Pomès-Pébérère,own_make,NULL,FALSE,FALSE,"Armagnac-Ténarèze; Millésime, Ugni Blanc, Colombard, Alambic Armagnacais",NULL,1975,NULL,NULL,NULL,"Ugni Blanc 50%, Colombard 40%",Oak casks,NULL,NULL,https://www.armagnac.com/fr/armagnac.php/1167-armagnac-tenareze-chateau-pomes-peberere-1975,2026-06-28,NULL,armagnac_france
Armagnac,Château Pomès-Pébérère,"Condom, France",Château Pomès-Pébérère,own_make,NULL,FALSE,FALSE,"Armagnac-Ténarèze; Millésime, Ugni Blanc, Colombard, Alambic Armagnacais",NULL,1979,NULL,84,42,"Ugni Blanc 50%, Colombard 40%",Oak casks,NULL,NULL,https://www.armagnac.com/fr/armagnac.php/760-armagnac-tenareze-chateau-pomes-peberere-1979,2026-06-28,NULL,armagnac_france
Armagnac,Domaine du Péto,"Larroque-sur-l'Osse, France",Domaine du Péto,own_make,NULL,FALSE,FALSE,"Armagnac-Ténarèze; Millésime, Colombard, Ugni Blanc",NULL,1986,NULL,NULL,NULL,"Colombard, Ugni Blanc",Local oak barrels,NULL,NULL,https://www.armagnac-domainedupeto.com/en/; https://en.gers-armagnac.com/savourer/produits-locaux/a-la-ferme-et-aux-champs/6925836_domaine-du-peto/,2026-06-28,NULL,armagnac_france
Armagnac,Domaine du Péto,"Larroque-sur-l'Osse, France",Domaine du Péto,own_make,NULL,FALSE,FALSE,"Armagnac-Ténarèze; Millésime, Colombard, Ugni Blanc",NULL,1988,NULL,NULL,NULL,"Colombard, Ugni Blanc",Local oak barrels,NULL,NULL,https://www.armagnac-domainedupeto.com/en/; https://en.gers-armagnac.com/savourer/produits-locaux/a-la-ferme-et-aux-champs/6925836_domaine-du-peto/,2026-06-28,NULL,armagnac_france
Armagnac,Domaine du Péto,"Larroque-sur-l'Osse, France",Domaine du Péto,own_make,NULL,FALSE,FALSE,"Armagnac-Ténarèze; Millésime, Colombard, Ugni Blanc",NULL,1991,NULL,NULL,NULL,"Colombard, Ugni Blanc",Local oak barrels,NULL,NULL,https://www.armagnac-domainedupeto.com/en/; https://en.gers-armagnac.com/savourer/produits-locaux/a-la-ferme-et-aux-champs/6925836_domaine-du-peto/,2026-06-28,NULL,armagnac_france
Armagnac,Domaine d'Arton,"Lectoure, France",Château Arton La Réserve,own_make,NULL,FALSE,FALSE,"Haut-Armagnac; Blend, Ugni Blanc, Colombard, Estate Bottled",6 Years,NULL,NULL,NULL,NULL,"Colombard, Ugni Blanc",Gascon oak,NULL,Nose of camomile and candied kumquat; fruity (candied citrus) and floral mid-palate. Recognized 2017 with the Prix d'Excellence at the Concours General Agricole de Paris.,https://arton.fr/en/shop/haut-armagnac-chateau-arton-la-reserve/; https://arton.fr/en/our-armagnacs/; https://www.pmspirits.com/chateau-arton,2026-06-26,https://arton.fr/wp-content/uploads/2020/02/ARTON-FAMILLE-LA-RESERVE-%C2%A9HRVProd.png,armagnac_france
Armagnac,Domaine d'Arton,"Lectoure, France",Château Arton La Flamme 2015,own_make,NULL,FALSE,FALSE,"Haut-Armagnac; Millésime, Cask Strength, Estate Bottled",NAS,2015,NULL,NULL,NULL,"Ugni Blanc, Colombard",French oak,NULL,La Flamme is a blend of cask-strength single barrels all harvested and distilled the same single vintage at the chateau; the estate's 'second Armagnac' tier above La Reserve.,https://arton.fr/en/our-armagnacs/; https://arton.fr/en/shop/haut-armagnac-chateau-arton-la-flamme/; https://www.pmspirits.com/chateau-arton,2026-06-26,https://arton.fr/wp-content/uploads/2020/11/ARTON-FAMILLE-LA-FLAMME-%C2%A9HRVProd.png,armagnac_france
Armagnac,Domaine d'Arton,"Lectoure, France",Château Arton Millésime 2010,own_make,NULL,FALSE,FALSE,"Haut-Armagnac; Millésime, Single Cask, Estate Bottled",NAS,2010,NULL,NULL,NULL,"Colombard, Ugni Blanc",Gascon oak,NULL,"Hand-selected single cask, more than 10 years old; nose of lime and grapefruit with a hint of redcurrant, palate of hazelnut over citrus. Retailer ABV varies (40-45%); not bottled to a single confirmed strength.",https://arton.fr/en/shop/haut-armagnac-chateau-arton-millesime-2010/; https://www.astorwines.com/item/47307; https://www.firstfillspirits.com/product/chateau-arton-2010-haut-armagnac-cask-23/,2026-06-26,https://arton.fr/wp-content/uploads/2020/03/Chateau-HautArmagnac-2010.png,armagnac_france
Armagnac,Domaine d'Arton,"Lectoure, France",Château Arton Millésime 2012,own_make,NULL,FALSE,FALSE,"Haut-Armagnac; Millésime, Single Cask, Estate Bottled",NAS,2012,NULL,NULL,NULL,"Colombard, Ugni Blanc",Gascon oak,NULL,Top-of-range estate single-cask millesime (700 EUR+ at the domaine shop); single vintage distilled and aged entirely at the chateau.,https://arton.fr/en/shop/haut-armagnac-chateau-arton-millesime-2012/; https://arton.fr/en/our-armagnacs/,2026-06-26,https://arton.fr/wp-content/uploads/2025/01/dfnbbfg-640x0-c-default-1-1024x0-c-default-600x1042.5447316103-c-center-1-1-640x0-c-default.png,armagnac_france
Armagnac,Domaine d'Arton,"Lectoure, France",Château Arton Fine Blanche 2021,own_make,NULL,FALSE,FALSE,"Blanche Armagnac; Millésime, Estate Bottled",NULL,2021,NULL,90.0,45.0,NULL,Inert vessel (unaged),NULL,"The original Fine Blanche, created 1985 by Patrick de Montal; unaged eau-de-vie aerated off the still and matured ~18 months, alcohol gradually reduced from 54% to 45%. Harvest and distillation dates inscribed on each bottle. Fruity and floral.",https://www.arton.fr/en/fine-blanche/; https://arton.fr/en/fine-blanche-old/; https://www.arton.fr/shop/eau-de-vie-blanche-darmagnac-chateau-arton-fine-blanche-2021/,2026-06-26,https://www.arton.fr/wp-content/uploads/2023/10/Chateau_Arton_Haut_Armagnac_fineblanche2020_50cl_site-1-1024x0-c-default-600x1043.4782608696-c-center.png,armagnac_france
Armagnac,Domaine d'Arton,"Lectoure, France",Château Arton Fine Blanche 2019,own_make,NULL,FALSE,FALSE,"Blanche Armagnac; Millésime, Estate Bottled",NULL,2019,NULL,90.0,45.0,NULL,Inert vessel (unaged),NULL,"Earlier vintage of Arton's flagship unaged Fine Blanche (50cl), distilled at the estate and bottled without wood ageing at 45%.",https://www.la-maison-armagnac.com/en/collections/nos-armagnacs-blanche-armagnac/products/chateau-arton-fine-blanche-darmagnac-2019-50cl; https://www.arton.fr/en/fine-blanche/,2026-06-26,http://www.la-maison-armagnac.com/cdn/shop/products/chateau-arton-blanche-2019-armagnac.jpg,armagnac_france
Armagnac,Maison Dartigalongue,"Nogaro, France",Dartigalongue Un-Oaked,own_make,NULL,FALSE,FALSE,Blanche Armagnac,NULL,NULL,NULL,86.4,43.2,NULL,"Inert vessel (stainless steel, unaged)",NULL,"White eau-de-vie off the alambic at 58%, rested in stainless steel min. 3 months, reduced to 43.2% with demineralized water. Nose of pear, apple, white blossom; ample creamy palate, sweet-almond finish. Silver, Talents de l'Armagnac 2019.",https://www.dartigalongue.com/boutique/armagnac-experience/un-oaked-armagnac/; https://88bamboo.co/blogs/everything-nice/dartigalongue-blanche-armagnac-unaged-brandy-43-2-abv; https://www.cognac-expert.com/armagnac/dartigalongue-un-oaked-blanche-armagnac,2026-06-26,https://static.cognac-expert.com/15548-thickbox_default/dartigalongue-un-oaked-blanche-armagnac.webp,armagnac_france
Armagnac,Domaine d'Ognoas,"Arthez-d'Armagnac, France",Domaine d'Ognoas Blanche d'Armagnac,own_make,NULL,FALSE,FALSE,Blanche Armagnac; Estate Bottled,NULL,NULL,NULL,NULL,NULL,NULL,Inert vessel (unaged),NULL,Estate Blanche d'Armagnac distilled on Ognoas's 1804 alambic (oldest working still in Gascony); sold individually and within the estate's Coffret Decouverte alongside the VSOP 6yo and XO 10yo.,https://www.domaine-ognoas.com/en; https://boutique.domaine-ognoas.com/catalogue,2026-06-14,NULL,armagnac_france
Armagnac,Armagnac Jean Cavé,"Labastide-d'Armagnac, France",Jean Cavé Blanche d'Armagnac,own_make,NULL,FALSE,FALSE,Blanche Armagnac,NULL,NULL,NULL,86.0,43.0,NULL,Inert vessel (unaged),NULL,"Unaged white from the Jean Cave house; clear and transparent, very fresh floral/fruity nose, mineral attack with white-fleshed fruits, spicy finish. Retailer lists 43% (house also references a 40% version).",https://www.la-maison-armagnac.com/en/collections/nos-armagnacs-blanche-armagnac/products/blanche-darmagnac-jean-cave-70cl,2026-06-26,http://www.la-maison-armagnac.com/cdn/shop/files/AJC-BLA.jpg,armagnac_france
Armagnac,Maison Veuve Lafontan,"Cazaubon, France",Veuve Lafontan Cap Blanc,own_make,NULL,FALSE,FALSE,Blanche Armagnac,NULL,NULL,NULL,80.0,40.0,NULL,Inert vessel (unaged),NULL,"Blanche d'Armagnac from Veuve Lafontan, distilled at Cazaubon (Gers); transparent robe, light very floral nose, fresh attack with floral finesse, light finish. Stored in inert container, not oak-aged.",https://www.la-maison-armagnac.com/en/collections/nos-armagnacs-blanche-armagnac/products/blanche-armagnac-veuve-lafontan-cap-blanc-70cl,2026-06-26,http://www.la-maison-armagnac.com/cdn/shop/products/maison-armagnac-_0011_Bas-armagnacVeuveLafontanblanched_armagnac70cl.jpg,armagnac_france
Armagnac,Maison Ryst-Dupeyron,"Condom, France",Dupeyron Pure Cristaly,own_make,NULL,FALSE,FALSE,"Blanche Armagnac; Folle Blanche, Single Cask",NULL,NULL,NULL,80.0,40.0,Folle Blanche,Inert vessel (unaged),NULL,"Unaged single-distillation white from Folle Blanche wine, 40% ABV; fragrant grape, ripe pear and pear-skin nose with oily/waxy notes, white-pepper finish. Silver, IWSC 2011. Marketed as a wine 'wodka' from Armagnac.",https://www.diffordsguide.com/beer-wine-spirits/3661/dupeyron-pure-crystaly; https://www.stephconti.com/1-armagnac/armagnac-ryst-dupeyron/armagnac-fine-blanche-pure-crystaly-40.html,2026-06-14,NULL,armagnac_france
Armagnac,ODVI,France,ODVI La Blanche,own_make,NULL,FALSE,FALSE,Blanche Armagnac,NULL,NULL,NULL,90.0,45.0,NULL,Inert vessel (unaged),NULL,"Unaged Blanche Armagnac from ODVI at 45%; fresh, fruity character with soft stone-fruit notes. (ODVI is a small Bas-Armagnac grower/brand; precise commune not disclosed on retailer listing.)",https://www.masterofmalt.com/armagnac/odvi/odvi-armagnac-la-blanche-armagnac/,2026-06-26,https://cdn11.bigcommerce.com/s-e8lbekfe7c/images/stencil/1024w/attribute_rule_images/38985_source_1782394314.jpg,armagnac_france
Armagnac,Undisclosed (Bas-Armagnac),"Bas-Armagnac, France",Darroze,sourced,Darroze,TRUE,FALSE,Blanche Armagnac; Folle Blanche,NULL,NULL,NULL,98.0,49.0,Folle Blanche,Inert vessel (unaged),NULL,"Single-variety unaged Blanche at 49%; very fruity (grapefruit, plum, fresh grape) and spicy (Sichuan pepper) nose. Folle Blanche is the historical Armagnac variety. NOTE: Darroze is a negociant/eleveur (sources ~30 estates), not a single own-make estate.",https://darroze-armagnacs.com/en/la-blanche-armagnac/; https://shop.klwines.com/products/details/1742211; https://www.thewhiskyexchange.com/p/60458/darroze-folle-blanche-blanche-darmagnac,2026-06-26,https://img.thewhiskyexchange.com/540/armag_dar19.jpg,armagnac_france
Armagnac,Undisclosed (Bas-Armagnac),"Bas-Armagnac, France",Darroze,sourced,Darroze,TRUE,FALSE,Blanche Armagnac; Baco,NULL,NULL,NULL,98.0,49.0,Baco,Inert vessel (unaged),NULL,"Single-variety unaged Blanche at 49% from Baco (a variety usually reserved for aging). Intense nose of mirabelle plum, white peach, fresh grape plus fennel and mint; supple dry palate, peppery finish. NOTE: Darroze is a negociant/eleveur, not a single own-make estate.",https://darroze-armagnacs.com/en/la-blanche-armagnac/; https://www.la-maison-armagnac.com/en/collections/nos-armagnacs-blanche-armagnac/products/blanche-darmagnac-darroze-100-baco-70-cl,2026-06-26,http://www.la-maison-armagnac.com/cdn/shop/products/armagnac-darroze-blanche-armagnac-baco.jpg,armagnac_france
Armagnac,Undisclosed (Bas-Armagnac),"Bas-Armagnac, France",Darroze,sourced,Darroze,TRUE,FALSE,Blanche Armagnac; Ugni Blanc,NULL,NULL,NULL,98.0,49.0,Ugni Blanc,Inert vessel (unaged),NULL,"Single-variety unaged Blanche at 49% from Ugni Blanc; sharp, smooth, delicate medium-intensity nose of grape, plum, quince with fresh cane and cane sugar; silky palate, bitter-almond and vine-flower finish. NOTE: Darroze is a negociant/eleveur, not a single own-make estate.",https://darroze-armagnacs.com/en/la-blanche-armagnac/; https://www.la-maison-armagnac.com/en/collections/nos-armagnacs-blanche-armagnac/products/armagnac-darroze-100-ugni-blanc-70-cl,2026-06-26,http://www.la-maison-armagnac.com/cdn/shop/products/armagnac-darroze-blanche-armagnac-ugni-blanc.jpg,armagnac_france
Armagnac,Undisclosed (Bas-Armagnac),"Bas-Armagnac, France",Les Grands Assemblages,sourced,Darroze,TRUE,FALSE,Bas-Armagnac; Blend,8 Years,NULL,NULL,86,43,NULL,Gascon oak,NULL,"Predominantly fruity - prunes, candied orange zest, quince; little wood influence; smooth and enveloping.",https://darroze-armagnacs.com/en/les-grands-assemblages/;https://www.masterofmalt.com/armagnac/darroze/darroze-grands-assemblages-8-year-old-bas-armagnac/;https://www.thewhiskyexchange.com/p/72918/darroze-les-grands-assemblages-8-year-old-armagnac,2026-06-28,NULL,armagnac_france
Armagnac,Undisclosed (Bas-Armagnac),"Bas-Armagnac, France",Les Grands Assemblages,sourced,Darroze,TRUE,FALSE,Bas-Armagnac; Blend,12 Years,NULL,NULL,86,43,NULL,Gascon oak,NULL,"Fruit accompanied by first ageing aromas - soft spices, liquorice, cinnamon; still fiery, opens with air.",https://darroze-armagnacs.com/en/les-grands-assemblages/;https://www.masterofmalt.com/armagnac/darroze/darroze-grands-assemblages-12-year-old-bas-armagnac/;https://www.thewhiskyexchange.com/p/83333/darroze-les-grands-assemblages-12-year-old-armagnac,2026-06-28,NULL,armagnac_france
Armagnac,Undisclosed (Bas-Armagnac),"Bas-Armagnac, France",Les Grands Assemblages,sourced,Darroze,TRUE,FALSE,Bas-Armagnac; Blend,20 Years,NULL,NULL,86,43,NULL,Gascon oak,NULL,"Full of life; tamed alcohol, refined tannins, aromas taking shape; prime drinking age.",https://darroze-armagnacs.com/en/les-grands-assemblages/;https://www.masterofmalt.com/armagnac/darroze/darroze-grands-assemblages-20-year-old-bas-armagnac/;https://www.thewhiskyexchange.com/p/80424/darroze-les-grands-assemblages-20-year-old-armagnac,2026-06-28,NULL,armagnac_france
Armagnac,Undisclosed (Bas-Armagnac),"Bas-Armagnac, France",Les Grands Assemblages,sourced,Darroze,TRUE,FALSE,Bas-Armagnac; Blend,30 Years,NULL,NULL,86,43,NULL,Gascon oak,NULL,"Maturity - dried and candied fruit, assertive spice, first rancio, mellow alcohol; magnificent balance.",https://darroze-armagnacs.com/en/les-grands-assemblages/;https://www.masterofmalt.com/armagnac/darroze/darroze-grands-assemblages-30-year-old-bas-armagnac/;https://www.thewhiskyexchange.com/p/83332/darroze-les-grands-assemblages-30-year-old-armagnac,2026-06-28,NULL,armagnac_france
Armagnac,Undisclosed (Bas-Armagnac),"Bas-Armagnac, France",Les Grands Assemblages,sourced,Darroze,TRUE,FALSE,Bas-Armagnac; Blend,40 Years,NULL,NULL,86,43,NULL,Gascon oak,NULL,Style fully apparent; quality oak brings complexity and finesse.,https://darroze-armagnacs.com/en/les-grands-assemblages/;https://www.masterofmalt.com/armagnac/darroze/darroze-grands-assemblagse-40-year-old-bas-armagnac/;https://www.cognac-expert.com/armagnac/darroze-les-grands-assemblages-40-years-armagnac,2026-06-28,NULL,armagnac_france
Armagnac,Undisclosed (Bas-Armagnac),"Bas-Armagnac, France",Les Grands Assemblages,sourced,Darroze,TRUE,FALSE,Bas-Armagnac; Blend,50 Years,NULL,NULL,84,42,NULL,Gascon oak,NULL,"Very old eaux-de-vie character - chocolate, leather, roasted notes; the age of reason.",https://darroze-armagnacs.com/en/les-grands-assemblages/;https://www.masterofmalt.com/armagnac/darroze/darroze-grands-assemblage-50year-old-bas-armagnac/;https://www.thewhiskyexchange.com/p/80425/darroze-les-grands-assemblages-50-year-old-armagnac,2026-06-28,NULL,armagnac_france
Armagnac,Undisclosed (Bas-Armagnac),"Bas-Armagnac, France",Les Grands Assemblages,sourced,Darroze,TRUE,FALSE,Bas-Armagnac; Blend,60 Years,NULL,NULL,84,42,NULL,Gascon oak,NULL,Eternal; long delicate selection of armagnacs that travelled through time without a wrinkle.,https://darroze-armagnacs.com/en/les-grands-assemblages/;https://www.masterofmalt.com/armagnac/darroze/darroze-grand-assemblage-60-year-old-bas-armagnac/;https://www.thewhiskyexchange.com/p/82902/darroze-les-grands-assemblages-60-year-old-armagnac,2026-06-28,NULL,armagnac_france
Armagnac,Chateau de Gaube,"Bas-Armagnac, France",Darroze Unique Collection,sourced,Darroze,TRUE,FALSE,"Bas-Armagnac; Millésime, Cask Strength",NULL,1962,NULL,84,42,NULL,Gascon oak,NULL,NULL,https://www.masterofmalt.com/armagnac/darroze/darroze-60-year-old-1962-chateau-de-gaube-unique-collection-armagnac/,2026-06-26,https://cdn11.bigcommerce.com/s-e8lbekfe7c/images/stencil/1024w/attribute_rule_images/61724_source_1758885340.jpg,armagnac_france
Armagnac,Chateau de Gaube,"Bas-Armagnac, France",Darroze Unique Collection,sourced,Darroze,TRUE,FALSE,"Bas-Armagnac; Millésime, Cask Strength",59 Years,1964,TWE 59yo bot.2023,86,43,NULL,Gascon oak,NULL,NULL,https://www.thewhiskyexchange.com/p/69987/chateau-de-gaube-1964-armagnac-59-year-old-darroze,2026-06-26,https://img.thewhiskyexchange.com/540/armag_dar_gau1964v6.jpg,armagnac_france
Armagnac,Chateau de Gaube,"Bas-Armagnac, France",Darroze Unique Collection,sourced,Darroze,TRUE,FALSE,"Bas-Armagnac; Millésime, Cask Strength",51 Years,1964,MoM 51yo 43.6%,87.2,43.6,NULL,Gascon oak,NULL,NULL,https://www.masterofmalt.com/armagnac/darroze/darroze-51-year-old-1964-chateau-de-gaube-unique-collection-armagnac/,2026-06-14,NULL,armagnac_france
Armagnac,Chateau de Gaube,"Bas-Armagnac, France",Darroze Unique Collection,sourced,Darroze,TRUE,FALSE,"Bas-Armagnac; Millésime, Cask Strength",52 Years,1964,MoM 52yo 43%,86,43,NULL,Gascon oak,NULL,NULL,https://www.masterofmalt.com/armagnac/darroze/darroze-52-year-old-1964-chateau-de-gaube-unique-collection-armagnac/,2026-06-14,NULL,armagnac_france
Armagnac,Chateau de Gaube,"Bas-Armagnac, France",Darroze Unique Collection,sourced,Darroze,TRUE,FALSE,"Bas-Armagnac; Millésime, Cask Strength",55 Years,1966,MoM 55yo 43.5%,87,43.5,NULL,Gascon oak,NULL,NULL,https://www.masterofmalt.com/armagnac/darroze/darroze-55-year-old-1966-chateau-de-gaube-unique-collection-armagnac/,2026-06-26,https://cdn11.bigcommerce.com/s-e8lbekfe7c/images/stencil/1024w/attribute_rule_images/50660_source_1758884246.jpg,armagnac_france
Armagnac,Chateau de Gaube,"Bas-Armagnac, France",Darroze Unique Collection,sourced,Darroze,TRUE,FALSE,"Bas-Armagnac; Millésime, Cask Strength",53 Years,1966,MoM 53yo 44.2%,88.4,44.2,NULL,Gascon oak,NULL,NULL,https://www.masterofmalt.com/armagnac/darroze/darroze-53-year-old-1966-chateau-de-gaube-unique-collection-armagnac/,2026-06-26,https://cdn11.bigcommerce.com/s-e8lbekfe7c/images/stencil/1024w/attribute_rule_images/55587_source_1758884059.jpg,armagnac_france
Armagnac,Chateau de Gaube,"Bas-Armagnac, France",Darroze Unique Collection,sourced,Darroze,TRUE,FALSE,"Bas-Armagnac; Millésime, Cask Strength",52 Years,1966,MoM 52yo 43.7%,87.4,43.7,NULL,Gascon oak,NULL,NULL,https://www.masterofmalt.com/armagnac/darroze/darroze-52-year-old-1966-chateau-de-gaube-unique-collection-armagnac/?sku=88043,2026-06-26,https://cdn11.bigcommerce.com/s-e8lbekfe7c/images/stencil/1024w/attribute_rule_images/5970_source_1758883851.jpg,armagnac_france
Armagnac,Chateau de Gaube,"Bas-Armagnac, France",Darroze Unique Collection,sourced,Darroze,TRUE,FALSE,"Bas-Armagnac; Millésime, Cask Strength",50 Years,1966,MoM 50yo 43.4%,86.8,43.4,NULL,Gascon oak,NULL,NULL,https://www.masterofmalt.com/armagnac/darroze/darroze-50-year-old-1966-chateau-de-gaube-unique-collection-armagnac/,2026-06-14,NULL,armagnac_france
Armagnac,Chateau de Gaube,"Bas-Armagnac, France",Darroze Unique Collection,sourced,Darroze,TRUE,FALSE,"Bas-Armagnac; Millésime, Cask Strength",45 Years,1970,MoM 45yo 42.8%,85.6,42.8,NULL,Gascon oak,NULL,NULL,https://www.masterofmalt.com/armagnac/darroze/darroze-45-year-old-1970-chateau-de-gaube-unique-collection-armagnac/,2026-06-14,NULL,armagnac_france
Armagnac,Chateau de Gaube,"Bas-Armagnac, France",Darroze Unique Collection,sourced,Darroze,TRUE,FALSE,"Bas-Armagnac; Millésime, Cask Strength",50 Years,1972,MoM 50yo 43%,86,43,NULL,Gascon oak,NULL,NULL,https://www.masterofmalt.com/armagnac/darroze/darroze-50-year-old-1972-chateau-de-gaube-unique-collection-armagnac/,2026-06-26,https://cdn11.bigcommerce.com/s-e8lbekfe7c/images/stencil/1024w/attribute_rule_images/61699_source_1758885340.jpg,armagnac_france
Armagnac,Chateau de Gaube,"Bas-Armagnac, France",Darroze Unique Collection,sourced,Darroze,TRUE,FALSE,"Bas-Armagnac; Millésime, Cask Strength",49 Years,1972,TWE 49yo 42%,84,42,NULL,Gascon oak,NULL,NULL,https://www.thewhiskyexchange.com/p/63336/chateau-de-gaube-1972-armagnac-49-year-old-darroze,2026-06-26,https://img.thewhiskyexchange.com/540/armag_dar_gau1972v1.jpg,armagnac_france
Armagnac,Domaine de Bellair,"Cravancères, France",Darroze Unique Collection,sourced,Darroze,TRUE,FALSE,"Bas-Armagnac; Millésime, Cask Strength",49 Years,1968,MoM 49yo 43%,86,43,NULL,Gascon oak,NULL,NULL,https://www.masterofmalt.com/armagnac/darroze/darroze-49-year-old-1968-domaine-de-bellair-unique-collection-armagnac/,2026-06-26,https://cdn11.bigcommerce.com/s-e8lbekfe7c/images/stencil/1024w/attribute_rule_images/6001_source_1758883851.jpg,armagnac_france
Armagnac,Domaine de Bellair,"Cravancères, France",Darroze Unique Collection,sourced,Darroze,TRUE,FALSE,"Bas-Armagnac; Millésime, Cask Strength",50 Years,1969,MoM 50yo 45.4%,90.8,45.4,NULL,Gascon oak,NULL,NULL,https://www.masterofmalt.com/armagnac/darroze/darroze-50-year-old-1969-domaine-de-bellair-unique-collection-armagnac/,2026-06-26,https://cdn11.bigcommerce.com/s-e8lbekfe7c/images/stencil/1024w/attribute_rule_images/5977_source_1758883851.jpg,armagnac_france
Armagnac,Domaine de Bellair,"Cravancères, France",Darroze Unique Collection,sourced,Darroze,TRUE,FALSE,"Bas-Armagnac; Millésime, Cask Strength",41 Years,1981,TWE 41yo 49%,98,49,NULL,Gascon oak,NULL,NULL,https://www.thewhiskyexchange.com/p/69990/domaine-de-bellair-1981-armagnac-41-year-old-darroze,2026-06-26,https://img.thewhiskyexchange.com/540/armag_dar_bel1981v1.jpg,armagnac_france
Armagnac,Domaine de Bellair,"Cravancères, France",Darroze Unique Collection,sourced,Darroze,TRUE,FALSE,"Bas-Armagnac; Millésime, Cask Strength",40 Years,1982,TWE 40yo 49%,98,49,NULL,Gascon oak,NULL,NULL,https://www.thewhiskyexchange.com/p/65048/domaine-de-bellair-1982-armagnac-40-year-old-darroze,2026-06-26,https://img.thewhiskyexchange.com/540/armag_dar_bel1982.jpg,armagnac_france
Armagnac,Domaine de Bellair,"Cravancères, France",Darroze Unique Collection,sourced,Darroze,TRUE,FALSE,Bas-Armagnac; Millésime,NULL,1985,Domaine de Bellair Cravanceres,NULL,NULL,"60% Baco, 40% Ugni Blanc",Gascon oak,NULL,NULL,https://www.cognac-expert.com/armagnac/darroze-1985-vintage-armagnac;https://www.la-maison-armagnac.com/en/products/armagnac-darroze-1985,2026-06-26,https://static.cognac-expert.com/13995-thickbox_default/darroze-1985-vintage-armagnac.webp,armagnac_france
Armagnac,Domaine de Bellair,"Cravancères, France",Darroze Unique Collection,sourced,Darroze,TRUE,FALSE,Bas-Armagnac; Millésime,NULL,1981,WineOnline Unique Collection 1981,NULL,NULL,NULL,Gascon oak,NULL,NULL,https://wineonlinedelivery.com/products/armagnac-francis-darroze-unique-collection-1981-domaine-de-bellair-bas-armagnac-1981-750-ml,2026-06-26,http://wineonlinedelivery.com/cdn/shop/files/Armagnac_Francis_Darroze_Unique_Collection_1981_Domaine_De_Bellair_Bas-Armagnac_1981_750_ML_1200x1200.webp,armagnac_france
Armagnac,Domaine de Bertruc,"Bas-Armagnac, France",Darroze Unique Collection,sourced,Darroze,TRUE,FALSE,"Bas-Armagnac; Millésime, Cask Strength",33 Years,1982,MoM 33yo 45.4%,90.8,45.4,NULL,Gascon oak,NULL,NULL,https://www.masterofmalt.com/armagnac/darroze/darroze-33-year-old-1982-domaine-de-bertruc-unique-collection-armagnac/,2026-06-14,NULL,armagnac_france
Armagnac,Domaine de Bertruc,"Bas-Armagnac, France",Darroze Unique Collection,sourced,Darroze,TRUE,FALSE,"Bas-Armagnac; Millésime, Cask Strength",29 Years,1985,MoM 29yo 45%,90,45,NULL,Gascon oak,NULL,NULL,https://www.masterofmalt.com/armagnac/darroze/darroze-29-year-old-1985-bas-armagnac-unique-collection-armagnac/,2026-06-14,NULL,armagnac_france
Armagnac,Domaine de Bertruc,"Bas-Armagnac, France",Darroze Unique Collection,sourced,Darroze,TRUE,FALSE,"Bas-Armagnac; Millésime, Cask Strength",29 Years,1988,MoM 29yo 50%,100,50,NULL,Gascon oak,NULL,NULL,https://www.masterofmalt.com/armagnac/darroze/darroze-29-year-old-1988-domaine-de-bertruc-unique-collection-armagnac/,2026-06-26,https://cdn11.bigcommerce.com/s-e8lbekfe7c/images/stencil/1024w/attribute_rule_images/5979_source_1758883860.jpg,armagnac_france
Armagnac,Domaine de Lamarquette,"Bas-Armagnac, France",Darroze Unique Collection,sourced,Darroze,TRUE,FALSE,"Bas-Armagnac; Millésime, Cask Strength",30 Years,1985,MoM 30yo 48.7%,97.4,48.7,NULL,Gascon oak,NULL,NULL,https://www.masterofmalt.com/armagnac/darroze/darroze-30-year-old-1985-domaine-de-lamarquette-unique-collection-armagnac/,2026-06-14,NULL,armagnac_france
Armagnac,Domaine de Lamarquette,"Bas-Armagnac, France",Darroze Unique Collection,sourced,Darroze,TRUE,FALSE,"Bas-Armagnac; Millésime, Cask Strength",30 Years,1989,MoM 30yo 49.7%,99.4,49.7,NULL,Gascon oak,NULL,NULL,https://www.masterofmalt.com/armagnac/darroze/darroze-30-year-old-1989-domaine-de-lamarquette-unique-collection-armagnac/,2026-06-26,https://cdn11.bigcommerce.com/s-e8lbekfe7c/images/stencil/1024w/attribute_rule_images/6003_source_1758883860.jpg,armagnac_france
Armagnac,Domaine de Barigos,"Bas-Armagnac, France",Darroze Unique Collection,sourced,Darroze,TRUE,FALSE,"Bas-Armagnac; Millésime, Cask Strength",30 Years,1986,MoM 30yo 47.8%,95.6,47.8,NULL,Gascon oak,NULL,NULL,https://www.masterofmalt.com/armagnac/darroze/darroze-30-year-old-1986-domaine-de-barigos-unique-collection-armagnac/,2026-06-14,NULL,armagnac_france
Armagnac,Domaine de Cantau,"Bas-Armagnac, France",Darroze Unique Collection,sourced,Darroze,TRUE,FALSE,"Bas-Armagnac; Millésime, Cask Strength",39 Years,1984,MoM 39yo 49%,98,49,NULL,Gascon oak,NULL,NULL,https://www.masterofmalt.com/armagnac/darroze/darroze-39-year-old-1984-domaine-de-cantau-unique-collection-armagnac/,2026-06-26,https://cdn11.bigcommerce.com/s-e8lbekfe7c/images/stencil/1024w/attribute_rule_images/61550_source_1758885360.jpg,armagnac_france
Armagnac,Domaine de Cantau,"Bas-Armagnac, France",Darroze Unique Collection,sourced,Darroze,TRUE,FALSE,"Bas-Armagnac; Millésime, Cask Strength",40 Years,1986,bot.04.2026 49.5%,99,49.5,NULL,Gascon oak,NULL,"Nose intensely fruity-spicy - ripe apricot and peach, vanilla, light wood; palate sweet and powerful, dried fruit, tobacco, citrus; long nutty finish.",https://whic.fr/darroze-1986-2026-40-ans-domaine-de-cantau-bas-armagnac-unique-collection.html,2026-06-26,https://whic-sw-prod.b-cdn.net/media/7e/2a/90/1778842647/2732f220dc228cd5d6d87d1e29e44ce9.jpg,armagnac_france
Armagnac,Domaine de Peyrot,"Bas-Armagnac, France",Darroze Unique Collection,sourced,Darroze,TRUE,FALSE,"Bas-Armagnac; Millésime, Cask Strength",49 Years,1965,MoM 49yo 48%,96,48,NULL,Gascon oak,NULL,NULL,https://www.masterofmalt.com/armagnac/darroze/darroze-49-years-old-1965-bas-armagnac-unique-collection-armagnac/,2026-06-14,NULL,armagnac_france
Armagnac,Domaine de Tillet,"Bas-Armagnac, France",Darroze Unique Collection,sourced,Darroze,TRUE,FALSE,"Bas-Armagnac; Millésime, Cask Strength",39 Years,1975,MoM 39yo 40.8%,81.6,40.8,NULL,Gascon oak,NULL,NULL,https://www.masterofmalt.com/armagnac/darroze/darroze-39-year-old-1975-domaine-de-tillet-unique-collection-armagnac/,2026-06-14,NULL,armagnac_france
Armagnac,Domaine de Jaulin,"Bas-Armagnac, France",Darroze Unique Collection,sourced,Darroze,TRUE,FALSE,"Bas-Armagnac; Millésime, Cask Strength",40 Years,1976,MoM 40yo 41.5%,83,41.5,NULL,Gascon oak,NULL,NULL,https://www.masterofmalt.com/armagnac/darroze/darroze-40-year-old-1976-domaine-de-jaulin-unique-collection-armagnac/,2026-06-26,https://cdn11.bigcommerce.com/s-e8lbekfe7c/images/stencil/1024w/attribute_rule_images/22662_source_1758883280.jpg,armagnac_france
Armagnac,Domaine de la Poste,"Bas-Armagnac, France",Darroze Unique Collection,sourced,Darroze,TRUE,FALSE,"Bas-Armagnac; Millésime, Cask Strength",39 Years,1977,MoM 39yo 49%,98,49,NULL,Gascon oak,NULL,NULL,https://www.masterofmalt.com/armagnac/darroze/darroze-39-year-old-1977-domaine-de-la-poste-unique-collection-armagnac/,2026-06-26,https://cdn11.bigcommerce.com/s-e8lbekfe7c/images/stencil/1024w/attribute_rule_images/18623_source_1758883389.jpg,armagnac_france
Armagnac,Domaine de la Poste,"Bas-Armagnac, France",Darroze Unique Collection,sourced,Darroze,TRUE,FALSE,"Bas-Armagnac; Millésime, Cask Strength",39 Years,1978,MoM 39yo 48.7%,97.4,48.7,NULL,Gascon oak,NULL,NULL,https://www.masterofmalt.com/armagnac/darroze/darroze-39-year-old-1978-domaine-la-poste-unique-collection-armagnac/,2026-06-26,https://cdn11.bigcommerce.com/s-e8lbekfe7c/images/stencil/1024w/attribute_rule_images/5975_source_1758883851.jpg,armagnac_france
Armagnac,Domaine de la Poste,"Bas-Armagnac, France",Darroze Unique Collection,sourced,Darroze,TRUE,FALSE,"Bas-Armagnac; Millésime, Cask Strength",40 Years,1979,MoM 40yo 48%,96,48,NULL,Gascon oak,NULL,NULL,https://www.masterofmalt.com/armagnac/darroze/darroze-40-year-old-1979-domaine-la-poste-unique-collection-armagnac/,2026-06-26,https://cdn11.bigcommerce.com/s-e8lbekfe7c/images/stencil/1024w/attribute_rule_images/6010_source_1758883860.jpg,armagnac_france
Armagnac,Domaine de Petit Lassis,"Bas-Armagnac, France",Darroze Unique Collection,sourced,Darroze,TRUE,FALSE,"Bas-Armagnac; Millésime, Cask Strength",29 Years,1987,MoM 29yo 48%,96,48,NULL,Gascon oak,NULL,NULL,https://www.masterofmalt.com/armagnac/darroze/darroze-29-year-old-1987-domaine-de-petit-lassis-unique-collection-armagnac/,2026-06-26,https://cdn11.bigcommerce.com/s-e8lbekfe7c/images/stencil/1024w/attribute_rule_images/18622_source_1758883388.jpg,armagnac_france
Armagnac,Domaine de Tucom,"Bas-Armagnac, France",Darroze Unique Collection,sourced,Darroze,TRUE,FALSE,"Bas-Armagnac; Millésime, Cask Strength",49 Years,1974,MoM 49yo 46%,92,46,NULL,Gascon oak,NULL,NULL,https://www.masterofmalt.com/armagnac/darroze/darroze-49-year-old-1974-domaine-de-tucom-unique-collection-armagnac/,2026-06-26,https://cdn11.bigcommerce.com/s-e8lbekfe7c/images/stencil/1024w/attribute_rule_images/61554_source_1759424451.jpg,armagnac_france
Armagnac,Domaine de Poyanne,"Bas-Armagnac, France",Darroze Unique Collection,sourced,Darroze,TRUE,FALSE,Bas-Armagnac; Millésime,NULL,1974,MoM Domaine de Poyanne 40%,80,40,NULL,Gascon oak,NULL,NULL,https://www.masterofmalt.com/armagnac/darroze/darroze-1974-domaine-de-poyanne-bas-armagnac/,2026-06-26,https://cdn11.bigcommerce.com/s-e8lbekfe7c/images/stencil/1024w/attribute_rule_images/28860_source_1758883060.jpg,armagnac_france
Armagnac,Domaine de Salié,"Bas-Armagnac, France",Darroze Unique Collection,sourced,Darroze,TRUE,FALSE,"Bas-Armagnac; Millésime, Cask Strength",20 Years,1996,MoM 20yo 48%,96,48,NULL,Gascon oak,NULL,NULL,https://www.masterofmalt.com/armagnac/darroze/darroze-20-year-old-domaine-de-salie-1996-unique-collection-armagnac/,2026-06-26,https://cdn11.bigcommerce.com/s-e8lbekfe7c/images/stencil/1024w/attribute_rule_images/23336_source_1758883251.jpg,armagnac_france
Armagnac,Domaine de Rieston,"Bas-Armagnac, France",Darroze Unique Collection,sourced,Darroze,TRUE,FALSE,"Bas-Armagnac; Millésime, Cask Strength, Baco",25 Years,1997,bot.05.2022 49%,98,49,100% Baco,Gascon oak,NULL,"Roast walnuts, apricots, prunes, cinnamon, nutmeg, ginger, toasted oak.",https://www.thewhiskyexchange.com/p/65045/domaine-de-rieston-1997-armagnac-25-year-old-darroze;https://www.whisky-online.com/products/domaine-de-rieston-1997-2022-25-year-old-darroze-bas-armagnac,2026-06-26,https://img.thewhiskyexchange.com/540/armag_dar_rie1997v1.jpg,armagnac_france
Armagnac,Domaine de Rieston,"Bas-Armagnac, France",Darroze Unique Collection,sourced,Darroze,TRUE,FALSE,"Bas-Armagnac; Millésime, Cask Strength, Baco",NULL,1996,Vintage Select 49.5%,99,49.5,100% Baco,Gascon oak,NULL,NULL,https://vintageselect31.fr/p/835-1996-domaine-de-rieston-collection-unique-bas-armagnac-famille-darroze.html,2026-06-28,NULL,armagnac_france
Armagnac,Domaine de Couzard-Lassalle,"Mauléon d'Armagnac, France",Darroze Unique Collection,sourced,Darroze,TRUE,FALSE,"Bas-Armagnac; Millésime, Folle Blanche",NULL,2002,K&L SKU 1457485,NULL,NULL,Folle Blanche,New Gascon oak,NULL,NULL,https://shop.klwines.com/products/details/1457485;https://dandm.com/products/darroze-domaine-couzard-lassalle-2002-bas-armagnac,2026-06-26,https://dandm.com/cdn/shop/files/f0abbd5e-e3be-48e7-8203-70e13adbf339_400dc6c2_c42b68fb1140614a56daf1a4f6e6e2d075b13adf_SPI-2457.png,armagnac_france
Armagnac,Domaine de Couzard-Lassalle,"Mauléon d'Armagnac, France",Darroze Unique Collection,sourced,Darroze,TRUE,FALSE,"Bas-Armagnac; Millésime, Folle Blanche",NULL,2003,K&L SKU 1457486,NULL,NULL,Folle Blanche,New Gascon oak,NULL,"Elegant, distinguished, pre-phylloxera style; balance of power and elegance.",https://shop.klwines.com/products/details/1457486;https://www.klwines.com/p/i?i=1457486,2026-06-26,https://cdn.klwines.com/images/skus/1457486x.jpg,armagnac_france
Armagnac,Domaine de Couzard-Lassalle,"Mauléon d'Armagnac, France",Darroze Unique Collection,sourced,Darroze,TRUE,FALSE,"Bas-Armagnac; Millésime, Folle Blanche",NULL,2005,K&L SKU 1457487,NULL,NULL,Folle Blanche,New Gascon oak,NULL,NULL,https://shop.klwines.com/products/details/1457487,2026-06-26,https://cdn.klwines.com/images/skus/1457487x.jpg,armagnac_france
Armagnac,Domaine de Martin,"Hontanx, France",Darroze Unique Collection,sourced,Darroze,TRUE,FALSE,Bas-Armagnac; Millésime,NULL,2003,Domaine de Martin Hontanx,NULL,NULL,"50% Baco, 40% Ugni Blanc, 5% Folle Blanche, 5% Colombard",Local Gascon oak,NULL,"Complex nose - fine spices (clove, cardamom), candied fruit (fig jam, apricot), rancio wood; powerful palate.",https://www.premiumgrandscrus.com/en/armagnac/6151-darroze-domaine-de-martin-2003.html;https://www.wine-searcher.com/find/francis+darroze+unique+collection+dom+de+martin+bas+armagnac+france/2003;https://cluboenologique.com/product/darroze-unique-collection-2003-domaine-de-martin/,2026-06-26,https://cdn.cluboenologique.com/wp-content/uploads/2025/07/31150652/darroze-armagnac-10.jpg,armagnac_france
Armagnac,Des Chais de Francis,"Roquefort, France",Darroze Unique Collection,sourced,Darroze,TRUE,FALSE,"Bas-Armagnac; Millésime, Reduced Strength",68 Years,1921,MoM 68yo 40%,80,40,NULL,Gascon oak,NULL,NULL,https://www.masterofmalt.com/armagnac/darroze/darroze-1921-des-chais-de-francis-unique-collection-armagnac/,2026-06-26,https://cdn11.bigcommerce.com/s-e8lbekfe7c/images/stencil/1024w/attribute_rule_images/3019_source_1758883929.jpg,armagnac_france
Armagnac,Des Chais de Francis,"Roquefort, France",Darroze Unique Collection,sourced,Darroze,TRUE,FALSE,"Bas-Armagnac; Millésime, Reduced Strength",66 Years,1923,MoM 66yo 40%,80,40,NULL,Gascon oak,NULL,NULL,https://www.masterofmalt.com/armagnac/darroze/darroze-66-year-old-1923-des-chais-de-francis-unique-collection-armagnac/,2026-06-26,https://cdn11.bigcommerce.com/s-e8lbekfe7c/images/stencil/1024w/attribute_rule_images/3024_source_1777546906.jpg,armagnac_france
Armagnac,Des Chais de Francis,"Roquefort, France",Darroze Unique Collection,sourced,Darroze,TRUE,FALSE,"Bas-Armagnac; Millésime, Reduced Strength",57 Years,1924,MoM 57yo 40%,80,40,NULL,Gascon oak,NULL,NULL,https://www.masterofmalt.com/armagnac/darroze/darroze-57-year-old-1924-chais-de-francis-unique-collection-armagnac/,2026-06-26,https://cdn11.bigcommerce.com/s-e8lbekfe7c/images/stencil/1024w/attribute_rule_images/3031_source_1772716839.jpg,armagnac_france
Armagnac,Des Chais de Francis,"Roquefort, France",Darroze Unique Collection,sourced,Darroze,TRUE,FALSE,"Bas-Armagnac; Millésime, Reduced Strength",68 Years,1931,MoM 68yo 40%,80,40,NULL,Gascon oak,NULL,NULL,https://www.masterofmalt.com/armagnac/darroze/darroze-68-year-old-1931-des-chais-de-francis-unique-collection-armagnac/,2026-06-26,https://cdn11.bigcommerce.com/s-e8lbekfe7c/images/stencil/1024w/attribute_rule_images/3059_source_1758883929.jpg,armagnac_france
Armagnac,Des Chais de Francis,"Roquefort, France",Darroze Unique Collection,sourced,Darroze,TRUE,FALSE,"Bas-Armagnac; Millésime, Reduced Strength",57 Years,1935,MoM 57yo 40%,80,40,NULL,Gascon oak,NULL,NULL,https://www.masterofmalt.com/armagnac/darroze/darroze-57-year-old-1935-des-chais-de-francis-unique-collection-armagnac/,2026-06-26,https://cdn11.bigcommerce.com/s-e8lbekfe7c/images/stencil/1024w/attribute_rule_images/3044_source_1758883929.jpg,armagnac_france
Armagnac,Domaine de Touja,"Bas-Armagnac, France",Darroze Unique Collection,sourced,Darroze,TRUE,FALSE,Bas-Armagnac; Millésime,NULL,1925,bot.1985 42%,84,42,NULL,Gascon oak,NULL,NULL,https://www.thewhiskyexchange.com/p/55756/domaine-de-touja-1925-bas-armagnac-bot1985-darroze,2026-06-26,https://img.thewhiskyexchange.com/540/armag_dar_tou1925.jpg,armagnac_france
Armagnac,Domaine de Pere,"Bas-Armagnac, France",Darroze Unique Collection,sourced,Darroze,TRUE,FALSE,"Bas-Armagnac; Millésime, Cask Strength",29 Years,1994,TWE 29yo 48.5%,97,48.5,NULL,Gascon oak,NULL,NULL,https://www.thewhiskyexchange.com/p/82940/domaine-de-pere-1994-29-year-old-darroze,2026-06-26,https://img.thewhiskyexchange.com/540/armag_dar_per1994v2.jpg,armagnac_france
Armagnac,Domaine Lous Pibous,"Mauléon-d'Armagnac, France",L'Encantada,sourced,L'Encantada,TRUE,FALSE,"Bas-Armagnac; Millésime, Single Cask, Cask Strength, Folle Blanche",NULL,1993,Cask 13,NULL,NULL,Folle Blanche,New French oak,NULL,NULL,https://shop.klwines.com/products/details/1330150,2026-06-28,NULL,armagnac_france
Armagnac,Domaine Lous Pibous,"Mauléon-d'Armagnac, France",L'Encantada,sourced,L'Encantada,TRUE,FALSE,"Bas-Armagnac; Millésime, Single Cask, Cask Strength, Folle Blanche",NULL,1993,Cask 123l,110.2,55.1,Folle Blanche,New French oak,NULL,"Sweet honey on toast, dried fruits, chocolate, berries, peppery spice, citrus rind, bold new oak, toasted hazelnuts, creamy vanilla and toffee.",https://www.finedrams.com/lencantada-domaine-lous-pibous-1993-armagnac-cask-123l.html,2026-06-26,https://d1wd5rt8ssn8ry.cloudfront.net/image/60861-large-1633459701/lencantada-domaine-lous-pibous-1993-armagnac-cask-123l.jpg,armagnac_france
Armagnac,Domaine Lous Pibous,"Mauléon-d'Armagnac, France",L'Encantada,sourced,L'Encantada,TRUE,FALSE,"Bas-Armagnac; Millésime, Single Cask, Cask Strength, Folle Blanche",NULL,1993,Cask 124,105,52.5,Folle Blanche,New French oak,NULL,NULL,https://shop.klwines.com/products/details/1288598; http://plebyak.blogspot.com/2018/01/lencantada-lous-pibous-1993-23-year.html,2026-06-28,NULL,armagnac_france
Armagnac,Domaine Lous Pibous,"Mauléon-d'Armagnac, France",L'Encantada,sourced,L'Encantada,TRUE,FALSE,"Bas-Armagnac; Millésime, Single Cask, Cask Strength, Folle Blanche",NULL,1994,Cask 132,107,53.5,Folle Blanche,New French oak,NULL,"Big oaky sweetness, caramel, vanilla, cotton candy, tobacco, coconut and citrus; palate of confectionary sugar, molasses and grape.",http://plebyak.blogspot.com/2018/01/lencantada-louis-pibous-cask-132.html,2026-06-28,NULL,armagnac_france
Armagnac,Domaine Lous Pibous,"Mauléon-d'Armagnac, France",L'Encantada,sourced,L'Encantada,TRUE,FALSE,"Bas-Armagnac; Millésime, Single Cask, Cask Strength, Folle Blanche",NULL,1995,Cask 141,110.6,55.3,Folle Blanche,New French oak,NULL,NULL,https://dewinespot.co/products/lencantada-lous-pibous-1995-25-year-cask-141-armagnac,2026-06-26,http://dewinespot.co/cdn/shop/products/LEncantada_IMG_1995.jpg,armagnac_france
Armagnac,Domaine Lous Pibous,"Mauléon-d'Armagnac, France",L'Encantada,sourced,L'Encantada,TRUE,FALSE,"Bas-Armagnac; Millésime, Single Cask, Cask Strength, Folle Blanche",NULL,1996,Cask 188,NULL,NULL,Folle Blanche,New oak,NULL,"Dense and woodsy, closer to old bourbon whiskey than brandy; balanced and rich, sweet and deep with dark savory notes.",https://www.klwines.com/p/i?i=1289489,2026-06-26,https://cdn.klwines.com/images/skus/1289489x.jpg,armagnac_france
Armagnac,Domaine Lous Pibous,"Mauléon-d'Armagnac, France",L'Encantada,sourced,L'Encantada,TRUE,FALSE,"Bas-Armagnac; Millésime, Single Cask, Cask Strength, Folle Blanche",NULL,2005,Cask 193,114.6,57.3,Folle Blanche,New oak,NULL,"Nose of oak, chamomile, angelica and orris, meaty note. Palate effervescent: orange and lemon, Campari, black licorice, papaya, plenty of oak; finish of sweet tea, creosote, coriander seed.",https://www.thedistillates.com/tasting-notes/lous-pibous-2005-cask-193-57-3-for-lencantada/,2026-06-14,NULL,armagnac_france
Armagnac,Domaine Lassalle,"Bas-Armagnac, France",L'Encantada,sourced,L'Encantada,TRUE,FALSE,"Bas-Armagnac; Millésime, Single Cask, Cask Strength, Ugni Blanc",NULL,1989,Cask 70,98.4,49.2,Ugni Blanc,NULL,NULL,"Peaches, plums and apricots, cola cube candy, liquorice, peppery spice, jam on toast, vanilla, baking spices, sweet cedarwood and fragrant French oak.",https://www.finedrams.com/lencantada-domaine-lassalle-1989-armagnac-cask-70.html,2026-06-26,https://d1wd5rt8ssn8ry.cloudfront.net/image/60858-large-1633459686/lencantada-domaine-lassalle-1989-armagnac-cask-70.jpg,armagnac_france
Armagnac,Domaine Larege,"Bas-Armagnac, France",L'Encantada,sourced,L'Encantada,TRUE,FALSE,"Armagnac; Millésime, Single Cask",NULL,1982,Domaine Larege,84.4,42.2,NULL,NULL,NULL,NULL,https://www.masterofmalt.com/armagnac/lencantada/lencantada-domaine-larege-1982-armagnac/?sku=121979,2026-06-26,https://cdn11.bigcommerce.com/s-e8lbekfe7c/images/stencil/1024w/attribute_rule_images/42019_source_1758884577.jpg,armagnac_france
Armagnac,Domaine Larege,"Bas-Armagnac, France",L'Encantada,sourced,L'Encantada,TRUE,FALSE,"Armagnac; Millésime, Single Cask",NULL,1986,Domaine Larege,81.2,40.6,NULL,NULL,NULL,NULL,https://www.masterofmalt.com/armagnac/lencantada/lencantada-domaine-larege-1986-armagnac/?sku=121980,2026-06-26,https://cdn11.bigcommerce.com/s-e8lbekfe7c/images/stencil/1024w/attribute_rule_images/41976_source_1758884577.jpg,armagnac_france
Armagnac,Domaine Larege,"Bas-Armagnac, France",L'Encantada,sourced,L'Encantada,TRUE,FALSE,"Armagnac; Millésime, Single Cask",NULL,1993,Domaine Larege,83.4,41.7,NULL,NULL,NULL,NULL,https://www.masterofmalt.com/armagnac/lencantada/lencantada-domaine-larege-1993-armagnac/?sku=121981,2026-06-26,https://cdn11.bigcommerce.com/s-e8lbekfe7c/images/stencil/1024w/attribute_rule_images/41982_source_1758884577.jpg,armagnac_france
Armagnac,Domaine Del Cassou,"Bas-Armagnac, France",L'Encantada,sourced,L'Encantada,TRUE,FALSE,"Armagnac; Millésime, Single Cask, Cask Strength",NULL,1987,Domaine Del Cassou,97.2,48.6,NULL,NULL,NULL,NULL,https://www.masterofmalt.com/armagnac/lencantada/lencantada-domaine-del-cassou-1987-armagnac/?sku=121985,2026-06-26,https://cdn11.bigcommerce.com/s-e8lbekfe7c/images/stencil/1024w/attribute_rule_images/41995_source_1764451834.jpg,armagnac_france
Armagnac,Domaine Del Cassou,"Bas-Armagnac, France",L'Encantada,sourced,L'Encantada,TRUE,FALSE,"Armagnac; Millésime, Single Cask, Cask Strength",NULL,1998,Domaine Del Cassou,98.2,49.1,NULL,NULL,NULL,NULL,https://www.masterofmalt.com/armagnac/lencantada/lencantada-domaine-del-cassou-1998-armagnac/?sku=121986,2026-06-26,https://cdn11.bigcommerce.com/s-e8lbekfe7c/images/stencil/1024w/attribute_rule_images/41981_source_1758884579.jpg,armagnac_france
Armagnac,Domaine Pouy,"Armagnac-Ténarèze, France",L'Encantada,sourced,L'Encantada,TRUE,FALSE,"Armagnac; Millésime, Single Cask, Cask Strength, Ugni Blanc, Colombard",NULL,1998,Domaine Pouy,112,56,"Colombard, Ugni Blanc",NULL,NULL,"Floral notes with citrus peel, vanilla and chocolate on the nose; palate rich with toasted nuts, fennel, peaches and dark chocolate.",https://www.masterofmalt.com/armagnac/lencantada/lencantada-domaine-pouy-1998-armagnac/?sku=121982,2026-06-26,https://cdn11.bigcommerce.com/s-e8lbekfe7c/images/stencil/1024w/attribute_rule_images/42015_source_1758884578.jpg,armagnac_france
Armagnac,Domaine Pouy,"Armagnac-Ténarèze, France",L'Encantada,sourced,L'Encantada,TRUE,FALSE,"Armagnac; Millésime, Single Cask, Cask Strength",NULL,2004,Domaine Pouy,119.4,59.7,NULL,NULL,NULL,NULL,https://www.masterofmalt.com/armagnac/lencantada/lencantada-domaine-pouy-2004-armagnac/?sku=121983,2026-06-26,https://cdn11.bigcommerce.com/s-e8lbekfe7c/images/stencil/1024w/attribute_rule_images/41992_source_1758884578.jpg,armagnac_france
Armagnac,Domaine Pouy,"Armagnac-Ténarèze, France",L'Encantada,sourced,L'Encantada,TRUE,FALSE,"Armagnac; Millésime, Single Cask, Cask Strength",NULL,2006,Domaine Pouy,117.4,58.7,NULL,NULL,NULL,NULL,https://www.masterofmalt.com/armagnac/lencantada/lencantada-domaine-pouy-2006-armagnac/?sku=121984,2026-06-26,https://cdn11.bigcommerce.com/s-e8lbekfe7c/images/stencil/1024w/attribute_rule_images/42008_source_1758884578.jpg,armagnac_france
Armagnac,Domaine Laoue,"Bas-Armagnac, France",L'Encantada,sourced,L'Encantada,TRUE,FALSE,"Bas-Armagnac; Millésime, Single Cask, Cask Strength, Ugni Blanc, Baco",NULL,1999,Domaine Laoue,105.4,52.7,"Ugni Blanc, Baco",NULL,NULL,"Butterscotch, vanilla, almonds, custard, orange peel with green apple and cherry notes.",https://www.masterofmalt.com/armagnac/lencantada/lencantada-domaine-laoue-1999-bas-armagnac/?sku=121978,2026-06-26,https://cdn11.bigcommerce.com/s-e8lbekfe7c/images/stencil/1024w/attribute_rule_images/41997_source_1758884576.jpg,armagnac_france
Armagnac,Domaine Cutxan,"Bas-Armagnac, France",L'Encantada,sourced,L'Encantada,TRUE,FALSE,"Armagnac; Millésime, Single Cask",NULL,1999,Domaine Cutxan,88.6,44.3,NULL,NULL,NULL,NULL,https://www.masterofmalt.com/armagnac/lencantada/lencantada-domaine-cutxan-1999-armagnac/?sku=121987,2026-06-26,https://cdn11.bigcommerce.com/s-e8lbekfe7c/images/stencil/1024w/attribute_rule_images/41986_source_1758884579.jpg,armagnac_france
Armagnac,Domaine Grand Môle,"Bas-Armagnac, France",L'Encantada,sourced,L'Encantada,TRUE,FALSE,"Armagnac; Millésime, Single Cask, Cask Strength",NULL,1992,Domaine Grand Mole,104,52,NULL,NULL,NULL,NULL,https://www.masterofmalt.com/armagnac/lencantada/lencantada-domaine-grand-mole-1992-armagnac/?sku=121988,2026-06-26,https://cdn11.bigcommerce.com/s-e8lbekfe7c/images/stencil/1024w/attribute_rule_images/41984_source_1758884579.jpg,armagnac_france
Armagnac,Undisclosed (Bas-Armagnac),"Bas-Armagnac, France",L'Encantada,sourced,L'Encantada,TRUE,FALSE,Bas-Armagnac; Single Cask,20 Years,NULL,Cask 134,94.4,47.2,NULL,NULL,NULL,"Vanilla, waves of honey, tropical fruits, juicy melons, old oak, spice, liquorice, sweet grapes, a touch of rancio and wine. A blend of different estates married in one cask.",https://www.finedrams.com/lencantada-selection-20-year-old-cask-134-bas-armagnac.html,2026-06-26,https://d1wd5rt8ssn8ry.cloudfront.net/image/43868-large-1551462418/lencantada-selection-20-year-old-cask-134-bas-armagnac.jpg,armagnac_france
Armagnac,Undisclosed (Bas-Armagnac),"Bas-Armagnac, France",L'Encantada,sourced,L'Encantada,TRUE,FALSE,Bas-Armagnac,20 Years,NULL,20 Year Old assemblage,94.4,47.2,NULL,NULL,NULL,NULL,https://www.masterofmalt.com/armagnac/lencantada/lencantada-20-year-old-bas-armagnac/?sku=37066,2026-06-26,https://cdn11.bigcommerce.com/s-e8lbekfe7c/images/stencil/1024w/attribute_rule_images/27839_source_1758883105.jpg,armagnac_france
Armagnac,Undisclosed (Bas-Armagnac),"Bas-Armagnac, France",L'Encantada,sourced,L'Encantada,TRUE,FALSE,Bas-Armagnac,25 Years,NULL,25 Year Old assemblage,91,45.5,NULL,NULL,NULL,NULL,https://www.masterofmalt.com/armagnac/l-encantada/lencantada-25-year-old-bas-armagnac-46-7-armagnac/?sku=56176,2026-06-26,https://cdn11.bigcommerce.com/s-e8lbekfe7c/images/stencil/1024w/attribute_rule_images/21078_source_1758883331.jpg,armagnac_france
Armagnac,Undisclosed (Bas-Armagnac),"Bas-Armagnac, France",L'Encantada,sourced,L'Encantada,TRUE,FALSE,Armagnac,NULL,NULL,GNAC XO,82.2,41.1,NULL,NULL,NULL,NULL,https://www.masterofmalt.com/armagnac/lencantada/lencantada-gnac-xo-armagnac/?sku=121977,2026-06-26,https://cdn11.bigcommerce.com/s-e8lbekfe7c/images/stencil/1024w/attribute_rule_images/41999_source_1758884576.jpg,armagnac_france
Armagnac,J. Nismes-Delclou,"Bas-Armagnac, France",Berry Bros & Rudd,sourced,Berry Bros & Rudd,TRUE,FALSE,Bas-Armagnac; Millésime,NULL,1971,NULL,80,40,NULL,NULL,NULL,"Very smooth and agreeable, with a plethora of aromas; florals, sweet spice, caramel and dried stone-fruit.",https://www.bbr.com/products-19711212426-1971-armagnac-j-nismes-delclou-40%25,2026-06-14,NULL,armagnac_france
Armagnac,J. Nismes-Delclou,"Bas-Armagnac, France",Berry Bros & Rudd,sourced,Berry Bros & Rudd,TRUE,FALSE,Bas-Armagnac; Millésime,NULL,1997,NULL,80,40,NULL,NULL,NULL,NULL,https://www.bbr.com/products-19971212426-1997-armagnac-j-nismes-delclou-40%25,2026-06-14,NULL,armagnac_france
Armagnac,J. Nismes-Delclou,"Bas-Armagnac, France",Berry Bros & Rudd,sourced,Berry Bros & Rudd,TRUE,FALSE,Bas-Armagnac; Millésime,NULL,2001,NULL,80,40,NULL,NULL,NULL,NULL,https://www.bbr.com/products-20011212426-2001-armagnac-j-nismes-delclou-40%25,2026-06-14,NULL,armagnac_france
Armagnac,J. Nismes-Delclou,"Bas-Armagnac, France",Berry Bros & Rudd,sourced,Berry Bros & Rudd,TRUE,FALSE,Bas-Armagnac,10 Years,NULL,Nismes-Delclou 10YO,80,40,NULL,NULL,NULL,"Floral nose and dried fruit flavours; notes of spice, hazelnut and vanilla; cushioned, lingering finish.",https://www.bbr.com/products-10001516999-berry-bros-and-rudd-armagnac-10-year-old-j-nismes-delclou-40%25,2026-06-14,NULL,armagnac_france
Armagnac,J. Nismes-Delclou,"Bas-Armagnac, France",Berry Bros & Rudd,sourced,Berry Bros & Rudd,TRUE,FALSE,Bas-Armagnac; XO,NULL,NULL,Nismes-Delclou XO (~20yo),80,40,NULL,NULL,NULL,"Luscious, rich and rounded; dried fruit, spice and nutty elements; fleshy texture with elusive floral hints. Approx 20 years old.",https://www.thewhiskyexchange.com/p/19320/berrys-xo-armagnac-berry-brothers-rudd; https://www.bbr.com/products-10001517228-berry-bros-and-rudd-xo-armagnac-j-nismes-delclou-40%25,2026-06-14,NULL,armagnac_france
Armagnac,Undisclosed (Bas-Armagnac),"Bas-Armagnac, France",Cadenhead's,sourced,Cadenhead's,TRUE,FALSE,Bas-Armagnac; Millésime; Single Cask,NULL,1964,NULL,81.8,40.9,NULL,NULL,NULL,"Nose: lemon zest, pine forest, blueberries. Palate: brittle toffee, lemon drizzle cake, herbal. Finish: strawberry tart, walnut, chewy meringue. Bottled Sep 2019, Malternatives release; uncoloured, unchill-filtered.",https://www.cadenhead.scot/bottlings/armagnac-bas-armagnac-vintage-1964/,2026-06-28,NULL,armagnac_france
Armagnac,Undisclosed (Bas-Armagnac),"Bas-Armagnac, France",Cadenhead's,sourced,Cadenhead's,TRUE,FALSE,Bas-Armagnac; Millésime; Single Cask,NULL,1979,NULL,86.6,43.3,NULL,NULL,NULL,"Nose: soft wood smoke, praline, stewed fruits. Palate: mouth-coating, date and walnut bread, old leather. Finish: orange peel, winter spices, cloves. Bottled Sep 2019, Malternatives release.",https://www.cadenhead.scot/bottlings/armagnac-bas-armagnac-vintage-1979/,2026-06-28,NULL,armagnac_france
Armagnac,Undisclosed (Armagnac-Ténarèze),"Armagnac-Ténarèze, France",Cadenhead's,sourced,Cadenhead's,TRUE,FALSE,Armagnac-Ténarèze; Millésime; Single Cask,NULL,1990,NULL,95.6,47.8,NULL,NULL,NULL,"Nose: burnt orange, dunnage warehouse, marzipan. Palate: hazelnut, all spice, malt loaf with melted butter. Finish: brioche, vanilla pods, white chocolate. Bottled Sep 2019, Malternatives range.",https://www.cadenhead.scot/bottlings/armagnac-armagnac-tenareze-vintage-1990/; https://www.cadenhead.shop/product/armagnac-tenareze-1990/,2026-06-28,NULL,armagnac_france
Armagnac,Cerbois (Maignan-Eauze),"Eauze, France",Maison Ferrand,sourced,Maison Ferrand,TRUE,FALSE,Bas-Armagnac; XO; Folle Blanche,NULL,NULL,Cerbois XO,80,40,Folle Blanche,NULL,NULL,"Blend of vintages 18-22 years old, single distillation. Nose: violet, black tea, caramel, dates, nutty. Palate: bold, spicy, plum, tobacco, freshly ground black pepper. Finish: persistent, lingering.",https://www.wine-searcher.com/find/cerbois+x+o+bas+armagnac+france; https://www.cellartracker.com/wine.asp?iWine=1839751,2026-06-14,NULL,armagnac_france
Armagnac,Cerbois (Maignan-Eauze),"Eauze, France",Maison Ferrand,sourced,Maison Ferrand,TRUE,FALSE,Bas-Armagnac; Ugni Blanc,NULL,NULL,Cerbois VSOP,80,40,"Colombard, Ugni Blanc, Folle Blanche",NULL,NULL,"VSOP Bas-Armagnac, single distillation, sourced from Maignan-Eauze in the heart of Bas-Armagnac.",https://distiller.com/spirits/cerbois-vsop; https://www.wine-searcher.com/find/cerbois+v+s+o+p+bas+armagnac+france,2026-06-14,NULL,armagnac_france
Armagnac,Domaine de Pouchégu,"Montréal-du-Gers, France",Rare Armagnac Collection,sourced,Rare Armagnac Collection,TRUE,FALSE,Armagnac; Millésime; Single Cask; Cask Strength,38 Years,1980,Pouchégu,99.2,49.6,Ugni Blanc,New Limousin oak,NULL,"Release nicknamed ""Mars"". Mahogany, sandalwood and exotic woods, dark spice, premium leather, oloroso-like raisinated fruit, mint, brown butter sugar; sweet entry, rancio fruit and roasted nuts, tannin only on the finish. Bottled without additives or reduction.",https://shop.klwines.com/products/details/1390663,2026-06-26,https://cdn.klwines.com/images/skus/1390663x.jpg,armagnac_france
Armagnac,Domaine de Pouchégu,"Montréal-du-Gers, France",Rare Armagnac Collection,sourced,Rare Armagnac Collection,TRUE,FALSE,Armagnac; Millésime; Single Cask; Cask Strength,39 Years,1981,G681-20,108.1,54.05,Baco / Ugni Blanc,New Limousin oak,NULL,"Release nicknamed ""Mars"". Deep mahogany; sweet dried fruits and bitter herbs, big oak with vanilla, cinnamon, espresso, nutmeg, lacquer, anise; dried plum, stewed apricot, poached pear; maple-syrup sweetness masking tannin. Last batch of 1981 stock. No additives or reduction.",https://shop.klwines.com/products/details/1501919,2026-06-26,https://cdn.klwines.com/images/skus/1501919x.jpg,armagnac_france
Armagnac,Domaine de Pouchégu,"Montréal-du-Gers, France",Rare Armagnac Collection,sourced,Rare Armagnac Collection,TRUE,FALSE,Armagnac; Millésime; Single Cask; Cask Strength,23 Years,1995,Pouchégu,112.4,56.2,Baco,New Limousin oak,NULL,"Release nicknamed ""Venus"". Fresh and lighter than the 1980; ripe apricot, tropical spice, lacquer box, Seville orange peel, grated ginger; heat, big spice, strong vanilla, bright citrus. Bottled without additives or reduction.",https://shop.klwines.com/products/details/1390664,2026-06-26,https://cdn.klwines.com/images/skus/1390664x.jpg,armagnac_france
Armagnac,Domaine de Pouchégu,"Cazeneuve-Montaut, France",Rare Armagnac Collection,sourced,Rare Armagnac Collection,TRUE,FALSE,Armagnac; Millésime; Single Cask; Cask Strength; Ugni Blanc,45 Years,1980,A10,90.8,45.4,Ugni Blanc,Oak,NULL,"Bottled by Hontambère / RAC Spirits (OB 2025), single cask #A10, 80 bottles. Cigar boxes, varnished hardwood, oloroso-like prunes and dates, caramelized nuts, tobacco, citrus oils; wood-forward palate with sandalwood, menthol, maraschino cherry, cinnamon, liquorice; long leathery finish. 100% Ugni Blanc from the lost Domaine Pouchégu.",https://www.whiskynotes.be/2025/armagnac/armagnac-hontambere-pouchegu-1980-1995/; https://www.armagnac.de/en/collections/hontambere/products/hontambere-rac-1980-a10-0525-70,2026-06-28,NULL,armagnac_france
Armagnac,Domaine de Pouchégu,"Cazeneuve-Montaut, France",Rare Armagnac Collection,sourced,Rare Armagnac Collection,TRUE,FALSE,Armagnac; Millésime; Single Cask; Cask Strength; Ugni Blanc,30 Years,1995,B4,109.6,54.8,Ugni Blanc,Oak,NULL,"Bottled by Hontambère / RAC Spirits (OB 2025), single cask #B4, 200 bottles. Fruity: stewed mango and apricot, dark honey, citrus, rich vanilla, crushed mint; honeyed palate with stewed pear, liquorice, almonds, sandalwood; long fruity finish. WhiskyNotes 90/100.",https://www.whiskynotes.be/2025/armagnac/armagnac-hontambere-pouchegu-1980-1995/; https://www.armagnac.de/en/collections/hontambere/products/hontambere-rac-1995-b4-0925-70,2026-06-28,NULL,armagnac_france
Armagnac,Domaine de Pouchégu,"Cazeneuve-Montaut, France",Rare Armagnac Collection,sourced,Rare Armagnac Collection,TRUE,FALSE,Armagnac; Millésime; Single Cask; Cask Strength; Ugni Blanc,NULL,1982,F2,105.4,52.7,Ugni Blanc,Oak,NULL,"Hontambère / Rare Armagnac Collection bottling, single cask #F2 (11/2024). Dried fruits, toasted nuts, vanilla, oak; prunes, dark chocolate, warm spices, refined tannins; long finish of caramel, roasted coffee, spice. Ugni Blanc from Domaine Pouchégu.",https://www.cognac-expert.com/armagnac/hontambere-vintage-1982-pouchegu-armagnac; https://www.armagnac.de/en/collections/hontambere/products/rac-1982-caskf2-1124-70,2026-06-26,https://static.cognac-expert.com/15186-thickbox_default/hontambere-vintage-1982-pouchegu-armagnac.webp,armagnac_france
Armagnac,Domaine de Pouchégu,"Cazeneuve-Montaut, France",Rare Armagnac Collection,sourced,Rare Armagnac Collection,TRUE,FALSE,Armagnac; Millésime; Single Cask,NULL,1987,H3,,,NULL,Oak,NULL,"Hontambère / Rare Armagnac Collection bottling, single cask #H3 (10/2022), sourced from Domaine Pouchégu stock.",https://www.armagnac.de/en/collections/hontambere/products/rac-1987-caskh3-1022-70,2026-06-26,http://www.armagnac.de/cdn/shop/files/Hontambere-RAC-1987.jpg,armagnac_france
Armagnac,Domaine de Pouchégu,"Cazeneuve-Montaut, France",Rare Armagnac Collection,sourced,Rare Armagnac Collection,TRUE,FALSE,Armagnac; Millésime; Single Cask,NULL,2000,D10,,,NULL,Oak,NULL,"Hontambère / Rare Armagnac Collection bottling, single cask #D10 (07/2025), sourced from Domaine Pouchégu stock.",https://www.armagnac.de/en/collections/hontambere/products/hontambere-rac-2000-d10-0725-70,2026-06-26,http://www.armagnac.de/cdn/shop/files/Hontambere-2000-Front.jpg,armagnac_france
Armagnac,Domaine de Pouchégu,"Cazeneuve-Montaut, France",Rare Armagnac Collection,sourced,Rare Armagnac Collection,TRUE,FALSE,Armagnac; Millésime; Single Cask,NULL,2001,B12,,,NULL,Oak,NULL,"Hontambère / Rare Armagnac Collection bottling, single cask #B12 (10/2022), sourced from Domaine Pouchégu stock.",https://www.armagnac.de/en/collections/hontambere/products/rac-2001-caskb12-1022-70,2026-06-26,http://www.armagnac.de/cdn/shop/files/Hontambere-RAC-2001.jpg,armagnac_france
Armagnac,Domaine de Pouchégu,"Cazeneuve-Montaut, France",Rare Armagnac Collection,sourced,Rare Armagnac Collection,TRUE,FALSE,Armagnac; Millésime; Single Cask,NULL,1994,E4,,,NULL,Oak,NULL,"Hontambère / Rare Armagnac Collection bottling, single cask #E4 (10/2022), sourced from Domaine Pouchégu stock.",https://www.armagnac.de/en/collections/hontambere/products/rac-1994-caske4-1022-70,2026-06-26,http://www.armagnac.de/cdn/shop/files/Hontambere-RAC-1994.jpg,armagnac_france
Armagnac,Domaine de Pouchégu,"Cazeneuve-Montaut, France",Rare Armagnac Collection,sourced,Rare Armagnac Collection,TRUE,FALSE,Armagnac; Millésime; Single Cask; Hors d'Âge,NULL,1973,I1,,,NULL,Oak,NULL,"Hontambère / Rare Armagnac Collection ""Paradise"" bottling, single cask #I1, sourced from Domaine Pouchégu stock.",https://www.armagnac.de/en/collections/hontambere/products/rac-1973-caski1-70,2026-06-28,NULL,armagnac_france
Armagnac,Domaine de Pouchégu,"Cazeneuve-Montaut, France",Rare Armagnac Collection,sourced,Rare Armagnac Collection,TRUE,FALSE,Armagnac; Millésime; Single Cask; Hors d'Âge,NULL,1975,D11,,,NULL,Oak,NULL,"Hontambère / Rare Armagnac Collection ""Paradise"" bottling, single cask #D11, sourced from Domaine Pouchégu stock.",https://www.armagnac.de/en/collections/hontambere/products/rac-1975-caskd11-70,2026-06-28,NULL,armagnac_france
Armagnac,Domaine de Pouchégu,"Cazeneuve-Montaut, France",Rare Armagnac Collection,sourced,Rare Armagnac Collection,TRUE,FALSE,Armagnac; Millésime; Single Cask; Hors d'Âge,NULL,1977,D10,,,NULL,Oak,NULL,"Hontambère / Rare Armagnac Collection ""Paradise"" bottling, single cask #D10, sourced from Domaine Pouchégu stock.",https://www.armagnac.de/en/collections/hontambere/products/rac-1977-caskd10-70,2026-06-28,NULL,armagnac_france
Armagnac,Domaine de Pouchégu,"Cazeneuve-Montaut, France",Rare Armagnac Collection,sourced,Rare Armagnac Collection,TRUE,FALSE,Armagnac; Millésime; Single Cask; Hors d'Âge,NULL,1978,F11,,,NULL,Oak,NULL,"Hontambère / Rare Armagnac Collection ""Paradise"" bottling, single cask #F11, sourced from Domaine Pouchégu stock.",https://www.armagnac.de/en/collections/hontambere/products/rac-1978-caskf11-70,2026-06-28,NULL,armagnac_france
Armagnac,Château de Ravignan,"Perquie, France",Astor Wines,sourced,Astor Wines,TRUE,FALSE,Bas-Armagnac; Millésime; Single Cask; Cask Strength,25 Years,1998,Ravignan,82.8,41.4,NULL,Oak,NULL,"Astor Select single cask, aged 25 years in the family chai next to the château, bottled at natural cask strength. Honey on buttered toast, nougat, black Assam tea, licorice, dark chocolate, espresso.",https://www.astorwines.com/item/50299,2026-06-14,NULL,armagnac_france
Armagnac,Domaine Marquet,"Bas-Armagnac, France",Astor Wines,sourced,Astor Wines,TRUE,FALSE,Bas-Armagnac; Millésime; Single Cask; Cask Strength,40 Years,1983,Marquet,85.8,42.9,NULL,Local oak,NULL,"Laterrade / Astor Select single cask (Vincent Laterrade), aged 40 years in a single cask of local oak, bottled cask strength with zero additives. Black cherry, pipe tobacco, dark bittersweet cocoa, French almond cake, resinous oak spice.",https://www.astorwines.com/item/49988,2026-06-14,NULL,armagnac_france
Armagnac,Domaine Louis Dupuy,"Bas-Armagnac, France",Astor Wines,sourced,Astor Wines,TRUE,FALSE,Bas-Armagnac; Millésime; Single Cask; Cask Strength,36 Years,1987,Louis Dupuy,98.0,49.0,NULL,Oak,NULL,"Astor Select single cask, aged 36 years, bottled at natural cask strength with zero additives. Sour cherry preserves, mandarin orange, toasted coconut, ripe cantaloupe, drying baking-spice finish.",https://www.astorwines.com/item/50676,2026-06-14,NULL,armagnac_france
Armagnac,Domaine de Bellair,"Bas-Armagnac, France",Astor Wines,sourced,Astor Wines,TRUE,FALSE,Bas-Armagnac; Millésime; Single Cask; Cask Strength,32 Years,1989,Bellair,102.0,51.0,NULL,Oak,NULL,L'Encantada single cask selected for Astor; almost red in color from long maturation in good oak. A honey barrel picked at the perfect time.,https://www.astorwines.com/item/49702,2026-06-14,NULL,armagnac_france
Armagnac,Undisclosed (Bas-Armagnac),"Bas-Armagnac, France",Baron Gaston Legrand,sourced,Baron Gaston Legrand,TRUE,FALSE,Bas-Armagnac; Millésime; Reduced Strength,NULL,1949,NULL,80.0,40.0,Baco / Ugni Blanc,Limousin / Monlézun oak,NULL,"Baron Gaston Legrand (Lhéraud-owned négociant) Bas-Armagnac vintage line, reduced to drinking strength with petites eaux, no additives.",https://www.armagnac.de/en/collections/baron-gaston-legrand/products/barongastonlegrand-vieilarmagnac1949-0525-20,2026-06-26,http://www.armagnac.de/cdn/shop/files/BaronGastonLegrand-BasArmagnac-1962_dc604dd0-d9a8-41f3-b69c-55b825faa5a3.jpg,armagnac_france
Armagnac,Undisclosed (Bas-Armagnac),"Bas-Armagnac, France",Baron Gaston Legrand,sourced,Baron Gaston Legrand,TRUE,FALSE,Bas-Armagnac; Millésime; Reduced Strength,NULL,1962,NULL,80.0,40.0,Baco / Ugni Blanc,Limousin / Monlézun oak,NULL,"Baron Gaston Legrand (Lhéraud-owned négociant) Bas-Armagnac vintage line, reduced to drinking strength, no additives.",https://www.armagnac.de/en/collections/baron-gaston-legrand/products/barongastonlegrand-basarmagnac1962-0525-20,2026-06-26,http://www.armagnac.de/cdn/shop/files/BaronGastonLegrand-BasArmagnac-1962_eb63ac2d-c4f5-4fa3-a2b5-3ab5492e7fe2.jpg,armagnac_france
Armagnac,Undisclosed (Bas-Armagnac),"Bas-Armagnac, France",Baron Gaston Legrand,sourced,Baron Gaston Legrand,TRUE,FALSE,Bas-Armagnac; Millésime; Reduced Strength,NULL,1971,NULL,80.0,40.0,Baco / Ugni Blanc,Limousin / Monlézun oak,NULL,"Baron Gaston Legrand (Lhéraud-owned négociant) Bas-Armagnac vintage line, reduced to drinking strength, no additives.",https://www.armagnac.de/en/collections/baron-gaston-legrand/products/barongastonlegrand-basarmagnac1971-0525-20; https://vinodelice.com/en/products/bas-armagnac-baron-gaston-legrand-1971,2026-06-26,http://www.armagnac.de/cdn/shop/files/BaronGastonLegrand-BasArmagnac-1971_18bb0436-44a5-4ac4-9424-762da39eca68.jpg,armagnac_france
Armagnac,Undisclosed (Bas-Armagnac),"Bas-Armagnac, France",Baron Gaston Legrand,sourced,Baron Gaston Legrand,TRUE,FALSE,Bas-Armagnac; Millésime; Reduced Strength,NULL,1974,NULL,80.0,40.0,Baco / Ugni Blanc,Limousin / Monlézun oak,NULL,"Baron Gaston Legrand (Lhéraud-owned négociant) Bas-Armagnac vintage line, reduced to drinking strength, no additives.",https://www.armagnac.de/en/collections/baron-gaston-legrand/products/barongastonlegrand-basarmagnac1974-0525-20; https://www.mtorresnetwine.com/product/1974-bas-armagnac-baron-gaston-legrand-40-70cl/,2026-06-26,http://www.armagnac.de/cdn/shop/files/BaronGastonLegrand-BasArmagnac-1974_59b0e42f-0fd7-4552-8319-b98aed8cf4f5.jpg,armagnac_france
Armagnac,Undisclosed (Bas-Armagnac),"Bas-Armagnac, France",Baron Gaston Legrand,sourced,Baron Gaston Legrand,TRUE,FALSE,Bas-Armagnac; Millésime; Reduced Strength,NULL,1976,NULL,80.0,40.0,Baco / Ugni Blanc,Limousin / Monlézun oak,NULL,"Baron Gaston Legrand (Lhéraud-owned négociant) Bas-Armagnac vintage line, reduced to drinking strength, no additives.",https://www.armagnac.de/en/collections/baron-gaston-legrand/products/barongastonlegrand-basarmagnac1976-0525-20; https://www.weisshaus.de/details/lheraud-baron-gaston-legrand-1976-bas-armagnac-40-vol.-0-70l,2026-06-26,http://www.armagnac.de/cdn/shop/files/BaronGastonLegrand-BasArmagnac-1976_6fc7930f-325e-4735-be45-198a9ee84c63.jpg,armagnac_france
Armagnac,Undisclosed (Bas-Armagnac),"Bas-Armagnac, France",Baron Gaston Legrand,sourced,Baron Gaston Legrand,TRUE,FALSE,Bas-Armagnac; Millésime; Reduced Strength,NULL,1985,NULL,80.0,40.0,Baco / Ugni Blanc,Limousin / Monlézun oak,NULL,"Baron Gaston Legrand (Lhéraud-owned négociant) Bas-Armagnac vintage line, reduced to drinking strength, no additives.",https://www.armagnac.de/en/collections/baron-gaston-legrand,2026-06-28,NULL,armagnac_france
Armagnac,Undisclosed (Bas-Armagnac),"Bas-Armagnac, France",Baron Gaston Legrand,sourced,Baron Gaston Legrand,TRUE,FALSE,Bas-Armagnac; Millésime; Reduced Strength,NULL,1995,NULL,80.0,40.0,Baco / Ugni Blanc,Limousin / Monlézun oak,NULL,"Baron Gaston Legrand (Lhéraud-owned négociant) Bas-Armagnac vintage line, reduced to drinking strength, no additives.",https://www.armagnac.de/en/collections/baron-gaston-legrand,2026-06-28,NULL,armagnac_france
Armagnac,Undisclosed (Bas-Armagnac),"Bas-Armagnac, France",Baron Gaston Legrand,sourced,Baron Gaston Legrand,TRUE,FALSE,Bas-Armagnac; Millésime; Reduced Strength,NULL,2001,NULL,80.0,40.0,Baco / Ugni Blanc,Limousin / Monlézun oak,NULL,"Baron Gaston Legrand (Lhéraud-owned négociant) Bas-Armagnac vintage line, reduced to drinking strength, no additives.",https://www.armagnac.de/en/collections/baron-gaston-legrand,2026-06-28,NULL,armagnac_france
Armagnac,Various (Armagnac source cask program),"Armagnac, France",BHAKTA 50 Year Armagnac,sourced,BHAKTA Spirits,TRUE,FALSE,Bas-Armagnac; Single Barrel; Barrel #8 Sagramore,50 Years,NULL,Barrel #8,94.8,47.4,NULL,French oak,NULL,NULL,https://www.benchmarkwineandspirits.com/products/9002232,2026-06-28,http://www.benchmarkwineandspirits.com/cdn/shop/files/Bhakta_image_57e989d8-76f7-4574-be64-2292f571332c.webp,armagnac_france
Armagnac,Various (Armagnac source cask program),"Armagnac, France",BHAKTA 50 Year Armagnac,sourced,BHAKTA Spirits,TRUE,FALSE,Bas-Armagnac; Single Barrel; Barrel #9 Colgrevance,50 Years,NULL,Barrel #9,91.8,45.9,NULL,French oak,NULL,NULL,https://www.benchmarkwineandspirits.com/products/9002233,2026-06-28,http://www.benchmarkwineandspirits.com/cdn/shop/files/Bhakta_image_b68e3055-ab87-4869-8120-c3ec50049e78.webp,armagnac_france
Armagnac,Various (Armagnac source cask program),"Armagnac, France",BHAKTA 50 Year Armagnac,sourced,BHAKTA Spirits,TRUE,FALSE,Bas-Armagnac; Single Barrel; Barrel #14 Theobald,50 Years,NULL,Barrel #14,87.2,43.6,NULL,French oak,NULL,NULL,https://www.benchmarkwineandspirits.com/products/9002200,2026-06-28,http://www.benchmarkwineandspirits.com/cdn/shop/files/Bhakta_image_2ce68ccc-5863-415f-9972-1fe8600e54eb.webp,armagnac_france
Armagnac,Various (Armagnac source cask program),"Armagnac, France",BHAKTA 50 Year Armagnac,sourced,BHAKTA Spirits,TRUE,FALSE,Bas-Armagnac; Single Barrel; Barrel #16 Ulysses,50 Years,NULL,Barrel #16,92.6,46.3,NULL,French oak,NULL,NULL,https://www.benchmarkwineandspirits.com/products/9002209,2026-06-28,http://www.benchmarkwineandspirits.com/cdn/shop/files/Bhakta_image_e1200a88-6a40-4519-a394-33a500a26c27.webp,armagnac_france
Armagnac,Various (Armagnac source cask program),"Armagnac, France",BHAKTA 50 Year Armagnac,sourced,BHAKTA Spirits,TRUE,FALSE,Bas-Armagnac; Single Barrel; Barrel #20 Fitzgerald,50 Years,NULL,Barrel #20,97.8,48.9,NULL,French oak,NULL,NULL,https://www.benchmarkwineandspirits.com/products/9002211,2026-06-28,http://www.benchmarkwineandspirits.com/cdn/shop/files/Bhakta_image_0781b96e-d855-4f95-bc67-5d1b46e0aba9.webp,armagnac_france
Armagnac,Various (Armagnac source cask program),"Armagnac, France",BHAKTA 50 Year Armagnac,sourced,BHAKTA Spirits,TRUE,FALSE,Bas-Armagnac; Single Barrel; Barrel #21 Earhart,50 Years,NULL,Barrel #21,95.8,47.9,NULL,French oak,NULL,NULL,https://www.benchmarkwineandspirits.com/products/9002212,2026-06-28,http://www.benchmarkwineandspirits.com/cdn/shop/files/Bhakta_image_2f44fc63-065a-4669-b43a-d15f3b7c76c1.webp,armagnac_france
Armagnac,Various (Armagnac source cask program),"Armagnac, France",BHAKTA 50 Year Armagnac,sourced,BHAKTA Spirits,TRUE,FALSE,Bas-Armagnac; Single Barrel; Barrel #26 Pickerell,50 Years,NULL,Barrel #26,95.4,47.7,NULL,French oak,NULL,NULL,https://www.benchmarkwineandspirits.com/products/9002215,2026-06-28,http://www.benchmarkwineandspirits.com/cdn/shop/files/Bhakta_image_22fe5039-39e1-4926-9a66-b0599b9b503f.webp,armagnac_france
Armagnac,Various (Armagnac source cask program),"Armagnac, France",BHAKTA 50 Year Armagnac,sourced,BHAKTA Spirits,TRUE,FALSE,Bas-Armagnac; Single Barrel; Barrel #30 Emperor Norton,50 Years,NULL,Barrel #30,96.4,48.2,NULL,French oak,NULL,NULL,https://www.benchmarkwineandspirits.com/products/9002216,2026-06-28,http://www.benchmarkwineandspirits.com/cdn/shop/files/Bhakta_image_e1fffcf5-424e-41fb-bf12-2d4443f91627.webp,armagnac_france
Armagnac,Various (Armagnac source cask program),"Armagnac, France",BHAKTA 50 Year Armagnac,sourced,BHAKTA Spirits,TRUE,FALSE,Bas-Armagnac; Single Barrel; Barrel #31 Iron Lady,50 Years,NULL,Barrel #31,99.8,49.9,NULL,French oak,NULL,NULL,https://www.benchmarkwineandspirits.com/products/9002217,2026-06-28,http://www.benchmarkwineandspirits.com/cdn/shop/files/Bhakta_image_636fb701-a77c-4c17-ba5a-adcb1a4decf4.webp,armagnac_france
Armagnac,Various (Armagnac source cask program),"Armagnac, France",BHAKTA 50 Year Armagnac,sourced,BHAKTA Spirits,TRUE,FALSE,Bas-Armagnac; Single Barrel; Barrel #32 Ravi,50 Years,NULL,Barrel #32,99.0,49.5,NULL,French oak,NULL,NULL,https://www.benchmarkwineandspirits.com/products/9002218,2026-06-28,http://www.benchmarkwineandspirits.com/cdn/shop/files/Bhakta_image_3f5a7bb1-f4cc-4b9d-9c55-e294736b97f5.webp,armagnac_france
Armagnac,Various (Armagnac source cask program),"Armagnac, France",BHAKTA 50 Year Armagnac,sourced,BHAKTA Spirits,TRUE,FALSE,Bas-Armagnac; Single Barrel; Barrel #33 Eugene,50 Years,NULL,Barrel #33,96.0,48.0,NULL,French oak,NULL,NULL,https://www.benchmarkwineandspirits.com/products/9002219,2026-06-28,http://www.benchmarkwineandspirits.com/cdn/shop/files/Bhakta_image_f5646075-c80a-48bf-a82e-c71c957b15ce.webp,armagnac_france
Armagnac,Various (Armagnac source cask program),"Armagnac, France",BHAKTA 50 Year Armagnac,sourced,BHAKTA Spirits,TRUE,FALSE,Bas-Armagnac; Single Barrel; Barrel #34 Mary Teresa,50 Years,NULL,Barrel #34,97.8,48.9,NULL,French oak,NULL,NULL,https://www.benchmarkwineandspirits.com/products/9002220,2026-06-28,http://www.benchmarkwineandspirits.com/cdn/shop/files/Bhakta_image_ae7e4d74-1e93-475a-a7a4-2ff10fa3d8cb.webp,armagnac_france
Armagnac,Various (Armagnac source cask program),"Armagnac, France",BHAKTA 50 Year Armagnac,sourced,BHAKTA Spirits,TRUE,FALSE,Bas-Armagnac; Single Barrel; Barrel #36 Octavian,50 Years,NULL,Barrel #36,96.0,48.0,NULL,French oak,NULL,NULL,https://www.benchmarkwineandspirits.com/products/9002221,2026-06-28,http://www.benchmarkwineandspirits.com/cdn/shop/files/Bhakta_image_60bba7d5-63f5-4b7d-a157-3c2668ae6085.webp,armagnac_france
Armagnac,Various (Armagnac source cask program),"Armagnac, France",BHAKTA 50 Year Armagnac,sourced,BHAKTA Spirits,TRUE,FALSE,Bas-Armagnac; Single Barrel; Barrel #37 Charlemagne,50 Years,NULL,Barrel #37,98.6,49.3,NULL,French oak,NULL,NULL,https://www.benchmarkwineandspirits.com/products/9002222,2026-06-28,http://www.benchmarkwineandspirits.com/cdn/shop/files/Bhakta29barrel_e0aa5533-7385-4d12-8992-0cfcbed33f73.jpg,armagnac_france
Armagnac,Various (Armagnac source cask program),"Armagnac, France",BHAKTA 50 Year Armagnac,sourced,BHAKTA Spirits,TRUE,FALSE,Bas-Armagnac; Single Barrel; Barrel #38 Washington,50 Years,NULL,Barrel #38,95.4,47.7,NULL,French oak,NULL,NULL,https://www.benchmarkwineandspirits.com/products/9002223,2026-06-28,http://www.benchmarkwineandspirits.com/cdn/shop/files/Bhakta29barrel_055ac525-ae72-461c-9c8a-143e8deef764.jpg,armagnac_france
Armagnac,Domaine Cutxan,"Bas-Armagnac, France",L'Encantada,sourced,L'Encantada,TRUE,FALSE,"Bas-Armagnac; Millésime, Single Cask",23 Years,1997,Lot 97CUT2001,80.6,40.3,NULL,French oak,NULL,NULL,https://www.benchmarkwineandspirits.com/products/9001037,2026-06-28,NULL,armagnac_france
