spirit_type,distillery,distillery_location,spirit_name,producer_type,producer_brand,is_ndp,is_template,special_designation,age_statement,vintage,batch_lot,proof,abv,mash_bill,barrel_type,cask_finish,source_urls,last_verified,label_image_url,cohort
Bourbon,Buffalo Trace Distillery,"Frankfort, KY",Buffalo Trace,own_make,NULL,FALSE,FALSE,Kentucky Straight Bourbon,NAS,,,90,45.0,,New charred American oak,,https://www.breakingbourbon.com/review/buffalo-trace-bourbon,2026-06-26,https://cdn.prod.website-files.com/5ace2bae31f6d3c07d267cb9/66a10cb6b0a6c3a227eae998_Buffalo-Trace-Bourbon-2024-01.jpg,bourbon_kentucky_majors
Bourbon,Buffalo Trace Distillery,"Frankfort, KY",Eagle Rare,own_make,NULL,FALSE,FALSE,Kentucky Straight Bourbon,10 Years,,,90,45.0,,New charred American oak,,https://distiller.com/spirits/eagle-rare-10-year-old-bourbon,2026-06-26,NULL,bourbon_kentucky_majors
Bourbon,Buffalo Trace Distillery,"Frankfort, KY",Eagle Rare,own_make,NULL,FALSE,FALSE,Kentucky Straight Bourbon; ; Double Eagle Very Rare,20 Years,,2019 Release,90,45.0,,New charred American oak,,https://americanwhiskeymag.com/articles/buffalo-trace-releases-double-eagle-very-rare-bourbon/; https://www.distillerytrail.com/blog/buffalo-trace-releases-3rd-edition-of-20-year-old-double-eagle-very-rare-bourbon-will-cost-100-year/; https://www.gobourbon.com/double-eagle-very-rare-has-landed-from-buffalo-trace/; https://www.gobourbon.com/this-years-double-eagle-very-rare-to-be-highest-proof-yet/,2026-10-03,NULL,bourbon_kentucky_majors
Bourbon,Buffalo Trace Distillery,"Frankfort, KY",Eagle Rare,own_make,NULL,FALSE,FALSE,Kentucky Straight Bourbon; ; Double Eagle Very Rare,20 Years,,2020 Release,90,45.0,,New charred American oak,,https://americanwhiskeymag.com/articles/buffalo-trace-releases-double-eagle-very-rare-bourbon/; https://www.distillerytrail.com/blog/buffalo-trace-releases-3rd-edition-of-20-year-old-double-eagle-very-rare-bourbon-will-cost-100-year/; https://www.liquorexpress.us/products/double-eagle-very-rare-1; https://www.gobourbon.com/this-years-double-eagle-very-rare-to-be-highest-proof-yet/,2026-10-03,NULL,bourbon_kentucky_majors
Bourbon,Buffalo Trace Distillery,"Frankfort, KY",Eagle Rare,own_make,NULL,FALSE,FALSE,Kentucky Straight Bourbon; ; Double Eagle Very Rare,20 Years,,2021 Release,101,50.5,,New charred American oak,,https://americanwhiskeymag.com/articles/buffalo-trace-releases-double-eagle-very-rare-bourbon/; https://www.distillerytrail.com/blog/buffalo-trace-releases-3rd-edition-of-20-year-old-double-eagle-very-rare-bourbon-will-cost-100-year/,2026-06-26,NULL,bourbon_kentucky_majors
Bourbon,Buffalo Trace Distillery,"Frankfort, KY",Eagle Rare,own_make,NULL,FALSE,FALSE,Kentucky Straight Bourbon; ; Double Eagle Very Rare,20 Years,,2022 Release,101,50.5,,New charred American oak,,https://americanwhiskeymag.com/articles/buffalo-trace-releases-double-eagle-very-rare-bourbon/; https://www.distillerytrail.com/blog/buffalo-trace-releases-3rd-edition-of-20-year-old-double-eagle-very-rare-bourbon-will-cost-100-year/; https://woodencork.com/products/2023-eagle-rare-double-eagle-very-rare-20-year-old-kentucky-straight-bourbon-whiskey,2026-10-03,NULL,bourbon_kentucky_majors
Bourbon,Buffalo Trace Distillery,"Frankfort, KY",Eagle Rare,own_make,NULL,FALSE,FALSE,Kentucky Straight Bourbon; ; Double Eagle Very Rare,20 Years,,2023 Release,101,50.5,,New charred American oak,,https://americanwhiskeymag.com/articles/buffalo-trace-releases-double-eagle-very-rare-bourbon/; https://www.distillerytrail.com/blog/buffalo-trace-releases-3rd-edition-of-20-year-old-double-eagle-very-rare-bourbon-will-cost-100-year/; https://woodencork.com/products/2023-eagle-rare-double-eagle-very-rare-20-year-old-kentucky-straight-bourbon-whiskey,2026-10-03,NULL,bourbon_kentucky_majors
Bourbon,Buffalo Trace Distillery,"Frankfort, KY",Eagle Rare,own_make,NULL,FALSE,FALSE,Kentucky Straight Bourbon; ; Double Eagle Very Rare,20 Years,,2024 Release,101,50.5,,New charred American oak,,https://americanwhiskeymag.com/articles/buffalo-trace-releases-double-eagle-very-rare-bourbon/; https://www.distillerytrail.com/blog/buffalo-trace-releases-3rd-edition-of-20-year-old-double-eagle-very-rare-bourbon-will-cost-100-year/; https://woodencork.com/products/double-eagle-very-rare-20-year-old-bourbon-whiskey-2024-release,2026-10-03,NULL,bourbon_kentucky_majors
Bourbon,Buffalo Trace Distillery,"Frankfort, KY",Eagle Rare,own_make,NULL,FALSE,FALSE,Kentucky Straight Bourbon; ; Double Eagle Very Rare,20 Years,,2025 Release,101,50.5,,New charred American oak,,https://americanwhiskeymag.com/articles/buffalo-trace-releases-double-eagle-very-rare-bourbon/; https://www.distillerytrail.com/blog/buffalo-trace-releases-3rd-edition-of-20-year-old-double-eagle-very-rare-bourbon-will-cost-100-year/; https://www.thebarreltap.com/products/double-eagle-very-rare-20-year-old-straight-bourbon-whiskey-2025-release,2026-10-03,NULL,bourbon_kentucky_majors
Bourbon,Buffalo Trace Distillery,"Frankfort, KY",Eagle Rare,own_make,NULL,FALSE,FALSE,Kentucky Straight Bourbon; ; Double Eagle Very Rare,20 Years,,2026 Release,101,50.5,,New charred American oak,,https://americanwhiskeymag.com/articles/buffalo-trace-releases-double-eagle-very-rare-bourbon/; https://www.distillerytrail.com/blog/buffalo-trace-releases-3rd-edition-of-20-year-old-double-eagle-very-rare-bourbon-will-cost-100-year/; https://woodencork.com/products/double-eagle-very-rare-20-year-bourbon-2026,2026-10-03,NULL,bourbon_kentucky_majors
Bourbon,Buffalo Trace Distillery,"Frankfort, KY",Blanton's,own_make,NULL,FALSE,FALSE,Kentucky Straight Bourbon; ; Original Single Barrel,NAS,,,93,46.5,,New charred American oak,,https://www.blantonsbourbon.com/pages/our-bourbon,2026-06-28,NULL,bourbon_kentucky_majors
Bourbon,Buffalo Trace Distillery,"Frankfort, KY",Blanton's,own_make,NULL,FALSE,FALSE,Kentucky Straight Bourbon; ; Gold Edition,NAS,,,103,51.5,,New charred American oak,,https://www.blantonsbourbon.com/pages/our-bourbon,2026-06-28,NULL,bourbon_kentucky_majors
Bourbon,Buffalo Trace Distillery,"Frankfort, KY",Blanton's,own_make,NULL,FALSE,FALSE,Kentucky Straight Bourbon; ; Special Reserve,NAS,,,80,40.0,,New charred American oak,,https://www.blantonsbourbon.com/pages/our-bourbon,2026-06-28,NULL,bourbon_kentucky_majors
Bourbon,Buffalo Trace Distillery,"Frankfort, KY",Blanton's,own_make,NULL,FALSE,FALSE,Kentucky Straight Bourbon; ; Straight from the Barrel,NAS,,,,,,New charred American oak,,https://www.blantonsbourbon.com/pages/our-bourbon,2026-06-28,NULL,bourbon_kentucky_majors
Bourbon,Buffalo Trace Distillery,"Frankfort, KY",Blanton's,own_make,NULL,FALSE,FALSE,Kentucky Straight Bourbon; ; Silver Edition,NAS,,,103,51.5,,New charred American oak,,https://liquorgeeks.com/blogs/news/blantons-single-barrel-buyers-guide-every-variant,2026-06-28,NULL,bourbon_kentucky_majors
Bourbon,Buffalo Trace Distillery,"Frankfort, KY",Rock Hill Farms,own_make,NULL,FALSE,FALSE,Kentucky Straight Bourbon; Single Barrel,NAS,,,100,50.0,,New charred American oak,,https://distiller.com/spirits/rock-hill-farms-single-barrel-bourbon,2026-06-26,NULL,bourbon_kentucky_majors
Bourbon,Buffalo Trace Distillery,"Frankfort, KY",Elmer T. Lee,own_make,NULL,FALSE,FALSE,Kentucky Straight Bourbon; Single Barrel,NAS,,,90,45.0,,New charred American oak,,https://distiller.com/spirits/elmer-t-lee-single-barrel-bourbon,2026-06-26,NULL,bourbon_kentucky_majors
Bourbon,Buffalo Trace Distillery,"Frankfort, KY",W.L. Weller,own_make,NULL,FALSE,FALSE,Kentucky Straight Bourbon; ; Special Reserve,NAS,,,90,45.0,wheated,New charred American oak,,https://www.buffalotracedistillery.com/our-brands/w-l-weller/w-l-weller-special-reserve/,2026-06-26,https://cms.buffalotracedistillery.com/wp-content/uploads/2025/11/WELLER-SPECIAL-RESERVE-PACKSHOT-PRODUCT-e1764158017233.png,bourbon_kentucky_majors
Bourbon,Buffalo Trace Distillery,"Frankfort, KY",W.L. Weller,own_make,NULL,FALSE,FALSE,Kentucky Straight Bourbon; ; Antique 107,NAS,,,107,53.5,wheated,New charred American oak,,https://www.buffalotracedistillery.com/our-brands/w-l-weller/w-l-weller-antique-107/,2026-06-26,https://cms.buffalotracedistillery.com/wp-content/uploads/2025/11/WELLER_ANTIQUE_BOTTLE.png,bourbon_kentucky_majors
Bourbon,Buffalo Trace Distillery,"Frankfort, KY",W.L. Weller,own_make,NULL,FALSE,FALSE,Kentucky Straight Bourbon; ; 12 Year Old,12 Years,,,90,45.0,wheated,New charred American oak,,https://www.buffalotracedistillery.com/our-brands/w-l-weller/w-l-weller-12-year.html,2026-06-26,https://cms.buffalotracedistillery.com/wp-content/uploads/2025/12/PACKSHOT-PRODUCT-Weller-12.png,bourbon_kentucky_majors
Bourbon,Buffalo Trace Distillery,"Frankfort, KY",W.L. Weller,own_make,NULL,FALSE,FALSE,Kentucky Straight Bourbon; ; Full Proof,NAS,,,114,57.0,wheated,New charred American oak,,https://www.breakingbourbon.com/review/weller-full-proof-2020,2026-06-26,https://cdn.prod.website-files.com/5ace2bae31f6d3c07d267cb9/5f2c332bbb89ba1ee61e5023_Weller-Full-Proof-Bourbon-2020-01a.jpg,bourbon_kentucky_majors
Bourbon,Buffalo Trace Distillery,"Frankfort, KY",George T. Stagg,own_make,NULL,FALSE,FALSE,Kentucky Straight Bourbon,NAS,,2002 Release,137.6,68.8,,New charred American oak,,https://bourbon-whiskey-and-rye.com/george-t-stagg-releases-and-proofs/; https://www.bourbonsocietycfl.com/bourbon/george-t-stagg/2020/08/gts-george-t-stagg-proof-year-batch/,2026-06-26,https://bourbon-whiskey-and-rye.com/wp-content/uploads/2023/08/George-T-Stagg_600-jpg.webp,bourbon_kentucky_majors
Bourbon,Buffalo Trace Distillery,"Frankfort, KY",George T. Stagg,own_make,NULL,FALSE,FALSE,Kentucky Straight Bourbon,NAS,,2003 Release,142.8,71.4,,New charred American oak,,https://bourbon-whiskey-and-rye.com/george-t-stagg-releases-and-proofs/; https://www.bourbonsocietycfl.com/bourbon/george-t-stagg/2020/08/gts-george-t-stagg-proof-year-batch/,2026-06-26,https://bourbon-whiskey-and-rye.com/wp-content/uploads/2023/08/George-T-Stagg_600-jpg.webp,bourbon_kentucky_majors
Bourbon,Buffalo Trace Distillery,"Frankfort, KY",George T. Stagg,own_make,NULL,FALSE,FALSE,Kentucky Straight Bourbon,NAS,,2004 Release,129.0,64.5,,New charred American oak,,https://bourbon-whiskey-and-rye.com/george-t-stagg-releases-and-proofs/; https://www.bourbonsocietycfl.com/bourbon/george-t-stagg/2020/08/gts-george-t-stagg-proof-year-batch/,2026-06-26,https://bourbon-whiskey-and-rye.com/wp-content/uploads/2023/08/George-T-Stagg_600-jpg.webp,bourbon_kentucky_majors
Bourbon,Buffalo Trace Distillery,"Frankfort, KY",George T. Stagg,own_make,NULL,FALSE,FALSE,Kentucky Straight Bourbon,NAS,,2006 Release,140.6,70.3,,New charred American oak,,https://bourbon-whiskey-and-rye.com/george-t-stagg-releases-and-proofs/; https://www.bourbonsocietycfl.com/bourbon/george-t-stagg/2020/08/gts-george-t-stagg-proof-year-batch/,2026-06-26,https://bourbon-whiskey-and-rye.com/wp-content/uploads/2023/08/George-T-Stagg_600-jpg.webp,bourbon_kentucky_majors
Bourbon,Buffalo Trace Distillery,"Frankfort, KY",George T. Stagg,own_make,NULL,FALSE,FALSE,Kentucky Straight Bourbon,NAS,,2007 Release,144.8,72.4,,New charred American oak,,https://bourbon-whiskey-and-rye.com/george-t-stagg-releases-and-proofs/; https://www.bourbonsocietycfl.com/bourbon/george-t-stagg/2020/08/gts-george-t-stagg-proof-year-batch/,2026-06-26,https://bourbon-whiskey-and-rye.com/wp-content/uploads/2023/08/George-T-Stagg_600-jpg.webp,bourbon_kentucky_majors
Bourbon,Buffalo Trace Distillery,"Frankfort, KY",George T. Stagg,own_make,NULL,FALSE,FALSE,Kentucky Straight Bourbon,NAS,,2008 Release,141.8,70.9,,New charred American oak,,https://bourbon-whiskey-and-rye.com/george-t-stagg-releases-and-proofs/; https://www.bourbonsocietycfl.com/bourbon/george-t-stagg/2020/08/gts-george-t-stagg-proof-year-batch/,2026-06-26,https://bourbon-whiskey-and-rye.com/wp-content/uploads/2023/08/George-T-Stagg_600-jpg.webp,bourbon_kentucky_majors
Bourbon,Buffalo Trace Distillery,"Frankfort, KY",George T. Stagg,own_make,NULL,FALSE,FALSE,Kentucky Straight Bourbon,NAS,,2009 Release,141.4,70.7,,New charred American oak,,https://bourbon-whiskey-and-rye.com/george-t-stagg-releases-and-proofs/; https://www.bourbonsocietycfl.com/bourbon/george-t-stagg/2020/08/gts-george-t-stagg-proof-year-batch/,2026-06-26,https://bourbon-whiskey-and-rye.com/wp-content/uploads/2023/08/George-T-Stagg_600-jpg.webp,bourbon_kentucky_majors
Bourbon,Buffalo Trace Distillery,"Frankfort, KY",George T. Stagg,own_make,NULL,FALSE,FALSE,Kentucky Straight Bourbon,NAS,,2010 Release,143.0,71.5,,New charred American oak,,https://bourbon-whiskey-and-rye.com/george-t-stagg-releases-and-proofs/; https://www.bourbonsocietycfl.com/bourbon/george-t-stagg/2020/08/gts-george-t-stagg-proof-year-batch/,2026-06-26,https://bourbon-whiskey-and-rye.com/wp-content/uploads/2023/08/George-T-Stagg_600-jpg.webp,bourbon_kentucky_majors
Bourbon,Buffalo Trace Distillery,"Frankfort, KY",George T. Stagg,own_make,NULL,FALSE,FALSE,Kentucky Straight Bourbon,NAS,,2011 Release,142.6,71.3,,New charred American oak,,https://bourbon-whiskey-and-rye.com/george-t-stagg-releases-and-proofs/; https://www.bourbonsocietycfl.com/bourbon/george-t-stagg/2020/08/gts-george-t-stagg-proof-year-batch/,2026-06-26,https://bourbon-whiskey-and-rye.com/wp-content/uploads/2023/08/George-T-Stagg_600-jpg.webp,bourbon_kentucky_majors
Bourbon,Buffalo Trace Distillery,"Frankfort, KY",George T. Stagg,own_make,NULL,FALSE,FALSE,Kentucky Straight Bourbon,NAS,,2012 Release,142.8,71.4,,New charred American oak,,https://bourbon-whiskey-and-rye.com/george-t-stagg-releases-and-proofs/; https://www.bourbonsocietycfl.com/bourbon/george-t-stagg/2020/08/gts-george-t-stagg-proof-year-batch/,2026-06-26,https://bourbon-whiskey-and-rye.com/wp-content/uploads/2023/08/George-T-Stagg_600-jpg.webp,bourbon_kentucky_majors
Bourbon,Buffalo Trace Distillery,"Frankfort, KY",George T. Stagg,own_make,NULL,FALSE,FALSE,Kentucky Straight Bourbon,NAS,,2013 Release,128.2,64.1,,New charred American oak,,https://bourbon-whiskey-and-rye.com/george-t-stagg-releases-and-proofs/; https://www.bourbonsocietycfl.com/bourbon/george-t-stagg/2020/08/gts-george-t-stagg-proof-year-batch/,2026-06-26,https://bourbon-whiskey-and-rye.com/wp-content/uploads/2023/08/George-T-Stagg_600-jpg.webp,bourbon_kentucky_majors
Bourbon,Buffalo Trace Distillery,"Frankfort, KY",George T. Stagg,own_make,NULL,FALSE,FALSE,Kentucky Straight Bourbon,NAS,,2014 Release,138.1,69.1,,New charred American oak,,https://bourbon-whiskey-and-rye.com/george-t-stagg-releases-and-proofs/; https://www.bourbonsocietycfl.com/bourbon/george-t-stagg/2020/08/gts-george-t-stagg-proof-year-batch/,2026-06-26,https://bourbon-whiskey-and-rye.com/wp-content/uploads/2023/08/George-T-Stagg_600-jpg.webp,bourbon_kentucky_majors
Bourbon,Buffalo Trace Distillery,"Frankfort, KY",George T. Stagg,own_make,NULL,FALSE,FALSE,Kentucky Straight Bourbon,NAS,,2015 Release,138.2,69.1,,New charred American oak,,https://bourbon-whiskey-and-rye.com/george-t-stagg-releases-and-proofs/; https://www.bourbonsocietycfl.com/bourbon/george-t-stagg/2020/08/gts-george-t-stagg-proof-year-batch/,2026-06-26,https://bourbon-whiskey-and-rye.com/wp-content/uploads/2023/08/George-T-Stagg_600-jpg.webp,bourbon_kentucky_majors
Bourbon,Buffalo Trace Distillery,"Frankfort, KY",George T. Stagg,own_make,NULL,FALSE,FALSE,Kentucky Straight Bourbon,NAS,,2016 Release,144.1,72.1,,New charred American oak,,https://bourbon-whiskey-and-rye.com/george-t-stagg-releases-and-proofs/; https://www.bourbonsocietycfl.com/bourbon/george-t-stagg/2020/08/gts-george-t-stagg-proof-year-batch/,2026-06-26,https://bourbon-whiskey-and-rye.com/wp-content/uploads/2023/08/George-T-Stagg_600-jpg.webp,bourbon_kentucky_majors
Bourbon,Buffalo Trace Distillery,"Frankfort, KY",George T. Stagg,own_make,NULL,FALSE,FALSE,Kentucky Straight Bourbon,NAS,,2017 Release,129.2,64.6,,New charred American oak,,https://bourbon-whiskey-and-rye.com/george-t-stagg-releases-and-proofs/; https://www.bourbonsocietycfl.com/bourbon/george-t-stagg/2020/08/gts-george-t-stagg-proof-year-batch/,2026-06-26,https://bourbon-whiskey-and-rye.com/wp-content/uploads/2023/08/George-T-Stagg_600-jpg.webp,bourbon_kentucky_majors
Bourbon,Buffalo Trace Distillery,"Frankfort, KY",George T. Stagg,own_make,NULL,FALSE,FALSE,Kentucky Straight Bourbon,NAS,,2018 Release,124.9,62.5,,New charred American oak,,https://bourbon-whiskey-and-rye.com/george-t-stagg-releases-and-proofs/; https://www.bourbonsocietycfl.com/bourbon/george-t-stagg/2020/08/gts-george-t-stagg-proof-year-batch/,2026-06-26,https://bourbon-whiskey-and-rye.com/wp-content/uploads/2023/08/George-T-Stagg_600-jpg.webp,bourbon_kentucky_majors
Bourbon,Buffalo Trace Distillery,"Frankfort, KY",George T. Stagg,own_make,NULL,FALSE,FALSE,Kentucky Straight Bourbon,NAS,,2019 Release,116.9,58.5,,New charred American oak,,https://bourbon-whiskey-and-rye.com/george-t-stagg-releases-and-proofs/; https://www.bourbonsocietycfl.com/bourbon/george-t-stagg/2020/08/gts-george-t-stagg-proof-year-batch/,2026-06-26,https://bourbon-whiskey-and-rye.com/wp-content/uploads/2023/08/George-T-Stagg_600-jpg.webp,bourbon_kentucky_majors
Bourbon,Buffalo Trace Distillery,"Frankfort, KY",George T. Stagg,own_make,NULL,FALSE,FALSE,Kentucky Straight Bourbon,NAS,,2020 Release,130.4,65.2,,New charred American oak,,https://bourbon-whiskey-and-rye.com/george-t-stagg-releases-and-proofs/; https://www.bourbonsocietycfl.com/bourbon/george-t-stagg/2020/08/gts-george-t-stagg-proof-year-batch/,2026-06-26,https://bourbon-whiskey-and-rye.com/wp-content/uploads/2023/08/George-T-Stagg_600-jpg.webp,bourbon_kentucky_majors
Bourbon,Buffalo Trace Distillery,"Frankfort, KY",George T. Stagg,own_make,NULL,FALSE,FALSE,Kentucky Straight Bourbon,NAS,,2022 Release,138.8,69.4,,New charred American oak,,https://bourbon-whiskey-and-rye.com/george-t-stagg-releases-and-proofs/; https://www.bourbonsocietycfl.com/bourbon/george-t-stagg/2020/08/gts-george-t-stagg-proof-year-batch/,2026-06-26,https://bourbon-whiskey-and-rye.com/wp-content/uploads/2023/08/George-T-Stagg_600-jpg.webp,bourbon_kentucky_majors
Bourbon,Buffalo Trace Distillery,"Frankfort, KY",George T. Stagg,own_make,NULL,FALSE,FALSE,Kentucky Straight Bourbon,NAS,,2023 Release,135.0,67.5,,New charred American oak,,https://www.breakingbourbon.com/review/george-t-stagg-2023; https://bourbon-whiskey-and-rye.com/george-t-stagg-releases-and-proofs/; https://www.bourbonsocietycfl.com/bourbon/george-t-stagg/2020/08/gts-george-t-stagg-proof-year-batch/,2026-06-26,https://cdn.prod.website-files.com/5ace2bae31f6d3c07d267cb9/653bb6d6c1748f0bdc424913_George-T-Stagg-2023-01.jpg,bourbon_kentucky_majors
Bourbon,Buffalo Trace Distillery,"Frankfort, KY",George T. Stagg,own_make,NULL,FALSE,FALSE,Kentucky Straight Bourbon,NAS,,2024 Release,136.1,68.1,,New charred American oak,,https://www.breakingbourbon.com/review/george-t-stagg-2024; https://bourbon-whiskey-and-rye.com/george-t-stagg-releases-and-proofs/; https://www.bourbonsocietycfl.com/bourbon/george-t-stagg/2020/08/gts-george-t-stagg-proof-year-batch/,2026-06-26,https://cdn.prod.website-files.com/5ace2bae31f6d3c07d267cb9/653bb6d6c1748f0bdc424913_George-T-Stagg-2023-01.jpg,bourbon_kentucky_majors
Bourbon,Buffalo Trace Distillery,"Frankfort, KY",George T. Stagg,own_make,NULL,FALSE,FALSE,Kentucky Straight Bourbon,NAS,,2025 Release,142.8,71.4,,New charred American oak,,https://www.breakingbourbon.com/review/george-t-stagg-2025; https://bourbon-whiskey-and-rye.com/george-t-stagg-releases-and-proofs/; https://www.bourbonsocietycfl.com/bourbon/george-t-stagg/2020/08/gts-george-t-stagg-proof-year-batch/,2026-06-26,https://cdn.prod.website-files.com/5ace2bae31f6d3c07d267cb9/653bb6d6c1748f0bdc424913_George-T-Stagg-2023-01.jpg,bourbon_kentucky_majors
Bourbon,Buffalo Trace Distillery,"Frankfort, KY",George T. Stagg,own_make,NULL,FALSE,FALSE,Kentucky Straight Bourbon,NAS,,2005 Spring Release; Lot A,130.9,65.5,,New charred American oak,,https://bourbon-whiskey-and-rye.com/george-t-stagg-releases-and-proofs/; https://flaskfinewines.com/products/george-t-stagg-bourbon-2005-lot-a,2026-06-26,https://bourbon-whiskey-and-rye.com/wp-content/uploads/2023/08/George-T-Stagg_600-jpg.webp,bourbon_kentucky_majors
Bourbon,Buffalo Trace Distillery,"Frankfort, KY",George T. Stagg,own_make,NULL,FALSE,FALSE,Kentucky Straight Bourbon,NAS,,2005 Spring Release; Lot B,131.8,65.9,,New charred American oak,,https://bourbon-whiskey-and-rye.com/george-t-stagg-releases-and-proofs/; https://flaskfinewines.com/products/george-t-stagg-bourbon-2005,2026-06-26,https://bourbon-whiskey-and-rye.com/wp-content/uploads/2023/08/George-T-Stagg_600-jpg.webp,bourbon_kentucky_majors
Bourbon,Buffalo Trace Distillery,"Frankfort, KY",George T. Stagg,own_make,NULL,FALSE,FALSE,Kentucky Straight Bourbon,NAS,,2005 Fall Release,141.2,70.6,,New charred American oak,,https://bourbon-whiskey-and-rye.com/george-t-stagg-releases-and-proofs/; https://whiskeyid.com/george-t-stagg-2005-fall-141-2pf/,2026-06-26,https://bourbon-whiskey-and-rye.com/wp-content/uploads/2023/08/George-T-Stagg_600-jpg.webp,bourbon_kentucky_majors
Bourbon,Buffalo Trace Distillery,"Frankfort, KY",William Larue Weller,own_make,NULL,FALSE,FALSE,Kentucky Straight Bourbon,19 Years,,2000 Release,90,45.0,wheated,New charred American oak,,https://bourbon-whiskey-and-rye.com/william-larue-weller-releases-and-proofs/; https://dewinespot.co/blogs/news/william-larue-weller-release-cheat-sheet,2026-06-26,https://bourbon-whiskey-and-rye.com/wp-content/uploads/2023/08/William-Larue-Weller-jpg.webp,bourbon_kentucky_majors
Bourbon,Buffalo Trace Distillery,"Frankfort, KY",William Larue Weller,own_make,NULL,FALSE,FALSE,Kentucky Straight Bourbon,19 Years,,2001 Release,90,45.0,wheated,New charred American oak,,https://bourbon-whiskey-and-rye.com/william-larue-weller-releases-and-proofs/; https://dewinespot.co/blogs/news/william-larue-weller-release-cheat-sheet,2026-06-26,https://bourbon-whiskey-and-rye.com/wp-content/uploads/2023/08/William-Larue-Weller-jpg.webp,bourbon_kentucky_majors
Bourbon,Buffalo Trace Distillery,"Frankfort, KY",William Larue Weller,own_make,NULL,FALSE,FALSE,Kentucky Straight Bourbon,19 Years,,2002 Release,90,45.0,wheated,New charred American oak,,https://bourbon-whiskey-and-rye.com/william-larue-weller-releases-and-proofs/; https://dewinespot.co/blogs/news/william-larue-weller-release-cheat-sheet,2026-06-26,https://bourbon-whiskey-and-rye.com/wp-content/uploads/2023/08/William-Larue-Weller-jpg.webp,bourbon_kentucky_majors
Bourbon,Buffalo Trace Distillery,"Frankfort, KY",William Larue Weller,own_make,NULL,FALSE,FALSE,Kentucky Straight Bourbon,NAS,,2005 Release,121.9,61.0,wheated,New charred American oak,,https://bourbon-whiskey-and-rye.com/william-larue-weller-releases-and-proofs/; https://dewinespot.co/blogs/news/william-larue-weller-release-cheat-sheet,2026-06-26,https://bourbon-whiskey-and-rye.com/wp-content/uploads/2023/08/William-Larue-Weller-jpg.webp,bourbon_kentucky_majors
Bourbon,Buffalo Trace Distillery,"Frankfort, KY",William Larue Weller,own_make,NULL,FALSE,FALSE,Kentucky Straight Bourbon,NAS,,2006 Release,129.9,65.0,wheated,New charred American oak,,https://bourbon-whiskey-and-rye.com/william-larue-weller-releases-and-proofs/; https://dewinespot.co/blogs/news/william-larue-weller-release-cheat-sheet,2026-06-26,https://bourbon-whiskey-and-rye.com/wp-content/uploads/2023/08/William-Larue-Weller-jpg.webp,bourbon_kentucky_majors
Bourbon,Buffalo Trace Distillery,"Frankfort, KY",William Larue Weller,own_make,NULL,FALSE,FALSE,Kentucky Straight Bourbon,NAS,,2007 Release,117.9,59.0,wheated,New charred American oak,,https://bourbon-whiskey-and-rye.com/william-larue-weller-releases-and-proofs/; https://dewinespot.co/blogs/news/william-larue-weller-release-cheat-sheet,2026-06-26,https://bourbon-whiskey-and-rye.com/wp-content/uploads/2023/08/William-Larue-Weller-jpg.webp,bourbon_kentucky_majors
Bourbon,Buffalo Trace Distillery,"Frankfort, KY",William Larue Weller,own_make,NULL,FALSE,FALSE,Kentucky Straight Bourbon,NAS,,2008 Release,125.4,62.7,wheated,New charred American oak,,https://bourbon-whiskey-and-rye.com/william-larue-weller-releases-and-proofs/; https://dewinespot.co/blogs/news/william-larue-weller-release-cheat-sheet,2026-06-26,https://bourbon-whiskey-and-rye.com/wp-content/uploads/2023/08/William-Larue-Weller-jpg.webp,bourbon_kentucky_majors
Bourbon,Buffalo Trace Distillery,"Frankfort, KY",William Larue Weller,own_make,NULL,FALSE,FALSE,Kentucky Straight Bourbon,NAS,,2009 Release,134.8,67.4,wheated,New charred American oak,,https://bourbon-whiskey-and-rye.com/william-larue-weller-releases-and-proofs/; https://dewinespot.co/blogs/news/william-larue-weller-release-cheat-sheet,2026-06-26,https://bourbon-whiskey-and-rye.com/wp-content/uploads/2023/08/William-Larue-Weller-jpg.webp,bourbon_kentucky_majors
Bourbon,Buffalo Trace Distillery,"Frankfort, KY",William Larue Weller,own_make,NULL,FALSE,FALSE,Kentucky Straight Bourbon,NAS,,2010 Release,126.6,63.3,wheated,New charred American oak,,https://bourbon-whiskey-and-rye.com/william-larue-weller-releases-and-proofs/; https://dewinespot.co/blogs/news/william-larue-weller-release-cheat-sheet,2026-06-26,https://bourbon-whiskey-and-rye.com/wp-content/uploads/2023/08/William-Larue-Weller-jpg.webp,bourbon_kentucky_majors
Bourbon,Buffalo Trace Distillery,"Frankfort, KY",William Larue Weller,own_make,NULL,FALSE,FALSE,Kentucky Straight Bourbon,NAS,,2011 Release,133.5,66.8,wheated,New charred American oak,,https://bourbon-whiskey-and-rye.com/william-larue-weller-releases-and-proofs/; https://dewinespot.co/blogs/news/william-larue-weller-release-cheat-sheet,2026-06-26,https://bourbon-whiskey-and-rye.com/wp-content/uploads/2023/08/William-Larue-Weller-jpg.webp,bourbon_kentucky_majors
Bourbon,Buffalo Trace Distillery,"Frankfort, KY",William Larue Weller,own_make,NULL,FALSE,FALSE,Kentucky Straight Bourbon,NAS,,2012 Release,123.4,61.7,wheated,New charred American oak,,https://bourbon-whiskey-and-rye.com/william-larue-weller-releases-and-proofs/; https://dewinespot.co/blogs/news/william-larue-weller-release-cheat-sheet,2026-06-26,https://bourbon-whiskey-and-rye.com/wp-content/uploads/2023/08/William-Larue-Weller-jpg.webp,bourbon_kentucky_majors
Bourbon,Buffalo Trace Distillery,"Frankfort, KY",William Larue Weller,own_make,NULL,FALSE,FALSE,Kentucky Straight Bourbon,NAS,,2013 Release,136.2,68.1,wheated,New charred American oak,,https://bourbon-whiskey-and-rye.com/william-larue-weller-releases-and-proofs/; https://dewinespot.co/blogs/news/william-larue-weller-release-cheat-sheet,2026-06-26,https://bourbon-whiskey-and-rye.com/wp-content/uploads/2023/08/William-Larue-Weller-jpg.webp,bourbon_kentucky_majors
Bourbon,Buffalo Trace Distillery,"Frankfort, KY",William Larue Weller,own_make,NULL,FALSE,FALSE,Kentucky Straight Bourbon,NAS,,2014 Release,140.2,70.1,wheated,New charred American oak,,https://bourbon-whiskey-and-rye.com/william-larue-weller-releases-and-proofs/; https://dewinespot.co/blogs/news/william-larue-weller-release-cheat-sheet,2026-06-26,https://bourbon-whiskey-and-rye.com/wp-content/uploads/2023/08/William-Larue-Weller-jpg.webp,bourbon_kentucky_majors
Bourbon,Buffalo Trace Distillery,"Frankfort, KY",William Larue Weller,own_make,NULL,FALSE,FALSE,Kentucky Straight Bourbon,NAS,,2015 Release,134.6,67.3,wheated,New charred American oak,,https://bourbon-whiskey-and-rye.com/william-larue-weller-releases-and-proofs/; https://dewinespot.co/blogs/news/william-larue-weller-release-cheat-sheet,2026-06-26,https://bourbon-whiskey-and-rye.com/wp-content/uploads/2023/08/William-Larue-Weller-jpg.webp,bourbon_kentucky_majors
Bourbon,Buffalo Trace Distillery,"Frankfort, KY",William Larue Weller,own_make,NULL,FALSE,FALSE,Kentucky Straight Bourbon,NAS,,2016 Release,135.4,67.7,wheated,New charred American oak,,https://bourbon-whiskey-and-rye.com/william-larue-weller-releases-and-proofs/; https://dewinespot.co/blogs/news/william-larue-weller-release-cheat-sheet,2026-06-26,https://bourbon-whiskey-and-rye.com/wp-content/uploads/2023/08/William-Larue-Weller-jpg.webp,bourbon_kentucky_majors
Bourbon,Buffalo Trace Distillery,"Frankfort, KY",William Larue Weller,own_make,NULL,FALSE,FALSE,Kentucky Straight Bourbon,NAS,,2017 Release,128.2,64.1,wheated,New charred American oak,,https://bourbon-whiskey-and-rye.com/william-larue-weller-releases-and-proofs/; https://dewinespot.co/blogs/news/william-larue-weller-release-cheat-sheet,2026-06-26,https://bourbon-whiskey-and-rye.com/wp-content/uploads/2023/08/William-Larue-Weller-jpg.webp,bourbon_kentucky_majors
Bourbon,Buffalo Trace Distillery,"Frankfort, KY",William Larue Weller,own_make,NULL,FALSE,FALSE,Kentucky Straight Bourbon,NAS,,2018 Release,125.7,62.9,wheated,New charred American oak,,https://bourbon-whiskey-and-rye.com/william-larue-weller-releases-and-proofs/; https://dewinespot.co/blogs/news/william-larue-weller-release-cheat-sheet,2026-06-26,https://bourbon-whiskey-and-rye.com/wp-content/uploads/2023/08/William-Larue-Weller-jpg.webp,bourbon_kentucky_majors
Bourbon,Buffalo Trace Distillery,"Frankfort, KY",William Larue Weller,own_make,NULL,FALSE,FALSE,Kentucky Straight Bourbon,NAS,,2019 Release,128.0,64.0,wheated,New charred American oak,,https://bourbon-whiskey-and-rye.com/william-larue-weller-releases-and-proofs/; https://dewinespot.co/blogs/news/william-larue-weller-release-cheat-sheet,2026-06-26,https://bourbon-whiskey-and-rye.com/wp-content/uploads/2023/08/William-Larue-Weller-jpg.webp,bourbon_kentucky_majors
Bourbon,Buffalo Trace Distillery,"Frankfort, KY",William Larue Weller,own_make,NULL,FALSE,FALSE,Kentucky Straight Bourbon,NAS,,2020 Release,134.5,67.3,wheated,New charred American oak,,https://shop.klwines.com/products/details/1508835; https://bourbon-whiskey-and-rye.com/william-larue-weller-releases-and-proofs/; https://dewinespot.co/blogs/news/william-larue-weller-release-cheat-sheet,2026-06-26,https://bourbon-whiskey-and-rye.com/wp-content/uploads/2023/08/William-Larue-Weller-jpg.webp,bourbon_kentucky_majors
Bourbon,Buffalo Trace Distillery,"Frankfort, KY",William Larue Weller,own_make,NULL,FALSE,FALSE,Kentucky Straight Bourbon,NAS,,2021 Release,125.3,62.65,wheated,New charred American oak,,https://bourbon-whiskey-and-rye.com/william-larue-weller-releases-and-proofs/; https://dewinespot.co/blogs/news/william-larue-weller-release-cheat-sheet; https://www.breakingbourbon.com/review/william-larue-weller-2021,2026-10-03,https://bourbon-whiskey-and-rye.com/wp-content/uploads/2023/08/William-Larue-Weller-jpg.webp,bourbon_kentucky_majors
Bourbon,Buffalo Trace Distillery,"Frankfort, KY",William Larue Weller,own_make,NULL,FALSE,FALSE,Kentucky Straight Bourbon,NAS,,2022 Release,124.7,62.35,wheated,New charred American oak,,https://bourbon-whiskey-and-rye.com/william-larue-weller-releases-and-proofs/; https://dewinespot.co/blogs/news/william-larue-weller-release-cheat-sheet; https://www.breakingbourbon.com/review/william-larue-weller-2022,2026-10-03,https://bourbon-whiskey-and-rye.com/wp-content/uploads/2023/08/William-Larue-Weller-jpg.webp,bourbon_kentucky_majors
Bourbon,Buffalo Trace Distillery,"Frankfort, KY",William Larue Weller,own_make,NULL,FALSE,FALSE,Kentucky Straight Bourbon,NAS,,2023 Release,133.6,66.8,wheated,New charred American oak,,https://woodencork.com/products/william-larue-weller-2023; https://bourbon-whiskey-and-rye.com/william-larue-weller-releases-and-proofs/; https://dewinespot.co/blogs/news/william-larue-weller-release-cheat-sheet,2026-06-26,http://woodencork.com/cdn/shop/files/william-larue-weller-2021_d1a37a2c-6c56-48a3-98a7-5ea2074b4474.jpg,bourbon_kentucky_majors
Bourbon,Buffalo Trace Distillery,"Frankfort, KY",William Larue Weller,own_make,NULL,FALSE,FALSE,Kentucky Straight Bourbon,NAS,,2024 Release,125.8,62.9,wheated,New charred American oak,,https://shop.klwines.com/products/details/1818093; https://bourbon-whiskey-and-rye.com/william-larue-weller-releases-and-proofs/; https://dewinespot.co/blogs/news/william-larue-weller-release-cheat-sheet,2026-06-26,https://bourbon-whiskey-and-rye.com/wp-content/uploads/2023/08/William-Larue-Weller-jpg.webp,bourbon_kentucky_majors
Bourbon,Buffalo Trace Distillery,"Frankfort, KY",William Larue Weller,own_make,NULL,FALSE,FALSE,Kentucky Straight Bourbon,NAS,,2025 Release,129.0,64.5,wheated,New charred American oak,,https://www.breakingbourbon.com/review/william-larue-weller-2025; https://www.fredminnick.com/2026/01/08/bourbon-review-2025-btac-william-larue-weller/,2026-06-26,https://cdn.prod.website-files.com/5ace2bae31f6d3c07d267cb9/653678f498ded461f2437a05_William-Larue-Weller-2023-01.jpg,bourbon_kentucky_majors
Bourbon,Buffalo Trace Distillery,"Frankfort, KY",Eagle Rare,own_make,NULL,FALSE,FALSE,Kentucky Straight Bourbon,17 Years,,2000 Release,90,45.0,,New charred American oak,,https://bourbon-whiskey-and-rye.com/eagle-rare-17-year-batches-and-proofs/; https://whiskyadvocate.com/2025-Buffalo-Trace-Antique-Collection,2026-06-28,NULL,bourbon_kentucky_majors
Bourbon,Buffalo Trace Distillery,"Frankfort, KY",Eagle Rare,own_make,NULL,FALSE,FALSE,Kentucky Straight Bourbon,17 Years,,2001 Release,90,45.0,,New charred American oak,,https://bourbon-whiskey-and-rye.com/eagle-rare-17-year-batches-and-proofs/; https://whiskyadvocate.com/2025-Buffalo-Trace-Antique-Collection,2026-06-28,NULL,bourbon_kentucky_majors
Bourbon,Buffalo Trace Distillery,"Frankfort, KY",Eagle Rare,own_make,NULL,FALSE,FALSE,Kentucky Straight Bourbon,17 Years,,2002 Release,90,45.0,,New charred American oak,,https://bourbon-whiskey-and-rye.com/eagle-rare-17-year-batches-and-proofs/; https://whiskyadvocate.com/2025-Buffalo-Trace-Antique-Collection,2026-06-28,NULL,bourbon_kentucky_majors
Bourbon,Buffalo Trace Distillery,"Frankfort, KY",Eagle Rare,own_make,NULL,FALSE,FALSE,Kentucky Straight Bourbon,17 Years,,2003 Release,90,45.0,,New charred American oak,,https://bourbon-whiskey-and-rye.com/eagle-rare-17-year-batches-and-proofs/; https://whiskyadvocate.com/2025-Buffalo-Trace-Antique-Collection,2026-06-28,NULL,bourbon_kentucky_majors
Bourbon,Buffalo Trace Distillery,"Frankfort, KY",Eagle Rare,own_make,NULL,FALSE,FALSE,Kentucky Straight Bourbon,17 Years,,2004 Release,90,45.0,,New charred American oak,,https://bourbon-whiskey-and-rye.com/eagle-rare-17-year-batches-and-proofs/; https://whiskyadvocate.com/2025-Buffalo-Trace-Antique-Collection,2026-06-28,NULL,bourbon_kentucky_majors
Bourbon,Buffalo Trace Distillery,"Frankfort, KY",Eagle Rare,own_make,NULL,FALSE,FALSE,Kentucky Straight Bourbon,17 Years,,2005 Release,90,45.0,,New charred American oak,,https://bourbon-whiskey-and-rye.com/eagle-rare-17-year-batches-and-proofs/; https://whiskyadvocate.com/2025-Buffalo-Trace-Antique-Collection,2026-06-28,NULL,bourbon_kentucky_majors
Bourbon,Buffalo Trace Distillery,"Frankfort, KY",Eagle Rare,own_make,NULL,FALSE,FALSE,Kentucky Straight Bourbon,17 Years,,2006 Release,90,45.0,,New charred American oak,,https://bourbon-whiskey-and-rye.com/eagle-rare-17-year-batches-and-proofs/; https://whiskyadvocate.com/2025-Buffalo-Trace-Antique-Collection,2026-06-28,NULL,bourbon_kentucky_majors
Bourbon,Buffalo Trace Distillery,"Frankfort, KY",Eagle Rare,own_make,NULL,FALSE,FALSE,Kentucky Straight Bourbon,17 Years,,2007 Release,90,45.0,,New charred American oak,,https://bourbon-whiskey-and-rye.com/eagle-rare-17-year-batches-and-proofs/; https://whiskyadvocate.com/2025-Buffalo-Trace-Antique-Collection,2026-06-28,NULL,bourbon_kentucky_majors
Bourbon,Buffalo Trace Distillery,"Frankfort, KY",Eagle Rare,own_make,NULL,FALSE,FALSE,Kentucky Straight Bourbon,17 Years,,2008 Release,90,45.0,,New charred American oak,,https://bourbon-whiskey-and-rye.com/eagle-rare-17-year-batches-and-proofs/; https://whiskyadvocate.com/2025-Buffalo-Trace-Antique-Collection,2026-06-28,NULL,bourbon_kentucky_majors
Bourbon,Buffalo Trace Distillery,"Frankfort, KY",Eagle Rare,own_make,NULL,FALSE,FALSE,Kentucky Straight Bourbon,17 Years,,2009 Release,90,45.0,,New charred American oak,,https://bourbon-whiskey-and-rye.com/eagle-rare-17-year-batches-and-proofs/; https://whiskyadvocate.com/2025-Buffalo-Trace-Antique-Collection,2026-06-28,NULL,bourbon_kentucky_majors
Bourbon,Buffalo Trace Distillery,"Frankfort, KY",Eagle Rare,own_make,NULL,FALSE,FALSE,Kentucky Straight Bourbon,17 Years,,2010 Release,90,45.0,,New charred American oak,,https://bourbon-whiskey-and-rye.com/eagle-rare-17-year-batches-and-proofs/; https://whiskyadvocate.com/2025-Buffalo-Trace-Antique-Collection,2026-06-28,NULL,bourbon_kentucky_majors
Bourbon,Buffalo Trace Distillery,"Frankfort, KY",Eagle Rare,own_make,NULL,FALSE,FALSE,Kentucky Straight Bourbon,17 Years,,2011 Release,90,45.0,,New charred American oak,,https://bourbon-whiskey-and-rye.com/eagle-rare-17-year-batches-and-proofs/; https://whiskyadvocate.com/2025-Buffalo-Trace-Antique-Collection,2026-06-28,NULL,bourbon_kentucky_majors
Bourbon,Buffalo Trace Distillery,"Frankfort, KY",Eagle Rare,own_make,NULL,FALSE,FALSE,Kentucky Straight Bourbon,17 Years,,2012 Release,90,45.0,,New charred American oak,,https://bourbon-whiskey-and-rye.com/eagle-rare-17-year-batches-and-proofs/; https://whiskyadvocate.com/2025-Buffalo-Trace-Antique-Collection,2026-06-28,NULL,bourbon_kentucky_majors
Bourbon,Buffalo Trace Distillery,"Frankfort, KY",Eagle Rare,own_make,NULL,FALSE,FALSE,Kentucky Straight Bourbon,17 Years,,2013 Release,90,45.0,,New charred American oak,,https://bourbon-whiskey-and-rye.com/eagle-rare-17-year-batches-and-proofs/; https://whiskyadvocate.com/2025-Buffalo-Trace-Antique-Collection,2026-06-28,NULL,bourbon_kentucky_majors
Bourbon,Buffalo Trace Distillery,"Frankfort, KY",Eagle Rare,own_make,NULL,FALSE,FALSE,Kentucky Straight Bourbon,17 Years,,2014 Release,90,45.0,,New charred American oak,,https://bourbon-whiskey-and-rye.com/eagle-rare-17-year-batches-and-proofs/; https://whiskyadvocate.com/2025-Buffalo-Trace-Antique-Collection,2026-06-28,NULL,bourbon_kentucky_majors
Bourbon,Buffalo Trace Distillery,"Frankfort, KY",Eagle Rare,own_make,NULL,FALSE,FALSE,Kentucky Straight Bourbon,17 Years,,2015 Release,90,45.0,,New charred American oak,,https://bourbon-whiskey-and-rye.com/eagle-rare-17-year-batches-and-proofs/; https://whiskyadvocate.com/2025-Buffalo-Trace-Antique-Collection,2026-06-28,NULL,bourbon_kentucky_majors
Bourbon,Buffalo Trace Distillery,"Frankfort, KY",Eagle Rare,own_make,NULL,FALSE,FALSE,Kentucky Straight Bourbon,17 Years,,2016 Release,90,45.0,,New charred American oak,,https://bourbon-whiskey-and-rye.com/eagle-rare-17-year-batches-and-proofs/; https://whiskyadvocate.com/2025-Buffalo-Trace-Antique-Collection,2026-06-28,NULL,bourbon_kentucky_majors
Bourbon,Buffalo Trace Distillery,"Frankfort, KY",Eagle Rare,own_make,NULL,FALSE,FALSE,Kentucky Straight Bourbon,17 Years,,2017 Release,90,45.0,,New charred American oak,,https://bourbon-whiskey-and-rye.com/eagle-rare-17-year-batches-and-proofs/; https://whiskyadvocate.com/2025-Buffalo-Trace-Antique-Collection,2026-06-28,NULL,bourbon_kentucky_majors
Bourbon,Buffalo Trace Distillery,"Frankfort, KY",Eagle Rare,own_make,NULL,FALSE,FALSE,Kentucky Straight Bourbon,17 Years,,2018 Release,101,50.5,,New charred American oak,,https://bourbon-whiskey-and-rye.com/eagle-rare-17-year-batches-and-proofs/; https://whiskyadvocate.com/2025-Buffalo-Trace-Antique-Collection,2026-06-28,NULL,bourbon_kentucky_majors
Bourbon,Buffalo Trace Distillery,"Frankfort, KY",Eagle Rare,own_make,NULL,FALSE,FALSE,Kentucky Straight Bourbon,17 Years,,2019 Release,101,50.5,,New charred American oak,,https://bourbon-whiskey-and-rye.com/eagle-rare-17-year-batches-and-proofs/; https://whiskyadvocate.com/2025-Buffalo-Trace-Antique-Collection,2026-06-28,NULL,bourbon_kentucky_majors
Bourbon,Buffalo Trace Distillery,"Frankfort, KY",Eagle Rare,own_make,NULL,FALSE,FALSE,Kentucky Straight Bourbon,17 Years,,2020 Release,101,50.5,,New charred American oak,,https://bourbon-whiskey-and-rye.com/eagle-rare-17-year-batches-and-proofs/; https://whiskyadvocate.com/2025-Buffalo-Trace-Antique-Collection,2026-06-28,NULL,bourbon_kentucky_majors
Bourbon,Buffalo Trace Distillery,"Frankfort, KY",Eagle Rare,own_make,NULL,FALSE,FALSE,Kentucky Straight Bourbon,17 Years,,2021 Release,101,50.5,,New charred American oak,,https://bourbon-whiskey-and-rye.com/eagle-rare-17-year-batches-and-proofs/; https://whiskyadvocate.com/2025-Buffalo-Trace-Antique-Collection,2026-06-28,NULL,bourbon_kentucky_majors
Bourbon,Buffalo Trace Distillery,"Frankfort, KY",Eagle Rare,own_make,NULL,FALSE,FALSE,Kentucky Straight Bourbon,17 Years,,2022 Release,101,50.5,,New charred American oak,,https://bourbon-whiskey-and-rye.com/eagle-rare-17-year-batches-and-proofs/; https://whiskyadvocate.com/2025-Buffalo-Trace-Antique-Collection,2026-06-28,NULL,bourbon_kentucky_majors
Bourbon,Buffalo Trace Distillery,"Frankfort, KY",Eagle Rare,own_make,NULL,FALSE,FALSE,Kentucky Straight Bourbon,17 Years,,2023 Release,101,50.5,,New charred American oak,,https://bourbon-whiskey-and-rye.com/eagle-rare-17-year-batches-and-proofs/; https://whiskyadvocate.com/2025-Buffalo-Trace-Antique-Collection,2026-06-28,NULL,bourbon_kentucky_majors
Bourbon,Buffalo Trace Distillery,"Frankfort, KY",Eagle Rare,own_make,NULL,FALSE,FALSE,Kentucky Straight Bourbon,17 Years,,2024 Release,101,50.5,,New charred American oak,,https://bourbon-whiskey-and-rye.com/eagle-rare-17-year-batches-and-proofs/; https://whiskyadvocate.com/2025-Buffalo-Trace-Antique-Collection,2026-06-28,NULL,bourbon_kentucky_majors
Bourbon,Buffalo Trace Distillery,"Frankfort, KY",Eagle Rare,own_make,NULL,FALSE,FALSE,Kentucky Straight Bourbon,17 Years,,2025 Release,101,50.5,,New charred American oak,,https://www.breakingbourbon.com/review/eagle-rare-17-year-2025; https://bourbon-whiskey-and-rye.com/eagle-rare-17-year-batches-and-proofs/; https://whiskyadvocate.com/2025-Buffalo-Trace-Antique-Collection,2026-06-28,NULL,bourbon_kentucky_majors
Bourbon,Buffalo Trace Distillery,"Frankfort, KY",Colonel E.H. Taylor Jr.,own_make,NULL,FALSE,FALSE,Bonded Bourbon; ; Bottled-in-Bond,NAS,,2025 Release,100,50.0,,New charred American oak,,https://whiskyadvocate.com/buffalo-trace-eh-taylor-bottled-in-bond-bourbon-joins-2025-btac-collection; https://vinepair.com/booze-news/buffalo-trace-antique-collection-2025-eh-taylor-bottled-in-bond/,2026-06-28,NULL,bourbon_kentucky_majors
Bourbon,Buffalo Trace Distillery,"Frankfort, KY",Stagg Jr.,own_make,NULL,FALSE,FALSE,Kentucky Straight Bourbon,NAS,,Batch 1,134.4,67.2,,New charred American oak,,https://bourbon-whiskey-and-rye.com/stagg-jr-release-dates-and-proofs/,2026-06-26,https://bourbon-whiskey-and-rye.com/wp-content/uploads/2023/08/3-Stagg-Jr_800-jpg.webp,bourbon_kentucky_majors
Bourbon,Buffalo Trace Distillery,"Frankfort, KY",Stagg Jr.,own_make,NULL,FALSE,FALSE,Kentucky Straight Bourbon,NAS,,Batch 2,128.7,64.3,,New charred American oak,,https://bourbon-whiskey-and-rye.com/stagg-jr-release-dates-and-proofs/,2026-06-26,https://bourbon-whiskey-and-rye.com/wp-content/uploads/2023/08/3-Stagg-Jr_800-jpg.webp,bourbon_kentucky_majors
Bourbon,Buffalo Trace Distillery,"Frankfort, KY",Stagg Jr.,own_make,NULL,FALSE,FALSE,Kentucky Straight Bourbon,NAS,,Batch 3,132.1,66.0,,New charred American oak,,https://bourbon-whiskey-and-rye.com/stagg-jr-release-dates-and-proofs/,2026-06-26,https://bourbon-whiskey-and-rye.com/wp-content/uploads/2023/08/3-Stagg-Jr_800-jpg.webp,bourbon_kentucky_majors
Bourbon,Buffalo Trace Distillery,"Frankfort, KY",Stagg Jr.,own_make,NULL,FALSE,FALSE,Kentucky Straight Bourbon,NAS,,Batch 4,132.2,66.1,,New charred American oak,,https://bourbon-whiskey-and-rye.com/stagg-jr-release-dates-and-proofs/,2026-06-26,https://bourbon-whiskey-and-rye.com/wp-content/uploads/2023/08/3-Stagg-Jr_800-jpg.webp,bourbon_kentucky_majors
Bourbon,Buffalo Trace Distillery,"Frankfort, KY",Stagg Jr.,own_make,NULL,FALSE,FALSE,Kentucky Straight Bourbon,NAS,,Batch 5,129.7,64.8,,New charred American oak,,https://bourbon-whiskey-and-rye.com/stagg-jr-release-dates-and-proofs/,2026-06-26,https://bourbon-whiskey-and-rye.com/wp-content/uploads/2023/08/3-Stagg-Jr_800-jpg.webp,bourbon_kentucky_majors
Bourbon,Buffalo Trace Distillery,"Frankfort, KY",Stagg Jr.,own_make,NULL,FALSE,FALSE,Kentucky Straight Bourbon,NAS,,Batch 6,132.5,66.2,,New charred American oak,,https://bourbon-whiskey-and-rye.com/stagg-jr-release-dates-and-proofs/,2026-06-26,https://bourbon-whiskey-and-rye.com/wp-content/uploads/2023/08/3-Stagg-Jr_800-jpg.webp,bourbon_kentucky_majors
Bourbon,Buffalo Trace Distillery,"Frankfort, KY",Stagg Jr.,own_make,NULL,FALSE,FALSE,Kentucky Straight Bourbon,NAS,,Batch 7,130.0,65.0,,New charred American oak,,https://bourbon-whiskey-and-rye.com/stagg-jr-release-dates-and-proofs/,2026-06-26,https://bourbon-whiskey-and-rye.com/wp-content/uploads/2023/08/3-Stagg-Jr_800-jpg.webp,bourbon_kentucky_majors
Bourbon,Buffalo Trace Distillery,"Frankfort, KY",Stagg Jr.,own_make,NULL,FALSE,FALSE,Kentucky Straight Bourbon,NAS,,Batch 8,129.5,64.8,,New charred American oak,,https://bourbon-whiskey-and-rye.com/stagg-jr-release-dates-and-proofs/,2026-06-26,https://bourbon-whiskey-and-rye.com/wp-content/uploads/2023/08/3-Stagg-Jr_800-jpg.webp,bourbon_kentucky_majors
Bourbon,Buffalo Trace Distillery,"Frankfort, KY",Stagg Jr.,own_make,NULL,FALSE,FALSE,Kentucky Straight Bourbon,NAS,,Batch 9,131.9,66.0,,New charred American oak,,https://bourbon-whiskey-and-rye.com/stagg-jr-release-dates-and-proofs/,2026-06-26,https://bourbon-whiskey-and-rye.com/wp-content/uploads/2023/08/3-Stagg-Jr_800-jpg.webp,bourbon_kentucky_majors
Bourbon,Buffalo Trace Distillery,"Frankfort, KY",Stagg Jr.,own_make,NULL,FALSE,FALSE,Kentucky Straight Bourbon,NAS,,Batch 10,126.4,63.2,,New charred American oak,,https://bourbon-whiskey-and-rye.com/stagg-jr-release-dates-and-proofs/,2026-06-26,https://bourbon-whiskey-and-rye.com/wp-content/uploads/2023/08/3-Stagg-Jr_800-jpg.webp,bourbon_kentucky_majors
Bourbon,Buffalo Trace Distillery,"Frankfort, KY",Stagg Jr.,own_make,NULL,FALSE,FALSE,Kentucky Straight Bourbon,NAS,,Batch 11,127.9,64.0,,New charred American oak,,https://bourbon-whiskey-and-rye.com/stagg-jr-release-dates-and-proofs/,2026-06-26,https://bourbon-whiskey-and-rye.com/wp-content/uploads/2023/08/3-Stagg-Jr_800-jpg.webp,bourbon_kentucky_majors
Bourbon,Buffalo Trace Distillery,"Frankfort, KY",Stagg Jr.,own_make,NULL,FALSE,FALSE,Kentucky Straight Bourbon,NAS,,Batch 12,132.3,66.2,,New charred American oak,,https://bourbon-whiskey-and-rye.com/stagg-jr-release-dates-and-proofs/,2026-06-26,https://bourbon-whiskey-and-rye.com/wp-content/uploads/2023/08/3-Stagg-Jr_800-jpg.webp,bourbon_kentucky_majors
Bourbon,Buffalo Trace Distillery,"Frankfort, KY",Stagg Jr.,own_make,NULL,FALSE,FALSE,Kentucky Straight Bourbon,NAS,,Batch 13,128.4,64.2,,New charred American oak,,https://bourbon-whiskey-and-rye.com/stagg-jr-release-dates-and-proofs/,2026-06-26,https://bourbon-whiskey-and-rye.com/wp-content/uploads/2023/08/3-Stagg-Jr_800-jpg.webp,bourbon_kentucky_majors
Bourbon,Buffalo Trace Distillery,"Frankfort, KY",Stagg Jr.,own_make,NULL,FALSE,FALSE,Kentucky Straight Bourbon,NAS,,Batch 14,130.2,65.1,,New charred American oak,,https://bourbon-whiskey-and-rye.com/stagg-jr-release-dates-and-proofs/,2026-06-26,https://bourbon-whiskey-and-rye.com/wp-content/uploads/2023/08/3-Stagg-Jr_800-jpg.webp,bourbon_kentucky_majors
Bourbon,Buffalo Trace Distillery,"Frankfort, KY",Stagg Jr.,own_make,NULL,FALSE,FALSE,Kentucky Straight Bourbon,NAS,,Batch 15,131.1,65.5,,New charred American oak,,https://bourbon-whiskey-and-rye.com/stagg-jr-release-dates-and-proofs/,2026-06-26,https://bourbon-whiskey-and-rye.com/wp-content/uploads/2023/08/3-Stagg-Jr_800-jpg.webp,bourbon_kentucky_majors
Bourbon,Buffalo Trace Distillery,"Frankfort, KY",Stagg Jr.,own_make,NULL,FALSE,FALSE,Kentucky Straight Bourbon,NAS,,Batch 16,130.9,65.5,,New charred American oak,,https://bourbon-whiskey-and-rye.com/stagg-jr-release-dates-and-proofs/,2026-06-26,https://bourbon-whiskey-and-rye.com/wp-content/uploads/2023/08/3-Stagg-Jr_800-jpg.webp,bourbon_kentucky_majors
Bourbon,Buffalo Trace Distillery,"Frankfort, KY",Stagg Jr.,own_make,NULL,FALSE,FALSE,Kentucky Straight Bourbon,NAS,,Batch 17,128.7,64.3,,New charred American oak,,https://bourbon-whiskey-and-rye.com/stagg-jr-release-dates-and-proofs/,2026-06-26,https://bourbon-whiskey-and-rye.com/wp-content/uploads/2023/08/3-Stagg-Jr_800-jpg.webp,bourbon_kentucky_majors
Bourbon,Buffalo Trace Distillery,"Frankfort, KY",Stagg,own_make,NULL,FALSE,FALSE,Kentucky Straight Bourbon,NAS,,Batch 18,131.0,65.5,,New charred American oak,,https://bourbon-whiskey-and-rye.com/stagg-jr-release-dates-and-proofs/,2026-06-26,https://bourbon-whiskey-and-rye.com/wp-content/uploads/2023/08/3-Stagg-Jr_800-jpg.webp,bourbon_kentucky_majors
Bourbon,Buffalo Trace Distillery,"Frankfort, KY",Stagg,own_make,NULL,FALSE,FALSE,Kentucky Straight Bourbon,NAS,,22A,132.2,66.1,,New charred American oak,,https://bourbon-whiskey-and-rye.com/stagg-jr-release-dates-and-proofs/,2026-06-26,https://bourbon-whiskey-and-rye.com/wp-content/uploads/2023/08/3-Stagg-Jr_800-jpg.webp,bourbon_kentucky_majors
Bourbon,Buffalo Trace Distillery,"Frankfort, KY",Stagg,own_make,NULL,FALSE,FALSE,Kentucky Straight Bourbon,NAS,,22B,130.0,65.0,,New charred American oak,,https://bourbon-whiskey-and-rye.com/stagg-jr-release-dates-and-proofs/,2026-06-26,https://bourbon-whiskey-and-rye.com/wp-content/uploads/2023/08/3-Stagg-Jr_800-jpg.webp,bourbon_kentucky_majors
Bourbon,Buffalo Trace Distillery,"Frankfort, KY",Stagg,own_make,NULL,FALSE,FALSE,Kentucky Straight Bourbon,NAS,,23A,130.2,65.1,,New charred American oak,,https://bourbon-whiskey-and-rye.com/stagg-jr-release-dates-and-proofs/,2026-06-26,https://bourbon-whiskey-and-rye.com/wp-content/uploads/2023/08/3-Stagg-Jr_800-jpg.webp,bourbon_kentucky_majors
Bourbon,Buffalo Trace Distillery,"Frankfort, KY",Stagg,own_make,NULL,FALSE,FALSE,Kentucky Straight Bourbon,NAS,,23B,127.8,63.9,,New charred American oak,,https://uproxx.com/life/stagg-kentucky-straight-bourbon-23b-2024-release-info/; https://bourbon-whiskey-and-rye.com/stagg-jr-release-dates-and-proofs/,2026-06-28,NULL,bourbon_kentucky_majors
Bourbon,Buffalo Trace Distillery,"Frankfort, KY",Stagg,own_make,NULL,FALSE,FALSE,Kentucky Straight Bourbon,NAS,,23C,125.9,63.0,,New charred American oak,,https://bourbon-whiskey-and-rye.com/stagg-jr-release-dates-and-proofs/,2026-06-26,https://bourbon-whiskey-and-rye.com/wp-content/uploads/2023/08/3-Stagg-Jr_800-jpg.webp,bourbon_kentucky_majors
Bourbon,Buffalo Trace Distillery,"Frankfort, KY",Stagg,own_make,NULL,FALSE,FALSE,Kentucky Straight Bourbon,NAS,,24A,127.6,63.8,,New charred American oak,,https://www.breakingbourbon.com/review/stagg-bourbon-batch-24a; https://bourbon-whiskey-and-rye.com/stagg-jr-release-dates-and-proofs/,2026-06-26,https://cdn.prod.website-files.com/5ace2bae31f6d3c07d267cb9/670690c305224790537d69ea_Stagg-Bourbon-Batch-24A-01.jpg,bourbon_kentucky_majors
Bourbon,Buffalo Trace Distillery,"Frankfort, KY",Stagg,own_make,NULL,FALSE,FALSE,Kentucky Straight Bourbon,NAS,,24B,127.8,63.9,,New charred American oak,,https://bourbon-whiskey-and-rye.com/stagg-jr-release-dates-and-proofs/,2026-06-26,https://bourbon-whiskey-and-rye.com/wp-content/uploads/2023/08/3-Stagg-Jr_800-jpg.webp,bourbon_kentucky_majors
Bourbon,Buffalo Trace Distillery,"Frankfort, KY",Stagg,own_make,NULL,FALSE,FALSE,Kentucky Straight Bourbon,NAS,,24C,128.9,64.5,,New charred American oak,,https://bourbon-whiskey-and-rye.com/stagg-jr-release-dates-and-proofs/,2026-06-26,https://bourbon-whiskey-and-rye.com/wp-content/uploads/2023/08/3-Stagg-Jr_800-jpg.webp,bourbon_kentucky_majors
Bourbon,Buffalo Trace Distillery,"Frankfort, KY",Stagg,own_make,NULL,FALSE,FALSE,Kentucky Straight Bourbon,NAS,,24D,127.4,63.7,,New charred American oak,,https://bourbon-whiskey-and-rye.com/stagg-jr-release-dates-and-proofs/,2026-06-26,https://bourbon-whiskey-and-rye.com/wp-content/uploads/2023/08/3-Stagg-Jr_800-jpg.webp,bourbon_kentucky_majors
Bourbon,Buffalo Trace Distillery,"Frankfort, KY",Stagg,own_make,NULL,FALSE,FALSE,Kentucky Straight Bourbon,NAS,,25A,126.5,63.2,,New charred American oak,,https://bourbon-whiskey-and-rye.com/stagg-jr-release-dates-and-proofs/,2026-06-26,https://bourbon-whiskey-and-rye.com/wp-content/uploads/2023/08/3-Stagg-Jr_800-jpg.webp,bourbon_kentucky_majors
Bourbon,Buffalo Trace Distillery,"Frankfort, KY",Stagg,own_make,NULL,FALSE,FALSE,Kentucky Straight Bourbon,NAS,,25B,126.9,63.5,,New charred American oak,,https://bourbon-whiskey-and-rye.com/stagg-jr-release-dates-and-proofs/,2026-06-26,https://bourbon-whiskey-and-rye.com/wp-content/uploads/2023/08/3-Stagg-Jr_800-jpg.webp,bourbon_kentucky_majors
Bourbon,Buffalo Trace Distillery,"Frankfort, KY",Stagg,own_make,NULL,FALSE,FALSE,Kentucky Straight Bourbon,NAS,,25C,125.6,62.8,,New charred American oak,,https://bourbon-whiskey-and-rye.com/stagg-jr-release-dates-and-proofs/,2026-06-26,https://bourbon-whiskey-and-rye.com/wp-content/uploads/2023/08/3-Stagg-Jr_800-jpg.webp,bourbon_kentucky_majors
Bourbon,Buffalo Trace Distillery,"Frankfort, KY",Stagg,own_make,NULL,FALSE,FALSE,Kentucky Straight Bourbon,NAS,,25D,129.2,64.6,,New charred American oak,,https://bourbon-whiskey-and-rye.com/stagg-jr-release-dates-and-proofs/,2026-06-26,https://bourbon-whiskey-and-rye.com/wp-content/uploads/2023/08/3-Stagg-Jr_800-jpg.webp,bourbon_kentucky_majors
Bourbon,Buffalo Trace Distillery,"Frankfort, KY",Colonel E.H. Taylor Jr.,own_make,NULL,FALSE,FALSE,Kentucky Straight Bourbon; Cask Strength,NAS,,Batch 1,134.5,67.2,,New charred American oak,,https://bourbon-whiskey-and-rye.com/eh-taylor-barrel-proof-batches/,2026-06-28,NULL,bourbon_kentucky_majors
Bourbon,Buffalo Trace Distillery,"Frankfort, KY",Colonel E.H. Taylor Jr.,own_make,NULL,FALSE,FALSE,Kentucky Straight Bourbon; Cask Strength,NAS,,Batch 2,135.4,67.7,,New charred American oak,,https://bourbon-whiskey-and-rye.com/eh-taylor-barrel-proof-batches/,2026-06-28,NULL,bourbon_kentucky_majors
Bourbon,Buffalo Trace Distillery,"Frankfort, KY",Colonel E.H. Taylor Jr.,own_make,NULL,FALSE,FALSE,Kentucky Straight Bourbon; Cask Strength,NAS,,Batch 3,129.0,64.5,,New charred American oak,,https://bourbon-whiskey-and-rye.com/eh-taylor-barrel-proof-batches/,2026-06-28,NULL,bourbon_kentucky_majors
Bourbon,Buffalo Trace Distillery,"Frankfort, KY",Colonel E.H. Taylor Jr.,own_make,NULL,FALSE,FALSE,Kentucky Straight Bourbon; Cask Strength,NAS,,Batch 4,127.2,63.6,,New charred American oak,,https://bourbon-whiskey-and-rye.com/eh-taylor-barrel-proof-batches/,2026-06-28,NULL,bourbon_kentucky_majors
Bourbon,Buffalo Trace Distillery,"Frankfort, KY",Colonel E.H. Taylor Jr.,own_make,NULL,FALSE,FALSE,Kentucky Straight Bourbon; Cask Strength,NAS,,Batch 5,127.5,63.8,,New charred American oak,,https://bourbon-whiskey-and-rye.com/eh-taylor-barrel-proof-batches/,2026-06-28,NULL,bourbon_kentucky_majors
Bourbon,Buffalo Trace Distillery,"Frankfort, KY",Colonel E.H. Taylor Jr.,own_make,NULL,FALSE,FALSE,Kentucky Straight Bourbon; Cask Strength,NAS,,Batch 6,128.1,64.0,,New charred American oak,,https://bourbon-whiskey-and-rye.com/eh-taylor-barrel-proof-batches/,2026-06-28,NULL,bourbon_kentucky_majors
Bourbon,Buffalo Trace Distillery,"Frankfort, KY",Colonel E.H. Taylor Jr.,own_make,NULL,FALSE,FALSE,Kentucky Straight Bourbon; Cask Strength,NAS,,Batch 7,129.7,64.8,,New charred American oak,,https://bourbon-whiskey-and-rye.com/eh-taylor-barrel-proof-batches/,2026-06-28,NULL,bourbon_kentucky_majors
Bourbon,Buffalo Trace Distillery,"Frankfort, KY",Colonel E.H. Taylor Jr.,own_make,NULL,FALSE,FALSE,Kentucky Straight Bourbon; Cask Strength,NAS,,Batch 8,,,,New charred American oak,,https://bourbon-whiskey-and-rye.com/eh-taylor-barrel-proof-batches/,2026-06-28,NULL,bourbon_kentucky_majors
Bourbon,Buffalo Trace Distillery,"Frankfort, KY",Colonel E.H. Taylor Jr.,own_make,NULL,FALSE,FALSE,Kentucky Straight Bourbon; Cask Strength,NAS,,Batch 9,130.3,65.2,,New charred American oak,,https://www.breakingbourbon.com/review/e-h-taylor-jr-barrel-proof-bourbon-130-3-proof-batch-9; https://bourbon-whiskey-and-rye.com/eh-taylor-barrel-proof-batches/,2026-06-26,https://cdn.prod.website-files.com/5ace2bae31f6d3c07d267cb9/5fa440015f6ad45ec33ba641_E-H-Taylor-Barrel-Proof-Bourbon-Batch-9-01a.jpg,bourbon_kentucky_majors
Bourbon,Buffalo Trace Distillery,"Frankfort, KY",Colonel E.H. Taylor Jr.,own_make,NULL,FALSE,FALSE,Kentucky Straight Bourbon; Cask Strength,NAS,,Batch 10,127.3,63.6,,New charred American oak,,https://bourbon-whiskey-and-rye.com/eh-taylor-barrel-proof-batches/,2026-06-28,NULL,bourbon_kentucky_majors
Bourbon,Buffalo Trace Distillery,"Frankfort, KY",Colonel E.H. Taylor Jr.,own_make,NULL,FALSE,FALSE,Kentucky Straight Bourbon; Cask Strength,NAS,,Batch 11,129.0,64.5,,New charred American oak,,https://bourbon-whiskey-and-rye.com/eh-taylor-barrel-proof-batches/,2026-06-28,NULL,bourbon_kentucky_majors
Bourbon,Buffalo Trace Distillery,"Frankfort, KY",Colonel E.H. Taylor Jr.,own_make,NULL,FALSE,FALSE,Kentucky Straight Bourbon; Cask Strength,NAS,,Batch 12,131.1,65.5,,New charred American oak,,https://www.amongstthewhiskey.com/post/colonel-e-h-taylor-barrel-proof-batch-12-review-ranking-the-131-1-proof-2023-release-from-buffalo; https://bourbon-whiskey-and-rye.com/eh-taylor-barrel-proof-batches/,2026-06-28,NULL,bourbon_kentucky_majors
Bourbon,Buffalo Trace Distillery,"Frankfort, KY",Colonel E.H. Taylor Jr.,own_make,NULL,FALSE,FALSE,Kentucky Straight Bourbon; Cask Strength,NAS,,Batch 13,127.3,63.6,,New charred American oak,,https://bourbon-whiskey-and-rye.com/eh-taylor-barrel-proof-batches/,2026-06-28,NULL,bourbon_kentucky_majors
Bourbon,Buffalo Trace Distillery,"Frankfort, KY",Colonel E.H. Taylor Jr.,own_make,NULL,FALSE,FALSE,Kentucky Straight Bourbon; Cask Strength,NAS,,Batch 14,127.4,63.7,,New charred American oak,,https://mainstreetliquor.com/products/colonel-e-h-taylor-jr-barrel-proof-bourbon-batch-14-127-4-proof; https://bourbon-whiskey-and-rye.com/eh-taylor-barrel-proof-batches/,2026-06-26,http://mainstreetliquor.com/cdn/shop/files/colonel-eh-taylor-jr-barrel-proof-bourbon-batch-14-1274-proof-8035655.png,bourbon_kentucky_majors
Bourbon,Buffalo Trace Distillery,"Frankfort, KY",Colonel E.H. Taylor Jr.,own_make,NULL,FALSE,FALSE,Kentucky Straight Bourbon; Small Batch,NAS,,,100,50.0,,New charred American oak,,https://www.bourboneur.com/post/eh-taylor-the-definitive-guide,2026-06-28,NULL,bourbon_kentucky_majors
Bourbon,Buffalo Trace Distillery,"Frankfort, KY",Colonel E.H. Taylor Jr.,own_make,NULL,FALSE,FALSE,Kentucky Straight Bourbon; Single Barrel,NAS,,,100,50.0,,New charred American oak,,https://www.bourboneur.com/post/eh-taylor-the-definitive-guide,2026-06-28,NULL,bourbon_kentucky_majors
Bourbon,Buffalo Trace Distillery,"Frankfort, KY",Colonel E.H. Taylor Jr.,own_make,NULL,FALSE,FALSE,Kentucky Straight Bourbon; ; Warehouse C Tornadic Activity,NAS,,,100,50.0,,New charred American oak,,https://www.bourboneur.com/post/eh-taylor-the-definitive-guide,2026-06-28,NULL,bourbon_kentucky_majors
Bourbon,Buffalo Trace Distillery,"Frankfort, KY",Colonel E.H. Taylor Jr.,own_make,NULL,FALSE,FALSE,Kentucky Straight Bourbon; ; Cured Oak,NAS,,,100,50.0,,New charred American oak,,https://www.bourboneur.com/post/eh-taylor-the-definitive-guide,2026-06-28,NULL,bourbon_kentucky_majors
Bourbon,Buffalo Trace Distillery,"Frankfort, KY",Colonel E.H. Taylor Jr.,own_make,NULL,FALSE,FALSE,Kentucky Straight Bourbon; ; Amaranth — Grain of the Gods,NAS,,,100,50.0,,New charred American oak,,https://www.bourboneur.com/post/eh-taylor-the-definitive-guide,2026-06-28,NULL,bourbon_kentucky_majors
Bourbon,Buffalo Trace Distillery,"Frankfort, KY",Colonel E.H. Taylor Jr.,own_make,NULL,FALSE,FALSE,Kentucky Straight Bourbon; ; Four Grain,NAS,,,100,50.0,,New charred American oak,,https://www.bourboneur.com/post/eh-taylor-the-definitive-guide,2026-06-28,NULL,bourbon_kentucky_majors
Bourbon,Buffalo Trace Distillery,"Frankfort, KY",Colonel E.H. Taylor Jr.,own_make,NULL,FALSE,FALSE,Kentucky Straight Bourbon; ; Old Fashioned Sour Mash,NAS,,,100,50.0,,New charred American oak,,https://www.bourboneur.com/post/eh-taylor-the-definitive-guide,2026-06-28,NULL,bourbon_kentucky_majors
Bourbon,Buffalo Trace Distillery,"Frankfort, KY",Colonel E.H. Taylor Jr.,own_make,NULL,FALSE,FALSE,Kentucky Straight Bourbon; ; Seasoned Wood,NAS,,,100,50.0,,New charred American oak,,https://www.bourboneur.com/post/eh-taylor-the-definitive-guide,2026-06-28,NULL,bourbon_kentucky_majors
Bourbon,Buffalo Trace Distillery,"Frankfort, KY",Old Rip Van Winkle,own_make,NULL,FALSE,FALSE,Kentucky Straight Bourbon,10 Years,,,107,53.5,wheated,New charred American oak,,https://distiller.com/articles/pappy-season-returns-inside-the-2025-van-winkle-collection,2026-06-28,NULL,bourbon_kentucky_majors
Bourbon,Buffalo Trace Distillery,"Frankfort, KY",Van Winkle Special Reserve,own_make,NULL,FALSE,FALSE,Kentucky Straight Bourbon; ; Lot B,12 Years,,,90.4,45.2,wheated,New charred American oak,,https://distiller.com/articles/pappy-season-returns-inside-the-2025-van-winkle-collection,2026-06-28,NULL,bourbon_kentucky_majors
Bourbon,Buffalo Trace Distillery,"Frankfort, KY",Pappy Van Winkle's Family Reserve,own_make,NULL,FALSE,FALSE,Kentucky Straight Bourbon; ; 15 Year,15 Years,,,107,53.5,wheated,New charred American oak,,https://distiller.com/articles/pappy-season-returns-inside-the-2025-van-winkle-collection,2026-06-28,NULL,bourbon_kentucky_majors
Bourbon,Buffalo Trace Distillery,"Frankfort, KY",Pappy Van Winkle's Family Reserve,own_make,NULL,FALSE,FALSE,Kentucky Straight Bourbon; ; 20 Year,20 Years,,,90.4,45.2,wheated,New charred American oak,,https://distiller.com/articles/pappy-season-returns-inside-the-2025-van-winkle-collection,2026-06-28,NULL,bourbon_kentucky_majors
Bourbon,Buffalo Trace Distillery,"Frankfort, KY",Pappy Van Winkle's Family Reserve,own_make,NULL,FALSE,FALSE,Kentucky Straight Bourbon; ; 23 Year,23 Years,,,95.6,47.8,wheated,New charred American oak,,https://distiller.com/articles/pappy-season-returns-inside-the-2025-van-winkle-collection,2026-06-28,NULL,bourbon_kentucky_majors
Bourbon,Buffalo Trace Distillery,"Frankfort, KY",Benchmark,own_make,NULL,FALSE,FALSE,Kentucky Straight Bourbon; ; Old No. 8 Brand,NAS,,,90,45.0,,New charred American oak,,https://www.buffalotracedistillery.com/our-brands/benchmark/benchmark-old-no-8-brand/,2026-06-26,https://cms.buffalotracedistillery.com/wp-content/uploads/2025/11/BENCHMARK_8_BOTTLE.png,bourbon_kentucky_majors
Bourbon,Buffalo Trace Distillery,"Frankfort, KY",Benchmark,own_make,NULL,FALSE,FALSE,Bonded Bourbon; ; Bonded,NAS,,,100,50.0,,New charred American oak,,https://www.tastingtable.com/1617257/benchmark-bourbon-whiskey-bottle-guide/,2026-06-26,https://www.tastingtable.com/img/gallery/benchmark-bourbon-whiskey-the-ultimate-bottle-guide/l-intro-1720204100.jpg,bourbon_kentucky_majors
Bourbon,Buffalo Trace Distillery,"Frankfort, KY",Benchmark,own_make,NULL,FALSE,FALSE,Kentucky Straight Bourbon; ; Full Proof,NAS,,,125,62.5,,New charred American oak,,https://www.breakingbourbon.com/review/benchmark-full-proof-bourbon,2026-06-26,https://cdn.prod.website-files.com/5ace2bae31f6d3c07d267cb9/63ff8e309e953e416c3b6fa4_Benchmark-Full-Proof-Bourbon-01.jpg,bourbon_kentucky_majors
Bourbon,Buffalo Trace Distillery,"Frankfort, KY",Benchmark,own_make,NULL,FALSE,FALSE,Kentucky Straight Bourbon; Small Batch,NAS,,,90,45.0,,New charred American oak,,https://www.tastingtable.com/1617257/benchmark-bourbon-whiskey-bottle-guide/,2026-06-26,https://www.tastingtable.com/img/gallery/benchmark-bourbon-whiskey-the-ultimate-bottle-guide/l-intro-1720204100.jpg,bourbon_kentucky_majors
Bourbon,Buffalo Trace Distillery,"Frankfort, KY",Benchmark,own_make,NULL,FALSE,TRUE,Kentucky Straight Bourbon; Single Barrel,NAS,,,,,,New charred American oak,,https://www.breakingbourbon.com/review/benchmark-single-barrel-bourbon,2026-06-26,https://cdn.prod.website-files.com/5ace2bae31f6d3c07d267cb9/69e8d07eb1002c16a7d85702_benchmark-single-barrel-bourbon-01.jpg,bourbon_kentucky_majors
Bourbon,Buffalo Trace Distillery,"Frankfort, KY",Old Charter,own_make,NULL,FALSE,FALSE,Kentucky Straight Bourbon,NAS,,,80,40.0,,New charred American oak,,https://www.sazerac.com/our-brands/sazerac-brands/old-charter.html,2026-06-26,NULL,bourbon_kentucky_majors
Bourbon,Buffalo Trace Distillery,"Frankfort, KY",Old Charter,own_make,NULL,FALSE,FALSE,Kentucky Straight Bourbon; ; 101,NAS,,,101,50.5,,New charred American oak,,https://www.sazerac.com/our-brands/sazerac-brands/old-charter.html,2026-06-26,NULL,bourbon_kentucky_majors
Bourbon,Buffalo Trace Distillery,"Frankfort, KY",Old Charter Oak,own_make,NULL,FALSE,FALSE,Kentucky Straight Bourbon; ; Chinkapin Oak,NAS,,,93,46.5,,Chinkapin oak,,https://www.buffalotracedistillery.com/our-brands/old-charter/chinkapin-oak.html,2026-06-26,https://cms.buffalotracedistillery.com/wp-content/uploads/2025/11/OLD_CHARTER_CHINKAPIN_OAK_BOTTLE.png,bourbon_kentucky_majors
Bourbon,Buffalo Trace Distillery,"Frankfort, KY",Old Charter Oak,own_make,NULL,FALSE,FALSE,Kentucky Straight Bourbon; ; French Oak — 1st Edition,NAS,,,92,46.0,,French oak,,https://americanwhiskeymag.com/articles/old-charter-oak-french-oak/,2026-06-26,NULL,bourbon_kentucky_majors
Bourbon,Buffalo Trace Distillery,"Frankfort, KY",Old Charter Oak,own_make,NULL,FALSE,FALSE,Kentucky Straight Bourbon; ; French Oak — 2nd Edition,NAS,,,92,46.0,,French oak,,https://americanwhiskeymag.com/articles/old-charter-oak-french-oak/,2026-06-26,NULL,bourbon_kentucky_majors
Bourbon,Buffalo Trace Distillery,"Frankfort, KY",Old Charter Oak,own_make,NULL,FALSE,FALSE,Kentucky Straight Bourbon; ; French Oak — 3rd Edition,NAS,,,92,46.0,,French oak,,https://americanwhiskeymag.com/articles/old-charter-oak-french-oak/,2026-06-26,NULL,bourbon_kentucky_majors
Bourbon,Buffalo Trace Distillery,"Frankfort, KY",Buffalo Trace Experimental Collection,own_make,NULL,FALSE,FALSE,Kentucky Straight Bourbon; ; Low Entry Proof Wheated Bourbon,NAS,,,107,53.5,wheated,New charred American oak,,https://onemoredram.com/2026/04/08/buffalo-trace-distillery-releases-experimental-low-entry-proof-wheated-bourbon/,2026-06-26,https://onemoredram.com/wp-content/uploads/2026/04/buffalo-trace-experimental-collection-low-entry-proof-wheated-bourbon-whiskey-04-08-2026.jpg,bourbon_kentucky_majors
Bourbon,Heaven Hill Bernheim Distillery,"Louisville, KY",Elijah Craig,own_make,NULL,FALSE,FALSE,Kentucky Straight Bourbon; Small Batch,NAS,,,94,47.0,,New charred American oak,,https://elijahcraig.com/bourbon,2026-06-26,NULL,bourbon_kentucky_majors
Bourbon,Heaven Hill Bernheim Distillery,"Louisville, KY",Elijah Craig,own_make,NULL,FALSE,FALSE,Kentucky Straight Bourbon; ; 18 Year Old,18 Years,,,90,45.0,,New charred American oak,,https://heavenhilldistillery.com/elijah-craig-18.php,2026-06-26,NULL,bourbon_kentucky_majors
Bourbon,Heaven Hill Bernheim Distillery,"Louisville, KY",Elijah Craig,own_make,NULL,FALSE,FALSE,Kentucky Straight Bourbon; ; Toasted Barrel,NAS,,,94,47.0,,New charred American oak,Toasted new oak,https://elijahcraig.com/toasted-barrel,2026-06-28,NULL,bourbon_kentucky_majors
Bourbon,Heaven Hill Bernheim Distillery,"Louisville, KY",Elijah Craig,own_make,NULL,FALSE,FALSE,Kentucky Straight Bourbon; Cask Strength,12 Years,,B517,124.2,62.1,,New charred American oak,,https://whiskyadvocate.com/elijah-craig-barrel-proof-b517; https://www.drinkhacker.com/2025/12/28/elijah-craig-barrel-proof-all-batches-updated-2025/,2026-06-28,NULL,bourbon_kentucky_majors
Bourbon,Heaven Hill Bernheim Distillery,"Louisville, KY",Elijah Craig,own_make,NULL,FALSE,FALSE,Kentucky Straight Bourbon; Cask Strength,12 Years,,A120,136.6,68.3,,New charred American oak,,https://www.drinkhacker.com/2025/12/28/elijah-craig-barrel-proof-all-batches-updated-2025/,2026-06-28,NULL,bourbon_kentucky_majors
Bourbon,Heaven Hill Bernheim Distillery,"Louisville, KY",Elijah Craig,own_make,NULL,FALSE,FALSE,Kentucky Straight Bourbon; Cask Strength,12 Years,,B520,127.2,63.6,,New charred American oak,,https://www.drinkhacker.com/2025/12/28/elijah-craig-barrel-proof-all-batches-updated-2025/,2026-06-28,NULL,bourbon_kentucky_majors
Bourbon,Heaven Hill Bernheim Distillery,"Louisville, KY",Elijah Craig,own_make,NULL,FALSE,FALSE,Kentucky Straight Bourbon; Cask Strength,12 Years,,C920,132.8,66.4,,New charred American oak,,https://www.drinkhacker.com/2025/12/28/elijah-craig-barrel-proof-all-batches-updated-2025/,2026-06-28,NULL,bourbon_kentucky_majors
Bourbon,Heaven Hill Bernheim Distillery,"Louisville, KY",Elijah Craig,own_make,NULL,FALSE,FALSE,Kentucky Straight Bourbon; Cask Strength,12 Years,,A121,123.6,61.8,,New charred American oak,,https://www.drinkhacker.com/2025/12/28/elijah-craig-barrel-proof-all-batches-updated-2025/,2026-06-28,NULL,bourbon_kentucky_majors
Bourbon,Heaven Hill Bernheim Distillery,"Louisville, KY",Elijah Craig,own_make,NULL,FALSE,FALSE,Kentucky Straight Bourbon; Cask Strength,12 Years,,B521,118.2,59.1,,New charred American oak,,https://www.drinkhacker.com/2025/12/28/elijah-craig-barrel-proof-all-batches-updated-2025/,2026-06-28,NULL,bourbon_kentucky_majors
Bourbon,Heaven Hill Bernheim Distillery,"Louisville, KY",Elijah Craig,own_make,NULL,FALSE,FALSE,Kentucky Straight Bourbon; Cask Strength,12 Years,,C921,120.2,60.1,,New charred American oak,,https://www.drinkhacker.com/2025/12/28/elijah-craig-barrel-proof-all-batches-updated-2025/,2026-06-28,NULL,bourbon_kentucky_majors
Bourbon,Heaven Hill Bernheim Distillery,"Louisville, KY",Elijah Craig,own_make,NULL,FALSE,FALSE,Kentucky Straight Bourbon; Cask Strength,12 Years,,A122,120.8,60.4,,New charred American oak,,https://www.drinkhacker.com/2025/12/28/elijah-craig-barrel-proof-all-batches-updated-2025/,2026-06-28,NULL,bourbon_kentucky_majors
Bourbon,Heaven Hill Bernheim Distillery,"Louisville, KY",Elijah Craig,own_make,NULL,FALSE,FALSE,Kentucky Straight Bourbon; Cask Strength,12 Years,,B522,121.0,60.5,,New charred American oak,,https://www.drinkhacker.com/2025/12/28/elijah-craig-barrel-proof-all-batches-updated-2025/,2026-06-28,NULL,bourbon_kentucky_majors
Bourbon,Heaven Hill Bernheim Distillery,"Louisville, KY",Elijah Craig,own_make,NULL,FALSE,FALSE,Kentucky Straight Bourbon; Cask Strength,12 Years,,A123,125.6,62.8,,New charred American oak,,https://www.drinkhacker.com/2025/12/28/elijah-craig-barrel-proof-all-batches-updated-2025/,2026-06-28,NULL,bourbon_kentucky_majors
Bourbon,Heaven Hill Bernheim Distillery,"Louisville, KY",Elijah Craig,own_make,NULL,FALSE,FALSE,Kentucky Straight Bourbon; Cask Strength,11 Years 5 Months,,B523,124.2,62.1,,New charred American oak,,https://www.drinkhacker.com/2025/12/28/elijah-craig-barrel-proof-all-batches-updated-2025/,2026-06-28,NULL,bourbon_kentucky_majors
Bourbon,Heaven Hill Bernheim Distillery,"Louisville, KY",Elijah Craig,own_make,NULL,FALSE,FALSE,Kentucky Straight Bourbon; Cask Strength,13 Years 7 Months,,C923,133.0,66.5,,New charred American oak,,https://www.drinkhacker.com/2025/12/28/elijah-craig-barrel-proof-all-batches-updated-2025/,2026-06-28,NULL,bourbon_kentucky_majors
Bourbon,Heaven Hill Bernheim Distillery,"Louisville, KY",Elijah Craig,own_make,NULL,FALSE,FALSE,Kentucky Straight Bourbon; Cask Strength,12 Years,,A124,119.0,59.5,,New charred American oak,,https://www.drinkhacker.com/2025/12/28/elijah-craig-barrel-proof-all-batches-updated-2025/,2026-06-28,NULL,bourbon_kentucky_majors
Bourbon,Heaven Hill Bernheim Distillery,"Louisville, KY",Elijah Craig,own_make,NULL,FALSE,FALSE,Kentucky Straight Bourbon; Cask Strength,12 Years,,B524,130.6,65.3,,New charred American oak,,https://spiritsreview.com/reviews/elijah-craig-barrel-proof-batch-b524-130-6-proof-8-years-2-months-old/; https://www.drinkhacker.com/2025/12/28/elijah-craig-barrel-proof-all-batches-updated-2025/,2026-06-26,https://spiritsreview.com/wp-content/uploads/2024/06/IMGP0848-scaled.jpg,bourbon_kentucky_majors
Bourbon,Heaven Hill Bernheim Distillery,"Louisville, KY",Elijah Craig,own_make,NULL,FALSE,FALSE,Kentucky Straight Bourbon; Cask Strength,12 Years,,C924,129.0,64.5,,New charred American oak,,https://spiritsreview.com/reviews/elijah-craig-barrel-proof-batch-b524-130-6-proof-8-years-2-months-old/; https://www.drinkhacker.com/2025/12/28/elijah-craig-barrel-proof-all-batches-updated-2025/,2026-06-26,https://spiritsreview.com/wp-content/uploads/2024/06/IMGP0848-scaled.jpg,bourbon_kentucky_majors
Bourbon,Heaven Hill Bernheim Distillery,"Louisville, KY",Elijah Craig,own_make,NULL,FALSE,FALSE,Kentucky Straight Bourbon; Cask Strength,12 Years,,A125,118.2,59.1,,New charred American oak,,https://spiritsreview.com/reviews/elijah-craig-barrel-proof-batch-a125-118-2-proof/; https://www.drinkhacker.com/2025/12/28/elijah-craig-barrel-proof-all-batches-updated-2025/,2026-06-26,https://spiritsreview.com/wp-content/uploads/2025/02/IMGP0924-scaled-e1740089899280.jpg,bourbon_kentucky_majors
Bourbon,Heaven Hill Bernheim Distillery,"Louisville, KY",Larceny,own_make,NULL,FALSE,FALSE,Kentucky Straight Bourbon; Small Batch,NAS,,,92,46.0,wheated,New charred American oak,,https://larcenybourbon.com/small-batch,2026-06-26,NULL,bourbon_kentucky_majors
Bourbon,Heaven Hill Bernheim Distillery,"Louisville, KY",Larceny,own_make,NULL,FALSE,FALSE,Kentucky Straight Bourbon; Cask Strength,NAS,,A120,123.4,61.7,wheated,New charred American oak,,https://www.breakingbourbon.com/review/larceny-barrel-proof-batch-a120; https://www.bourbinsane.com/larceny-barrel-proof-batches-release-info/,2026-06-26,https://cdn.prod.website-files.com/5ace2bae31f6d3c07d267cb9/5e174c97827b686e9aceca4b_Larceny-Barrel-Proof-Batch-A120-05a.jpg,bourbon_kentucky_majors
Bourbon,Heaven Hill Bernheim Distillery,"Louisville, KY",Larceny,own_make,NULL,FALSE,FALSE,Kentucky Straight Bourbon; Cask Strength,NAS,,B520,122.2,61.1,wheated,New charred American oak,,https://www.breakingbourbon.com/review/larceny-barrel-proof-batch-a120; https://www.bourbinsane.com/larceny-barrel-proof-batches-release-info/,2026-06-26,https://cdn.prod.website-files.com/5ace2bae31f6d3c07d267cb9/5e174c97827b686e9aceca4b_Larceny-Barrel-Proof-Batch-A120-05a.jpg,bourbon_kentucky_majors
Bourbon,Heaven Hill Bernheim Distillery,"Louisville, KY",Larceny,own_make,NULL,FALSE,FALSE,Kentucky Straight Bourbon; Cask Strength,NAS,,C920,122.4,61.2,wheated,New charred American oak,,https://www.breakingbourbon.com/review/larceny-barrel-proof-batch-a120; https://www.bourbinsane.com/larceny-barrel-proof-batches-release-info/,2026-06-26,https://cdn.prod.website-files.com/5ace2bae31f6d3c07d267cb9/5e174c97827b686e9aceca4b_Larceny-Barrel-Proof-Batch-A120-05a.jpg,bourbon_kentucky_majors
Bourbon,Heaven Hill Bernheim Distillery,"Louisville, KY",Larceny,own_make,NULL,FALSE,FALSE,Kentucky Straight Bourbon; Cask Strength,NAS,,A121,114.8,57.4,wheated,New charred American oak,,https://www.breakingbourbon.com/review/larceny-barrel-proof-batch-a120; https://www.bourbinsane.com/larceny-barrel-proof-batches-release-info/,2026-06-26,https://cdn.prod.website-files.com/5ace2bae31f6d3c07d267cb9/5e174c97827b686e9aceca4b_Larceny-Barrel-Proof-Batch-A120-05a.jpg,bourbon_kentucky_majors
Bourbon,Heaven Hill Bernheim Distillery,"Louisville, KY",Larceny,own_make,NULL,FALSE,FALSE,Kentucky Straight Bourbon; Cask Strength,NAS,,B521,121.0,60.5,wheated,New charred American oak,,https://www.breakingbourbon.com/review/larceny-barrel-proof-batch-a120; https://www.bourbinsane.com/larceny-barrel-proof-batches-release-info/,2026-06-26,https://cdn.prod.website-files.com/5ace2bae31f6d3c07d267cb9/5e174c97827b686e9aceca4b_Larceny-Barrel-Proof-Batch-A120-05a.jpg,bourbon_kentucky_majors
Bourbon,Heaven Hill Bernheim Distillery,"Louisville, KY",Larceny,own_make,NULL,FALSE,FALSE,Kentucky Straight Bourbon; Cask Strength,NAS,,C921,122.6,61.3,wheated,New charred American oak,,https://www.breakingbourbon.com/review/larceny-barrel-proof-batch-a120; https://www.bourbinsane.com/larceny-barrel-proof-batches-release-info/,2026-06-26,https://cdn.prod.website-files.com/5ace2bae31f6d3c07d267cb9/5e174c97827b686e9aceca4b_Larceny-Barrel-Proof-Batch-A120-05a.jpg,bourbon_kentucky_majors
Bourbon,Heaven Hill Bernheim Distillery,"Louisville, KY",Larceny,own_make,NULL,FALSE,FALSE,Kentucky Straight Bourbon; Cask Strength,NAS,,A122,124.4,62.2,wheated,New charred American oak,,https://www.breakingbourbon.com/review/larceny-barrel-proof-batch-a120; https://www.bourbinsane.com/larceny-barrel-proof-batches-release-info/,2026-06-26,https://cdn.prod.website-files.com/5ace2bae31f6d3c07d267cb9/5e174c97827b686e9aceca4b_Larceny-Barrel-Proof-Batch-A120-05a.jpg,bourbon_kentucky_majors
Bourbon,Heaven Hill Bernheim Distillery,"Louisville, KY",Larceny,own_make,NULL,FALSE,FALSE,Kentucky Straight Bourbon; Cask Strength,NAS,,B522,123.8,61.9,wheated,New charred American oak,,https://www.breakingbourbon.com/review/larceny-barrel-proof-batch-a120; https://www.bourbinsane.com/larceny-barrel-proof-batches-release-info/,2026-06-26,https://cdn.prod.website-files.com/5ace2bae31f6d3c07d267cb9/5e174c97827b686e9aceca4b_Larceny-Barrel-Proof-Batch-A120-05a.jpg,bourbon_kentucky_majors
Bourbon,Heaven Hill Bernheim Distillery,"Louisville, KY",Larceny,own_make,NULL,FALSE,FALSE,Kentucky Straight Bourbon; Cask Strength,NAS,,C922,126.6,63.3,wheated,New charred American oak,,https://www.breakingbourbon.com/review/larceny-barrel-proof-batch-a120; https://www.bourbinsane.com/larceny-barrel-proof-batches-release-info/,2026-06-26,https://cdn.prod.website-files.com/5ace2bae31f6d3c07d267cb9/5e174c97827b686e9aceca4b_Larceny-Barrel-Proof-Batch-A120-05a.jpg,bourbon_kentucky_majors
Bourbon,Heaven Hill Bernheim Distillery,"Louisville, KY",Larceny,own_make,NULL,FALSE,FALSE,Kentucky Straight Bourbon; Cask Strength,NAS,,A123,125.8,62.9,wheated,New charred American oak,,https://www.breakingbourbon.com/review/larceny-barrel-proof-batch-a120; https://www.bourbinsane.com/larceny-barrel-proof-batches-release-info/,2026-06-26,https://cdn.prod.website-files.com/5ace2bae31f6d3c07d267cb9/5e174c97827b686e9aceca4b_Larceny-Barrel-Proof-Batch-A120-05a.jpg,bourbon_kentucky_majors
Bourbon,Heaven Hill Bernheim Distillery,"Louisville, KY",Larceny,own_make,NULL,FALSE,FALSE,Kentucky Straight Bourbon; Cask Strength,NAS,,B523,124.4,62.2,wheated,New charred American oak,,https://www.breakingbourbon.com/review/larceny-barrel-proof-batch-a120; https://www.bourbinsane.com/larceny-barrel-proof-batches-release-info/,2026-06-26,https://cdn.prod.website-files.com/5ace2bae31f6d3c07d267cb9/5e174c97827b686e9aceca4b_Larceny-Barrel-Proof-Batch-A120-05a.jpg,bourbon_kentucky_majors
Bourbon,Heaven Hill Bernheim Distillery,"Louisville, KY",Larceny,own_make,NULL,FALSE,FALSE,Kentucky Straight Bourbon; Cask Strength,NAS,,C923,126.4,63.2,wheated,New charred American oak,,https://www.breakingbourbon.com/review/larceny-barrel-proof-batch-a120; https://www.bourbinsane.com/larceny-barrel-proof-batches-release-info/,2026-06-26,https://cdn.prod.website-files.com/5ace2bae31f6d3c07d267cb9/5e174c97827b686e9aceca4b_Larceny-Barrel-Proof-Batch-A120-05a.jpg,bourbon_kentucky_majors
Bourbon,Heaven Hill Bernheim Distillery,"Louisville, KY",Larceny,own_make,NULL,FALSE,FALSE,Kentucky Straight Bourbon; Cask Strength,NAS,,A124,124.2,62.1,wheated,New charred American oak,,https://www.breakingbourbon.com/review/larceny-barrel-proof-batch-a120; https://www.bourbinsane.com/larceny-barrel-proof-batches-release-info/,2026-06-26,https://cdn.prod.website-files.com/5ace2bae31f6d3c07d267cb9/5e174c97827b686e9aceca4b_Larceny-Barrel-Proof-Batch-A120-05a.jpg,bourbon_kentucky_majors
Bourbon,Heaven Hill Bernheim Distillery,"Louisville, KY",Larceny,own_make,NULL,FALSE,FALSE,Kentucky Straight Bourbon; Cask Strength,NAS,,B524,125.4,62.7,wheated,New charred American oak,,https://www.breakingbourbon.com/review/larceny-barrel-proof-batch-a120; https://www.bourbinsane.com/larceny-barrel-proof-batches-release-info/,2026-06-26,https://cdn.prod.website-files.com/5ace2bae31f6d3c07d267cb9/5e174c97827b686e9aceca4b_Larceny-Barrel-Proof-Batch-A120-05a.jpg,bourbon_kentucky_majors
Bourbon,Heaven Hill Bernheim Distillery,"Louisville, KY",Larceny,own_make,NULL,FALSE,FALSE,Kentucky Straight Bourbon; Cask Strength,NAS,,C924,125.2,62.6,wheated,New charred American oak,,https://www.breakingbourbon.com/review/larceny-barrel-proof-batch-a120; https://www.bourbinsane.com/larceny-barrel-proof-batches-release-info/,2026-06-26,https://cdn.prod.website-files.com/5ace2bae31f6d3c07d267cb9/5e174c97827b686e9aceca4b_Larceny-Barrel-Proof-Batch-A120-05a.jpg,bourbon_kentucky_majors
Bourbon,Heaven Hill Bernheim Distillery,"Louisville, KY",Evan Williams,own_make,NULL,FALSE,FALSE,Kentucky Straight Bourbon; ; Black Label,NAS,,,86,43.0,,New charred American oak,,https://heavenhilldistillery.com/evan-williams-bourbon.php,2026-06-26,NULL,bourbon_kentucky_majors
Bourbon,Heaven Hill Bernheim Distillery,"Louisville, KY",Evan Williams,own_make,NULL,FALSE,FALSE,Kentucky Straight Bourbon; ; 1783 Small Batch,NAS,,,86,43.0,,New charred American oak,,https://heavenhilldistillery.com/evan-williams-1783-small-batch.php,2026-06-26,NULL,bourbon_kentucky_majors
Bourbon,Heaven Hill Bernheim Distillery,"Louisville, KY",Evan Williams,own_make,NULL,FALSE,FALSE,Bonded Bourbon; ; Bottled-in-Bond,NAS,,,100,50.0,,New charred American oak,,https://heavenhilldistillery.com/ew-bottled-in-bond.php,2026-06-26,NULL,bourbon_kentucky_majors
Bourbon,Heaven Hill Bernheim Distillery,"Louisville, KY",Evan Williams,own_make,NULL,FALSE,FALSE,Kentucky Straight Bourbon; ; Single Barrel Vintage,NAS,,,86.6,43.3,,New charred American oak,,https://heavenhilldistillery.com/evan-williams-single-barrel-vintage.php,2026-06-26,NULL,bourbon_kentucky_majors
Bourbon,Heaven Hill Bernheim Distillery,"Louisville, KY",Henry McKenna,own_make,NULL,FALSE,FALSE,Bonded Bourbon; ; Bottled-in-Bond,10 Years,,,100,50.0,,New charred American oak,,https://heavenhilldistillery.com/henry-mckenna.php,2026-06-26,NULL,bourbon_kentucky_majors
Bourbon,Heaven Hill Bernheim Distillery,"Louisville, KY",Old Fitzgerald,own_make,NULL,FALSE,FALSE,Kentucky Straight Bourbon; ; Bottled-in-Bond 7 Year Old,7 Years,,,100,50.0,wheated,New charred American oak,,https://www.breakingbourbon.com/review/old-fitzgerald-7-year-old-bottled-in-bond-bourbon,2026-06-26,https://cdn.prod.website-files.com/5ace2bae31f6d3c07d267cb9/68780bfa1f87ef1b7a7b9e3a_old-fitzgerald-7-year-old-bottled-in-bond-bourbon-02.jpg,bourbon_kentucky_majors
Bourbon,Heaven Hill Bernheim Distillery,"Louisville, KY",Old Fitzgerald,own_make,NULL,FALSE,FALSE,Bonded Bourbon; ; Bottled-in-Bond,11 Years,2006,2018 Spring Release,100,50.0,wheated,New charred American oak,,https://oldfitzgeraldbourbon.com/decanter-series.php; https://heavenhill.com/news-and-notes/heaven-hill-distillery-announces-release-of-old-fitzgerald-bottled-in-bond-series/,2026-10-03,NULL,bourbon_kentucky_majors
Bourbon,Heaven Hill Bernheim Distillery,"Louisville, KY",Old Fitzgerald,own_make,NULL,FALSE,FALSE,Bonded Bourbon; ; Bottled-in-Bond,14 Years,,2018 Release; VVS,100,50.0,wheated,New charred American oak,,https://oldfitzgeraldbourbon.com/decanter-series.php,2026-06-26,NULL,bourbon_kentucky_majors
Bourbon,Heaven Hill Bernheim Distillery,"Louisville, KY",Old Fitzgerald,own_make,NULL,FALSE,FALSE,Bonded Bourbon; ; Bottled-in-Bond,9 Years,2008,2018 Fall Release,100,50.0,wheated,New charred American oak,,https://oldfitzgeraldbourbon.com/decanter-series.php; https://heavenhill.com/news-and-notes/heaven-hill-distillery-announces-fall-2018-edition-of-the-old-fitzgerald-bottled-in-bond-series/,2026-10-03,NULL,bourbon_kentucky_majors
Bourbon,Heaven Hill Bernheim Distillery,"Louisville, KY",Old Fitzgerald,own_make,NULL,FALSE,FALSE,Bonded Bourbon; ; Bottled-in-Bond,13 Years,2005,2019 Spring Release,100,50.0,wheated,New charred American oak,,https://oldfitzgeraldbourbon.com/decanter-series.php; https://heavenhill.com/news-and-notes/heaven-hill-distillery-announces-spring-2019-edition-of-the-old-fitzgerald-bottled-in-bond-series/,2026-10-03,NULL,bourbon_kentucky_majors
Bourbon,Heaven Hill Bernheim Distillery,"Louisville, KY",Old Fitzgerald,own_make,NULL,FALSE,FALSE,Bonded Bourbon; ; Bottled-in-Bond,15 Years,,2019 Fall Release,100,50.0,wheated,New charred American oak,,https://oldfitzgeraldbourbon.com/decanter-series.php,2026-06-26,NULL,bourbon_kentucky_majors
Bourbon,Heaven Hill Bernheim Distillery,"Louisville, KY",Old Fitzgerald,own_make,NULL,FALSE,FALSE,Bonded Bourbon; ; Bottled-in-Bond,9 Years,2011,2020 Spring Release,100,50.0,wheated,New charred American oak,,https://oldfitzgeraldbourbon.com/decanter-series.php; https://heavenhill.com/news-and-notes/heaven-hill-distillery-announces-spring-2020-edition-of-the-old-fitzgerald-bottled-in-bond-series/,2026-10-03,NULL,bourbon_kentucky_majors
Bourbon,Heaven Hill Bernheim Distillery,"Louisville, KY",Old Fitzgerald,own_make,NULL,FALSE,FALSE,Bonded Bourbon; ; Bottled-in-Bond,16 Years,,2020 Release; VVS,100,50.0,wheated,New charred American oak,,https://oldfitzgeraldbourbon.com/decanter-series.php,2026-06-26,NULL,bourbon_kentucky_majors
Bourbon,Heaven Hill Bernheim Distillery,"Louisville, KY",Old Fitzgerald,own_make,NULL,FALSE,FALSE,Bonded Bourbon; ; Bottled-in-Bond,14 Years,2005,2020 Fall Release,100,50.0,wheated,New charred American oak,,https://oldfitzgeraldbourbon.com/decanter-series.php; https://heavenhill.com/news-and-notes/heaven-hill-distillery-announces-fall-2020-edition-of-the-old-fitzgerald-bottled-in-bond-series/,2026-10-03,NULL,bourbon_kentucky_majors
Bourbon,Heaven Hill Bernheim Distillery,"Louisville, KY",Old Fitzgerald,own_make,NULL,FALSE,FALSE,Bonded Bourbon; ; Bottled-in-Bond,8 Years,2013,2021 Spring Release,100,50.0,wheated,New charred American oak,,https://oldfitzgeraldbourbon.com/decanter-series.php; https://heavenhill.com/news-and-notes/heaven-hill-distillery-announces-spring-2021-edition-of-the-old-fitzgerald-bottled-in-bond-series/,2026-10-03,NULL,bourbon_kentucky_majors
Bourbon,Heaven Hill Bernheim Distillery,"Louisville, KY",Old Fitzgerald,own_make,NULL,FALSE,FALSE,Bonded Bourbon; ; Bottled-in-Bond,11 Years,2010,2021 Fall Release,100,50.0,wheated,New charred American oak,,https://oldfitzgeraldbourbon.com/decanter-series.php; https://heavenhill.com/news-and-notes/heaven-hill-distillery-announces-fall-2021-edition-of-the-old-fitzgerald-bottled-in-bond-series/,2026-10-03,NULL,bourbon_kentucky_majors
Bourbon,Heaven Hill Bernheim Distillery,"Louisville, KY",Old Fitzgerald,own_make,NULL,FALSE,FALSE,Bonded Bourbon; ; Bottled-in-Bond,17 Years,2004,2022 Spring Release,100,50.0,wheated,New charred American oak,,https://oldfitzgeraldbourbon.com/decanter-series.php; https://heavenhill.com/news-and-notes/heaven-hill-distillery-announces-spring-2022-edition-of-the-old-fitzgerald-bottled-in-bond-series/,2026-10-03,NULL,bourbon_kentucky_majors
Bourbon,Heaven Hill Bernheim Distillery,"Louisville, KY",Old Fitzgerald,own_make,NULL,FALSE,FALSE,Bonded Bourbon; ; Bottled-in-Bond,19 Years,2003,2022 Fall Release,100,50.0,wheated,New charred American oak,,https://oldfitzgeraldbourbon.com/decanter-series.php; https://heavenhill.com/news-and-notes/heaven-hill-distillery-announces-fall-2022-edition-of-the-old-fitzgerald-bottled-in-bond-series/,2026-10-03,NULL,bourbon_kentucky_majors
Bourbon,Heaven Hill Bernheim Distillery,"Louisville, KY",Old Fitzgerald,own_make,NULL,FALSE,FALSE,Bonded Bourbon; ; Bottled-in-Bond,10 Years,2013,2023 Spring Release,100,50.0,wheated,New charred American oak,,https://oldfitzgeraldbourbon.com/decanter-series.php; https://heavenhill.com/news-and-notes/heaven-hill-distillery-announces-spring-2023-edition-of-the-old-fitzgerald-bottled-in-bond-series/,2026-10-03,NULL,bourbon_kentucky_majors
Bourbon,Heaven Hill Bernheim Distillery,"Louisville, KY",Old Fitzgerald,own_make,NULL,FALSE,FALSE,Bonded Bourbon; ; Bottled-in-Bond,8 Years,2015,2023 Fall Release,100,50.0,wheated,New charred American oak,,https://oldfitzgeraldbourbon.com/decanter-series.php; https://heavenhill.com/news-and-notes/heaven-hill-distillery-announces-fall-2023-edition-of-the-old-fitzgerald-bottled-in-bond-series/,2026-10-03,NULL,bourbon_kentucky_majors
Bourbon,Heaven Hill Bernheim Distillery,"Louisville, KY",Old Fitzgerald,own_make,NULL,FALSE,FALSE,Bonded Bourbon; ; Bottled-in-Bond,10 Years,2014,2024 Spring Release,100,50.0,wheated,New charred American oak,,https://oldfitzgeraldbourbon.com/decanter-series.php; https://heavenhill.com/news-and-notes/heaven-hill-distillery-announces-spring-2024-edition-of-the-old-fitzgerald-bottled-in-bond-series/,2026-10-03,NULL,bourbon_kentucky_majors
Bourbon,Heaven Hill Bernheim Distillery,"Louisville, KY",Old Fitzgerald,own_make,NULL,FALSE,FALSE,Bonded Bourbon; ; Bottled-in-Bond,13 Years,1999,2024 Release; VVS,100,50.0,wheated,New charred American oak,,https://oldfitzgeraldbourbon.com/decanter-series.php; https://heavenhill.com/news-and-notes/heaven-hill-distillery-announces-the-release-of-the-old-fitzgerald-bottled-in-bond-25th-anniversary-edition/,2026-10-03,NULL,bourbon_kentucky_majors
Bourbon,Heaven Hill Bernheim Distillery,"Louisville, KY",Old Fitzgerald,own_make,NULL,FALSE,FALSE,Bonded Bourbon; ; Bottled-in-Bond,11 Years,2013,2024 Fall Release,100,50.0,wheated,New charred American oak,,https://oldfitzgeraldbourbon.com/decanter-series.php; https://heavenhill.com/news-and-notes/heaven-hill-distillery-announces-fall-2024-edition-of-the-old-fitzgerald-bottled-in-bond-series/,2026-10-03,NULL,bourbon_kentucky_majors
Bourbon,Heaven Hill Bernheim Distillery,"Louisville, KY",Old Fitzgerald,own_make,NULL,FALSE,FALSE,Bonded Bourbon; ; Bottled-in-Bond,9 Years,2016,2025 Spring Release,100,50.0,wheated,New charred American oak,,https://bourbonobsessed.com/old-fitzgerald-bottled-in-bond-spring-2025-9-year-old-bourbon-review/; https://oldfitzgeraldbourbon.com/decanter-series.php; https://heavenhill.com/news-and-notes/heaven-hill-distillery-announces-spring-2025-edition-of-the-old-fitzgerald-bottled-in-bond-decanter-series/,2026-10-03,https://bourbonobsessed.com/wp-content/uploads/2025/05/Old-Fitzgerald-Spring-2025.jpg,bourbon_kentucky_majors
Bourbon,Heaven Hill Bernheim Distillery,"Louisville, KY",Old Fitzgerald,own_make,NULL,FALSE,FALSE,Bonded Bourbon; ; Bottled-in-Bond,11 Years,,2025 Release; VVS,100,50.0,wheated,New charred American oak,,https://oldfitzgeraldbourbon.com/decanter-series.php,2026-06-26,NULL,bourbon_kentucky_majors
Bourbon,Heaven Hill Bernheim Distillery,"Louisville, KY",Old Fitzgerald,own_make,NULL,FALSE,FALSE,Bonded Bourbon; ; Bottled-in-Bond,11 Years,2014,2025 Fall Release,100,50.0,wheated,New charred American oak,,https://spiritsreview.com/reviews/old-fitzgerald-bottled-in-bond-fall-2025-edition/; https://bourbonobsessed.com/old-fitzgerald-bottled-in-bond-fall-2025-11-year-bourbon-review/; https://oldfitzgeraldbourbon.com/decanter-series.php; https://heavenhill.com/news-and-notes/heaven-hill-distillery-announces-fall-2025-edition-of-the-old-fitzgerald-bottled-in-bond-decanter-series/,2026-10-03,NULL,bourbon_kentucky_majors
Bourbon,Heaven Hill Bernheim Distillery,"Louisville, KY",Parker's Heritage Collection,own_make,NULL,FALSE,FALSE,Kentucky Straight Bourbon; ; Cask Strength Bourbon,NAS,,2007 Release,,,,New charred American oak,,https://heavenhill.com/news-and-notes/; https://heavenhill.com/news-and-notes/celebrating-15-years-of-parkers-heritage-collection-and-remembering-parker-beam-master-distiller-emeritus/,2026-10-03,NULL,bourbon_kentucky_majors
Bourbon,Heaven Hill Bernheim Distillery,"Louisville, KY",Parker's Heritage Collection,own_make,NULL,FALSE,FALSE,Kentucky Straight Bourbon; ; 27 Year Old,27 Years,,2008 Release,,,,New charred American oak,,https://heavenhill.com/news-and-notes/; https://heavenhill.com/news-and-notes/celebrating-15-years-of-parkers-heritage-collection-and-remembering-parker-beam-master-distiller-emeritus/,2026-10-03,NULL,bourbon_kentucky_majors
Bourbon,Heaven Hill Bernheim Distillery,"Louisville, KY",Parker's Heritage Collection,own_make,NULL,FALSE,FALSE,Kentucky Straight Bourbon; ; Golden Anniversary,NAS,,2009 Release,,,,New charred American oak,,https://heavenhill.com/news-and-notes/; https://heavenhill.com/news-and-notes/celebrating-15-years-of-parkers-heritage-collection-and-remembering-parker-beam-master-distiller-emeritus/,2026-10-03,NULL,bourbon_kentucky_majors
Bourbon,Heaven Hill Bernheim Distillery,"Louisville, KY",Parker's Heritage Collection,own_make,NULL,FALSE,FALSE,Kentucky Straight Bourbon; ; Wheated Mash Bourbon,NAS,,2010 Release,,,,New charred American oak,wheated,https://heavenhill.com/news-and-notes/; https://heavenhill.com/news-and-notes/celebrating-15-years-of-parkers-heritage-collection-and-remembering-parker-beam-master-distiller-emeritus/,2026-10-03,NULL,bourbon_kentucky_majors
Bourbon,Heaven Hill Bernheim Distillery,"Louisville, KY",Parker's Heritage Collection,own_make,NULL,FALSE,FALSE,Kentucky Straight Bourbon; Cognac Cask Finish,NAS,,2011 Release,,,,New charred American oak,Cognac cask,https://heavenhill.com/news-and-notes/; https://heavenhill.com/news-and-notes/celebrating-15-years-of-parkers-heritage-collection-and-remembering-parker-beam-master-distiller-emeritus/,2026-10-03,NULL,bourbon_kentucky_majors
Bourbon,Heaven Hill Bernheim Distillery,"Louisville, KY",Parker's Heritage Collection,own_make,NULL,FALSE,FALSE,Kentucky Straight Bourbon; ; Blend of Mashbills,NAS,,2012 Release,,,,New charred American oak,,https://heavenhill.com/news-and-notes/; https://heavenhill.com/news-and-notes/celebrating-15-years-of-parkers-heritage-collection-and-remembering-parker-beam-master-distiller-emeritus/,2026-10-03,NULL,bourbon_kentucky_majors
Bourbon,Heaven Hill Bernheim Distillery,"Louisville, KY",Parker's Heritage Collection,own_make,NULL,FALSE,FALSE,Kentucky Straight Bourbon; ; Promise of Hope,NAS,,2013 Release,,,,New charred American oak,,https://heavenhill.com/news-and-notes/; https://heavenhill.com/news-and-notes/celebrating-15-years-of-parkers-heritage-collection-and-remembering-parker-beam-master-distiller-emeritus/,2026-10-03,NULL,bourbon_kentucky_majors
Bourbon,Heaven Hill Bernheim Distillery,"Louisville, KY",Parker's Heritage Collection,own_make,NULL,FALSE,FALSE,Kentucky Straight Bourbon; ; Original Batch Wheat,NAS,,2014 Release,,,,New charred American oak,wheated,https://heavenhill.com/news-and-notes/; https://heavenhill.com/news-and-notes/celebrating-15-years-of-parkers-heritage-collection-and-remembering-parker-beam-master-distiller-emeritus/,2026-10-03,NULL,bourbon_kentucky_majors
Bourbon,"Heaven Hill Distillery (Bardstown, DSP-KY-31)","Bardstown, KY",Parker's Heritage Collection,own_make,NULL,FALSE,FALSE,Kentucky Straight Bourbon; ; 24-Year-Old Bottled-in-Bond,24 Years,,2016 Release,100,50.0,,New charred American oak,,https://www.distillerytrail.com/blog/10th-edition-parkers-heritage-collection-limited-edition-24-year-old-bourbon-released/; https://thebourbonculture.com/whiskey-reviews/parkers-heritage-collection-24-year-bottled-in-bond-spring-1991-review/; https://heavenhill.com/news-and-notes/celebrating-15-years-of-parkers-heritage-collection-and-remembering-parker-beam-master-distiller-emeritus/,2026-09-22,NULL,bourbon_kentucky_majors
Bourbon,Heaven Hill Bernheim Distillery,"Louisville, KY",Parker's Heritage Collection,own_make,NULL,FALSE,TRUE,Kentucky Straight Bourbon; ; 11-Year-Old Single Barrel,11 Years,,,,,,New charred American oak,,https://heavenhill.com/news-and-notes/,2026-06-26,NULL,bourbon_kentucky_majors
Bourbon,Heaven Hill Bernheim Distillery,"Louisville, KY",Parker's Heritage Collection,own_make,NULL,FALSE,FALSE,Kentucky Straight Bourbon; ; Orange Curaçao Cask Finish,NAS,,2018 Release,,,,New charred American oak,Orange Curaçao cask,https://heavenhill.com/news-and-notes/; https://heavenhill.com/news-and-notes/celebrating-15-years-of-parkers-heritage-collection-and-remembering-parker-beam-master-distiller-emeritus/,2026-10-03,NULL,bourbon_kentucky_majors
Bourbon,Heaven Hill Bernheim Distillery,"Louisville, KY",Parker's Heritage Collection,own_make,NULL,FALSE,FALSE,Kentucky Straight Bourbon; ; Heavy Char — Level 5 Char,10 Years,,2020 Release,,,,New charred American oak,,https://heavenhill.com/news-and-notes/; https://heavenhill.com/news-and-notes/heaven-hill-distillery-announces-release-of-2020-parkers-heritage-collection-limited-edition-bottling/; https://heavenhill.com/news-and-notes/celebrating-15-years-of-parkers-heritage-collection-and-remembering-parker-beam-master-distiller-emeritus/,2026-10-03,NULL,bourbon_kentucky_majors
Bourbon,Heaven Hill Bernheim Distillery,"Louisville, KY",Parker's Heritage Collection,own_make,NULL,FALSE,TRUE,Kentucky Straight Bourbon; ; Single Barrel Bourbon,NAS,,,,,,New charred American oak,,https://heavenhill.com/news-and-notes/,2026-06-26,NULL,bourbon_kentucky_majors
Bourbon,Heaven Hill Bernheim Distillery,"Louisville, KY",Parker's Heritage Collection,own_make,NULL,FALSE,FALSE,Kentucky Straight Bourbon; ; Double Barreled — 13 & 15 Year Blend,NAS,,2022 Release,,,,New charred American oak,,https://heavenhill.com/news-and-notes/; https://heavenhill.com/news-and-notes/heaven-hill-distillery-announces-2022-parkers-heritage-collection-limited-edition-bottling/,2026-10-03,NULL,bourbon_kentucky_majors
Bourbon,Heaven Hill Bernheim Distillery,"Louisville, KY",Parker's Heritage Collection,own_make,NULL,FALSE,FALSE,Kentucky Straight Bourbon; ; 18th Edition,NAS,,2024 Release,,,,New charred American oak,,https://heavenhill.com/news-and-notes/; https://heavenhill.com/news-and-notes/heaven-hill-distillery-announces-2024-parkers-heritage-collection-limited-edition-bottling/,2026-10-03,NULL,bourbon_kentucky_majors
Bourbon,Heaven Hill Bernheim Distillery,"Louisville, KY",Parker's Heritage Collection,own_make,NULL,FALSE,FALSE,Kentucky Straight Bourbon; ; 15 Year Wheated Bourbon Blend,15 Years,,2025 Release,,,,New charred American oak,wheated,https://heavenhill.com/news-and-notes/; https://heavenhill.com/news-and-notes/heaven-hill-distillery-announces-2025-parkers-heritage-collection-limited-edition-bottling/,2026-10-03,NULL,bourbon_kentucky_majors
Bourbon,Barton 1792 Distillery,"Bardstown, KY",1792,own_make,NULL,FALSE,FALSE,Kentucky Straight Bourbon; Small Batch,NAS,,,93.7,46.9,,New charred American oak,,https://1792bourbon.com/our-bourbon/,2026-06-26,NULL,bourbon_kentucky_majors
Bourbon,Barton 1792 Distillery,"Bardstown, KY",1792,own_make,NULL,FALSE,TRUE,Kentucky Straight Bourbon; Single Barrel,NAS,,,98.6,49.3,,New charred American oak,,https://1792bourbon.com/our-bourbon/; https://1792bourbon.com/single-barrel/; https://www.breakingbourbon.com/review/1792-single-barrel-bourbon-2023-release,2026-10-03,NULL,bourbon_kentucky_majors
Bourbon,Barton 1792 Distillery,"Bardstown, KY",1792,own_make,NULL,FALSE,FALSE,Kentucky Straight Bourbon; ; Full Proof,NAS,,,125,62.5,,New charred American oak,,https://1792bourbon.com/full-proof/,2026-06-26,http://1792bourbon.com/1792-bourbon-OG.jpg,bourbon_kentucky_majors
Bourbon,Barton 1792 Distillery,"Bardstown, KY",1792,own_make,NULL,FALSE,FALSE,Bonded Bourbon; ; Bottled-in-Bond,NAS,,,100,50.0,,New charred American oak,,https://1792bourbon.com/our-bourbon/,2026-06-26,NULL,bourbon_kentucky_majors
Bourbon,Barton 1792 Distillery,"Bardstown, KY",1792,own_make,NULL,FALSE,FALSE,Kentucky Straight Bourbon; ; Sweet Wheat,NAS,,,91.2,45.6,wheated,New charred American oak,,https://1792bourbon.com/our-bourbon/; https://1792bourbon.com/sweet-wheat/; https://www.breakingbourbon.com/review/1792-sweet-wheat-2023,2026-10-03,NULL,bourbon_kentucky_majors
Bourbon,Barton 1792 Distillery,"Bardstown, KY",1792,own_make,NULL,FALSE,FALSE,Kentucky Straight Bourbon; ; High Rye,NAS,,,94.3,47.15,,New charred American oak,,https://1792bourbon.com/our-bourbon/; https://1792bourbon.com/high-rye/; https://www.breakingbourbon.com/review/1792-high-rye,2026-10-03,NULL,bourbon_kentucky_majors
Bourbon,Barton 1792 Distillery,"Bardstown, KY",1792,own_make,NULL,FALSE,FALSE,Kentucky Straight Bourbon; ; Aged 12 Years,12 Years,,,96.6,48.3,,New charred American oak,,https://1792bourbon.com/our-bourbon/; https://1792bourbon.com/aged-twelve-years/; https://www.breakingbourbon.com/review/1792-aged-twelve-years-2023-release,2026-10-03,NULL,bourbon_kentucky_majors
Bourbon,Barton 1792 Distillery,"Bardstown, KY",1792,own_make,NULL,FALSE,FALSE,Kentucky Straight Bourbon; ; Port Finish,NAS,,,88.9,44.45,,New charred American oak,Port wine cask,https://1792bourbon.com/our-bourbon/; https://1792bourbon.com/port-finish/; https://www.breakingbourbon.com/review/1792-port-finish,2026-10-03,NULL,bourbon_kentucky_majors
Bourbon,Barton 1792 Distillery,"Bardstown, KY",Very Old Barton,own_make,NULL,FALSE,FALSE,Bonded Bourbon; ; Bottled-in-Bond,NAS,,,100,50.0,,New charred American oak,,https://distiller.com/spirits/very-old-barton-bottled-in-bond-bourbon,2026-06-26,NULL,bourbon_kentucky_majors
Bourbon,Barton 1792 Distillery,"Bardstown, KY",Tom Moore,own_make,NULL,FALSE,FALSE,Kentucky Straight Bourbon,NAS,,,80,40.0,,New charred American oak,,https://distiller.com/spirits/tom-moore-bourbon,2026-06-26,NULL,bourbon_kentucky_majors
Bourbon,Jim Beam Distillery (Clermont),"Clermont, KY",Jim Beam,own_make,NULL,FALSE,FALSE,Kentucky Straight Bourbon; ; White Label,NAS,,,80,40.0,,New charred American oak,,https://www.jimbeam.com/en-us/our-bourbon,2026-06-26,NULL,bourbon_kentucky_majors
Bourbon,Jim Beam Distillery (Clermont),"Clermont, KY",Jim Beam,own_make,NULL,FALSE,FALSE,Kentucky Straight Bourbon; ; Black,NAS,,,86,43.0,,New charred American oak,,https://www.jimbeam.com/en-us/our-bourbon,2026-06-26,NULL,bourbon_kentucky_majors
Bourbon,Jim Beam Distillery (Clermont),"Clermont, KY",Jim Beam,own_make,NULL,FALSE,FALSE,Kentucky Straight Bourbon; ; Double Oak,NAS,,,86,43.0,,New charred American oak,New charred American oak (double maturation),https://www.jimbeam.com/en-us/bourbons/jim-beam-double-oak,2026-06-26,NULL,bourbon_kentucky_majors
Bourbon,Jim Beam Distillery (Clermont),"Clermont, KY",Jim Beam,own_make,NULL,FALSE,FALSE,Kentucky Straight Bourbon; ; Devil's Cut,NAS,,,90,45.0,,New charred American oak,,https://theliquorbarn.com/products/jim-beam-devils-cut-750ml,2026-06-26,http://theliquorbarn.com/cdn/shop/files/Jim-Beam-Devils-Cut-750ML__85971.jpg,bourbon_kentucky_majors
Bourbon,Jim Beam Distillery (Clermont),"Clermont, KY",Jim Beam,own_make,NULL,FALSE,FALSE,Kentucky Straight Bourbon; Single Barrel,NAS,,,95,47.5,,New charred American oak,,https://www.jimbeam.com/en-us/bourbons/jim-beam-single-barrel,2026-06-26,https://www.jimbeam.com/sites/default/files/2024-08/jim-beam-bourbon-whiskey-single-barrel.png,bourbon_kentucky_majors
Bourbon,Jim Beam Distillery (Clermont),"Clermont, KY",Jim Beam,own_make,NULL,FALSE,FALSE,Kentucky Straight Bourbon; ; Distiller's Cut,NAS,,,100,50.0,,New charred American oak,,https://distiller.com/spirits/jim-beam-distiller-s-cut,2026-06-26,https://ip-distiller.imgix.net/images/spirits/b83e0c80-ab08-0135-7843-5ad70f679d1a/jim_beam_distillers_cut_original.jpg,bourbon_kentucky_majors
Bourbon,Jim Beam Distillery (Clermont),"Clermont, KY",Jim Beam,own_make,NULL,FALSE,FALSE,Kentucky Straight Bourbon; ; Sunshine Blend,NAS,,2025 Release,80,40.0,,New charred American oak,,https://www.fredminnick.com/2025/07/31/jim-beam-releases-new-sunshine-blend/,2026-06-26,https://www.fredminnick.com/wp-content/uploads/2025/07/Jim-Beam-Sunshine-Blend-bottle.jpg,bourbon_kentucky_majors
Bourbon,Jim Beam Distillery (Clermont),"Clermont, KY",Jim Beam,own_make,NULL,FALSE,FALSE,Kentucky Straight Bourbon; ; Lineage Batch 2,15 Years,,Batch 2,111,55.5,,New charred American oak,,https://robbreport.com/food-drink/spirits/jim-beam-lineage-15-year-old-bourbon-1236892026/,2026-06-26,https://robbreport.com/wp-content/uploads/2025/07/Jim_Beam_Lineage.jpg,bourbon_kentucky_majors
Bourbon,Jim Beam Distillery (Clermont),"Clermont, KY",Knob Creek,own_make,NULL,FALSE,FALSE,Kentucky Straight Bourbon; ; 9 Year Small Batch,9 Years,,,100,50.0,,New charred American oak,,https://www.blackwellswines.com/products/knob-creek-9-year-old-single-barrel-reserve-bourbon-120-proof,2026-06-26,http://www.blackwellswines.com/cdn/shop/files/3DF52CA9-C39A-49FE-8982-C13FFB23D291_1_201_a_600x.jpg,bourbon_kentucky_majors
Bourbon,Jim Beam Distillery (Clermont),"Clermont, KY",Knob Creek,own_make,NULL,FALSE,FALSE,Kentucky Straight Bourbon; ; 12 Year,12 Years,,,100,50.0,,New charred American oak,,https://flaviar.com/products/knob-creek-12-year-old-kentucky-straight-bourbon-whiskey-750,2026-06-26,https://flaviar.com/cdn/shop/files/2019120413_15754679464604_original.png,bourbon_kentucky_majors
Bourbon,Jim Beam Distillery (Clermont),"Clermont, KY",Knob Creek,own_make,NULL,FALSE,FALSE,Kentucky Straight Bourbon; ; 15 Year,15 Years,,,100,50.0,,New charred American oak,,https://www.knobbcreekbourbon.com/our-products; https://www.breakingbourbon.com/review/knob-creek-15-year-2020-limited-edition,2026-10-03,NULL,bourbon_kentucky_majors
Bourbon,Jim Beam Distillery (Clermont),"Clermont, KY",Knob Creek,own_make,NULL,FALSE,FALSE,Kentucky Straight Bourbon; ; 18 Year,18 Years,,,100,50.0,,New charred American oak,,https://www.knobbcreekbourbon.com/our-products; https://www.breakingbourbon.com/bourbon-whiskey-press-releases/beam-announces-knob-creek-18-year; https://www.breakingbourbon.com/review/knob-creek-18-year-2022-limited-edition,2026-10-03,NULL,bourbon_kentucky_majors
Bourbon,Jim Beam Distillery (Clermont),"Clermont, KY",Knob Creek,own_make,NULL,FALSE,FALSE,Kentucky Straight Bourbon; ; 21 Year,21 Years,,,100,50.0,,New charred American oak,,https://www.breakingbourbon.com/review/knob-creek-21-year-old-bourbon-2025,2026-06-26,https://cdn.prod.website-files.com/5ace2bae31f6d3c07d267cb9/69445b5137ee9438ecd65be0_knob-creek-21-year-old-bourbon-2025-01.jpg,bourbon_kentucky_majors
Bourbon,Jim Beam Distillery (Clermont),"Clermont, KY",Knob Creek,own_make,NULL,FALSE,FALSE,Kentucky Straight Bourbon; ; 9 Year Single Barrel Reserve,9 Years,,,120,60.0,,New charred American oak,,https://www.blackwellswines.com/products/knob-creek-9-year-old-single-barrel-reserve-bourbon-120-proof,2026-06-26,http://www.blackwellswines.com/cdn/shop/files/3DF52CA9-C39A-49FE-8982-C13FFB23D291_1_201_a_600x.jpg,bourbon_kentucky_majors
Bourbon,Jim Beam Distillery (Clermont),"Clermont, KY",Knob Creek,own_make,NULL,FALSE,FALSE,Kentucky Straight Bourbon; Cask Strength,NAS,,,,,,New charred American oak,,https://www.knobbcreekbourbon.com/our-products,2026-06-26,NULL,bourbon_kentucky_majors
Bourbon,Jim Beam Distillery (Clermont),"Clermont, KY",Booker's,own_make,NULL,FALSE,FALSE,Kentucky Straight Bourbon,NAS,,2025 Release; 2025-01,125.7,62.85,,New charred American oak,,https://www.beamdistilling.com/bookersbourbon; https://www.beamdistilling.com/bookersbourbon/whiskies/current-batches; https://www.beamdistilling.com/bookersbourbon/whiskies/2025-01-barrys-batch-bourbon,2026-10-03,NULL,bourbon_kentucky_majors
Bourbon,Jim Beam Distillery (Clermont),"Clermont, KY",Booker's,own_make,NULL,FALSE,FALSE,Kentucky Straight Bourbon,NAS,,2025 Release; By the Pond,126.5,63.25,,New charred American oak,,https://www.beamdistilling.com/bookersbourbon; https://www.beamdistilling.com/bookersbourbon/whiskies/current-batches; https://www.beamdistilling.com/bookersbourbon/whiskies/2025-02-by-the-pond-bourbon,2026-10-03,NULL,bourbon_kentucky_majors
Bourbon,Jim Beam Distillery (Clermont),"Clermont, KY",Booker's,own_make,NULL,FALSE,FALSE,Kentucky Straight Bourbon,NAS,,2025 Release; Jerry's Batch,124.7,62.35,,New charred American oak,,https://www.beamdistilling.com/bookersbourbon; https://www.beamdistilling.com/bookersbourbon/whiskies/current-batches; https://www.beamdistilling.com/bookersbourbon/whiskies/2025-03-jerry-batch-bourbon,2026-10-03,NULL,bourbon_kentucky_majors
Bourbon,Jim Beam Distillery (Clermont),"Clermont, KY",Booker's,own_make,NULL,FALSE,FALSE,Kentucky Straight Bourbon,NAS,,,,,,New charred American oak,,https://www.beamdistilling.com/bookersbourbon; https://www.beamdistilling.com/bookersbourbon/whiskies/current-batches,2026-06-26,NULL,bourbon_kentucky_majors
Bourbon,Jim Beam Distillery (Clermont),"Clermont, KY",Baker's,own_make,NULL,FALSE,FALSE,Kentucky Straight Bourbon; ; 7 Year Single Barrel,7 Years,,,107,53.5,,New charred American oak,,https://distiller.com/spirits/baker-s-7-year-old-bourbon,2026-06-26,NULL,bourbon_kentucky_majors
Bourbon,Jim Beam Distillery (Clermont),"Clermont, KY",Basil Hayden,own_make,NULL,FALSE,FALSE,Kentucky Straight Bourbon,NAS,,,80,40.0,,New charred American oak,,https://www.basilhaydensbourbon.com/our-bourbon,2026-06-26,NULL,bourbon_kentucky_majors
Bourbon,Jim Beam Distillery (Clermont),"Clermont, KY",Basil Hayden,own_make,NULL,FALSE,FALSE,Kentucky Straight Bourbon; ; 10 Year,10 Years,,,80,40.0,,New charred American oak,,https://www.basilhaydensbourbon.com/our-bourbon,2026-06-26,NULL,bourbon_kentucky_majors
Bourbon,Jim Beam Distillery (Clermont),"Clermont, KY",Basil Hayden,own_make,NULL,FALSE,FALSE,Kentucky Straight Bourbon; ; Toast,NAS,,,80,40.0,,New charred American oak,Lightly toasted new oak finish,https://www.basilhaydensbourbon.com/our-bourbon,2026-06-26,NULL,bourbon_kentucky_majors
Bourbon,Jim Beam Distillery (Clermont),"Clermont, KY",Basil Hayden,own_make,NULL,FALSE,FALSE,Kentucky Straight Bourbon; ; Subtle Smoke,NAS,,,,,,New charred American oak,,https://www.basilhaydensbourbon.com/our-bourbon,2026-06-26,NULL,bourbon_kentucky_majors
Bourbon,Jim Beam Distillery (Clermont),"Clermont, KY",Basil Hayden,own_make,NULL,FALSE,FALSE,Kentucky Straight Bourbon; ; Caribbean Reserve,NAS,,,,,,New charred American oak,Barbados rum cask,https://www.basilhaydensbourbon.com/our-bourbon,2026-06-26,NULL,bourbon_kentucky_majors
Bourbon,Maker's Mark Distillery,"Loretto, KY",Maker's Mark,own_make,NULL,FALSE,FALSE,Kentucky Straight Bourbon,NAS,,,90,45.0,wheated,New charred American oak,,https://www.makersmark.com/whisky,2026-06-26,NULL,bourbon_kentucky_majors
Bourbon,Maker's Mark Distillery,"Loretto, KY",Maker's Mark,own_make,NULL,FALSE,FALSE,Kentucky Straight Bourbon; ; 46,NAS,,,94,47.0,wheated,New charred American oak,French oak stave finish,https://www.makersmark.com/whisky,2026-06-26,NULL,bourbon_kentucky_majors
Bourbon,Maker's Mark Distillery,"Loretto, KY",Maker's Mark,own_make,NULL,FALSE,FALSE,Kentucky Straight Bourbon; Cask Strength,NAS,,,,,wheated,New charred American oak,,https://www.makersmark.com/whisky,2026-06-26,NULL,bourbon_kentucky_majors
Bourbon,Maker's Mark Distillery,"Loretto, KY",Maker's Mark,own_make,NULL,FALSE,FALSE,Kentucky Straight Bourbon; ; 101,NAS,,,101,50.5,wheated,New charred American oak,,https://www.makersmark.com/whisky,2026-06-26,NULL,bourbon_kentucky_majors
Bourbon,Maker's Mark Distillery,"Loretto, KY",Maker's Mark,own_make,NULL,FALSE,FALSE,Kentucky Straight Bourbon; ; Wood Finishing Series — RC6,NAS,,2019 Release,110.7,55.4,wheated,New charred American oak,RC6 staves,https://blog.kysupplyco.com/makers-mark-wood-finishing-series/,2026-06-28,NULL,bourbon_kentucky_majors
Bourbon,Maker's Mark Distillery,"Loretto, KY",Maker's Mark,own_make,NULL,FALSE,FALSE,Kentucky Straight Bourbon; ; Wood Finishing Series — SE4xPR5,NAS,,2020 Release,110.6,55.3,wheated,New charred American oak,SE4xPR5 staves,https://blog.kysupplyco.com/makers-mark-wood-finishing-series/,2026-06-28,NULL,bourbon_kentucky_majors
Bourbon,Maker's Mark Distillery,"Loretto, KY",Maker's Mark,own_make,NULL,FALSE,FALSE,Kentucky Straight Bourbon; ; Wood Finishing Series — FAE-01,NAS,,2021 Release,110.6,55.3,wheated,New charred American oak,FAE-01 virgin American oak staves (toasted/raw),https://blog.kysupplyco.com/makers-mark-wood-finishing-series/,2026-06-28,NULL,bourbon_kentucky_majors
Bourbon,Maker's Mark Distillery,"Loretto, KY",Maker's Mark,own_make,NULL,FALSE,FALSE,Kentucky Straight Bourbon; ; Wood Finishing Series — FAE-02,NAS,,2021 Release,109.2,54.6,wheated,New charred American oak,FAE-02 French oak staves,https://blog.kysupplyco.com/makers-mark-wood-finishing-series/,2026-06-28,NULL,bourbon_kentucky_majors
Bourbon,Maker's Mark Distillery,"Loretto, KY",Maker's Mark,own_make,NULL,FALSE,FALSE,Kentucky Straight Bourbon; ; Wood Finishing Series — BRT-01,NAS,,2022 Release,,,wheated,New charred American oak,BRT-01 staves (high-heat rotation),https://blog.kysupplyco.com/makers-mark-wood-finishing-series/,2026-06-28,NULL,bourbon_kentucky_majors
Bourbon,Maker's Mark Distillery,"Loretto, KY",Maker's Mark,own_make,NULL,FALSE,FALSE,Kentucky Straight Bourbon; ; Wood Finishing Series — BRT-02,NAS,,2022 Release,109.4,54.7,wheated,New charred American oak,BRT-02 staves (cool rickhouse rotation),https://blog.kysupplyco.com/makers-mark-wood-finishing-series/,2026-06-28,NULL,bourbon_kentucky_majors
Bourbon,Maker's Mark Distillery,"Loretto, KY",Maker's Mark,own_make,NULL,FALSE,FALSE,Kentucky Straight Bourbon; ; Wood Finishing Series — BEP,NAS,,,,,wheated,New charred American oak,,https://blog.kysupplyco.com/makers-mark-wood-finishing-series/,2026-06-28,NULL,bourbon_kentucky_majors
Bourbon,Old Forester Distilling Company,"Louisville, KY",Old Forester,own_make,NULL,FALSE,FALSE,Kentucky Straight Bourbon; ; 86 Proof,NAS,,,86,43.0,,New charred American oak,,https://www.oldforester.com/products/,2026-06-26,NULL,bourbon_kentucky_majors
Bourbon,Old Forester Distilling Company,"Louisville, KY",Old Forester,own_make,NULL,FALSE,FALSE,Kentucky Straight Bourbon; ; 100 Signature,NAS,,,100,50.0,,New charred American oak,,https://www.oldforester.com/products/,2026-06-26,NULL,bourbon_kentucky_majors
Bourbon,Old Forester Distilling Company,"Louisville, KY",Old Forester,own_make,NULL,FALSE,FALSE,Kentucky Straight Bourbon; ; 1870 Original Batch,NAS,,,90,45.0,,New charred American oak,,https://www.oldforester.com/products/,2026-06-26,NULL,bourbon_kentucky_majors
Bourbon,Old Forester Distilling Company,"Louisville, KY",Old Forester,own_make,NULL,FALSE,FALSE,Kentucky Straight Bourbon; ; 1897 Bottled in Bond,NAS,,,100,50.0,,New charred American oak,,https://www.oldforester.com/products/,2026-06-26,NULL,bourbon_kentucky_majors
Bourbon,Old Forester Distilling Company,"Louisville, KY",Old Forester,own_make,NULL,FALSE,FALSE,Kentucky Straight Bourbon; ; 1910 Old Fine Whisky,NAS,,,93.6,46.8,,New charred American oak,Secondary maturation in lightly used barrel,https://www.oldforester.com/products/,2026-06-26,NULL,bourbon_kentucky_majors
Bourbon,Old Forester Distilling Company,"Louisville, KY",Old Forester,own_make,NULL,FALSE,FALSE,Kentucky Straight Bourbon; ; 1920 Prohibition Style,NAS,,,115,57.5,,New charred American oak,,https://www.oldforester.com/products/,2026-06-26,NULL,bourbon_kentucky_majors
Bourbon,Old Forester Distilling Company,"Louisville, KY",Old Forester,own_make,NULL,FALSE,FALSE,Kentucky Straight Bourbon; ; Statesman,NAS,,,95,47.5,,New charred American oak,,https://www.oldforester.com/products/,2026-06-26,NULL,bourbon_kentucky_majors
Bourbon,Old Forester Distilling Company,"Louisville, KY",Old Forester,own_make,NULL,FALSE,FALSE,Kentucky Straight Bourbon; ; President's Choice,NAS,,,100,50.0,,New charred American oak,,https://www.oldforester.com/products/,2026-06-26,NULL,bourbon_kentucky_majors
Bourbon,Old Forester Distilling Company,"Louisville, KY",Old Forester,own_make,NULL,FALSE,TRUE,Kentucky Straight Bourbon; ; Single Barrel Barrel Strength,NAS,NULL,NULL,NULL,NULL,Corn 72% / Rye 18% / Malted Barley 10%,New charred American oak,NULL,https://www.oldforester.com/products/old-forester-single-barrel-barrel-proof/; https://www.oldforester.com/products/,2026-06-26,https://www.oldforester.com/wp-content/uploads/2021/05/OFSB-Barrel-Strength_TransparentBG-900-h.png,bourbon_kentucky_majors
Bourbon,Brown-Forman Distillery,"Shively, KY",Old Forester,own_make,NULL,FALSE,FALSE,Kentucky Straight Bourbon; ; Birthday Bourbon,13 Years,1989,2002 Release,,,,New charred American oak,,https://thebourbonculture.com/whiskey-info/old-forester-birthday-bourbon-release-info-by-year/; http://www.ellenjaye.com/earlytimes.htm; https://www.wdrbwave.com/story/26630731/old-forester-moving-distillery-to-historic-whiskey-row/; https://thebourbonculture.com/whiskey-info/everything-you-need-to-know-about-brown-forman-warehouses-in-kentucky/; https://www.stevecoomes.com/2018/06/15/old-forester-distilling-co-opens-remarkable-whiskey-row-distillery/; https://lostcargo.com/whiskey/old-forester-birthday-bourbon/,2026-10-02,NULL,bourbon_kentucky_majors
Bourbon,Brown-Forman Distillery,"Shively, KY",Old Forester,own_make,NULL,FALSE,FALSE,Kentucky Straight Bourbon; ; Birthday Bourbon,12 Years,,2003 Spring Release,93,46.5,,New charred American oak,,https://thebourbonculture.com/whiskey-info/old-forester-birthday-bourbon-release-info-by-year/; http://www.ellenjaye.com/earlytimes.htm; https://www.wdrbwave.com/story/26630731/old-forester-moving-distillery-to-historic-whiskey-row/; https://thebourbonculture.com/whiskey-info/everything-you-need-to-know-about-brown-forman-warehouses-in-kentucky/; https://www.stevecoomes.com/2018/06/15/old-forester-distilling-co-opens-remarkable-whiskey-row-distillery/,2026-09-22,NULL,bourbon_kentucky_majors
Bourbon,Brown-Forman Distillery,"Shively, KY",Old Forester,own_make,NULL,FALSE,FALSE,Kentucky Straight Bourbon; ; Birthday Bourbon,13 Years,,2003 Fall Release,89,44.5,,New charred American oak,,https://thebourbonculture.com/whiskey-info/old-forester-birthday-bourbon-release-info-by-year/; http://www.ellenjaye.com/earlytimes.htm; https://www.wdrbwave.com/story/26630731/old-forester-moving-distillery-to-historic-whiskey-row/; https://thebourbonculture.com/whiskey-info/everything-you-need-to-know-about-brown-forman-warehouses-in-kentucky/; https://www.stevecoomes.com/2018/06/15/old-forester-distilling-co-opens-remarkable-whiskey-row-distillery/,2026-09-22,NULL,bourbon_kentucky_majors
Bourbon,Brown-Forman Distillery,"Shively, KY",Old Forester,own_make,NULL,FALSE,FALSE,Kentucky Straight Bourbon; ; Birthday Bourbon,8 Years,1995,2004 Release,94,47.0,,New charred American oak,,https://thebourbonculture.com/whiskey-info/old-forester-birthday-bourbon-release-info-by-year/; http://www.ellenjaye.com/earlytimes.htm; https://www.wdrbwave.com/story/26630731/old-forester-moving-distillery-to-historic-whiskey-row/; https://thebourbonculture.com/whiskey-info/everything-you-need-to-know-about-brown-forman-warehouses-in-kentucky/; https://www.stevecoomes.com/2018/06/15/old-forester-distilling-co-opens-remarkable-whiskey-row-distillery/; https://lostcargo.com/whiskey/old-forester-birthday-bourbon/,2026-10-02,NULL,bourbon_kentucky_majors
Bourbon,Brown-Forman Distillery,"Shively, KY",Old Forester,own_make,NULL,FALSE,FALSE,Kentucky Straight Bourbon; ; Birthday Bourbon,12 Years,1993,2005 Release,96,48.0,,New charred American oak,,https://thebourbonculture.com/whiskey-info/old-forester-birthday-bourbon-release-info-by-year/; http://www.ellenjaye.com/earlytimes.htm; https://www.wdrbwave.com/story/26630731/old-forester-moving-distillery-to-historic-whiskey-row/; https://thebourbonculture.com/whiskey-info/everything-you-need-to-know-about-brown-forman-warehouses-in-kentucky/; https://www.stevecoomes.com/2018/06/15/old-forester-distilling-co-opens-remarkable-whiskey-row-distillery/; https://lostcargo.com/whiskey/old-forester-birthday-bourbon/,2026-10-02,NULL,bourbon_kentucky_majors
Bourbon,Brown-Forman Distillery,"Shively, KY",Old Forester,own_make,NULL,FALSE,FALSE,Kentucky Straight Bourbon; ; Birthday Bourbon,13 Years,1993,2006 Release,96,48.0,,New charred American oak,,https://thebourbonculture.com/whiskey-info/old-forester-birthday-bourbon-release-info-by-year/; http://www.ellenjaye.com/earlytimes.htm; https://www.wdrbwave.com/story/26630731/old-forester-moving-distillery-to-historic-whiskey-row/; https://thebourbonculture.com/whiskey-info/everything-you-need-to-know-about-brown-forman-warehouses-in-kentucky/; https://www.stevecoomes.com/2018/06/15/old-forester-distilling-co-opens-remarkable-whiskey-row-distillery/; https://lostcargo.com/whiskey/old-forester-birthday-bourbon/,2026-10-02,NULL,bourbon_kentucky_majors
Bourbon,Brown-Forman Distillery,"Shively, KY",Old Forester,own_make,NULL,FALSE,FALSE,Kentucky Straight Bourbon; ; Birthday Bourbon,12 Years,,2007 Release,94,47.0,,New charred American oak,,https://thebourbonculture.com/whiskey-info/old-forester-birthday-bourbon-release-info-by-year/; http://www.ellenjaye.com/earlytimes.htm; https://www.wdrbwave.com/story/26630731/old-forester-moving-distillery-to-historic-whiskey-row/; https://thebourbonculture.com/whiskey-info/everything-you-need-to-know-about-brown-forman-warehouses-in-kentucky/; https://www.stevecoomes.com/2018/06/15/old-forester-distilling-co-opens-remarkable-whiskey-row-distillery/,2026-09-22,NULL,bourbon_kentucky_majors
Bourbon,Brown-Forman Distillery,"Shively, KY",Old Forester,own_make,NULL,FALSE,FALSE,Kentucky Straight Bourbon; ; Birthday Bourbon,12 Years,,2008 Release,94,47.0,,New charred American oak,,https://thebourbonculture.com/whiskey-info/old-forester-birthday-bourbon-release-info-by-year/; http://www.ellenjaye.com/earlytimes.htm; https://www.wdrbwave.com/story/26630731/old-forester-moving-distillery-to-historic-whiskey-row/; https://thebourbonculture.com/whiskey-info/everything-you-need-to-know-about-brown-forman-warehouses-in-kentucky/; https://www.stevecoomes.com/2018/06/15/old-forester-distilling-co-opens-remarkable-whiskey-row-distillery/,2026-09-22,NULL,bourbon_kentucky_majors
Bourbon,Brown-Forman Distillery,"Shively, KY",Old Forester,own_make,NULL,FALSE,FALSE,Kentucky Straight Bourbon; ; Birthday Bourbon,12 Years,,2009 Release,97,48.5,,New charred American oak,,https://thebourbonculture.com/whiskey-info/old-forester-birthday-bourbon-release-info-by-year/; http://www.ellenjaye.com/earlytimes.htm; https://www.wdrbwave.com/story/26630731/old-forester-moving-distillery-to-historic-whiskey-row/; https://thebourbonculture.com/whiskey-info/everything-you-need-to-know-about-brown-forman-warehouses-in-kentucky/; https://www.stevecoomes.com/2018/06/15/old-forester-distilling-co-opens-remarkable-whiskey-row-distillery/,2026-09-22,NULL,bourbon_kentucky_majors
Bourbon,Brown-Forman Distillery,"Shively, KY",Old Forester,own_make,NULL,FALSE,FALSE,Kentucky Straight Bourbon; ; Birthday Bourbon,12 Years,,2010 Release,95,47.5,,New charred American oak,,https://thebourbonculture.com/whiskey-info/old-forester-birthday-bourbon-release-info-by-year/; http://www.ellenjaye.com/earlytimes.htm; https://www.wdrbwave.com/story/26630731/old-forester-moving-distillery-to-historic-whiskey-row/; https://thebourbonculture.com/whiskey-info/everything-you-need-to-know-about-brown-forman-warehouses-in-kentucky/; https://www.stevecoomes.com/2018/06/15/old-forester-distilling-co-opens-remarkable-whiskey-row-distillery/,2026-09-22,NULL,bourbon_kentucky_majors
Bourbon,Brown-Forman Distillery,"Shively, KY",Old Forester,own_make,NULL,FALSE,FALSE,Kentucky Straight Bourbon; ; Birthday Bourbon,12 Years,,2011 Release,98,49.0,,New charred American oak,,https://thebourbonculture.com/whiskey-info/old-forester-birthday-bourbon-release-info-by-year/; http://www.ellenjaye.com/earlytimes.htm; https://www.wdrbwave.com/story/26630731/old-forester-moving-distillery-to-historic-whiskey-row/; https://thebourbonculture.com/whiskey-info/everything-you-need-to-know-about-brown-forman-warehouses-in-kentucky/; https://www.stevecoomes.com/2018/06/15/old-forester-distilling-co-opens-remarkable-whiskey-row-distillery/,2026-09-22,NULL,bourbon_kentucky_majors
Bourbon,Brown-Forman Distillery,"Shively, KY",Old Forester,own_make,NULL,FALSE,FALSE,Kentucky Straight Bourbon; ; Birthday Bourbon,12 Years,,2012 Release,97,48.5,,New charred American oak,,https://thebourbonculture.com/whiskey-info/old-forester-birthday-bourbon-release-info-by-year/; http://www.ellenjaye.com/earlytimes.htm; https://www.wdrbwave.com/story/26630731/old-forester-moving-distillery-to-historic-whiskey-row/; https://thebourbonculture.com/whiskey-info/everything-you-need-to-know-about-brown-forman-warehouses-in-kentucky/; https://www.stevecoomes.com/2018/06/15/old-forester-distilling-co-opens-remarkable-whiskey-row-distillery/,2026-09-22,NULL,bourbon_kentucky_majors
Bourbon,Brown-Forman Distillery,"Shively, KY",Old Forester,own_make,NULL,FALSE,FALSE,Kentucky Straight Bourbon; ; Birthday Bourbon,12 Years,,2013 Release,98,49.0,,New charred American oak,,https://thebourbonculture.com/whiskey-info/old-forester-birthday-bourbon-release-info-by-year/; http://www.ellenjaye.com/earlytimes.htm; https://www.wdrbwave.com/story/26630731/old-forester-moving-distillery-to-historic-whiskey-row/; https://thebourbonculture.com/whiskey-info/everything-you-need-to-know-about-brown-forman-warehouses-in-kentucky/; https://www.stevecoomes.com/2018/06/15/old-forester-distilling-co-opens-remarkable-whiskey-row-distillery/,2026-09-22,NULL,bourbon_kentucky_majors
Bourbon,Brown-Forman Distillery,"Shively, KY",Old Forester,own_make,NULL,FALSE,FALSE,Kentucky Straight Bourbon; ; Birthday Bourbon,12 Years,,2014 Release,97,48.5,,New charred American oak,,https://thebourbonculture.com/whiskey-info/old-forester-birthday-bourbon-release-info-by-year/; http://www.ellenjaye.com/earlytimes.htm; https://www.wdrbwave.com/story/26630731/old-forester-moving-distillery-to-historic-whiskey-row/; https://thebourbonculture.com/whiskey-info/everything-you-need-to-know-about-brown-forman-warehouses-in-kentucky/; https://www.stevecoomes.com/2018/06/15/old-forester-distilling-co-opens-remarkable-whiskey-row-distillery/,2026-09-22,NULL,bourbon_kentucky_majors
Bourbon,Brown-Forman Distillery,"Shively, KY",Old Forester,own_make,NULL,FALSE,FALSE,Kentucky Straight Bourbon; ; Birthday Bourbon,12 Years,,2015 Release,100,50.0,,New charred American oak,,https://thebourbonculture.com/whiskey-info/old-forester-birthday-bourbon-release-info-by-year/; http://www.ellenjaye.com/earlytimes.htm; https://www.wdrbwave.com/story/26630731/old-forester-moving-distillery-to-historic-whiskey-row/; https://thebourbonculture.com/whiskey-info/everything-you-need-to-know-about-brown-forman-warehouses-in-kentucky/; https://www.stevecoomes.com/2018/06/15/old-forester-distilling-co-opens-remarkable-whiskey-row-distillery/,2026-09-22,NULL,bourbon_kentucky_majors
Bourbon,Brown-Forman Distillery,"Shively, KY",Old Forester,own_make,NULL,FALSE,FALSE,Kentucky Straight Bourbon; ; Birthday Bourbon,12 Years,2004,2016 Release,97,48.5,,New charred American oak,,https://thebourbonculture.com/whiskey-info/old-forester-birthday-bourbon-release-info-by-year/; http://www.ellenjaye.com/earlytimes.htm; https://www.wdrbwave.com/story/26630731/old-forester-moving-distillery-to-historic-whiskey-row/; https://thebourbonculture.com/whiskey-info/everything-you-need-to-know-about-brown-forman-warehouses-in-kentucky/; https://www.stevecoomes.com/2018/06/15/old-forester-distilling-co-opens-remarkable-whiskey-row-distillery/; https://www.prnewswire.com/news-releases/old-forester-celebrates-15th-anniversary-of-birthday-bourbon-300311875.html,2026-10-02,NULL,bourbon_kentucky_majors
Bourbon,Brown-Forman Distillery,"Shively, KY",Old Forester,own_make,NULL,FALSE,FALSE,Kentucky Straight Bourbon; ; Birthday Bourbon,12 Years,2005,2017 Release,96,48.0,,New charred American oak,,https://thebourbonculture.com/whiskey-info/old-forester-birthday-bourbon-release-info-by-year/; http://www.ellenjaye.com/earlytimes.htm; https://www.wdrbwave.com/story/26630731/old-forester-moving-distillery-to-historic-whiskey-row/; https://thebourbonculture.com/whiskey-info/everything-you-need-to-know-about-brown-forman-warehouses-in-kentucky/; https://www.stevecoomes.com/2018/06/15/old-forester-distilling-co-opens-remarkable-whiskey-row-distillery/,2026-10-02,NULL,bourbon_kentucky_majors
Bourbon,Brown-Forman Distillery,"Shively, KY",Old Forester,own_make,NULL,FALSE,FALSE,Kentucky Straight Bourbon; ; Birthday Bourbon,12 Years,2006,2018 Release,101,50.5,,New charred American oak,,https://thebourbonculture.com/whiskey-info/old-forester-birthday-bourbon-release-info-by-year/; https://lostcargo.com/whiskey/old-forester-birthday-bourbon/; https://www.oldforester.com/products/old-forester-2018-birthday-bourbon/; https://www.wdrbwave.com/story/26630731/old-forester-moving-distillery-to-historic-whiskey-row/; https://www.oldforester.com/old-forester-distilling-co-returns-to-whiskey-row-this-summer/; https://thebourbonculture.com/whiskey-info/everything-you-need-to-know-about-brown-forman-warehouses-in-kentucky/,2026-10-03,NULL,bourbon_kentucky_majors
Bourbon,Brown-Forman Distillery,"Shively, KY",Old Forester,own_make,NULL,FALSE,FALSE,Kentucky Straight Bourbon; ; Birthday Bourbon,11 Years,2008,2019 Release,105,52.5,,New charred American oak,,https://www.breakingbourbon.com/review/old-forester-2019-birthday-bourbon; https://thebourbonculture.com/whiskey-info/old-forester-birthday-bourbon-release-info-by-year/; http://www.ellenjaye.com/earlytimes.htm; https://www.wdrbwave.com/story/26630731/old-forester-moving-distillery-to-historic-whiskey-row/; https://thebourbonculture.com/whiskey-info/everything-you-need-to-know-about-brown-forman-warehouses-in-kentucky/; https://www.stevecoomes.com/2018/06/15/old-forester-distilling-co-opens-remarkable-whiskey-row-distillery/; https://lostcargo.com/whiskey/old-forester-birthday-bourbon/,2026-10-02,https://cdn.prod.website-files.com/5ace2bae31f6d3c07d267cb9/5d5dcdf7ab5f12d327d1c764_Old-Forester-2019-Birthday-Bourbon-Page-01a.jpg,bourbon_kentucky_majors
Bourbon,Brown-Forman Distillery,"Shively, KY",Old Forester,own_make,NULL,FALSE,FALSE,Kentucky Straight Bourbon; ; Birthday Bourbon,10 Years,2010,2020 Release,98,49.0,,New charred American oak,,https://thebourbonculture.com/whiskey-info/old-forester-birthday-bourbon-release-info-by-year/; http://www.ellenjaye.com/earlytimes.htm; https://www.wdrbwave.com/story/26630731/old-forester-moving-distillery-to-historic-whiskey-row/; https://thebourbonculture.com/whiskey-info/everything-you-need-to-know-about-brown-forman-warehouses-in-kentucky/; https://www.stevecoomes.com/2018/06/15/old-forester-distilling-co-opens-remarkable-whiskey-row-distillery/; https://lostcargo.com/whiskey/old-forester-birthday-bourbon/,2026-10-02,NULL,bourbon_kentucky_majors
Bourbon,Brown-Forman Distillery,"Shively, KY",Old Forester,own_make,NULL,FALSE,FALSE,Kentucky Straight Bourbon; ; Birthday Bourbon,12 Years,2009,2021 Release,104,52.0,,New charred American oak,,https://thebourbonculture.com/whiskey-info/old-forester-birthday-bourbon-release-info-by-year/; http://www.ellenjaye.com/earlytimes.htm; https://www.wdrbwave.com/story/26630731/old-forester-moving-distillery-to-historic-whiskey-row/; https://thebourbonculture.com/whiskey-info/everything-you-need-to-know-about-brown-forman-warehouses-in-kentucky/; https://www.stevecoomes.com/2018/06/15/old-forester-distilling-co-opens-remarkable-whiskey-row-distillery/; https://lostcargo.com/whiskey/old-forester-birthday-bourbon/,2026-10-02,NULL,bourbon_kentucky_majors
Bourbon,Brown-Forman Distillery,"Shively, KY",Old Forester,own_make,NULL,FALSE,FALSE,Kentucky Straight Bourbon; ; Birthday Bourbon,11 Years,,2022 Release,96,48.0,,New charred American oak,,https://thebourbonculture.com/whiskey-info/old-forester-birthday-bourbon-release-info-by-year/; http://www.ellenjaye.com/earlytimes.htm; https://www.wdrbwave.com/story/26630731/old-forester-moving-distillery-to-historic-whiskey-row/; https://thebourbonculture.com/whiskey-info/everything-you-need-to-know-about-brown-forman-warehouses-in-kentucky/; https://www.stevecoomes.com/2018/06/15/old-forester-distilling-co-opens-remarkable-whiskey-row-distillery/,2026-09-22,NULL,bourbon_kentucky_majors
Bourbon,Brown-Forman Distillery,"Shively, KY",Old Forester,own_make,NULL,FALSE,FALSE,Kentucky Straight Bourbon; ; Birthday Bourbon,12 Years,2011,2023 Release,96,48.0,,New charred American oak,,https://thebourbonculture.com/whiskey-info/old-forester-birthday-bourbon-release-info-by-year/; http://www.ellenjaye.com/earlytimes.htm; https://www.wdrbwave.com/story/26630731/old-forester-moving-distillery-to-historic-whiskey-row/; https://thebourbonculture.com/whiskey-info/everything-you-need-to-know-about-brown-forman-warehouses-in-kentucky/; https://www.stevecoomes.com/2018/06/15/old-forester-distilling-co-opens-remarkable-whiskey-row-distillery/,2026-10-02,NULL,bourbon_kentucky_majors
Bourbon,Brown-Forman Distillery,"Shively, KY",Old Forester,own_make,NULL,FALSE,FALSE,Kentucky Straight Bourbon; ; Birthday Bourbon,12 Years,,2024 Release,107,53.5,,New charred American oak,,https://www.tastingtable.com/1648865/old-forester-birthday-bourbon-2024-review/; https://thebourbonculture.com/whiskey-info/old-forester-birthday-bourbon-release-info-by-year/; http://www.ellenjaye.com/earlytimes.htm; https://www.wdrbwave.com/story/26630731/old-forester-moving-distillery-to-historic-whiskey-row/; https://thebourbonculture.com/whiskey-info/everything-you-need-to-know-about-brown-forman-warehouses-in-kentucky/; https://www.stevecoomes.com/2018/06/15/old-forester-distilling-co-opens-remarkable-whiskey-row-distillery/,2026-09-22,NULL,bourbon_kentucky_majors
Bourbon,Brown-Forman Distillery,"Shively, KY",Old Forester,own_make,NULL,FALSE,FALSE,Kentucky Straight Bourbon; ; Birthday Bourbon,12 Years,2013,2025 Release,92,46.0,,New charred American oak,,https://www.breakingbourbon.com/bourbon-whiskey-press-releases/old-foresters-beloved-birthday-bourbon-2025-12-years-old-92-proof-and-sweet-mash; https://thebourbonculture.com/whiskey-info/old-forester-birthday-bourbon-release-info-by-year/; http://www.ellenjaye.com/earlytimes.htm; https://www.wdrbwave.com/story/26630731/old-forester-moving-distillery-to-historic-whiskey-row/; https://thebourbonculture.com/whiskey-info/everything-you-need-to-know-about-brown-forman-warehouses-in-kentucky/; https://www.stevecoomes.com/2018/06/15/old-forester-distilling-co-opens-remarkable-whiskey-row-distillery/,2026-10-02,NULL,bourbon_kentucky_majors
Bourbon,Old Forester Distilling Company,"Louisville, KY",Old Forester,own_make,NULL,FALSE,FALSE,Kentucky Straight Bourbon; ; 117 Series — Warehouse K,NAS,,,,,,New charred American oak,,https://investors.brown-forman.com/investors/news-releases/,2026-06-26,NULL,bourbon_kentucky_majors
Bourbon,Brown-Forman Distillery,"Shively, KY",Old Forester,own_make,NULL,FALSE,FALSE,Kentucky Straight Bourbon; ; 117 Series — Bottled in Bond,NAS,2014,,100,50.0,,New charred American oak,,https://investors.brown-forman.com/investors/news-releases/; https://www.breakingbourbon.com/bourbon-whiskey-press-releases/old-forester-r-unveils-new-117-series-bottled-in-bond; https://www.wdrbwave.com/story/26630731/old-forester-moving-distillery-to-historic-whiskey-row/; https://www.oldforester.com/old-forester-distilling-co-returns-to-whiskey-row-this-summer/; https://thebourbonculture.com/whiskey-info/everything-you-need-to-know-about-brown-forman-warehouses-in-kentucky/,2026-10-03,NULL,bourbon_kentucky_majors
Bourbon,Woodford Reserve Distillery,"Versailles, KY",Woodford Reserve,own_make,NULL,FALSE,FALSE,Kentucky Straight Bourbon; ; Distiller's Select,NAS,,,90.4,45.2,,New charred American oak,,https://www.woodfordreserve.com/whiskey/,2026-06-26,NULL,bourbon_kentucky_majors
Bourbon,Woodford Reserve Distillery,"Versailles, KY",Woodford Reserve,own_make,NULL,FALSE,FALSE,Kentucky Straight Bourbon; ; Double Oaked,NAS,,,90.4,45.2,,New charred American oak,Heavily toasted new oak (secondary),https://www.woodfordreserve.com/whiskey/,2026-06-26,NULL,bourbon_kentucky_majors
Bourbon,Woodford Reserve Distillery,"Versailles, KY",Woodford Reserve,own_make,NULL,FALSE,FALSE,Kentucky Straight Bourbon; ; Baccarat Edition,NAS,,,86.8,43.4,,New charred American oak,,https://www.woodfordreserve.com/whiskey/,2026-06-26,NULL,bourbon_kentucky_majors
Bourbon,Woodford Reserve Distillery,"Versailles, KY",Woodford Reserve,own_make,NULL,FALSE,FALSE,Kentucky Straight Bourbon; Cask Strength,NAS,,,128.3,64.2,,New charred American oak,,https://bourbon-whiskey-and-rye.com/woodford-reserve-masters-collection-batch-proof-releases/,2026-06-26,https://bourbon-whiskey-and-rye.com/wp-content/uploads/2023/10/Woodford-Reserve-Masters-Collection-124.7_700-jpg.webp,bourbon_kentucky_majors
Bourbon,Woodford Reserve Distillery,"Versailles, KY",Woodford Reserve,own_make,NULL,FALSE,FALSE,Kentucky Straight Bourbon; Cask Strength,NAS,,2018 Release,125.8,62.9,,New charred American oak,,https://bourbon-whiskey-and-rye.com/woodford-reserve-masters-collection-batch-proof-releases/,2026-06-26,https://bourbon-whiskey-and-rye.com/wp-content/uploads/2023/10/Woodford-Reserve-Masters-Collection-124.7_700-jpg.webp,bourbon_kentucky_majors
Bourbon,Woodford Reserve Distillery,"Versailles, KY",Woodford Reserve,own_make,NULL,FALSE,FALSE,Kentucky Straight Bourbon; Cask Strength,NAS,,2019 Release,123.2,61.6,,New charred American oak,,https://bourbon-whiskey-and-rye.com/woodford-reserve-masters-collection-batch-proof-releases/,2026-06-26,https://bourbon-whiskey-and-rye.com/wp-content/uploads/2023/10/Woodford-Reserve-Masters-Collection-124.7_700-jpg.webp,bourbon_kentucky_majors
Bourbon,Woodford Reserve Distillery,"Versailles, KY",Woodford Reserve,own_make,NULL,FALSE,FALSE,Kentucky Straight Bourbon; Cask Strength,NAS,,2020 Release,123.6,61.8,,New charred American oak,,https://bourbon-whiskey-and-rye.com/woodford-reserve-masters-collection-batch-proof-releases/,2026-06-26,https://bourbon-whiskey-and-rye.com/wp-content/uploads/2023/10/Woodford-Reserve-Masters-Collection-124.7_700-jpg.webp,bourbon_kentucky_majors
Bourbon,Woodford Reserve Distillery,"Versailles, KY",Woodford Reserve,own_make,NULL,FALSE,FALSE,Kentucky Straight Bourbon; Cask Strength,NAS,,2021 Release,128.3,64.2,,New charred American oak,,https://bourbon-whiskey-and-rye.com/woodford-reserve-masters-collection-batch-proof-releases/,2026-06-26,https://bourbon-whiskey-and-rye.com/wp-content/uploads/2023/10/Woodford-Reserve-Masters-Collection-124.7_700-jpg.webp,bourbon_kentucky_majors
Bourbon,Woodford Reserve Distillery,"Versailles, KY",Woodford Reserve,own_make,NULL,FALSE,FALSE,Kentucky Straight Bourbon; Cask Strength,NAS,,2022 Release,118.4,59.2,,New charred American oak,,https://bourbon-whiskey-and-rye.com/woodford-reserve-masters-collection-batch-proof-releases/,2026-06-26,https://bourbon-whiskey-and-rye.com/wp-content/uploads/2023/10/Woodford-Reserve-Masters-Collection-124.7_700-jpg.webp,bourbon_kentucky_majors
Bourbon,Woodford Reserve Distillery,"Versailles, KY",Woodford Reserve,own_make,NULL,FALSE,FALSE,Kentucky Straight Bourbon; Cask Strength,NAS,,2023 Release,124.7,62.4,,New charred American oak,,https://bourbon-whiskey-and-rye.com/woodford-reserve-masters-collection-batch-proof-releases/,2026-06-26,https://bourbon-whiskey-and-rye.com/wp-content/uploads/2023/10/Woodford-Reserve-Masters-Collection-124.7_700-jpg.webp,bourbon_kentucky_majors
Bourbon,Woodford Reserve Distillery,"Versailles, KY",Woodford Reserve,own_make,NULL,FALSE,FALSE,Kentucky Straight Bourbon; Cask Strength,NAS,,2024 Release,121.2,60.6,,New charred American oak,,https://caskcartel.com/products/woodford-reserve-master-s-collection-batch-proof-121-2-2024-release; https://bourbon-whiskey-and-rye.com/woodford-reserve-masters-collection-batch-proof-releases/,2026-06-26,http://caskcartel.com/cdn/shop/files/Woodford-Reserve-Master_s-Collection-Batch-Proof-2024-Release.png,bourbon_kentucky_majors
Bourbon,Woodford Reserve Distillery,"Versailles, KY",Woodford Reserve,own_make,NULL,FALSE,FALSE,Kentucky Straight Bourbon; Cask Strength,NAS,,2025 Release,119.5,59.8,,New charred American oak,,https://www.binnys.com/spirits/whiskey/woodford-reserve-masters-collection-batch-proof-163682/; https://bourbon-whiskey-and-rye.com/woodford-reserve-masters-collection-batch-proof-releases/,2026-06-26,"https://www.binnys.com/cdn-cgi/image/width=690,height=690,fit=pad,background=%23fff,format=auto/globalassets/catalogs/binnys/16/1636/163682/163682.jpg",bourbon_kentucky_majors
Bourbon,Woodford Reserve Distillery,"Versailles, KY",Woodford Reserve,own_make,NULL,FALSE,FALSE,Kentucky Straight Bourbon; ; Master's Collection — Four Grain,NAS,,2005 Release,92.4,46.2,,New charred American oak,,https://www.woodfordreserve.com/whiskey/masters-collection/; https://canawineco.com/pages/woodford-reserve-masters-collection-release-history-archive,2026-10-03,https://www.woodfordreserve.com/wp-content/uploads/2025/10/masters-collection.png,bourbon_kentucky_majors
Bourbon,Woodford Reserve Distillery,"Versailles, KY",Woodford Reserve,own_make,NULL,FALSE,FALSE,Kentucky Straight Bourbon; ; Master's Collection — Four Grain,NAS,,2006 Release,92.4,46.2,,New charred American oak,,https://www.woodfordreserve.com/whiskey/masters-collection/; https://canawineco.com/pages/woodford-reserve-masters-collection-release-history-archive,2026-10-03,https://www.woodfordreserve.com/wp-content/uploads/2025/10/masters-collection.png,bourbon_kentucky_majors
Bourbon,Woodford Reserve Distillery,"Versailles, KY",Woodford Reserve,own_make,NULL,FALSE,FALSE,Kentucky Straight Bourbon; ; Master's Collection — Sonoma-Cutrer Chardonnay Finish,NAS,,2007 Release,86.4,43.2,,New charred American oak,Wine cask finish,https://www.woodfordreserve.com/whiskey/masters-collection/; https://canawineco.com/pages/woodford-reserve-masters-collection-release-history-archive,2026-10-03,https://www.woodfordreserve.com/wp-content/uploads/2025/10/masters-collection.png,bourbon_kentucky_majors
Bourbon,Woodford Reserve Distillery,"Versailles, KY",Woodford Reserve,own_make,NULL,FALSE,FALSE,Kentucky Straight Bourbon; ; Master's Collection — 1838 Sweet Mash,NAS,,2008 Release,86.4,43.2,,New charred American oak,,https://www.woodfordreserve.com/whiskey/masters-collection/; https://canawineco.com/pages/woodford-reserve-masters-collection-release-history-archive,2026-10-03,https://www.woodfordreserve.com/wp-content/uploads/2025/10/masters-collection.png,bourbon_kentucky_majors
Bourbon,Woodford Reserve Distillery,"Versailles, KY",Woodford Reserve,own_make,NULL,FALSE,FALSE,Kentucky Straight Bourbon; ; Master's Collection — Seasoned Oak Finish,NAS,,2009 Release,100.4,50.2,,New charred American oak,,https://www.woodfordreserve.com/whiskey/masters-collection/; https://canawineco.com/pages/woodford-reserve-masters-collection-release-history-archive,2026-10-03,https://www.woodfordreserve.com/wp-content/uploads/2025/10/masters-collection.png,bourbon_kentucky_majors
Bourbon,Woodford Reserve Distillery,"Versailles, KY",Woodford Reserve,own_make,NULL,FALSE,FALSE,Kentucky Straight Bourbon; ; Master's Collection — Maple Wood Finish,NAS,,2010 Release,94.4,47.2,,New charred American oak,Maple wood secondary maturation,https://www.woodfordreserve.com/whiskey/masters-collection/; https://canawineco.com/pages/woodford-reserve-masters-collection-release-history-archive,2026-10-03,https://www.woodfordreserve.com/wp-content/uploads/2025/10/masters-collection.png,bourbon_kentucky_majors
Bourbon,Woodford Reserve Distillery,"Versailles, KY",Woodford Reserve,own_make,NULL,FALSE,FALSE,Kentucky Straight Bourbon; ; Master's Collection — Four Wood,NAS,,2012 Release,94.4,47.2,,New charred American oak,,https://www.woodfordreserve.com/whiskey/masters-collection/; https://canawineco.com/pages/woodford-reserve-masters-collection-release-history-archive,2026-10-03,https://www.woodfordreserve.com/wp-content/uploads/2025/10/masters-collection.png,bourbon_kentucky_majors
Bourbon,Woodford Reserve Distillery,"Versailles, KY",Woodford Reserve,own_make,NULL,FALSE,FALSE,Kentucky Straight Bourbon; ; Master's Collection — Sonoma-Cutrer Finish,NAS,,2014 Release,90.4,45.2,,New charred American oak,Wine cask finish,https://www.woodfordreserve.com/whiskey/masters-collection/; https://canawineco.com/pages/woodford-reserve-masters-collection-release-history-archive,2026-10-03,https://www.woodfordreserve.com/wp-content/uploads/2025/10/masters-collection.png,bourbon_kentucky_majors
Bourbon,Woodford Reserve Distillery,"Versailles, KY",Woodford Reserve,own_make,NULL,FALSE,FALSE,Kentucky Straight Bourbon; ; Master's Collection — 1838's Style White Corn,NAS,,2015 Release,90.4,45.2,,New charred American oak,,https://www.woodfordreserve.com/whiskey/masters-collection/; https://canawineco.com/pages/woodford-reserve-masters-collection-release-history-archive,2026-10-03,https://www.woodfordreserve.com/wp-content/uploads/2025/10/masters-collection.png,bourbon_kentucky_majors
Bourbon,Woodford Reserve Distillery,"Versailles, KY",Woodford Reserve,own_make,NULL,FALSE,FALSE,Kentucky Straight Bourbon; ; Master's Collection — Brandy Cask Finish,NAS,,2016 Release,90.4,45.2,,New charred American oak,Wine cask finish,https://www.woodfordreserve.com/whiskey/masters-collection/; https://canawineco.com/pages/woodford-reserve-masters-collection-release-history-archive,2026-10-03,https://www.woodfordreserve.com/wp-content/uploads/2025/10/masters-collection.png,bourbon_kentucky_majors
Bourbon,Woodford Reserve Distillery,"Versailles, KY",Woodford Reserve,own_make,NULL,FALSE,FALSE,Kentucky Straight Bourbon; ; Master's Collection — Oat Grain,NAS,,2018 Release,,,,New charred American oak,,https://www.woodfordreserve.com/whiskey/masters-collection/; https://canawineco.com/pages/woodford-reserve-masters-collection-release-history-archive,2026-10-03,https://www.woodfordreserve.com/wp-content/uploads/2025/10/masters-collection.png,bourbon_kentucky_majors
Bourbon,Woodford Reserve Distillery,"Versailles, KY",Woodford Reserve,own_make,NULL,FALSE,FALSE,Kentucky Straight Bourbon; ; Master's Collection — Chocolate Malted Rye,NAS,,2019 Release,,,,New charred American oak,,https://www.woodfordreserve.com/whiskey/masters-collection/; https://canawineco.com/pages/woodford-reserve-masters-collection-release-history-archive,2026-10-03,https://www.woodfordreserve.com/wp-content/uploads/2025/10/masters-collection.png,bourbon_kentucky_majors
Bourbon,Woodford Reserve Distillery,"Versailles, KY",Woodford Reserve,own_make,NULL,FALSE,FALSE,Kentucky Straight Bourbon; ; Master's Collection — Five-Malt Stouted Mash,NAS,,2021 Release,,,,New charred American oak,,https://www.woodfordreserve.com/whiskey/masters-collection/; https://canawineco.com/pages/woodford-reserve-masters-collection-release-history-archive,2026-10-03,https://www.woodfordreserve.com/wp-content/uploads/2025/10/masters-collection.png,bourbon_kentucky_majors
Bourbon,Woodford Reserve Distillery,"Versailles, KY",Woodford Reserve,own_make,NULL,FALSE,FALSE,Kentucky Straight Bourbon; ; Master's Collection — Historic Entry Proof,NAS,,2022 Release,,,,New charred American oak,,https://www.woodfordreserve.com/whiskey/masters-collection/; https://canawineco.com/pages/woodford-reserve-masters-collection-release-history-archive,2026-10-03,https://www.woodfordreserve.com/wp-content/uploads/2025/10/masters-collection.png,bourbon_kentucky_majors
Bourbon,Woodford Reserve Distillery,"Versailles, KY",Woodford Reserve,own_make,NULL,FALSE,FALSE,Kentucky Straight Bourbon; ; Master's Collection — Sonoma Triple Finish,NAS,,2023 Release,,,,New charred American oak,Wine cask finish,https://www.woodfordreserve.com/whiskey/masters-collection/; https://canawineco.com/pages/woodford-reserve-masters-collection-release-history-archive,2026-10-03,https://www.woodfordreserve.com/wp-content/uploads/2025/10/masters-collection.png,bourbon_kentucky_majors
Bourbon,Woodford Reserve Distillery,"Versailles, KY",Woodford Reserve,own_make,NULL,FALSE,FALSE,Kentucky Straight Bourbon; ; Master's Collection — Madeira Cask Finish,NAS,,2024 Release,,,,New charred American oak,Wine cask finish,https://www.woodfordreserve.com/whiskey/masters-collection/,2026-06-26,https://www.woodfordreserve.com/wp-content/uploads/2025/10/masters-collection.png,bourbon_kentucky_majors
Bourbon,Woodford Reserve Distillery,"Versailles, KY",Woodford Reserve,own_make,NULL,FALSE,FALSE,Kentucky Straight Bourbon; ; Master's Collection — Sweet Oak,NAS,,2025 Release,110.4,55.2,,New charred American oak,,https://www.woodfordreserve.com/whiskey/masters-collection/; https://canawineco.com/pages/woodford-reserve-masters-collection-release-history-archive,2026-10-03,https://www.woodfordreserve.com/wp-content/uploads/2025/10/masters-collection.png,bourbon_kentucky_majors
Bourbon,Wild Turkey Distillery,"Lawrenceburg, KY",Wild Turkey,own_make,NULL,FALSE,FALSE,Kentucky Straight Bourbon; ; 81,NAS,,,81,40.5,,New charred American oak,,https://www.wildturkeybourbon.com/en-us/our-products/,2026-06-26,NULL,bourbon_kentucky_majors
Bourbon,Wild Turkey Distillery,"Lawrenceburg, KY",Wild Turkey,own_make,NULL,FALSE,FALSE,Kentucky Straight Bourbon; ; 101,NAS,,,101,50.5,,New charred American oak,,https://www.wildturkeybourbon.com/en-us/our-products/,2026-06-26,NULL,bourbon_kentucky_majors
Bourbon,Wild Turkey Distillery,"Lawrenceburg, KY",Wild Turkey,own_make,NULL,FALSE,FALSE,Kentucky Straight Bourbon; ; Rare Breed Barrel Proof,NAS,,,116.8,58.4,,New charred American oak,,https://www.breakingbourbon.com/review/wild-turkey-rare-breed-bourbon-116-8-proof,2026-06-26,https://cdn.prod.website-files.com/5ace2bae31f6d3c07d267cb9/611ff8d567999732ae8f6e86_Wild-Turkey-Rare-Breed-116-Proof-Bourbon-01.jpg,bourbon_kentucky_majors
Bourbon,Wild Turkey Distillery,"Lawrenceburg, KY",Wild Turkey,own_make,NULL,FALSE,FALSE,Kentucky Straight Bourbon; ; Rare Breed,NAS,,WT-03RB,,,,New charred American oak,,https://rarebird101.com/2018/05/15/wild-turkey-rare-breed-wt-03rb-2009-v-2012/,2026-06-26,https://rarebird101.com/wp-content/uploads/2018/05/03rb_1.jpg,bourbon_kentucky_majors
Bourbon,Wild Turkey Distillery,"Lawrenceburg, KY",Wild Turkey,own_make,NULL,FALSE,FALSE,Kentucky Straight Bourbon; ; Rare Breed,NAS,,,112.8,56.4,,New charred American oak,,https://rarebird101.com/2017/01/08/wild-turkey-rare-breed-batch-112-8-2015/,2026-06-26,https://rarebird101.com/wp-content/uploads/2017/01/rb112-8.jpg,bourbon_kentucky_majors
Bourbon,Wild Turkey Distillery,"Lawrenceburg, KY",Wild Turkey,own_make,NULL,FALSE,FALSE,Kentucky Straight Bourbon; ; Kentucky Spirit,NAS,,,101,50.5,,New charred American oak,,https://www.wildturkeybourbon.com/en-us/our-products/,2026-06-26,NULL,bourbon_kentucky_majors
Bourbon,Wild Turkey Distillery,"Lawrenceburg, KY",Russell's Reserve,own_make,NULL,FALSE,FALSE,Kentucky Straight Bourbon; ; 10 Year,10 Years,,,90,45.0,,New charred American oak,,https://www.russellsreserve.com/en-us/our-products/,2026-06-26,NULL,bourbon_kentucky_majors
Bourbon,Wild Turkey Distillery,"Lawrenceburg, KY",Russell's Reserve,own_make,NULL,FALSE,FALSE,Kentucky Straight Bourbon; Single Barrel,NAS,,,110,55.0,,New charred American oak,,https://www.russellsreserve.com/en-us/our-products/,2026-06-26,NULL,bourbon_kentucky_majors
Bourbon,Wild Turkey Distillery,"Lawrenceburg, KY",Russell's Reserve,own_make,NULL,FALSE,FALSE,Kentucky Straight Bourbon; ; 13 Year,13 Years,,,,,,New charred American oak,,https://www.russellsreserve.com/en-us/our-products/,2026-06-26,NULL,bourbon_kentucky_majors
Bourbon,Wild Turkey Distillery,"Lawrenceburg, KY",Russell's Reserve,own_make,NULL,FALSE,FALSE,Kentucky Straight Bourbon; ; 15 Year,15 Years,,,117.2,58.6,,New charred American oak,,https://the-right-spirit.com/2021/11/26/comparison-three-russells-reserves-16-year-single-barrel-pick-13-year/,2026-06-28,NULL,bourbon_kentucky_majors
Bourbon,Wild Turkey Distillery,"Lawrenceburg, KY",Wild Turkey,own_make,NULL,FALSE,FALSE,Kentucky Straight Bourbon; ; Master's Keep — 17 Year,17 Years,,2015 Release,86.8,43.4,,New charred American oak,,https://whiskyadvocate.com/wild-turkey-masters-keep-beacon-review-and-masters-keep-history,2026-06-26,http://whiskyadvocate.com/get/files/image/galleries/Masters-Keep-Beacon-Hero.png,bourbon_kentucky_majors
Bourbon,Wild Turkey Distillery,"Lawrenceburg, KY",Wild Turkey,own_make,NULL,FALSE,FALSE,Kentucky Straight Bourbon; ; Master's Keep — Decades,NAS,,2016 Release,104,52.0,,New charred American oak,,https://whiskyadvocate.com/wild-turkey-masters-keep-beacon-review-and-masters-keep-history,2026-06-26,http://whiskyadvocate.com/get/files/image/galleries/Masters-Keep-Beacon-Hero.png,bourbon_kentucky_majors
Bourbon,Wild Turkey Distillery,"Lawrenceburg, KY",Wild Turkey,own_make,NULL,FALSE,FALSE,Kentucky Straight Bourbon; ; Master's Keep — Revival,NAS,,2018 Release,101,50.5,,New charred American oak,Oloroso Sherry cask,https://whiskyadvocate.com/wild-turkey-masters-keep-beacon-review-and-masters-keep-history,2026-06-26,http://whiskyadvocate.com/get/files/image/galleries/Masters-Keep-Beacon-Hero.png,bourbon_kentucky_majors
Bourbon,Wild Turkey Distillery,"Lawrenceburg, KY",Wild Turkey,own_make,NULL,FALSE,FALSE,Kentucky Straight Bourbon; ; Master's Keep — Bottled in Bond,17 Years,,2020 Release,100,50.0,,New charred American oak,,https://whiskyadvocate.com/wild-turkey-masters-keep-beacon-review-and-masters-keep-history,2026-06-26,http://whiskyadvocate.com/get/files/image/galleries/Masters-Keep-Beacon-Hero.png,bourbon_kentucky_majors
Bourbon,Wild Turkey Distillery,"Lawrenceburg, KY",Wild Turkey,own_make,NULL,FALSE,FALSE,Kentucky Straight Bourbon; ; Master's Keep — One,NAS,,2021 Release,101,50.5,,New charred American oak,Toasted new American oak (secondary),https://whiskyadvocate.com/wild-turkey-masters-keep-beacon-review-and-masters-keep-history,2026-06-26,http://whiskyadvocate.com/get/files/image/galleries/Masters-Keep-Beacon-Hero.png,bourbon_kentucky_majors
Bourbon,Wild Turkey Distillery,"Lawrenceburg, KY",Wild Turkey,own_make,NULL,FALSE,FALSE,Kentucky Straight Bourbon; ; Master's Keep — Unforgotten,NAS,,2022 Release,105,52.5,,New charred American oak,,https://whiskyadvocate.com/wild-turkey-masters-keep-beacon-review-and-masters-keep-history,2026-06-26,http://whiskyadvocate.com/get/files/image/galleries/Masters-Keep-Beacon-Hero.png,bourbon_kentucky_majors
Bourbon,Wild Turkey Distillery,"Lawrenceburg, KY",Wild Turkey,own_make,NULL,FALSE,FALSE,Kentucky Straight Bourbon; ; Master's Keep — Voyage,10 Years,,2023 Release,106,53.0,,New charred American oak,Jamaican rum cask,https://whiskyadvocate.com/wild-turkey-masters-keep-beacon-review-and-masters-keep-history,2026-06-26,http://whiskyadvocate.com/get/files/image/galleries/Masters-Keep-Beacon-Hero.png,bourbon_kentucky_majors
Bourbon,Wild Turkey Distillery,"Lawrenceburg, KY",Wild Turkey,own_make,NULL,FALSE,FALSE,Kentucky Straight Bourbon; ; Master's Keep — Beacon,NAS,,2025 Release,118,59.0,,New charred American oak,,https://whiskyadvocate.com/wild-turkey-masters-keep-beacon-review-and-masters-keep-history,2026-06-26,http://whiskyadvocate.com/get/files/image/galleries/Masters-Keep-Beacon-Hero.png,bourbon_kentucky_majors
Bourbon,Four Roses Distillery,"Lawrenceburg, KY",Four Roses,own_make,NULL,FALSE,FALSE,Kentucky Straight Bourbon; ; Yellow Label,NAS,,,80,40.0,,New charred American oak,,https://www.fourrosesbourbon.com/bourbon/,2026-06-28,NULL,bourbon_kentucky_majors
Bourbon,Four Roses Distillery,"Lawrenceburg, KY",Four Roses,own_make,NULL,FALSE,FALSE,Kentucky Straight Bourbon; Small Batch,NAS,,,90,45.0,,New charred American oak,,https://www.fourrosesbourbon.com/bourbon/,2026-06-28,NULL,bourbon_kentucky_majors
Bourbon,Four Roses Distillery,"Lawrenceburg, KY",Four Roses,own_make,NULL,FALSE,FALSE,Kentucky Straight Bourbon; ; Small Batch Select,NAS,,,104,52.0,,New charred American oak,,https://www.fourrosesbourbon.com/bourbon/,2026-06-28,NULL,bourbon_kentucky_majors
Bourbon,Four Roses Distillery,"Lawrenceburg, KY",Four Roses,own_make,NULL,FALSE,FALSE,Kentucky Straight Bourbon; Single Barrel,NAS,,,100,50.0,,New charred American oak,,https://www.fourrosesbourbon.com/bourbon/,2026-06-28,NULL,bourbon_kentucky_majors
Bourbon,Four Roses Distillery,"Lawrenceburg, KY",Four Roses,own_make,NULL,FALSE,FALSE,Kentucky Straight Bourbon; ; Limited Edition Small Batch — Mariage,NAS,,2008 Release,107.8,53.9,,New charred American oak,,https://www.fourrosesbourbon.com/bourbon/limited-edition; https://debonairgentlemen.com/2023/01/27/four-roses-limited-edition-percentages-ages-and-recipe-list/,2026-10-03,NULL,bourbon_kentucky_majors
Bourbon,Four Roses Distillery,"Lawrenceburg, KY",Four Roses,own_make,NULL,FALSE,FALSE,Kentucky Straight Bourbon; ; Limited Edition Small Batch — Mariage,NAS,,2009 Release,109.6,54.8,,New charred American oak,,https://www.fourrosesbourbon.com/bourbon/limited-edition; https://debonairgentlemen.com/2023/01/27/four-roses-limited-edition-percentages-ages-and-recipe-list/,2026-10-03,NULL,bourbon_kentucky_majors
Bourbon,Four Roses Distillery,"Lawrenceburg, KY",Four Roses,own_make,NULL,FALSE,FALSE,"Kentucky Straight Bourbon; Limited Edition, Small Batch",NAS,,2010 Release,110.2,55.1,,New charred American oak,,https://www.fourrosesbourbon.com/bourbon/limited-edition; https://debonairgentlemen.com/2023/01/27/four-roses-limited-edition-percentages-ages-and-recipe-list/,2026-10-03,NULL,bourbon_kentucky_majors
Bourbon,Four Roses Distillery,"Lawrenceburg, KY",Four Roses,own_make,NULL,FALSE,FALSE,"Kentucky Straight Bourbon; Limited Edition, Small Batch",NAS,,2011 Release,110.2,55.1,,New charred American oak,,https://www.fourrosesbourbon.com/bourbon/limited-edition; https://debonairgentlemen.com/2023/01/27/four-roses-limited-edition-percentages-ages-and-recipe-list/,2026-10-03,NULL,bourbon_kentucky_majors
Bourbon,Four Roses Distillery,"Lawrenceburg, KY",Four Roses,own_make,NULL,FALSE,FALSE,"Kentucky Straight Bourbon; Limited Edition, Small Batch",NAS,,2012 Release,111.4,55.7,,New charred American oak,,https://www.fourrosesbourbon.com/bourbon/limited-edition; https://debonairgentlemen.com/2023/01/27/four-roses-limited-edition-percentages-ages-and-recipe-list/,2026-10-03,NULL,bourbon_kentucky_majors
Bourbon,Four Roses Distillery,"Lawrenceburg, KY",Four Roses,own_make,NULL,FALSE,FALSE,"Kentucky Straight Bourbon; Limited Edition, Small Batch",NAS,,2013 Release,103.2,51.6,,New charred American oak,,https://www.fourrosesbourbon.com/bourbon/limited-edition; https://debonairgentlemen.com/2023/01/27/four-roses-limited-edition-percentages-ages-and-recipe-list/,2026-10-03,NULL,bourbon_kentucky_majors
Bourbon,Four Roses Distillery,"Lawrenceburg, KY",Four Roses,own_make,NULL,FALSE,FALSE,"Kentucky Straight Bourbon; Limited Edition, Small Batch",NAS,,2014 Release,111.8,55.9,,New charred American oak,,https://www.fourrosesbourbon.com/bourbon/limited-edition; https://debonairgentlemen.com/2023/01/27/four-roses-limited-edition-percentages-ages-and-recipe-list/,2026-10-03,NULL,bourbon_kentucky_majors
Bourbon,Four Roses Distillery,"Lawrenceburg, KY",Four Roses,own_make,NULL,FALSE,FALSE,"Kentucky Straight Bourbon; Limited Edition, Small Batch",NAS,,2015 Release,109.0,54.5,,New charred American oak,,https://www.fourrosesbourbon.com/bourbon/limited-edition; https://debonairgentlemen.com/2023/01/27/four-roses-limited-edition-percentages-ages-and-recipe-list/,2026-10-03,NULL,bourbon_kentucky_majors
Bourbon,Four Roses Distillery,"Lawrenceburg, KY",Four Roses,own_make,NULL,FALSE,FALSE,"Kentucky Straight Bourbon; Limited Edition, Small Batch",NAS,,2016 Release,111.2,55.6,,New charred American oak,,https://www.fourrosesbourbon.com/bourbon/limited-edition; https://debonairgentlemen.com/2023/01/27/four-roses-limited-edition-percentages-ages-and-recipe-list/,2026-10-03,NULL,bourbon_kentucky_majors
Bourbon,Four Roses Distillery,"Lawrenceburg, KY",Four Roses,own_make,NULL,FALSE,FALSE,"Kentucky Straight Bourbon; Limited Edition, Small Batch",NAS,,2017 Release,108.0,54.0,,New charred American oak,,https://www.fourrosesbourbon.com/bourbon/limited-edition,2026-06-28,NULL,bourbon_kentucky_majors
Bourbon,Four Roses Distillery,"Lawrenceburg, KY",Four Roses,own_make,NULL,FALSE,FALSE,"Kentucky Straight Bourbon; Limited Edition, Small Batch",NAS,,2018 Release,108.4,54.2,,New charred American oak,,https://www.fourrosesbourbon.com/bourbon/limited-edition,2026-06-28,NULL,bourbon_kentucky_majors
Bourbon,Four Roses Distillery,"Lawrenceburg, KY",Four Roses,own_make,NULL,FALSE,FALSE,"Kentucky Straight Bourbon; Limited Edition, Small Batch",NAS,,2019 Release,112.6,56.3,,New charred American oak,,https://www.fourrosesbourbon.com/bourbon/limited-edition,2026-06-28,NULL,bourbon_kentucky_majors
Bourbon,Four Roses Distillery,"Lawrenceburg, KY",Four Roses,own_make,NULL,FALSE,FALSE,"Kentucky Straight Bourbon; Limited Edition, Small Batch",NAS,,2020 Release,111.4,55.7,,New charred American oak,,https://www.fourrosesbourbon.com/bourbon/limited-edition,2026-06-28,NULL,bourbon_kentucky_majors
Bourbon,Four Roses Distillery,"Lawrenceburg, KY",Four Roses,own_make,NULL,FALSE,FALSE,"Kentucky Straight Bourbon; Limited Edition, Small Batch",NAS,,2021 Release,114.2,57.1,,New charred American oak,,https://www.fourrosesbourbon.com/bourbon/limited-edition,2026-06-28,NULL,bourbon_kentucky_majors
Bourbon,Four Roses Distillery,"Lawrenceburg, KY",Four Roses,own_make,NULL,FALSE,FALSE,"Kentucky Straight Bourbon; Limited Edition, Small Batch",NAS,,2022 Release,109.0,54.5,,New charred American oak,,https://www.fourrosesbourbon.com/bourbon/limited-edition,2026-06-28,NULL,bourbon_kentucky_majors
Bourbon,Four Roses Distillery,"Lawrenceburg, KY",Four Roses,own_make,NULL,FALSE,FALSE,"Kentucky Straight Bourbon; Limited Edition, Small Batch",NAS,,2023 Release,108.0,54.0,,New charred American oak,,https://www.fourrosesbourbon.com/bourbon/limited-edition,2026-06-28,NULL,bourbon_kentucky_majors
Bourbon,Four Roses Distillery,"Lawrenceburg, KY",Four Roses,own_make,NULL,FALSE,FALSE,"Kentucky Straight Bourbon; Limited Edition, Small Batch",NAS,,2024 Release,108.0,54.0,,New charred American oak,,https://www.fourrosesbourbon.com/bourbon/limited-edition,2026-06-28,NULL,bourbon_kentucky_majors
Bourbon,Four Roses Distillery,"Lawrenceburg, KY",Four Roses,own_make,NULL,FALSE,FALSE,"Kentucky Straight Bourbon; Limited Edition, Small Batch",NAS,,2025 Release,109.0,54.5,,New charred American oak,,https://www.breakingbourbon.com/review/four-roses-2025-limited-edition-small-batch; https://bourbonblog.com/2025/08/19/four-roses-2025-limited-edition-small-batch-bourbon-109-proof-13-and-19-year-old-bourbons/,2026-06-26,https://cdn.prod.website-files.com/5ace2bae31f6d3c07d267cb9/68b5a721ab676362648b8d3e_four-roses-2025-limited-edition-small-batch-01.jpg,bourbon_kentucky_majors
Bourbon,Buffalo Trace Distillery,"Frankfort, KY",W.L. Weller,own_make,NULL,FALSE,TRUE,Kentucky Straight Bourbon; ; Single Barrel Select (Full Proof),6 Years (minimum),NULL,NULL,114,57.0,wheated,New charred American oak,NULL,https://sazeracbarrelselect.com/spirits.html; https://www.buffalotracedistillery.com/our-brands/w-l-weller/,2026-06-28,NULL,bourbon_kentucky_majors
Bourbon,Buffalo Trace Distillery,"Frankfort, KY",W.L. Weller,own_make,NULL,FALSE,TRUE,Kentucky Straight Bourbon; ; Single Barrel Select (Antique 107),6 Years (minimum),NULL,NULL,107,53.5,wheated,New charred American oak,NULL,https://sazeracbarrelselect.com/spirits.html; https://www.buffalotracedistillery.com/our-brands/w-l-weller/,2026-06-28,NULL,bourbon_kentucky_majors
Bourbon,Buffalo Trace Distillery,"Frankfort, KY",Buffalo Trace,own_make,NULL,FALSE,TRUE,Kentucky Straight Bourbon; ; Single Barrel Select,7 Years (minimum),NULL,NULL,90,45.0,NULL,New charred American oak,NULL,https://sazeracbarrelselect.com/spirits.html; https://www.buffalotracedistillery.com/our-brands/buffalo-trace.html,2026-06-28,NULL,bourbon_kentucky_majors
Bourbon,Buffalo Trace Distillery,"Frankfort, KY",Stagg,own_make,NULL,FALSE,TRUE,Kentucky Straight Bourbon; ; Single Barrel Select,8 Years (minimum),NULL,NULL,NULL,NULL,NULL,New charred American oak,NULL,https://sazeracbarrelselect.com/spirits.html; https://www.fredminnick.com/2020/11/23/buffalo-trace-donates-stagg-jr-barrel-for-auction-will-add-brand-to-barrel-select-program-in-2021/,2026-06-26,https://www.fredminnick.com/wp-content/uploads/2020/11/Stagg-Jr.png,bourbon_kentucky_majors
Bourbon,Heaven Hill Bernheim Distillery,"Louisville, KY",Larceny,own_make,NULL,FALSE,TRUE,Kentucky Straight Bourbon; ; Barrel Proof Single Barrel,NULL,NULL,NULL,NULL,NULL,Corn 68% / Wheat 20% / Malted Barley 12%,New charred American oak,NULL,https://heavenhilldistillery.com/larceny-barrel-proof.php; https://larcenybourbon.com/barrel-proof; https://primebarrel.com/collections/current-picks; https://www.ohlq.com/ohlq-hub/news-and-lifestyle/ohlq-exclusive/heaven-hill-distillery,2026-06-26,NULL,bourbon_kentucky_majors
Bourbon,Heaven Hill Bernheim Distillery,"Louisville, KY",Heaven Hill,own_make,NULL,FALSE,TRUE,Kentucky Straight Bourbon; ; Bottled-in-Bond Single Barrel,7 Years,NULL,NULL,100,50.0,Corn 78% / Rye 10% / Malted Barley 12%,New charred American oak,NULL,https://heavenhilldistillery.com/hh-bottled-in-bond.php; https://shop.frugalmacdoogal.com/products/heaven-hill-bottled-in-bond-private-single-barrel; https://sharedpour.com/products/heaven-hill-bottled-in-bond-single-barrel; https://www.breakingbourbon.com/review/heaven-hill-7-year-bottled-in-bond,2026-06-26,NULL,bourbon_kentucky_majors
Bourbon,Jim Beam Distillery (Clermont),"Clermont, KY",Knob Creek,own_make,NULL,FALSE,TRUE,Kentucky Straight Bourbon; ; Single Barrel Select,9 Years (minimum),NULL,NULL,120,60.0,NULL,New charred American oak,NULL,https://www.knobcreek.com/single-barrel-experience; https://bourbonobsessed.com/knob-creek-cask-strength-single-barrel-select-bourbon-and-rye-announced/,2026-06-28,NULL,bourbon_kentucky_majors
Bourbon,Jim Beam Distillery (Clermont),"Clermont, KY",Knob Creek,own_make,NULL,FALSE,TRUE,Kentucky Straight Bourbon; ; Single Barrel Select Cask Strength,9 Years (minimum),NULL,NULL,NULL,NULL,NULL,New charred American oak,NULL,https://www.knobcreek.com/single-barrel-experience; https://bourbonlens.com/knob-creek-single-barrel-select-cask-strength-program/,2026-06-26,https://bourbonlens.com/wp-content/uploads/2025/05/IMG_0700.webp,bourbon_kentucky_majors
Bourbon,Wild Turkey Distillery,"Lawrenceburg, KY",Russell's Reserve,own_make,NULL,FALSE,TRUE,Kentucky Straight Bourbon; ; Private Barrel Selection,NULL,NULL,NULL,110,55.0,Corn 75% / Rye 13% / Malted Barley 12%,New charred American oak,NULL,https://www.russellsreserve.com/en-us/our-products/private-barrel-bourbon/; https://www.breakingbourbon.com/review/russells-reserve-single-barrel-bourbon,2026-06-26,https://www.russellsreserve.com/app/uploads/2024/04/Russells-Reserve_1-1.png,bourbon_kentucky_majors
Bourbon,Four Roses Distillery,"Lawrenceburg, KY",Four Roses,own_make,NULL,FALSE,TRUE,Kentucky Straight Bourbon; ; Single Barrel Private Selection OBSV,NULL,NULL,NULL,NULL,NULL,Corn 60% / Rye 35% / Malted Barley 5%,New charred American oak,NULL,https://www.fourrosesbourbon.com/our-recipes; https://www.fourrosesbourbon.com/bourbon/single-barrel-collection; https://www.breakingbourbon.com/single-barrel-club,2026-06-28,NULL,bourbon_kentucky_majors
Bourbon,Four Roses Distillery,"Lawrenceburg, KY",Four Roses,own_make,NULL,FALSE,TRUE,Kentucky Straight Bourbon; ; Single Barrel Private Selection OBSK,NULL,NULL,NULL,NULL,NULL,Corn 60% / Rye 35% / Malted Barley 5%,New charred American oak,NULL,https://www.fourrosesbourbon.com/our-recipes; https://www.fourrosesbourbon.com/bourbon/single-barrel-collection; https://www.breakingbourbon.com/single-barrel-club,2026-06-28,NULL,bourbon_kentucky_majors
Bourbon,Four Roses Distillery,"Lawrenceburg, KY",Four Roses,own_make,NULL,FALSE,TRUE,Kentucky Straight Bourbon; ; Single Barrel Private Selection OBSO,NULL,NULL,NULL,NULL,NULL,Corn 60% / Rye 35% / Malted Barley 5%,New charred American oak,NULL,https://www.fourrosesbourbon.com/our-recipes; https://www.fourrosesbourbon.com/bourbon/single-barrel-collection; https://www.breakingbourbon.com/single-barrel-club,2026-06-28,NULL,bourbon_kentucky_majors
Bourbon,Four Roses Distillery,"Lawrenceburg, KY",Four Roses,own_make,NULL,FALSE,TRUE,Kentucky Straight Bourbon; ; Single Barrel Private Selection OBSF,NULL,NULL,NULL,NULL,NULL,Corn 60% / Rye 35% / Malted Barley 5%,New charred American oak,NULL,https://www.fourrosesbourbon.com/our-recipes; https://www.fourrosesbourbon.com/bourbon/single-barrel-collection; https://www.breakingbourbon.com/single-barrel-club,2026-06-28,NULL,bourbon_kentucky_majors
Bourbon,Four Roses Distillery,"Lawrenceburg, KY",Four Roses,own_make,NULL,FALSE,TRUE,Kentucky Straight Bourbon; ; Single Barrel Private Selection OBSQ,NULL,NULL,NULL,NULL,NULL,Corn 60% / Rye 35% / Malted Barley 5%,New charred American oak,NULL,https://www.fourrosesbourbon.com/our-recipes; https://www.fourrosesbourbon.com/bourbon/single-barrel-collection; https://www.breakingbourbon.com/single-barrel-club,2026-06-28,NULL,bourbon_kentucky_majors
Bourbon,Four Roses Distillery,"Lawrenceburg, KY",Four Roses,own_make,NULL,FALSE,TRUE,Kentucky Straight Bourbon; ; Single Barrel Private Selection OESV,NULL,NULL,NULL,NULL,NULL,Corn 75% / Rye 20% / Malted Barley 5%,New charred American oak,NULL,https://www.fourrosesbourbon.com/our-recipes; https://www.fourrosesbourbon.com/bourbon/single-barrel-collection; https://www.breakingbourbon.com/single-barrel-club,2026-06-28,NULL,bourbon_kentucky_majors
Bourbon,Four Roses Distillery,"Lawrenceburg, KY",Four Roses,own_make,NULL,FALSE,TRUE,Kentucky Straight Bourbon; ; Single Barrel Private Selection OESK,NULL,NULL,NULL,NULL,NULL,Corn 75% / Rye 20% / Malted Barley 5%,New charred American oak,NULL,https://www.fourrosesbourbon.com/our-recipes; https://www.fourrosesbourbon.com/bourbon/single-barrel-collection; https://www.breakingbourbon.com/single-barrel-club,2026-06-28,NULL,bourbon_kentucky_majors
Bourbon,Four Roses Distillery,"Lawrenceburg, KY",Four Roses,own_make,NULL,FALSE,TRUE,Kentucky Straight Bourbon; ; Single Barrel Private Selection OESO,NULL,NULL,NULL,NULL,NULL,Corn 75% / Rye 20% / Malted Barley 5%,New charred American oak,NULL,https://www.fourrosesbourbon.com/our-recipes; https://www.fourrosesbourbon.com/bourbon/single-barrel-collection; https://www.breakingbourbon.com/single-barrel-club,2026-06-28,NULL,bourbon_kentucky_majors
Bourbon,Four Roses Distillery,"Lawrenceburg, KY",Four Roses,own_make,NULL,FALSE,TRUE,Kentucky Straight Bourbon; ; Single Barrel Private Selection OESF,NULL,NULL,NULL,NULL,NULL,Corn 75% / Rye 20% / Malted Barley 5%,New charred American oak,NULL,https://www.fourrosesbourbon.com/our-recipes; https://www.fourrosesbourbon.com/bourbon/single-barrel-collection; https://www.breakingbourbon.com/single-barrel-club,2026-06-28,NULL,bourbon_kentucky_majors
Bourbon,Four Roses Distillery,"Lawrenceburg, KY",Four Roses,own_make,NULL,FALSE,TRUE,Kentucky Straight Bourbon; ; Single Barrel Private Selection OESQ,NULL,NULL,NULL,NULL,NULL,Corn 75% / Rye 20% / Malted Barley 5%,New charred American oak,NULL,https://www.fourrosesbourbon.com/our-recipes; https://www.fourrosesbourbon.com/bourbon/single-barrel-collection; https://www.breakingbourbon.com/single-barrel-club,2026-06-28,NULL,bourbon_kentucky_majors
Bourbon,Maker's Mark Distillery,"Loretto, KY",Maker's Mark,own_make,NULL,FALSE,TRUE,Kentucky Straight Bourbon; ; Private Selection,NULL,NULL,NULL,NULL,NULL,Corn 70% / Wheat 16% / Malted Barley 14%,New charred American oak,Custom wood stave finish (5 stave types: Baked American Pure; Seared French Cuvée; Maker's Mark 46; Roasted French Mendiant; Toasted French Spice — 10 staves total; 9-week limestone cellar finish),https://www.makersmark.com/bourbons/makers-mark-private-selection; https://www.gobourbon.com/makers-mark-private-selection/; https://www.reservebar.com/blogs/spirits-explained/the-makers-mark-private-selection-experience,2026-06-26,https://www.makersmark.com/sites/default/files/2024-10/makers-mark-bottle-bourbon-whiskey-private-selection-2024.png,bourbon_kentucky_majors
Bourbon,Jim Beam Distillery,"Clermont, Kentucky",Booker's,own_make,NULL,FALSE,FALSE,Kentucky Straight Bourbon; Small Batch; Ronnie's Batch,NAS,,2022 Release; 2022-01,124.3,62.15,,,,https://morewines.com/2022-bookers-batch-2022-01-ronnies-batch-kentucky-straight-bourbon-whiskey-750ml/,2026-06-26,NULL,bourbon_kentucky_majors
Bourbon,Jim Beam Distillery,"Clermont, Kentucky",Booker's,own_make,NULL,FALSE,FALSE,Kentucky Straight Bourbon; Small Batch; The Lumberyard Batch,NAS,,2022 Release; 2022-02,124.8,62.4,,,,https://www.breakingbourbon.com/review/bookers-batch-no-2022-02-the-lumberyard-batch,2026-06-26,https://cdn.prod.website-files.com/5ace2bae31f6d3c07d267cb9/630e171c76e7262891b3917c_Bookers-Bourbon-2022-02-Lumberyard-Batch-01.jpg,bourbon_kentucky_majors
Bourbon,Jim Beam Distillery,"Clermont, Kentucky",Booker's,own_make,NULL,FALSE,FALSE,Kentucky Straight Bourbon; Small Batch; Kentucky Tea Batch,NAS,,2022 Release; 2022-03,126.5,63.25,,,,https://www.beamdistilling.com/bookersbourbon/whiskies/2022-03-kentucky-tea-batch-bourbon,2026-06-26,https://www.beamdistilling.com/sites/default/files/2026-01/bookers-bottle-batch-2022-03.png,bourbon_kentucky_majors
Bourbon,Jim Beam Distillery,"Clermont, Kentucky",Booker's,own_make,NULL,FALSE,FALSE,Kentucky Straight Bourbon; Small Batch; Charlie's Batch,6 Years 11 Months 22 Days,,2023 Release; 2023-01,126.6,63.3,,,,https://shop.klwines.com/products/details/1675744; https://www.fredminnick.com/2023/04/19/bookers-bourbon-2023-01-charlies-batch-now-available/,2026-06-26,https://cdn.klwines.com/images/skus/1675744x.jpg,bourbon_kentucky_majors
Bourbon,Jim Beam Distillery,"Clermont, Kentucky",Booker's,own_make,NULL,FALSE,FALSE,Kentucky Straight Bourbon; Small Batch; Springfield Batch,NAS,,2024 Release; 2024-01,124.5,62.25,,,,https://www.fredminnick.com/2023/04/19/bookers-bourbon-2023-01-charlies-batch-now-available/; https://www.beamdistilling.com/bookersbourbon/whiskies/previous-batches,2026-10-03,https://www.fredminnick.com/wp-content/uploads/2023/04/Bookers-Bourbon-2023-01-Charlies-Batch-Image.png,bourbon_kentucky_majors
Bourbon,Maker's Mark Distillery,"Loretto, Kentucky",Maker's Mark,own_make,NULL,FALSE,FALSE,Kentucky Straight Bourbon; Cask Strength; Cellar Aged 2023,NAS,,2023 Release,115.7,57.85,,,,https://www.breakingbourbon.com/review/makers-mark-cellar-aged-2023-release; https://www.makersmark.com/bourbons/makers-mark-cellar-aged,2026-06-26,https://cdn.prod.website-files.com/5ace2bae31f6d3c07d267cb9/651d5d1e7d399d3bfbadde8e_makers-mark-cellar-aged-01.jpg,bourbon_kentucky_majors
Bourbon,Maker's Mark Distillery,"Loretto, Kentucky",Maker's Mark,own_make,NULL,FALSE,FALSE,Kentucky Straight Bourbon; Cask Strength; Cellar Aged 2024,NAS,,2024 Release,119.4,59.7,,,,https://www.bourbonguy.com/blog/2024/10/9/makers-mark-cellar-aged-bourbon-2024; https://thewhiskystudy.com/reviews-1/makers-mark-cellar-aged-2024-review,2026-06-26,http://static1.squarespace.com/static/51379b83e4b02119d184b2a2/t/6706fa61363d1f17333af1a5/1728510562025/Maker%27s-Mark-Cellar-Aged-2024.jpg,bourbon_kentucky_majors
Bourbon,Jim Beam Distillery (Clermont),"Clermont, KY",Jim Beam Signature Craft,own_make,NULL,FALSE,FALSE,Kentucky Straight Bourbon; Rare Spanish Brandy Finish; Small Batch,NULL,NULL,NULL,86,43.0,NULL,New charred American oak,Spanish Brandy casks,https://www.benchmarkwineandspirits.com/products/9002529,2026-06-28,NULL,bourbon_kentucky_majors
Bourbon,Old Forester Distilling Company,"Louisville, KY",Old Forester,own_make,NULL,FALSE,FALSE,Kentucky Straight Bourbon; 117 Series — Warehouse H,NULL,NULL,NULL,98,49.0,NULL,New charred American oak,NULL,https://www.benchmarkwineandspirits.com/products/9002360,2026-06-28,NULL,bourbon_kentucky_majors
Bourbon,Old Forester Distilling Company,"Louisville, KY",Old Forester,own_make,NULL,FALSE,FALSE,Kentucky Straight Bourbon; 117 Series — Whiskey Row Fire,NULL,NULL,NULL,100,50.0,NULL,New charred American oak,NULL,https://www.benchmarkwineandspirits.com/products/9002361,2026-06-28,NULL,bourbon_kentucky_majors
Bourbon,Old Forester Distilling Company,"Louisville, KY",Old Forester,own_make,NULL,FALSE,FALSE,Kentucky Straight Bourbon; 117 Series — High Angels Share; Bottled March 2021,NULL,NULL,NULL,110,55.0,NULL,New charred American oak,NULL,https://www.benchmarkwineandspirits.com/products/9002362,2026-06-28,NULL,bourbon_kentucky_majors
Bourbon,Buffalo Trace Distillery,"Frankfort, KY",OFC Old Fashion Copper Vintage,own_make,NULL,FALSE,FALSE,Kentucky Straight Bourbon; Vintage; Bottle 99 of 100,NULL,1980,NULL,90,45.0,NULL,New charred American oak,NULL,https://www.buffalotracedistillery.com/our-brands/o-f-c-vintages/; https://www.distillerytrail.com/blog/buffalo-trace-closes-2016-giving-away-200-bottles-vintage-o-f-c-bourbon/,2026-06-28,NULL,bourbon_kentucky_majors
Bourbon,Brown-Forman Distillery,"Shively, KY",Old Forester,own_make,NULL,FALSE,FALSE,Kentucky Straight Bourbon; ; Birthday Bourbon,11 Years,NULL,2026 Release,97,48.5,NULL,New charred oak,NULL,https://onemoredram.com/2026/09/14/old-forester-announces-2026-birthday-bourbon/; https://robbreport.com/food-drink/spirits/whiskey-reeview-old-forester-birthday-bourbon-1238635367/; https://caskcartel.com/products/old-forester-birthday-bourbon-whiskey-2026-release,2026-10-02,https://onemoredram.com/wp-content/uploads/2026/09/old-forester-2026-birthday-bourbon-09-14-2026.jpg,bourbon_kentucky_majors
Bourbon,Old Forester Distilling Company,"Louisville, KY",Old Forester,own_make,NULL,FALSE,FALSE,Kentucky Straight Bourbon; ; 117 Series — Triple Char,NAS,NULL,NULL,115,57.5,Corn 72% / Rye 18% / Malted Barley 10%,New charred oak,NULL,https://www.breakingbourbon.com/review/old-forester-the-117-series-triple-char-bourbon,2026-10-02,https://cdn.prod.website-files.com/5ace2bae31f6d3c07d267cb9/6a830fbc3727e9b751f9dc78_old-forester-the-117-series-triple-char-bourbon-01.jpg,bourbon_kentucky_majors
Bourbon,Brown-Forman Distillery,"Shively, KY",Old Forester,own_make,NULL,FALSE,FALSE,Kentucky Straight Bourbon; ; 1924 10 Year Old,10 Years,NULL,2026 Release,100,50,Corn 79% / Rye 11% / Malted Barley 10%,New charred oak,NULL,https://www.oldforester.com/products/old-forester-1924-10-year-old-whisky/; https://www.breakingbourbon.com/review/old-forester-1924-10-year-old-2026; https://www.nicholaswines.com/product/old-forester-1924-ten-year-old-whiskey-2026-release/,2026-10-03,https://www.oldforester.com/wp-content/uploads/2024/01/1924_bottle_900A.png,bourbon_kentucky_majors
Bourbon,Brown-Forman Distillery,"Shively, KY",King of Kentucky,own_make,NULL,FALSE,FALSE,Kentucky Straight Bourbon; Small Batch,NULL,NULL,2026 Release; Batch 1,105,52.5,Corn 75% / Rye 15% / Malted Barley 10%,New charred oak,NULL,https://www.breakingbourbon.com/bourbon-whiskey-press-releases/king-of-kentucky-introduces-small-batch-collection-honoring-the-250th-anniversary-of-the-united-states; https://www.breakingbourbon.com/review/king-of-kentucky-small-batch-bourbon,2026-10-02,https://cdn.prod.website-files.com/5ace2bae31f6d3c07d267cb9/69e243ba8008b59a1a72e455_king-of-kentucky-small-batch-bourbon-01.jpg,bourbon_kentucky_majors
Bourbon,Brown-Forman Distillery,"Shively, KY",King of Kentucky,own_make,NULL,FALSE,FALSE,Kentucky Straight Bourbon; Small Batch,NULL,NULL,2026 Release; Batch 2,107.5,53.75,NULL,New charred oak,NULL,https://www.breakingbourbon.com/bourbon-whiskey-press-releases/king-of-kentucky-introduces-small-batch-collection-honoring-the-250th-anniversary-of-the-united-states,2026-10-02,https://cdn.prod.website-files.com/5ace2bae31f6d3c07d267cb9/697d29ab9005c74978b5c1dd_king.jpg,bourbon_kentucky_majors
Bourbon,Brown-Forman Distillery,"Shively, KY",King of Kentucky,own_make,NULL,FALSE,FALSE,Kentucky Straight Bourbon; Small Batch,NULL,NULL,2026 Release; Batch 3,110,55,NULL,New charred oak,NULL,https://www.breakingbourbon.com/bourbon-whiskey-press-releases/king-of-kentucky-introduces-small-batch-collection-honoring-the-250th-anniversary-of-the-united-states,2026-10-02,https://cdn.prod.website-files.com/5ace2bae31f6d3c07d267cb9/697d29ab9005c74978b5c1dd_king.jpg,bourbon_kentucky_majors
Bourbon,Four Roses Distillery,"Lawrenceburg, KY",Four Roses,own_make,NULL,FALSE,FALSE,"Kentucky Straight Bourbon; Limited Edition, Small Batch",NAS,NULL,2026 Release,109.2,54.6,NULL,New charred oak,NULL,https://www.fourrosesbourbon.com/news/four-roses-set-to-launch-2026-limited-edition-small-batch-on-october-10; https://www.fourrosesbourbon.com/bourbon/limited-edition; https://www.buymyliquor.com/products/four-roses-limited-edition-2026-small-batch-bourbon-700ml,2026-10-02,https://cdn.prod.website-files.com/5ace2bae31f6d3c07d267cb9/6a972dc966b4de67f9336455_FRLE2026.jpg,bourbon_kentucky_majors
Bourbon,Four Roses Distillery,"Lawrenceburg, KY",Four Roses,own_make,NULL,FALSE,TRUE,Kentucky Straight Bourbon; Single Barrel; Anthology Chapter One: Origin (OBSF),21 Years,NULL,NULL,NULL,NULL,Corn 60% / Rye 35% / Malted Barley 5%,New charred oak,NULL,https://www.fourrosesbourbon.com/news/four-roses-debuts-anthology-series-with-oldest-release-in-brand-history; https://www.breakingbourbon.com/review/four-roses-anthology-chapter-one-origin,2026-10-02,https://cdn.prod.website-files.com/5ace2bae31f6d3c07d267cb9/6a733cb3ff4fdbce2e88bf16_four-roses-anthology-chapter-one-origin-01.jpg,bourbon_kentucky_majors
Bourbon,Four Roses Distillery,"Lawrenceburg, KY",Four Roses,own_make,NULL,FALSE,FALSE,Kentucky Straight Bourbon; ; Experimental Series No. 001 Mizunara Cask Finish (OBSK),6 Years,NULL,NULL,104,52,NULL,New charred oak,Japanese Mizunara oak,https://www.fourrosesbourbon.com/news/four-roses-distillery-enters-a-new-era-of-bourbon-innovation-with-launch-of-experimental-series; https://thedailywhisky.com/four-roses-experimental-series-001-mizunara/,2026-10-02,https://cdn.prod.website-files.com/5ace2bae31f6d3c07d267cb9/6a3b476c67f21cf0e8e6a0f2_Four%20Roses%20Mizunara.jpg,bourbon_kentucky_majors
Bourbon,Four Roses Distillery,"Lawrenceburg, KY",Four Roses,own_make,NULL,FALSE,FALSE,"Class TBD; ; Experimental Series No. 002 Honey Cask Finish (OESQ, OBSK)",NULL,NULL,NULL,104,52,NULL,New charred oak,Honey-seasoned barrels (ex-Bohman Bee Company bourbon barrel aged honey),https://www.fourrosesbourbon.com/news/four-roses-distillery-marks-10th-annual-salt-river-cleanup-with-commemorative-limited-edition-release-2; https://www.breakingbourbon.com/bourbon-whiskey-press-releases/four-roses-distillery-continues-experimental-series-with-honey-cask-finished-release,2026-10-02,https://cdn.prod.website-files.com/5ace2bae31f6d3c07d267cb9/6a8df5d0aeb5a323e4d19bc0_Four%20Roses%20Honey.jpg,bourbon_kentucky_majors
Bourbon,Four Roses Distillery,"Lawrenceburg, KY",Four Roses,own_make,NULL,FALSE,FALSE,Kentucky Straight Bourbon; Single Barrel; Single Barrel Collection OBSK,NAS,NULL,NULL,100,50,Corn 60% / Rye 35% / Malted Barley 5%,New charred oak,NULL,https://www.breakingbourbon.com/review/four-roses-single-barrel-2026-obsk,2026-10-02,https://cdn.prod.website-files.com/5ace2bae31f6d3c07d267cb9/6a18464460c0c07dae647158_four-roses-single-barrel-2026-obsk-01.jpg,bourbon_kentucky_majors
Bourbon,Four Roses Distillery,"Lawrenceburg, KY",Four Roses,own_make,NULL,FALSE,FALSE,Kentucky Straight Bourbon; Single Barrel; Single Barrel Collection OESF,NAS,NULL,NULL,100,50,Corn 75% / Rye 20% / Malted Barley 5%,New charred oak,NULL,https://www.breakingbourbon.com/review/four-roses-single-barrel-2026-oesf,2026-10-02,https://cdn.prod.website-files.com/5ace2bae31f6d3c07d267cb9/6a184159fd2bd2ff34438f50_four-roses-single-barrel-2026-oesf-01.jpg,bourbon_kentucky_majors
Bourbon,Four Roses Distillery,"Lawrenceburg, KY",Four Roses,own_make,NULL,FALSE,FALSE,Kentucky Straight Bourbon; Single Barrel; Single Barrel Collection OESQ,NAS,NULL,NULL,100,50,Corn 75% / Rye 20% / Malted Barley 5%,New charred oak,NULL,https://www.breakingbourbon.com/review/four-roses-single-barrel-2026-oesq,2026-10-02,https://cdn.prod.website-files.com/5ace2bae31f6d3c07d267cb9/6a184358d2fd6310df1e993f_four-roses-single-barrel-2026-oesq-01.jpg,bourbon_kentucky_majors
Bourbon,Heaven Hill Bernheim Distillery,"Louisville, KY",Heaven Hill Heritage Collection,own_make,NULL,FALSE,FALSE,Kentucky Straight Bourbon; Cask Strength,22 Years,2003,2026 Release,129.2,64.6,Corn 78% / Rye 10% / Malted Barley 12%,New charred oak,NULL,https://heavenhill.com/news-and-notes/heaven-hill-distillery-announces-2026-heaven-hill-heritage-collection-release/; https://vinepair.com/booze-news/heaven-hill-announces-2026-heritage-collection-release/; https://www.breakingbourbon.com/review/heaven-hill-heritage-collection-22-years-old-bourbon,2026-10-02,https://cdn.prod.website-files.com/5ace2bae31f6d3c07d267cb9/6abe712deaa9dec7cb6e4ce1_heaven-hill-heritage-collection-22-years-old-bourbon-01.jpg,bourbon_kentucky_majors
Bourbon,Heaven Hill Bernheim Distillery,"Louisville, KY",Heaven Hill Deatsville,own_make,NULL,FALSE,FALSE,Kentucky Straight Bourbon,13 Years,NULL,NULL,109,54.5,Corn 78% / Rye 10% / Malted Barley 12%,New charred oak,NULL,https://heavenhill.com/news-and-notes/heaven-hill-distillery-honors-a-storied-legacy-with-heaven-hill-deatsville-13-year-old-bourbon-whiskey/; https://www.breakingbourbon.com/review/heaven-hill-deatsville-13-year-old-bourbon,2026-10-02,https://cdn.prod.website-files.com/5ace2bae31f6d3c07d267cb9/6a43d0195b82916a9fa4cf49_heaven-hill-deatsville-13-year-old-bourbon-01.jpg,bourbon_kentucky_majors
Bourbon,Heaven Hill Bernheim Distillery,"Louisville, KY",Elijah Craig,own_make,NULL,FALSE,FALSE,Kentucky Straight Bourbon; Single Barrel; 15 Year Old,15 Years,NULL,NULL,108,54,NULL,New charred oak,NULL,https://heavenhill.com/news-and-notes/elijah-craig-introduces-15-year-old-bourbon-a-new-addition-to-its-renowned-single-barrel-lineup/,2026-10-02,https://heavenhill.com/wp-content/uploads/2026/03/EC_15.jpg,bourbon_kentucky_majors
Bourbon,Heaven Hill Bernheim Distillery,"Louisville, KY",Elijah Craig,own_make,NULL,FALSE,FALSE,Kentucky Straight Bourbon; Single Barrel; 21 Year Old,21 Years,NULL,NULL,94,47,NULL,New charred oak,NULL,https://heavenhill.com/news-and-notes/elijah-craig-expands-single-barrel-lineup-with-rare-21-year-old-release/,2026-10-02,"https://res.cloudinary.com/dlgpqwbdb/images/w_2560,h_1707,c_scale/f_auto,q_auto/v1781013727/wordpress_assets/EC_21_Rickhouse_52696d41b/EC_21_Rickhouse_52696d41b.jpg",bourbon_kentucky_majors
Bourbon,Heaven Hill Bernheim Distillery,"Louisville, KY",Heaven Hill,own_make,NULL,FALSE,FALSE,Bonded Bourbon; ; Bottled-in-Bond Double Mash,9 Years,NULL,NULL,100,50,Corn / Rye / Wheat / Malted Barley,New charred oak,NULL,https://heavenhill.com/news-and-notes/heaven-hill-distillery-rewrites-bottled-in-bond-tradition-with-first-of-its-kind-double-mash-bourbon/; https://www.breakingbourbon.com/review/heaven-hill-bottled-in-bond-double-mash,2026-10-02,https://cdn.prod.website-files.com/5ace2bae31f6d3c07d267cb9/6aac24d8636d126192b3b338_heaven-hill-bottled-in-bond-double-mash-01.jpg,bourbon_kentucky_majors
Bourbon,Heaven Hill Bernheim Distillery,"Louisville, KY",Heaven Hill Grain to Glass,own_make,NULL,FALSE,FALSE,Kentucky Straight Bourbon; ; Wheated Bourbon Traditional Series,6 Years,2019,2026 Release; 3rd Edition,107.8,53.9,Corn 52% (Beck's 6269) / Wheat 35% / Malted Barley 13%,New charred oak (#3 char),NULL,https://heavenhill.com/news-and-notes/heaven-hill-distillery-announces-2026-year-of-wheat-grain-to-glass-releases/; https://www.breakingbourbon.com/review/heaven-hill-grain-to-glass-wheated-bourbon-2026,2026-10-02,https://cdn.prod.website-files.com/5ace2bae31f6d3c07d267cb9/6a4d103cb1049b1f2e2d51da_heaven-hill-grain-to-glass-wheated-bourbon-2026-01.jpg,bourbon_kentucky_majors
Bourbon,Heaven Hill Bernheim Distillery,"Louisville, KY",Heaven Hill Grain to Glass,own_make,NULL,FALSE,FALSE,Kentucky Straight Bourbon; ; Wheated Bourbon Specialty Release Aged in French Oak Barrels,6 Years (minimum),2019,2026 Release,109.2,54.6,Corn 52% (Beck's 6269) / Wheat 35% / Malted Barley 13%,New charred French oak (#3 char),NULL,https://heavenhill.com/news-and-notes/heaven-hill-distillery-announces-2026-year-of-wheat-grain-to-glass-releases/; https://www.breakingbourbon.com/bourbon-whiskey-press-releases/heaven-hill-distillery-announces-2026-year-of-wheat-grain-to-glass-releases,2026-10-02,"https://res.cloudinary.com/dlgpqwbdb/images/f_auto,q_auto/v1779308975/wordpress_assets/G2G_Family-Lineup_5222a2c0f/G2G_Family-Lineup_5222a2c0f.jpg",bourbon_kentucky_majors
Bourbon,Heaven Hill Bernheim Distillery,"Louisville, KY",Old Fitzgerald,own_make,NULL,FALSE,FALSE,Bonded Bourbon; ; Bottled-in-Bond,10 Years,2016,2026 Spring Release,100,50,wheated,New charred oak,NULL,https://heavenhill.com/news-and-notes/heaven-hill-distillery-announces-spring-2026-edition-of-the-old-fitzgerald-bottled-in-bond-decanter-series/; https://www.breakingbourbon.com/review/old-fitzgerald-bottled-in-bond-spring-2026-edition,2026-10-02,"https://res.cloudinary.com/dlgpqwbdb/images/w_2560,h_1709,c_scale/f_auto,q_auto/v1782315875/wordpress_assets/OF_Decanter_Spring_2026/OF_Decanter_Spring_2026.jpg",bourbon_kentucky_majors
Bourbon,Heaven Hill Bernheim Distillery,"Louisville, KY",Parker's Heritage Collection,own_make,NULL,FALSE,FALSE,Kentucky Straight Bourbon; ; 20th Edition — Rye Backset,14 Years,NULL,2026 Release,118,59,Corn 78% / Rye 10% / Malted Barley 12%,New charred oak,NULL,https://heavenhill.com/news-and-notes/heaven-hill-distillery-announces-2026-parkers-heritage-collection-limited-edition-bottling/; https://www.breakingbourbon.com/bourbon-whiskey-press-releases/heaven-hill-distillery-announces-2026-parkers-heritage-collection-limited-edition-bottling,2026-10-02,"https://res.cloudinary.com/dlgpqwbdb/images/w_2560,h_1707,c_scale/f_auto,q_auto/v1788881175/wordpress_assets/PHC_20Ed_Rickhouse/PHC_20Ed_Rickhouse.jpg",bourbon_kentucky_majors
Bourbon,Heaven Hill Bernheim Distillery,"Louisville, KY",Evan Williams,own_make,NULL,FALSE,FALSE,Kentucky Straight Bourbon; Single Barrel; America250 Commemorative Edition,NULL,NULL,NULL,117.76,58.88,NULL,New charred oak,NULL,https://heavenhill.com/news-and-notes/evan-williams-bourbon-toasts-americas-250th-anniversary-with-officially-licensed-america250-commemorative-releases/,2026-10-02,"https://res.cloudinary.com/dlgpqwbdb/images/w_2560,h_1709,c_scale/f_auto,q_auto/v1779129479/wordpress_assets/EW_AM250_Group_Rickhouse_522014dd3/EW_AM250_Group_Rickhouse_522014dd3.jpg",bourbon_kentucky_majors
Bourbon,Jim Beam Distillery (Clermont),"Clermont, KY",Booker's,own_make,NULL,FALSE,FALSE,Kentucky Straight Bourbon; Small Batch; Big Easy Batch,7 Years 2 Months 15 Days,NULL,2026 Release; 2026-01,129.1,64.55,Corn 77% / Rye 13% / Malted Barley 10%,New charred oak,NULL,https://www.beamdistilling.com/bookersbourbon/whiskies/2026-01-big-easy-batch-bourbon; https://www.breakingbourbon.com/review/bookers-bourbon-batch-2026-01-big-easy-batch,2026-10-02,https://www.beamdistilling.com/sites/default/files/2026-07/2026-11.jpeg,bourbon_kentucky_majors
Bourbon,Jim Beam Distillery (Clermont),"Clermont, KY",Booker's,own_make,NULL,FALSE,FALSE,Kentucky Straight Bourbon; Small Batch; Milkshake Batch,7 Years 6 Months 12 Days,NULL,2026 Release; 2026-02,124.4,62.2,Corn 77% / Rye 13% / Malted Barley 10%,New charred oak,NULL,https://www.beamdistilling.com/bookersbourbon/whiskies/2026-02-milkshake-batch-bourbon; https://www.breakingbourbon.com/review/bookers-bourbon-batch-2026-02-milkshake-batch,2026-10-02,https://www.beamdistilling.com/sites/default/files/2026-07/2026-02ab.png,bourbon_kentucky_majors
Bourbon,Jim Beam Distillery (Clermont),"Clermont, KY",Booker's,own_make,NULL,FALSE,FALSE,Kentucky Straight Bourbon; Small Batch; Southern Thunder Batch,7 Years 1 Month 14 Days,NULL,2026 Release; 2026-03,127.3,63.65,NULL,New charred oak,NULL,https://internetwines.com/products/bookers-small-batch-bourbon-southern-thunder-batch-2026-03; https://caskcartel.com/collections/bourbon/products/bookers-2026-03-southern-thunder-batch-kentucky-straight-bourbon-whiskey,2026-10-02,http://internetwines.com/cdn/shop/files/BookersSouthernThunder_grande.jpg,bourbon_kentucky_majors
Bourbon,Jim Beam Distillery (Clermont),"Clermont, KY",Baker's,own_make,NULL,FALSE,FALSE,Kentucky Straight Bourbon; Single Barrel; 13 Year Old Limited Edition,13 Years,NULL,NULL,107,53.5,Corn 77% / Rye 13% / Malted Barley 10%,New charred oak,NULL,https://www.breakingbourbon.com/review/bakers-13-year-old-limited-edition-single-barrel-bourbon-2026,2026-10-03,https://cdn.prod.website-files.com/5ace2bae31f6d3c07d267cb9/6ab538624495e409f25dbbc4_bakers-13-year-old-limited-edition-single-barrel-bourbon-2026-01.jpg,bourbon_kentucky_majors
Bourbon,Jim Beam Distillery (Clermont),"Clermont, KY",Knob Creek,own_make,NULL,FALSE,FALSE,Kentucky Straight Bourbon; ; Blender's Edition 01,10 Years,NULL,NULL,106,53,Corn 77% / Rye 13% / Malted Barley 10%,New charred oak,NULL,https://www.breakingbourbon.com/bourbon-whiskey-press-releases/knob-creek-debuts-blenders-edition-a-limited-series-celebrating-the-art-of-blending; https://www.breakingbourbon.com/review/knob-creek-blenders-edition-01-bourbon,2026-10-02,https://cdn.prod.website-files.com/5ace2bae31f6d3c07d267cb9/69d5055747719f5d55f18785_knob-creek-blenders-edition-01-bourbon-01.jpg,bourbon_kentucky_majors
Bourbon,Jim Beam Distillery (Clermont),"Clermont, KY",Knob Creek,own_make,NULL,FALSE,FALSE,Kentucky Straight Bourbon; Cask Strength; 12 Year Old,12 Years,NULL,NULL,121.2,60.6,NULL,New charred oak,NULL,https://www.breakingbourbon.com/bourbon-whiskey-press-releases/knob-creek-releases-12-year-old-cask-strength-a-bold-expression-of-time-patience-and-full-flavor,2026-10-02,https://cdn.prod.website-files.com/5ace2bae31f6d3c07d267cb9/6aaab3b4c5672f2e8eee6a40_Knob%20Creek%2012%20Year%20Old%20Cask%20Strength.jpg,bourbon_kentucky_majors
Bourbon,Jim Beam Distillery (Clermont),"Clermont, KY",Old Grand-Dad,own_make,NULL,FALSE,FALSE,Kentucky Straight Bourbon; Single Barrel; 114,7 Years,NULL,NULL,114,57,Corn 63% / Rye 27% / Malted Barley 10%,New charred oak,NULL,https://www.breakingbourbon.com/review/old-grand-dad-114-single-barrel-7-year-bourbon,2026-10-02,https://cdn.prod.website-files.com/5ace2bae31f6d3c07d267cb9/6a1072ffa4247fab9e27fdda_old-grand-dad-114-single-barrel-7-year-bourbon-01.jpg,bourbon_kentucky_majors
Bourbon,Jim Beam Distillery (Clermont),"Clermont, KY",Old Grand-Dad,own_make,NULL,FALSE,FALSE,Bonded Bourbon; ; Bottled-in-Bond 7 Year,7 Years,2018,NULL,100,50,Corn 63% / Rye 27% / Malted Barley 10%,New charred oak,NULL,https://www.breakingbourbon.com/review/old-grand-dad-7-year-bottled-in-bond-bourbon-distilled-fall-2018,2026-10-02,https://cdn.prod.website-files.com/5ace2bae31f6d3c07d267cb9/6a8b08559c04abee0bfe13e5_old-grand-dad-7-year-bourbon-fall-2018-01.jpg,bourbon_kentucky_majors
Bourbon,Jim Beam Distillery (Clermont),"Clermont, KY",Basil Hayden,own_make,NULL,FALSE,FALSE,Kentucky Straight Bourbon; ; Cognac Cask Reserve,NAS,NULL,NULL,80,40,Corn 63% / Rye 27% / Malted Barley 10%,New charred oak,"Cognac (French oak, 20–25 years Cognac-seasoned)",https://www.breakingbourbon.com/bourbon-whiskey-press-releases/basil-hayden-introduces-new-cognac-cask-reserve-expanding-the-boundaries-of-bourbon; https://www.breakingbourbon.com/review/basil-hayden-cognac-cask-reserve-bourbon,2026-10-02,https://cdn.prod.website-files.com/5ace2bae31f6d3c07d267cb9/6aaaa8135b9e576a55a570b7_basil-hayden-cognac-cask-reserve-bourbon-01.jpg,bourbon_kentucky_majors
Bourbon,Maker's Mark Distillery,"Loretto, KY",Maker's Mark,own_make,NULL,FALSE,FALSE,Kentucky Straight Bourbon; ; Wood Finishing Series — The Stewards Release (109.6 Proof),NAS,NULL,2026 Release,109.6,54.8,Corn 70% / Wheat 16% / Malted Barley 14%,New charred oak,Wood stave finish,https://www.breakingbourbon.com/bourbon-whiskey-press-releases/makers-mark-unveils-2026-wood-finishing-series-the-stewards-release; https://www.breakingbourbon.com/review/makers-mark-wood-finishing-series-the-stewards-release,2026-10-02,https://cdn.prod.website-files.com/5ace2bae31f6d3c07d267cb9/69b2145d0c88e01480381422_Makers%20Mark%20The%20Stewards.jpg,bourbon_kentucky_majors
Bourbon,Maker's Mark Distillery,"Loretto, KY",Maker's Mark,own_make,NULL,FALSE,FALSE,Kentucky Straight Bourbon; ; Wood Finishing Series — The Stewards Release (113.3 Proof),NAS,NULL,2026 Release,113.3,56.65,Corn 70% / Wheat 16% / Malted Barley 14%,New charred oak,Wood stave finish,https://www.breakingbourbon.com/bourbon-whiskey-press-releases/makers-mark-unveils-2026-wood-finishing-series-the-stewards-release; https://www.breakingbourbon.com/review/makers-mark-wood-finishing-series-the-stewards-release,2026-10-02,https://cdn.prod.website-files.com/5ace2bae31f6d3c07d267cb9/69cfb2f775744576571a3747_makers-mark-wood-finishing-series-the-stewards-release-01.jpg,bourbon_kentucky_majors
Bourbon,Maker's Mark Distillery,"Loretto, KY",Maker's Mark,own_make,NULL,FALSE,FALSE,Kentucky Straight Bourbon; Cask Strength; Cellar Aged,NAS,NULL,2026 Release,112.1,56.05,Corn 70% / Wheat 16% (soft red winter) / Malted Barley 14%,New charred oak,NULL,https://www.breakingbourbon.com/bourbon-whiskey-press-releases/makers-mark-introduces-cellar-aged-2026; https://www.breakingbourbon.com/review/makers-mark-cellar-aged-2026,2026-10-02,https://cdn.prod.website-files.com/5ace2bae31f6d3c07d267cb9/6aa42355c7ad5d3b1b7d6e37_makers-mark-cellar-aged-2026-01.jpg,bourbon_kentucky_majors
Bourbon,Buffalo Trace Distillery,"Frankfort, KY",Buffalo Trace,own_make,NULL,FALSE,FALSE,Kentucky Straight Bourbon; ; Single Oak Project Rye Bourbon,NAS,NULL,NULL,90,45,NULL,New charred oak,NULL,https://www.breakingbourbon.com/bourbon-whiskey-press-releases/buffalo-trace-distillery-advances-bourbon-experimentation-with-debut-single-oak-release-and-newest-addition-to-experimental-collection; https://www.breakingbourbon.com/review/buffalo-trace-single-oak-rye-bourbon-2026,2026-10-02,https://cdn.prod.website-files.com/5ace2bae31f6d3c07d267cb9/6a0725200538aaaa8d46d5e9_buffalo-trace-single-oak-rye-bourbon-2026-01.jpg,bourbon_kentucky_majors
Bourbon,Buffalo Trace Distillery,"Frankfort, KY",Eagle Rare,own_make,NULL,FALSE,FALSE,Kentucky Straight Bourbon; ; 30 Year Old,30 Years,NULL,NULL,101,50.5,NULL,New charred oak,NULL,https://www.breakingbourbon.com/bourbon-whiskey-press-releases/buffalo-trace-debuts-eagle-rare-30-its-oldest-bourbon-yet,2026-10-02,https://cdn.prod.website-files.com/5ace2bae31f6d3c07d267cb9/69e0f2376fc622bf05d1e631_Eagle-Rare-30-Year-Warehouse-Bottle-1.jpg,bourbon_kentucky_majors
Bourbon,Buffalo Trace Distillery,"Frankfort, KY",Daniel Weller,own_make,NULL,FALSE,FALSE,Bourbon; ; Spelt Wheat,NULL,NULL,NULL,94,47,Corn / Spelt Wheat / Malted Barley,New charred oak,NULL,https://www.breakingbourbon.com/bourbon-whiskey-press-releases/buffalo-trace-distillery-introduces-next-chapter-in-the-daniel-weller-experimental-line-spelt-wheat,2026-10-02,https://cdn.prod.website-files.com/5ace2bae31f6d3c07d267cb9/69c2c8feffeb7ef3b83535f8_DW-SpeltWheat-HouseGlencairn.jpg,bourbon_kentucky_majors
Bourbon,Buffalo Trace Distillery,"Frankfort, KY",Elmer T. Lee,own_make,NULL,FALSE,TRUE,Kentucky Straight Bourbon; Single Barrel; 40th Anniversary Edition Uncut and Unfiltered,NULL,NULL,NULL,NULL,NULL,NULL,New charred oak,NULL,https://www.breakingbourbon.com/bourbon-whiskey-press-releases/buffalo-trace-distillery-honors-40-years-of-elmer-t-lee-bourbon-with-first-ever-uncut-and-unfiltered-offering,2026-10-02,https://cdn.prod.website-files.com/5ace2bae31f6d3c07d267cb9/6aa81d3e8404bb65d3c9f4f1_ETL%2040th.jpg,bourbon_kentucky_majors
Bourbon,Buffalo Trace Distillery,"Frankfort, KY",John G. Carlisle,own_make,NULL,FALSE,FALSE,Kentucky Straight Bourbon; ; Prohibition Collection #3,NULL,NULL,2026 Release,100,50,NULL,New charred oak,NULL,https://www.breakingbourbon.com/bourbon-whiskey-press-releases/buffalo-trace-distillery-releases-third-edition-of-its-prohibition-collection; https://www.breakingbourbon.com/article/the-prohibition-collection-returns-reviewing-buffalo-traces-2026-edition; https://barbank.com/products/buffalo-trace-prohibition-collection-full-set-5-x-375ml-2026-1-875-l,2026-10-03,https://cdn.prod.website-files.com/5ace2bae31f6d3c07d267cb9/6a43bf75a3ecd18562f8cd79_PC3-Family%202.jpg,bourbon_kentucky_majors
Bourbon,Buffalo Trace Distillery,"Frankfort, KY",Walter B. Duffy,own_make,NULL,FALSE,FALSE,Kentucky Straight Bourbon; ; Prohibition Collection #3,NULL,NULL,2026 Release,107,53.5,NULL,New charred oak,NULL,https://www.breakingbourbon.com/bourbon-whiskey-press-releases/buffalo-trace-distillery-releases-third-edition-of-its-prohibition-collection; https://www.breakingbourbon.com/article/the-prohibition-collection-returns-reviewing-buffalo-traces-2026-edition; https://barbank.com/products/buffalo-trace-prohibition-collection-full-set-5-x-375ml-2026-1-875-l,2026-10-03,https://cdn.prod.website-files.com/5ace2bae31f6d3c07d267cb9/6a43bf75a3ecd18562f8cd79_PC3-Family%202.jpg,bourbon_kentucky_majors
Bourbon,Buffalo Trace Distillery,"Frankfort, KY",Cove Spring,own_make,NULL,FALSE,FALSE,Kentucky Straight Bourbon; ; Prohibition Collection #3,NULL,NULL,2026 Release,120.2,60.1,wheated,New charred oak,NULL,https://www.breakingbourbon.com/bourbon-whiskey-press-releases/buffalo-trace-distillery-releases-third-edition-of-its-prohibition-collection; https://www.breakingbourbon.com/article/the-prohibition-collection-returns-reviewing-buffalo-traces-2026-edition; https://barbank.com/products/buffalo-trace-prohibition-collection-full-set-5-x-375ml-2026-1-875-l,2026-10-03,https://cdn.prod.website-files.com/5ace2bae31f6d3c07d267cb9/6a43bf75a3ecd18562f8cd79_PC3-Family%202.jpg,bourbon_kentucky_majors
Bourbon,Barton 1792 Distillery,"Bardstown, KY",1792,own_make,NULL,FALSE,FALSE,Kentucky Straight Bourbon; ; XV,15 Years,NULL,2026 Release,124.2,62.1,NULL,New charred oak,NULL,https://www.breakingbourbon.com/review/1792-xv-2026; https://www.breakingbourbon.com/bourbon-whiskey-press-releases/barton-1792-distillery-adds-two-landmark-expressions-to-its-whiskey-lineup-1792-kentucky-straight-rye-whiskey-and-1792-xv,2026-10-03,https://cdn.prod.website-files.com/5ace2bae31f6d3c07d267cb9/6a884e97031d3c1a6b552f5e_1792-XV-2026-01.jpg,bourbon_kentucky_majors
Bourbon,Wild Turkey Distillery,"Lawrenceburg, KY",Wild Turkey,own_make,NULL,FALSE,FALSE,Kentucky Straight Bourbon; ; Austin Nichols Archives — Gold Foil Edition,16 Years,NULL,NULL,120,60,Corn 75% / Rye 13% / Malted Barley 12%,New charred oak,NULL,https://www.breakingbourbon.com/bourbon-whiskey-press-releases/wild-turkey-unveils-the-next-chapter-of-its-bourbon-legacy-wild-turkey-austin-nichols-archives-gold-foil-edition; https://www.breakingbourbon.com/review/wild-turkey-austin-nichols-archives-gold-foil-edition,2026-10-02,https://cdn.prod.website-files.com/5ace2bae31f6d3c07d267cb9/6a3e7bf09a56ba0d948d9049_wild-turkey-austin-nichols-archives-gold-foil-edition-01.jpg,bourbon_kentucky_majors
Bourbon,Wild Turkey Distillery,"Lawrenceburg, KY",Russell's Reserve,own_make,NULL,FALSE,FALSE,Kentucky Straight Bourbon; ; 13 Year,13 Years,NULL,2026 Spring Release,121.2,60.6,Corn 75% / Rye 13% / Malted Barley 12%,New charred oak,NULL,https://www.breakingbourbon.com/bourbon-whiskey-press-releases/russells-reserve-honors-eddie-russells-45-year-legacy-with-a-cinematic-tribute-and-the-spring-2026-return-of-the-13-year-old; https://www.breakingbourbon.com/review/russells-reserve-13-year-old-bourbon-2026,2026-10-02,https://cdn.prod.website-files.com/5ace2bae31f6d3c07d267cb9/6a57bcd4b9ca65fa489cf273_russells-reserve-13-year-old-bourbon-2026-01.jpg,bourbon_kentucky_majors
Bourbon,Woodford Reserve Distillery,"Versailles, KY",Woodford Reserve,own_make,NULL,FALSE,FALSE,Kentucky Straight Bourbon; ; Master's Collection — Super Seasoned Oak,NULL,NULL,2026 Release,100.4,50.2,NULL,New charred oak (staves air-seasoned 5–7 years),NULL,https://wineindustryadvisor.com/2026/09/03/woodford-reserve-unveils-masters-collection-no-22-super-seasoned-oak/; https://www.drinkhacker.com/2026/09/25/review-woodford-reserve-masters-collection-super-seasoned-oak-bourbon/,2026-10-02,https://win-advisor-media-library.s3.us-west-1.amazonaws.com/wp-content/uploads/2026/09/03100337/US_Woodford-Reserve_Masters-Collection_Super-Seasoned-Oak_700ml.jpg,bourbon_kentucky_majors
Bourbon,Heaven Hill Bernheim Distillery,"Louisville, KY",Elijah Craig,own_make,NULL,FALSE,FALSE,Kentucky Straight Bourbon; Cask Strength,11 Years 6 Months,NULL,B525,126.2,63.1,Corn 78% / Malted Barley 12% / Rye 10%,New charred oak,NULL,https://www.breakingbourbon.com/review/elijah-craig-barrel-proof-bourbon-batch-b525,2026-10-03,https://cdn.prod.website-files.com/5ace2bae31f6d3c07d267cb9/685e981d725b3328d5f4e49c_elijah-craig-barrel-proof-bourbon-batch-b525-01.jpg,bourbon_kentucky_majors
Bourbon,Heaven Hill Bernheim Distillery,"Louisville, KY",Elijah Craig,own_make,NULL,FALSE,FALSE,Kentucky Straight Bourbon; Cask Strength,9 Years 1 Month,NULL,C925,129,64.5,Corn 78% / Malted Barley 12% / Rye 10%,New charred oak,NULL,https://www.breakingbourbon.com/review/elijah-craig-barrel-proof-bourbon-batch-c925,2026-10-03,https://cdn.prod.website-files.com/5ace2bae31f6d3c07d267cb9/68f2596b6c0bce2d0eec3f0e_elijah-craig-barrel-proof-bourbon-batch-c925-01.jpg,bourbon_kentucky_majors
Bourbon,Heaven Hill Bernheim Distillery,"Louisville, KY",Larceny,own_make,NULL,FALSE,FALSE,Kentucky Straight Bourbon; Cask Strength,6-8 Years,NULL,A125,125,62.5,Corn 68% / Wheat 20% / Malted Barley 12%,New charred oak,NULL,https://www.breakingbourbon.com/review/larceny-barrel-proof-bourbon-batch-a125,2026-10-03,https://cdn.prod.website-files.com/5ace2bae31f6d3c07d267cb9/67e565f90a703aaf65a425b9_Larceny-Barrel-Proof-Bourbon-Batch-A125-01.jpg,bourbon_kentucky_majors
Bourbon,Heaven Hill Bernheim Distillery,"Louisville, KY",Larceny,own_make,NULL,FALSE,FALSE,Kentucky Straight Bourbon; Cask Strength,6-8 Years,NULL,B525,117.4,58.7,Corn 68% / Wheat 20% / Malted Barley 12%,New charred oak,NULL,https://www.breakingbourbon.com/review/larceny-barrel-proof-bourbon-batch-b525,2026-10-03,https://cdn.prod.website-files.com/5ace2bae31f6d3c07d267cb9/686692e2e255f23e887e0b08_larceny-barrel-proof-bourbon-batch-b525-01.jpg,bourbon_kentucky_majors
Bourbon,Heaven Hill Bernheim Distillery,"Louisville, KY",Larceny,own_make,NULL,FALSE,FALSE,Kentucky Straight Bourbon; Cask Strength,6-8 Years,NULL,C925,119.6,59.8,Corn 68% / Wheat 20% / Malted Barley 12%,New charred oak,NULL,https://www.breakingbourbon.com/review/larceny-barrel-proof-batch-bourbon-batch-c925,2026-10-03,https://cdn.prod.website-files.com/5ace2bae31f6d3c07d267cb9/6908b8e5f0986ad478dd9a01_larceny-barrel-proof-batch-bourbon-batch-c925-01.jpg,bourbon_kentucky_majors
Bourbon,Heaven Hill Bernheim Distillery,"Louisville, KY",Heaven Hill Heritage Collection,own_make,NULL,FALSE,FALSE,Kentucky Straight Bourbon; Cask Strength,17 Years,NULL,First Edition,118.2,59.1,Corn 78% / Rye 10% / Malted Barley 12%,New charred oak,NULL,https://www.breakingbourbon.com/bourbon-whiskey-press-releases/heaven-hill-distillery-launches-new-ultra-premium-heaven-hill-heritage-collection; https://www.breakingbourbon.com/review/heaven-hill-heritage-collection-17-year-old-barrel-proof-bourbon-first-edition,2026-10-03,https://cdn.prod.website-files.com/5ace2bae31f6d3c07d267cb9/6239ccb99f2e40a5eeede632_Heaven-Hill-Heritage-Collection-Bourbon-2022-01.jpg,bourbon_kentucky_majors
Bourbon,Heaven Hill Bernheim Distillery,"Louisville, KY",Heaven Hill Heritage Collection,own_make,NULL,FALSE,FALSE,Kentucky Straight Bourbon,18 Years,2005,2024 Release,120,60,Corn 78% / Malted Barley 12% / Rye 10%,New charred oak,NULL,https://www.breakingbourbon.com/bourbon-whiskey-press-releases/heaven-hill-distillery-announces-2024-heaven-hill-heritage-collection-release; https://www.breakingbourbon.com/review/heaven-hill-heritage-collection-18-year-old-straight-bourbon,2026-10-03,https://cdn.prod.website-files.com/5ace2bae31f6d3c07d267cb9/660c1a4c1305e02677df2e3e_Heaven-Hill-Heritage-Collection-18-Year-01.jpg,bourbon_kentucky_majors
Bourbon,Four Roses Distillery,"Lawrenceburg, KY",Four Roses,own_make,NULL,FALSE,FALSE,Kentucky Straight Bourbon; Single Barrel; Single Barrel Collection OBSF,NAS,NULL,NULL,100,50,Corn 60% / Rye 35% / Malted Barley 5%,New charred oak,NULL,https://www.breakingbourbon.com/review/four-roses-single-barrel-2025-obsf,2026-10-03,https://cdn.prod.website-files.com/5ace2bae31f6d3c07d267cb9/67c5c925fc030b760e2b4434_Four-Roses-Single-Barrel-2025-OBSF-01.jpg,bourbon_kentucky_majors
Bourbon,Four Roses Distillery,"Lawrenceburg, KY",Four Roses,own_make,NULL,FALSE,FALSE,Kentucky Straight Bourbon; Single Barrel; Single Barrel Collection OESK,NAS,NULL,NULL,100,50,Corn 75% / Rye 20% / Malted Barley 5%,New charred oak,NULL,https://www.breakingbourbon.com/review/four-roses-single-barrel-2025-oesk,2026-10-03,https://cdn.prod.website-files.com/5ace2bae31f6d3c07d267cb9/67c5c5f0b618f7ea496c2ac6_Four-Roses-Single-Barrel-2025-OESK-01.jpg,bourbon_kentucky_majors
Bourbon,Four Roses Distillery,"Lawrenceburg, KY",Four Roses,own_make,NULL,FALSE,FALSE,Kentucky Straight Bourbon; Single Barrel; Single Barrel Collection OESO,NAS,NULL,NULL,100,50,Corn 75% / Rye 20% / Malted Barley 5%,New charred oak,NULL,https://www.breakingbourbon.com/review/four-roses-single-barrel-2025-oeso,2026-10-03,https://cdn.prod.website-files.com/5ace2bae31f6d3c07d267cb9/67c5c32e775b6a1eb20c2835_Four-Roses-Single-Barrel-2025-OESO-01.jpg,bourbon_kentucky_majors
Bourbon,Brown-Forman Distillery,"Shively, KY",Old Forester,own_make,NULL,FALSE,FALSE,Kentucky Straight Bourbon; ; 117 Series — 1910 Extra Old,NAS,NULL,Batch 002,93,46.5,Corn 72% / Rye 18% / Malted Barley 10%,New charred oak,Secondary oak barrel,https://www.breakingbourbon.com/review/old-forester-117-series-1910-extra-old-batch-002,2026-10-03,https://cdn.prod.website-files.com/5ace2bae31f6d3c07d267cb9/67c9c7041a35b22153a379d9_Old-Forester-117-Series-1910-Extra-Old-batch-02-01.jpg,bourbon_kentucky_majors
Bourbon,Brown-Forman Distillery,"Shively, KY",Old Forester,own_make,NULL,FALSE,FALSE,Kentucky Straight Bourbon; ; 117 Series — 1910 Extra Extra Old,NAS,NULL,NULL,93,46.5,Corn 72% / Rye 18% / Malted Barley 10%,New charred oak,NULL,https://www.breakingbourbon.com/review/old-forester-117-series-extra-extra-old,2026-10-03,https://cdn.prod.website-files.com/5ace2bae31f6d3c07d267cb9/63f6c3b50772134665ab7547_old-forester-extra-extra-old-bourbon.jpg,bourbon_kentucky_majors
Bourbon,Brown-Forman Distillery,"Shively, KY",Old Forester,own_make,NULL,FALSE,FALSE,Kentucky Straight Bourbon; ; 117 Series — Rum Finish,NAS,NULL,NULL,95,47.5,Corn 72% / Rye 18% / Malted Barley 10%,New charred oak,Rum barrels,https://www.breakingbourbon.com/review/old-forester-117-series-rum-finish,2026-10-03,https://cdn.prod.website-files.com/5ace2bae31f6d3c07d267cb9/66e82bda1385115611af81b6_Old-Forester-117-Series-Rum-Finish-01.jpg,bourbon_kentucky_majors
Bourbon,Brown-Forman Distillery,"Shively, KY",Old Forester,own_make,NULL,FALSE,FALSE,Kentucky Straight Bourbon; ; 117 Series — Scotch Cask Finish,NAS,NULL,NULL,93,46.5,Corn 72% / Rye 18% / Malted Barley 10%,New charred oak,Scotch whisky barrels,https://www.breakingbourbon.com/review/old-forester-117-series-scotch-cask-finish,2026-10-03,https://cdn.prod.website-files.com/5ace2bae31f6d3c07d267cb9/65dc9a19288f86b0e2e00203_Old-Forester-117-Series-Scotch-Cask-Finish-Review-01.jpg,bourbon_kentucky_majors
Bourbon,Brown-Forman Distillery,"Shively, KY",Old Forester,own_make,NULL,FALSE,FALSE,Kentucky Straight Bourbon; ; 117 Series — Warehouse I,11 Years,NULL,NULL,95,47.5,Corn 72% / Rye 18% / Malted Barley 10%,New charred oak,NULL,https://www.breakingbourbon.com/review/old-forester-117-series-warehouse-i,2026-10-03,https://cdn.prod.website-files.com/5ace2bae31f6d3c07d267cb9/67ab634b398283779289820d_Old-Forester-117-Series-Warehouse-I-01.jpg,bourbon_kentucky_majors
Bourbon,Old Forester Distilling Company,"Louisville, KY",Old Forester,own_make,NULL,FALSE,FALSE,Kentucky Straight Bourbon; ; 117 Series — Prohibition Era Still Proof,NAS,NULL,NULL,130,65,Corn 72% / Rye 18% / Malted Barley 10%,New charred oak,NULL,https://www.breakingbourbon.com/review/old-forester-the-117-series-prohibition-era-still-proof,2026-10-03,https://cdn.prod.website-files.com/5ace2bae31f6d3c07d267cb9/6970eb64f054535a3a16ce9f_old-forester-117-series-prohibition-era-still-proof-01.jpg,bourbon_kentucky_majors
Bourbon,Brown-Forman Distillery,"Shively, KY",Old Forester,own_make,NULL,FALSE,FALSE,Kentucky Straight Bourbon; ; 1924 10 Year Old,10 Years,NULL,2024 Release,100,50,Corn 79% / Rye 11% / Malted Barley 10%,New charred oak,NULL,https://www.breakingbourbon.com/review/old-forester-1924-2024; https://www.breakingbourbon.com/bourbon-whiskey-press-releases/old-forester-1924-returns-10-year-old-bourbon-back-on-the-shelf-nationwide,2026-10-03,https://cdn.prod.website-files.com/5ace2bae31f6d3c07d267cb9/65aa913e3ca809ea0090e91a_Old-Forester-1924-Bourbon-2024-01.jpg,bourbon_kentucky_majors
Bourbon,Brown-Forman Distillery,"Shively, KY",Old Forester,own_make,NULL,FALSE,FALSE,Kentucky Straight Bourbon; ; 1924 10 Year Old,10 Years,NULL,2025 Release,100,50,Corn 79% / Rye 11% / Malted Barley 10%,New charred oak,NULL,https://www.breakingbourbon.com/bourbon-whiskey-press-releases/old-forester-1924-returns-10-year-old-bourbon-back-on-the-shelf-nationwide; https://www.breakingbourbon.com/review/old-forester-1924-10-year-old-2025,2026-10-03,https://cdn.prod.website-files.com/5ace2bae31f6d3c07d267cb9/67bc82471d721e0a7573160d_Old-Forester-1924-2025-01.jpg,bourbon_kentucky_majors
Bourbon,Jim Beam Distillery (Clermont),"Clermont, KY",Old Grand-Dad,own_make,NULL,FALSE,FALSE,Kentucky Straight Bourbon,NAS,NULL,NULL,80,40,Corn 63% / Rye 27% / Malted Barley 10%,New charred oak,NULL,https://www.breakingbourbon.com/review/old-grand-dad-bourbon,2026-10-03,https://cdn.prod.website-files.com/5ace2bae31f6d3c07d267cb9/62e3dcacaa4419152a9dab5f_Old-Grand-Dad-Bourbon-01.jpg,bourbon_kentucky_majors
Bourbon,Jim Beam Distillery (Clermont),"Clermont, KY",Old Grand-Dad,own_make,NULL,FALSE,FALSE,Bonded Bourbon; ; Bottled-in-Bond,4 Years,NULL,NULL,100,50,Corn 63% / Rye 27% / Malted Barley 10%,New charred oak,NULL,https://www.breakingbourbon.com/review/old-grand-dad-bonded-bourbon,2026-10-03,https://cdn.prod.website-files.com/5ace2bae31f6d3c07d267cb9/5e612db146e6b81ac7d225d1_Old-Grand-Dad-Bonded-Bourbon-01a.jpg,bourbon_kentucky_majors
Bourbon,Jim Beam Distillery (Clermont),"Clermont, KY",Old Grand-Dad,own_make,NULL,FALSE,FALSE,Kentucky Straight Bourbon; ; 114,NAS,NULL,NULL,114,57,Corn 63% / Rye 27% / Malted Barley 10%,New charred oak,NULL,https://www.breakingbourbon.com/review/old-grand-dad-114-bourbon-2025,2026-10-03,https://cdn.prod.website-files.com/5ace2bae31f6d3c07d267cb9/67acb64a14af61b7af6e4a52_Old-Grand-Dad-114-2024-01.jpg,bourbon_kentucky_majors
Bourbon,Jim Beam Distillery (Clermont),"Clermont, KY",Booker's,own_make,NULL,FALSE,FALSE,Kentucky Straight Bourbon; Small Batch; Phantom Pipes Batch,7 Years 6 Months 15 Days,NULL,2025 Release; 2025-04,126.4,63.2,Corn 77% / Rye 13% / Malted Barley 10%,New charred oak,NULL,https://www.beamdistilling.com/bookersbourbon/whiskies/2025-04-phantom-pipes-batch-bourbon; https://www.breakingbourbon.com/review/bookers-bourbon-2025-04-phantom-pipes-batch,2026-10-03,https://www.beamdistilling.com/sites/default/files/2026-01/Phantom%20Pipes%20Batch.png,bourbon_kentucky_majors
Bourbon,Maker's Mark Distillery,"Loretto, KY",Maker's Mark,own_make,NULL,FALSE,FALSE,Kentucky Straight Bourbon; Cask Strength; Cellar Aged,NAS,NULL,2025 Release,112.9,56.45,Corn 70% / Wheat 16% / Malted Barley 14%,New charred oak,NULL,https://www.breakingbourbon.com/bourbon-whiskey-press-releases/makers-mark-cellar-aged-returns-in-2025; https://www.breakingbourbon.com/review/makers-mark-cellar-aged-2025-release,2026-10-03,https://cdn.prod.website-files.com/5ace2bae31f6d3c07d267cb9/69988d492a9bb4050d35b2e1_makers-mark-cellar-aged-2025-release-01.jpg,bourbon_kentucky_majors
Bourbon,Maker's Mark Distillery,"Loretto, KY",Maker's Mark,own_make,NULL,FALSE,FALSE,Kentucky Straight Bourbon; ; Wood Finishing Series — The Heart Release,NAS,NULL,NULL,111.7,55.85,Corn 70% / Wheat 16% / Malted Barley 14%,New charred oak,Virgin French oak staves,https://www.breakingbourbon.com/review/makers-mark-wood-finishing-series-the-heart-release,2026-10-03,https://cdn.prod.website-files.com/5ace2bae31f6d3c07d267cb9/66f6d61f8690808b9290be1e_Makers-Mark-The-Heart-Release-01.jpg,bourbon_kentucky_majors
Bourbon,Maker's Mark Distillery,"Loretto, KY",Maker's Mark,own_make,NULL,FALSE,FALSE,Kentucky Straight Bourbon; ; Wood Finishing Series — The Keepers Release,NAS,NULL,NULL,109.2,54.6,Corn 70% / Wheat 16% / Malted Barley 14%,New charred oak,Virgin toasted American white oak staves,https://www.breakingbourbon.com/review/makers-mark-wood-finishing-series-the-keepers-release,2026-10-03,https://cdn.prod.website-files.com/5ace2bae31f6d3c07d267cb9/6852c44582222a16d02ee7d6_makers-mark-wood-finishing-series-the-keepers-release-01.jpg,bourbon_kentucky_majors
Bourbon,Buffalo Trace Distillery,"Frankfort, KY",Eagle Rare,own_make,NULL,FALSE,FALSE,Kentucky Straight Bourbon; ; 25 Year Old,25 Years,NULL,NULL,101,50.5,NULL,New charred oak,NULL,https://www.breakingbourbon.com/bourbon-whiskey-press-releases/buffalo-trace-distillery-establishes-a-new-era-of-ultra-aged-american-whiskey-with-introduction-of-eagle-rare-25-bourbon,2026-10-03,https://cdn.prod.website-files.com/5ace2bae31f6d3c07d267cb9/653a722924f41929faee7a31_eagle-rare-25-year-press-release-01.jpg,bourbon_kentucky_majors
Bourbon,Buffalo Trace Distillery,"Frankfort, KY",Daniel Weller,own_make,NULL,FALSE,FALSE,Bourbon; ; Emmer Wheat,NAS,NULL,NULL,94,47,NULL,New charred oak,NULL,https://www.breakingbourbon.com/bourbon-whiskey-press-releases/buffalo-trace-distillery-announces-daniel-weller; https://www.breakingbourbon.com/review/daniel-weller-emmer-wheat-bourbon,2026-10-03,https://cdn.prod.website-files.com/5ace2bae31f6d3c07d267cb9/65045d17a7b12ffeb64d62e9_daniel-weller-bourbon-01.jpg,bourbon_kentucky_majors
Bourbon,Woodford Reserve Distillery,"Versailles, KY",Woodford Reserve,own_make,NULL,FALSE,FALSE,Kentucky Straight Bourbon; ; Double Double Oaked,NAS,NULL,NULL,90.4,45.2,Corn 72% / Rye 18% / Malted Barley 10%,New charred oak,"Second heavily toasted, lightly charred new oak barrel (extended)",https://www.breakingbourbon.com/bourbon-whiskey-press-releases/woodford-reserves-beloved-double-double-oaked-makes-national-debut; https://www.breakingbourbon.com/review/woodford-reserve-double-double-oak-bourbon,2026-10-03,https://cdn.prod.website-files.com/5ace2bae31f6d3c07d267cb9/67b8a611b15efaa77e03005d_Woodford-Reserve-Double-Double-Oak-01.jpg,bourbon_kentucky_majors
Bourbon,Brown-Forman Distillery,"Shively, KY",King of Kentucky,own_make,NULL,FALSE,TRUE,"Kentucky Straight Bourbon; Single Barrel, Cask Strength; 2018 Edition",14 Years,NULL,NULL,NULL,NULL,Corn 79% / Rye 11% / Malted Barley 10%,New charred oak,NULL,https://www.breakingbourbon.com/review/king-of-kentucky-bourbon-2018-release,2026-10-03,https://cdn.prod.website-files.com/5ace2bae31f6d3c07d267cb9/5b4d0dffc8412fd97521ee37_King-of-Kentucky-Bourbon-01a.jpg,bourbon_kentucky_majors
Bourbon,Brown-Forman Distillery,"Shively, KY",King of Kentucky,own_make,NULL,FALSE,TRUE,"Kentucky Straight Bourbon; Single Barrel, Cask Strength; 2019 Edition",15 Years,NULL,NULL,NULL,NULL,NULL,New charred oak,NULL,https://www.breakingbourbon.com/bourbon-whiskey-press-releases/king-of-kentucky-bourbon-releases-second-edition,2026-10-03,https://cdn.prod.website-files.com/5ace2bae31f6d3c07d267cb9/5d13604ecc95d9ec3e1497b5_breaking-bourbon-king-of-kentucky-2019-release.jpg,bourbon_kentucky_majors
Bourbon,Brown-Forman Distillery,"Shively, KY",King of Kentucky,own_make,NULL,FALSE,TRUE,"Kentucky Straight Bourbon; Single Barrel, Cask Strength; 2020 Edition",14 Years,NULL,NULL,NULL,NULL,Corn 79% / Rye 11% / Malted Barley 10%,New charred oak,NULL,https://www.breakingbourbon.com/bourbon-whiskey-press-releases/king-of-kentucky-bourbon-releases-third-edition; https://www.breakingbourbon.com/review/king-of-kentucky-2020-release,2026-10-03,https://cdn.prod.website-files.com/5ace2bae31f6d3c07d267cb9/5f68dd0ade36eb3fc0102700_King-of-Kentucky-2020-Release-01a.jpg,bourbon_kentucky_majors
Bourbon,Brown-Forman Distillery,"Shively, KY",King of Kentucky,own_make,NULL,FALSE,TRUE,"Kentucky Straight Bourbon; Single Barrel, Cask Strength; 2021 Edition",14 Years,NULL,NULL,NULL,NULL,Corn 79% / Rye 11% / Malted Barley 10%,New charred oak,NULL,https://www.breakingbourbon.com/bourbon-whiskey-press-releases/king-of-kentucky-bourbon-releases-fourth-edition; https://www.breakingbourbon.com/review/king-of-kentucky-2021-release,2026-10-03,https://cdn.prod.website-files.com/5ace2bae31f6d3c07d267cb9/616ec145a245900bbb78c121_King-of-Kentucky-Bourbon-2021-Release-01.jpg,bourbon_kentucky_majors
Bourbon,Brown-Forman Distillery,"Shively, KY",King of Kentucky,own_make,NULL,FALSE,TRUE,"Kentucky Straight Bourbon; Single Barrel, Cask Strength; 2022 Edition",15 Years,NULL,NULL,NULL,NULL,Corn 79% / Rye 11% / Malted Barley 10%,New charred oak,NULL,https://www.breakingbourbon.com/bourbon-whiskey-press-releases/king-of-kentucky-bourbon-releases-fifth-edition; https://www.breakingbourbon.com/review/king-of-kentucky-2022-release,2026-10-03,https://cdn.prod.website-files.com/5ace2bae31f6d3c07d267cb9/6304dc997247f24f4ee50864_King-of-Kentucky-2022-Release-01.jpg,bourbon_kentucky_majors
Bourbon,Brown-Forman Distillery,"Shively, KY",King of Kentucky,own_make,NULL,FALSE,TRUE,"Kentucky Straight Bourbon; Single Barrel, Cask Strength; 2023 Edition",16 Years,NULL,NULL,NULL,NULL,Corn 79% / Rye 11% / Malted Barley 10%,New charred oak,NULL,https://www.breakingbourbon.com/bourbon-whiskey-press-releases/king-of-kentucky-bourbon-releases-sixth-edition; https://www.breakingbourbon.com/review/king-of-kentucky-2023-release,2026-10-03,https://cdn.prod.website-files.com/5ace2bae31f6d3c07d267cb9/652ff3758d86f71418d14623_king-of-kentucky-2023-01.jpg,bourbon_kentucky_majors
Bourbon,Brown-Forman Distillery,"Shively, KY",King of Kentucky,own_make,NULL,FALSE,TRUE,"Kentucky Straight Bourbon; Single Barrel, Cask Strength; 2024 Edition",16 Years,NULL,NULL,NULL,NULL,Corn 79% / Rye 11% / Malted Barley 10%,New charred oak,NULL,https://www.breakingbourbon.com/bourbon-whiskey-press-releases/king-of-kentucky-bourbon-releases-seventh-edition; https://www.breakingbourbon.com/review/king-of-kentucky-2024-release,2026-10-03,https://cdn.prod.website-files.com/5ace2bae31f6d3c07d267cb9/6734bb81d7d71e5433fd08cb_King-of-Kentucky-2024-Release-01.jpg,bourbon_kentucky_majors
Bourbon,Brown-Forman Distillery,"Shively, KY",King of Kentucky,own_make,NULL,FALSE,TRUE,"Kentucky Straight Bourbon; Single Barrel, Cask Strength; 2025 Edition",17 Years,NULL,NULL,NULL,NULL,Corn 79% / Rye 11% / Malted Barley 10%,New charred oak,NULL,https://www.breakingbourbon.com/bourbon-whiskey-press-releases/aged-to-perfection-the-2025-king-of-kentucky-release-is-a-17-year-old-masterpiece; https://www.breakingbourbon.com/review/king-of-kentucky-2025,2026-10-03,https://cdn.prod.website-files.com/5ace2bae31f6d3c07d267cb9/68dd2b034aa741ba6fc989f9_king-of-kentucky-2025-01.jpg,bourbon_kentucky_majors
Bourbon,Brown-Forman Distillery,"Shively, KY",King of Kentucky,own_make,NULL,FALSE,TRUE,"Kentucky Straight Bourbon; Single Barrel, Cask Strength; 2026 Edition",14 Years,NULL,NULL,NULL,NULL,NULL,New charred oak,NULL,https://www.breakingbourbon.com/bourbon-whiskey-press-releases/king-of-kentucky-returns-in-2026-with-14-year-old-single-barrel-bourbon,2026-10-03,https://cdn.prod.website-files.com/5ace2bae31f6d3c07d267cb9/6abe7beb70111212a190bc6f_King%20of%20Kentucky%20Bottle%20and%20Case.jpg,bourbon_kentucky_majors
Bourbon,Buffalo Trace Distillery,"Frankfort, KY",Stagg,own_make,NULL,FALSE,FALSE,Kentucky Straight Bourbon,NAS,NULL,26A,129.3,64.65,NULL,New charred oak,NULL,https://www.thewhiskyexchange.com/p/88632/stagg-bourbon-batch-26a-bot2026; https://www.thebarreltap.com/products/stagg-kentucky-straight-bourbon-whiskey-batch-26a-129-3-proof; https://bourbon-whiskey-and-rye.com/stagg-jr-release-dates-and-proofs/,2026-10-03,https://img.thewhiskyexchange.com/900/brbon_sta18.jpg,bourbon_kentucky_majors
Bourbon,Jim Beam Distillery (Clermont),"Clermont, KY",Booker's,own_make,NULL,FALSE,FALSE,Kentucky Straight Bourbon; Small Batch,7 Years,NULL,2026 Release; 2026-01E,123.8,61.9,NULL,New charred oak,NULL,https://www.thewhiskyexchange.com/p/87937/bookers-bourbon-batch-2026-01e-7-year-old,2026-10-03,https://img.thewhiskyexchange.com/900/brbon_boo07yo.jpg,bourbon_kentucky_majors
