spirit_type,distillery,distillery_location,spirit_name,producer_type,producer_brand,is_ndp,is_template,special_designation,age_statement,vintage,batch_lot,proof,abv,mash_bill,barrel_type,cask_finish,source_urls,last_verified,label_image_url,cohort
Bourbon,Bardstown Bourbon Company,Bardstown KY,Origin Series,own_make,NULL,FALSE,FALSE,Kentucky Straight Bourbon,6 Years,,,96,48.0,Corn 60% / Rye 36% / Malted Barley 4%,New charred American oak,,https://www.bardstownbourbon.com/our-products/;https://www.breakingbourbon.com/review/bardstown-bourbon-company-origin-series-bottled-in-bond-bourbon;https://www.mensjournal.com/drink/bardstown-bourbon-company-origin-series-estate-distilled-lineup,2026-06-26,https://cdn.prod.website-files.com/5ace2bae31f6d3c07d267cb9/63f90f9abdfb0c65e4916cc8_Bardstown-Bourbon-Origin-BiB-Bourbon-01.jpg,bourbon_kentucky_craft
Bourbon,Bardstown Bourbon Company,Bardstown KY,Origin Series,own_make,NULL,FALSE,FALSE,Kentucky Straight Bourbon; ; Wheated Bottled-in-Bond,6 Years,,,100,50.0,Corn 68% / Wheat 20% / Malted Barley 12%,New charred American oak,,https://www.bardstownbourbon.com/products/origin-series-wheated-bottled-in-bond/;https://www.breakingbourbon.com/review/bardstown-bourbon-company-origin-series-bottled-in-bond-bourbon,2026-06-26,https://cdn.prod.website-files.com/5ace2bae31f6d3c07d267cb9/63f90f9abdfb0c65e4916cc8_Bardstown-Bourbon-Origin-BiB-Bourbon-01.jpg,bourbon_kentucky_craft
Bourbon,Bardstown Bourbon Company,Bardstown KY,Origin Series,own_make,NULL,FALSE,FALSE,Kentucky Straight Bourbon; ; High Wheat Bourbon,6 Years,,,106,53.0,Corn 53% / Wheat 39% / Malted Barley 8%,New charred American oak,,https://www.bardstownbourbon.com/our-products/;https://www.breakingbourbon.com/review/bardstown-bourbon-company-origin-series-high-wheat-bourbon,2026-06-26,https://cdn.prod.website-files.com/5ace2bae31f6d3c07d267cb9/67321ad4fd718c21c0784587_Bardstown-Bourbon-Company-Origin-Series-High-Wheat-Bourbon-01.jpg,bourbon_kentucky_craft
Bourbon,Bardstown Bourbon Company,Bardstown KY,Discovery Series,own_make,NULL,FALSE,FALSE,Kentucky Straight Bourbon,NAS,,#1,121.2,60.6,,,,https://whiskyadvocate.com/Bardstown-Bourbon-Company-Discovery-Series-N1-Kentucky-Straight-Bourbon-60-61;https://www.bardstownbourbon.com/legacy-releases/,2026-06-26,NULL,bourbon_kentucky_craft
Bourbon,Bardstown Bourbon Company,Bardstown KY,Discovery Series,own_make,NULL,FALSE,FALSE,Kentucky Straight Bourbon,NAS,,#2,121.2,60.6,,,,https://www.bardstownbourbon.com/products/discovery-series-2/;https://www.breakingbourbon.com/review/bardstown-bourbon-company-discovery-series-2,2026-06-26,https://cdn.prod.website-files.com/5ace2bae31f6d3c07d267cb9/5f14deeb9065452c82f4e129_Bardstown-Bourbon-Company-Discovery-Series-01a.jpg,bourbon_kentucky_craft
Bourbon,Bardstown Bourbon Company,Bardstown KY,Discovery Series,own_make,NULL,FALSE,FALSE,Kentucky Straight Bourbon,NAS,,#3,110,55.0,,,,https://www.drinkhacker.com/2020/10/23/review-bardstown-bourbon-company-fusion-series-3-and-discovery-series-3/;https://www.bardstownbourbon.com/legacy-releases/,2026-06-26,NULL,bourbon_kentucky_craft
Bourbon,Bardstown Bourbon Company,Bardstown KY,Discovery Series,own_make,NULL,FALSE,FALSE,Kentucky Straight Bourbon,NAS,,#4,115,57.5,,,,https://the-right-spirit.com/2021/06/22/on-familiar-tastes-pt2-bardstown-bourbon-company-discovery-series-4/;https://www.bardstownbourbon.com/legacy-releases/,2026-06-26,https://i0.wp.com/the-right-spirit.com/wp-content/uploads/2021/05/img_3797.jpeg,bourbon_kentucky_craft
Bourbon,Bardstown Bourbon Company,Bardstown KY,Discovery Series,own_make,NULL,FALSE,FALSE,Kentucky Straight Bourbon,NAS,,#5,104.7,52.35,,,,https://www.drinkhacker.com/2021/10/06/review-bardstown-bourbon-fusion-series-5-and-discovery-series-5/;https://www.bardstownbourbon.com/legacy-releases/,2026-06-26,https://www.drinkhacker.com/wp-content/uploads/2021/08/BBCo.-Discovery-2021-e1630014437997.jpg,bourbon_kentucky_craft
Bourbon,Bardstown Bourbon Company,Bardstown KY,Discovery Series,own_make,NULL,FALSE,FALSE,Kentucky Straight Bourbon,NAS,,#11,118.1,59.05,,,,https://www.bardstownbourbon.com/products/discovery-series-11/;https://www.breakingbourbon.com/review/bardstown-bourbon-company-discovery-series-11;https://shop.klwines.com/products/details/1725709,2026-06-26,https://cdn.prod.website-files.com/5ace2bae31f6d3c07d267cb9/655b747d4b3c2b4903b47afa_bardstown-bourbon-company-discovery-11-01.jpg,bourbon_kentucky_craft
Bourbon,Bardstown Bourbon Company,Bardstown KY,Discovery Series,own_make,NULL,FALSE,FALSE,Kentucky Straight Bourbon,NAS,,#12,115.2,57.6,,,,https://www.breakingbourbon.com/review/bardstown-bourbon-company-discovery-series-12;https://thebourbonculture.com/whiskey-reviews/bardstown-bourbon-company-discovery-series-12-review/,2026-06-26,https://cdn.prod.website-files.com/5ace2bae31f6d3c07d267cb9/67166ee3e5f93bc6aa62f861_Bardstown-Bourbon-Company-Discovery-Series-12-01.jpg,bourbon_kentucky_craft
Bourbon,Bardstown Bourbon Company,Bardstown KY,Discovery Series,own_make,NULL,FALSE,FALSE,Kentucky Straight Bourbon,NAS,,#13,110.8,55.4,,,,https://www.bardstownbourbon.com/products/discovery-13/;https://www.breakingbourbon.com/review/bardstown-bourbon-company-discovery-series-13;https://www.businesswire.com/news/home/20250826475668/en/Bardstown-Bourbon-Reveals-2025-Annual-Releases-Discovery-13-Ferrand-II,2026-06-26,https://cdn.prod.website-files.com/5ace2bae31f6d3c07d267cb9/690b634553ae25515c0925b6_bardstown-bourbon-company-discovery-series-13-01.jpg,bourbon_kentucky_craft
Bourbon,Bardstown Bourbon Company,Bardstown KY,Fusion Series,own_make,NULL,FALSE,FALSE,Kentucky Straight Bourbon,NAS,,#1,98.9,49.45,,,,https://canawineco.com/products/bardstown-fusion-series-1;https://www.bardstownbourbon.com/legacy-releases/,2026-06-26,https://canawineco.com/cdn/shop/files/ita_1JsCFCoeZNRTysMlIXbDGH6C.webp,bourbon_kentucky_craft
Bourbon,Bardstown Bourbon Company,Bardstown KY,Fusion Series,own_make,NULL,FALSE,FALSE,Kentucky Straight Bourbon,NAS,,#3,,,,,,https://www.bourbonguy.com/blog/2021/3/9/bardstown-bourbon-company-fusion-series-3;https://www.drinkhacker.com/2020/10/23/review-bardstown-bourbon-company-fusion-series-3-and-discovery-series-3/,2026-06-26,http://static1.squarespace.com/static/51379b83e4b02119d184b2a2/t/6048091b6130a80eac64aff1/1615333662585/Bardstown-Fusion-3-social.jpg,bourbon_kentucky_craft
Bourbon,Bardstown Bourbon Company,Bardstown KY,Fusion Series,own_make,NULL,FALSE,FALSE,Kentucky Straight Bourbon,NAS,,#5,94.9,47.45,,,,https://www.drinkhacker.com/2021/10/06/review-bardstown-bourbon-fusion-series-5-and-discovery-series-5/;https://www.bardstownbourbon.com/legacy-releases/,2026-06-26,https://www.drinkhacker.com/wp-content/uploads/2021/08/BBCo.-Discovery-2021-e1630014437997.jpg,bourbon_kentucky_craft
Bourbon,Bardstown Bourbon Company,Bardstown KY,Fusion Series,own_make,NULL,FALSE,FALSE,Kentucky Straight Bourbon,NAS,,#6,97.9,48.95,,,,https://www.caskers.com/bardstown-bourbon-company-fusion-series-6-kentucky-straight-bourbon-whiskey/;https://www.bardstownbourbon.com/legacy-releases/,2026-06-26,NULL,bourbon_kentucky_craft
Bourbon,Bardstown Bourbon Company,Bardstown KY,Fusion Series,own_make,NULL,FALSE,FALSE,Kentucky Straight Bourbon,NAS,,#7,98.1,49.05,,,,https://thewhiskeywash.com/reviews/whiskey-reviews-bardstown-bourbon-companys-fusion-series-7-and-discovery-series-7/;https://www.businesswire.com/news/home/20220921005126/en/Bardstown-Bourbon-Co.-to-Release-Final-Expressions-in-Fusion-Series,2026-06-26,NULL,bourbon_kentucky_craft
Bourbon,Bardstown Bourbon Company,Bardstown KY,Fusion Series,own_make,NULL,FALSE,FALSE,Kentucky Straight Bourbon,NAS,,#9,96.8,48.4,,,,https://www.caskers.com/bardstown-bourbon-fusion-series-9-straight-bourbon-whiskey/;https://www.nestorliquor.com/products/bardstown-bourbon-company-fusion-series-9,2026-06-26,http://www.nestorliquor.com/cdn/shop/files/BardstownBourbonCompanyFusionSeries_9.png,bourbon_kentucky_craft
Bourbon,Bardstown Bourbon Company,Bardstown KY,Collaborative Series,own_make,NULL,FALSE,FALSE,Kentucky Straight Bourbon; ; Phifer Pavitt Reserve,NAS,2019,,107,53.5,,,Phifer Pavitt Cabernet Sauvignon,https://www.drinkhacker.com/2019/06/18/review-bardstown-bourbon-fusion-series-1-discovery-series-1-and-phifer-pavitt-reserve/;https://www.bourbonbanter.com/bardstown-bourbon-company-phifer-pavitt-reserve-collaborative-series-1-review/;https://canawineco.com/products/bardstown-collaborative-series-phifer-pavitt-reserve-straight-bourbon-whiskey-collectors-edition,2026-06-26,https://storage.ghost.io/c/1f/bc/1fbc7ea1-d6e2-43ab-9661-246c6f0c07f9/content/images/wp-content/uploads/2019/07/bardstown-bourbon-company-phifer-pavitt-reserve-review-header.jpg,bourbon_kentucky_craft
Bourbon,Bardstown Bourbon Company,Bardstown KY,Collaborative Series,own_make,NULL,FALSE,FALSE,Kentucky Straight Bourbon; ; Phifer Pavitt Reserve,NAS,2020,,,,,,,https://www.bevnet.com/spirits/2020/bardstown-bourbon-company-unveils-second-installment-of-award-winning-collaboration-with-phifer-pavitt-wine/;https://www.bardstownbourbon.com/legacy-releases/,2026-06-26,NULL,bourbon_kentucky_craft
Bourbon,Bardstown Bourbon Company,Bardstown KY,Collaborative Series,own_make,NULL,FALSE,FALSE,Kentucky Straight Bourbon; ; Phifer Pavitt Reserve,NAS,2024,,,,,New charred American oak,Phifer Pavitt Cabernet Sauvignon,https://caskcartel.com/products/bardstown-bourbon-co-collaborative-series-phifer-pavitt-cabernet-finish-straight-bourbon-whiskey-2024-edition;https://www.bardstownbourbon.com/collaborative-series/,2026-06-26,http://caskcartel.com/cdn/shop/files/BardstownBourbonCompanyCollaborativeSeriesPhiferPavittCabernetFinish.webp,bourbon_kentucky_craft
Bourbon,Bardstown Bourbon Company,Bardstown KY,Collaborative Series,own_make,NULL,FALSE,FALSE,Kentucky Straight Bourbon; ; Founders Brewing KBS Stout Finish,NAS,,,110,55.0,,,Founders KBS Kentucky Breakfast Stout,https://www.breakingbourbon.com/bourbon-whiskey-press-releases/bardstown-bourbon-company-releases-collaborative-series-with-founders-brewing;https://www.breakingbourbon.com/review/bardstown-bourbon-company-collaborative-series-founders-brewing-kbs-stout-finish;https://www.abc.virginia.gov/products/bourbon/bardstown-collaborative-series---founders-kbs,2026-06-26,https://cdn.prod.website-files.com/5ace2bae31f6d3c07d267cb9/62040e71a6b3cb58c9fdba91_founders%20kb%20v2-1.jpg,bourbon_kentucky_craft
Bourbon,Bardstown Bourbon Company,Bardstown KY,Collaborative Series,own_make,NULL,FALSE,FALSE,Kentucky Straight Bourbon; ; Plantation Rum Finish,NAS,,,,,,,,https://www.bardstownbourbon.com/wp-content/uploads/2022/05/plantation.pdf;https://bourbonbossman.com/2022/10/28/review-of-bardstown-bourbon-co-collaborative-series-straight-bourbon-whiskey-finished-in-plantation-rum-barrels/,2026-06-26,https://bourbonbossman.com/wp-content/uploads/2022/09/0C7C9C31-1056-4FE8-841C-638D31232502.jpg,bourbon_kentucky_craft
Bourbon,Bardstown Bourbon Company,Bardstown KY,Collaborative Series,own_make,NULL,FALSE,FALSE,Kentucky Straight Bourbon; ; Foursquare Rum Cask Finish,NAS,,,107,53.5,,New charred American oak,Foursquare Rum,https://www.drinkhacker.com/2023/06/30/review-bardstown-bourbon-company-collaborative-series-foursquare/;https://www.breakingbourbon.com/review/bardstown-bourbon-company-collaborative-series-foursquare;https://whiskyadvocate.com/Bardstown-Bourbon-Collaborative-Series-Foursquare-Rum-Finished,2026-06-26,https://www.drinkhacker.com/wp-content/uploads/2023/05/bbcfoursquare.png,bourbon_kentucky_craft
Bourbon,Bardstown Bourbon Company,Bardstown KY,Collaborative Series,own_make,NULL,FALSE,FALSE,Kentucky Straight Bourbon; ; Carter Cellars Cabernet Sauvignon Finish,NAS,,,108.3,54.15,,New charred American oak,Carter Cellars Napa Valley Cabernet Sauvignon,https://www.businesswire.com/news/home/20230928226370/en/Bardstown-Bourbon-Company-Showcases-Innovation-in-Two-New-Releases;https://www.breakingbourbon.com/review/bardstown-bourbon-company-collaborative-series-carter-cellars,2026-06-26,https://cdn.prod.website-files.com/5ace2bae31f6d3c07d267cb9/659ff5f86ff39d9925a0f979_bardstown-bourbon-co-carter-cellars-01.jpg,bourbon_kentucky_craft
Bourbon,Bardstown Bourbon Company,Bardstown KY,Collaborative Series,own_make,NULL,FALSE,FALSE,Kentucky Straight Bourbon; ; Goose Island Bourbon County Stout Finish,NAS,,,100,50.0,,New charred American oak,Goose Island Bourbon County Brand Stout,https://www.businesswire.com/news/home/20230906239457/en/Bardstown-Bourbon-Co.s-Collaboration-with-Goose-Island-Bourbon-County-Stout-Celebrates-a-Spirituous-Union-of-Bourbon-and-Beer;https://www.bardstownbourbon.com/products/goose-island-bourbon-county/;https://www.breakingbourbon.com/review/bardstown-bourbon-company-collaborative-series-goose-island-bourbon-county,2026-06-26,https://cdn.prod.website-files.com/5ace2bae31f6d3c07d267cb9/654ceedfb2bdbdd45597e377_Bardstown-Bourbon-Company-Goose-Island-Bourbon-County-01.jpg,bourbon_kentucky_craft
Bourbon,Bardstown Bourbon Company,Bardstown KY,Collaborative Series,own_make,NULL,FALSE,FALSE,Kentucky Straight Bourbon; ; Amrut Indian Single Malt Finish,NAS,,,110,55.0,,New charred American oak,Amrut Indian Single Malt,https://www.breakingbourbon.com/bourbon-whiskey-press-releases/bardstown-bourbon-company-taps-single-malt-beer-and-wine-pioneers-for-2024-collaborative-series-releases;https://bourbonobsessed.com/bardstown-bourbon-company-amrut-collaborative-series-review/,2026-06-26,https://cdn.prod.website-files.com/5ace2bae31f6d3c07d267cb9/66419107a9be597ef3e79007_Amrut%20Collaboration.jpg,bourbon_kentucky_craft
Bourbon,Bardstown Bourbon Company,Bardstown KY,Collaborative Series,own_make,NULL,FALSE,FALSE,Kentucky Straight Bourbon; ; Silver Oak Cabernet Sauvignon Finish,NAS,,,108,54.0,,New charred American oak,Silver Oak Cabernet Sauvignon,https://www.breakingbourbon.com/bourbon-whiskey-press-releases/bardstown-bourbon-company-taps-single-malt-beer-and-wine-pioneers-for-2024-collaborative-series-releases;https://www.bardstownbourbon.com/collaborative-series/,2026-06-26,https://cdn.prod.website-files.com/5ace2bae31f6d3c07d267cb9/66419107a9be597ef3e79007_Amrut%20Collaboration.jpg,bourbon_kentucky_craft
Bourbon,Bardstown Bourbon Company,Bardstown KY,Collaborative Series,own_make,NULL,FALSE,FALSE,Kentucky Straight Bourbon; ; Blackberry Farm Brewery Oxheart Stout Finish,NAS,,,107,53.5,,New charred American oak,Blackberry Farm Brewery Oxheart Stout,https://www.breakingbourbon.com/bourbon-whiskey-press-releases/bardstown-bourbon-company-partners-with-blackberry-farm-for-2024s-final-collaborative-release;https://thewhiskeywash.com/bourbon/bardstown-bourbon-company-announces-final-collaborative-release-of-2024/,2026-06-26,https://cdn.prod.website-files.com/5ace2bae31f6d3c07d267cb9/6705f3b9652c8d7cd2a1c844_BBCo_Blackberry_Farm_Collaboration_5%20sensory.jpg,bourbon_kentucky_craft
Bourbon,Bardstown Bourbon Company,Bardstown KY,Collaborative Series,own_make,NULL,FALSE,FALSE,Kentucky Straight Bourbon; ; Maison Ferrand Finish II,NAS,2025,,111.8,55.9,,New charred American oak,Maison Ferrand Cognac,https://www.bardstownbourbon.com/products/maison-ferrand-finish-ii/;https://www.businesswire.com/news/home/20250826475668/en/Bardstown-Bourbon-Reveals-2025-Annual-Releases-Discovery-13-Ferrand-II;https://www.breakingbourbon.com/review/bardstown-bourbon-company-collaborative-series-ferrand-ii,2026-06-26,https://cdn.prod.website-files.com/5ace2bae31f6d3c07d267cb9/69021675a5629c976242db10_bardstown-bourbon-company-collaborative-series-ferrand-ii-01.jpg,bourbon_kentucky_craft
Bourbon,Willett Distillery,Bardstown KY,Willett Family Estate,own_make,NULL,FALSE,FALSE,Kentucky Straight Bourbon; ; Small Batch Bourbon,4 Years,,,,,,New charred American oak,,https://breakingbourbon.com/bourbon-whiskey-press-releases/willett-distillery-announces-release-of-willett-family-estate-small-batch-bourbon;https://www.distillerytrail.com/blog/willett-distillery-releases-50-barrels-of-cask-strength-willett-family-estate-small-batch-bourbon-whiskey/;https://www.kentuckybourbonwhiskey.com/whiskey/willett-family-estate/,2026-06-26,https://cdn.prod.website-files.com/5ace2bae31f6d3c07d267cb9/691407a1957aaaddfd7f56f1_Willett.jpg,bourbon_kentucky_craft
Bourbon,Willett Distillery,Bardstown KY,Willett Family Estate,own_make,NULL,FALSE,TRUE,Kentucky Straight Bourbon; ; Single Barrel Bourbon,,,,,,,,,https://www.kentuckybourbonwhiskey.com/whiskeys/;https://www.skurnik.com/producer/willett-distillery/,2026-06-28,NULL,bourbon_kentucky_craft
Bourbon,Willett Distillery,Bardstown KY,Willett Pot Still Reserve,own_make,NULL,FALSE,FALSE,Kentucky Straight Bourbon,NAS,,,94,47.0,Corn 65% / Wheat 20% / Malted Barley 15%,New charred American oak,,https://www.kentuckybourbonwhiskey.com/whiskey/willett-pot-still-reserve/;https://www.caskers.com/willett-pot-still-reserve-straight-bourbon-whiskey/;https://thebourbonculture.com/whiskey-reviews/willett-pot-still-bourbon-review/,2026-06-26,https://www.kentuckybourbonwhiskey.com/wp-content/uploads/2023/12/WPSR-1-1024x533.png,bourbon_kentucky_craft
Bourbon,Willett Distillery,Bardstown KY,Noah's Mill,own_make,NULL,FALSE,FALSE,Kentucky Straight Bourbon,NAS,,,114.3,57.15,,,,https://www.kentuckybourbonwhiskey.com/whiskeys/;https://www.breakingbourbon.com/review/noahs-mill-batch-22-23,2026-06-26,https://cdn.prod.website-files.com/5ace2bae31f6d3c07d267cb9/64a85f03e8997e5a27cfa207_Noahs-Mill-Batch-22-23-01.jpg,bourbon_kentucky_craft
Bourbon,Willett Distillery,Bardstown KY,Rowan's Creek,own_make,NULL,FALSE,FALSE,Kentucky Straight Bourbon,NAS,,,100.1,50.05,,,,https://www.kentuckybourbonwhiskey.com/whiskeys/;https://www.breakingbourbon.com/review/rowans-creek-batch-22-34,2026-06-26,https://cdn.prod.website-files.com/5ace2bae31f6d3c07d267cb9/64aeae6eb0e4652c6f614297_Rowans-Creek-Bourbon-2023-01.jpg,bourbon_kentucky_craft
Bourbon,Willett Distillery,Bardstown KY,Pure Kentucky XO,own_make,NULL,FALSE,FALSE,Kentucky Straight Bourbon,NAS,,,107,53.5,,,,https://www.kentuckybourbonwhiskey.com/whiskeys/;https://the-right-spirit.com/2023/09/12/pre-willett-willett-part-2-pure-kentucky-xo-from-2016/,2026-06-26,https://i0.wp.com/the-right-spirit.com/wp-content/uploads/2023/09/img_1452.jpeg,bourbon_kentucky_craft
Bourbon,Willett Distillery,Bardstown KY,Johnny Drum,own_make,NULL,FALSE,FALSE,Kentucky Straight Bourbon; ; Private Stock,NAS,,,101,50.5,,,,https://www.kentuckybourbonwhiskey.com/whiskey/johnny-drum-private-stock/;https://www.breakingbourbon.com/review/johnny-drum-private-stock-bourbon,2026-06-26,https://www.kentuckybourbonwhiskey.com/wp-content/uploads/2023/12/JD.png,bourbon_kentucky_craft
Bourbon,Willett Distillery,Bardstown KY,Johnny Drum,own_make,NULL,FALSE,FALSE,Kentucky Straight Bourbon; ; Black Label,NAS,,,86,43.0,,,,https://www.kentuckybourbonwhiskey.com/whiskeys/;https://bourbontowntours.com/willett-distillery-guide/,2026-06-26,NULL,bourbon_kentucky_craft
Bourbon,Willett Distillery,Bardstown KY,Johnny Drum,own_make,NULL,FALSE,FALSE,Kentucky Straight Bourbon; ; Green Label,NAS,,,80,40.0,,,,https://www.kentuckybourbonwhiskey.com/whiskeys/;https://bourbontowntours.com/willett-distillery-guide/,2026-06-26,NULL,bourbon_kentucky_craft
Bourbon,Willett Distillery,Bardstown KY,Old Bardstown,own_make,NULL,FALSE,FALSE,Kentucky Straight Bourbon; ; 90 Proof,NAS,,,90,45.0,Corn 72% / Rye 13% / Malted Barley 15%,New charred American oak,,https://www.skurnik.com/sku/straight-bourbon-whiskey-old-bardstown-willett-distillery-90-proof/;https://www.kentuckybourbonwhiskey.com/whiskeys/,2026-06-26,https://www.skurnik.com/wp-content/uploads/1980/06/straight-bourbon-whiskey-old-bardstown-willett-distillery-90-proof-22-329x1024.png,bourbon_kentucky_craft
Bourbon,Willett Distillery,Bardstown KY,Old Bardstown,own_make,NULL,FALSE,FALSE,Bonded Bourbon; ; Bottled-in-Bond,NAS,,,100,50.0,Corn 72% / Rye 13% / Malted Barley 15%,New charred American oak,,https://www.kentuckybourbonwhiskey.com/whiskey/old-bardstown-bottled-in-bond/;https://bourbonobsessed.com/old-bardstown-bottled-in-bond-bourbon-review/,2026-06-26,https://www.kentuckybourbonwhiskey.com/wp-content/uploads/2023/12/BIB-1024x533.png,bourbon_kentucky_craft
Bourbon,Willett Distillery,Bardstown KY,Old Bardstown,own_make,NULL,FALSE,FALSE,Kentucky Straight Bourbon; ; Estate Bottled,NAS,,,101,50.5,Corn 72% / Rye 13% / Malted Barley 15%,New charred American oak,,https://www.skurnik.com/sku/straight-bourbon-whiskey-old-bardstown-estate-willett-distillery-101-proof-strapped/;https://www.amongstthewhiskey.com/post/willett-distillery-old-bardstown-estate-bottled-sour-mash-bourbon-review,2026-06-26,https://www.skurnik.com/wp-content/uploads/1980/06/straight-bourbon-whiskey-old-bardstown-estate-willett-distillery-101-proof-strapped-2-417x1024.png,bourbon_kentucky_craft
Bourbon,Willett Distillery,Bardstown KY,Kentucky Vintage,own_make,NULL,FALSE,FALSE,Kentucky Straight Bourbon,NAS,,,90,45.0,,New charred American oak,,https://www.kentuckybourbonwhiskey.com/whiskey/kentucky-vintage/;https://seelbachs.com/products/willett-distillery-kentucky-vintage-bourbon,2026-06-26,http://seelbachs.com/cdn/shop/products/Willett_Distillery_Kentucky_Vintage_Bourbon.png,bourbon_kentucky_craft
Bourbon,Michter's Distillery,Louisville KY,US*1 Kentucky Straight Bourbon,own_make,NULL,FALSE,FALSE,Kentucky Straight Bourbon,NAS,,,91.4,45.7,,New charred American oak,,https://michters.com/kentucky-straight-bourbon/;https://www.bourbonguy.com/blog/2022/7/19/michters-us-1-kentucky-straight-bourbon,2026-06-26,https://michters.com/wp-content/uploads/2023/11/Michters_OG_Default_11-29-2023.jpg,bourbon_kentucky_craft
Bourbon,Michter's Distillery,Louisville KY,US*1 Toasted Barrel Finish Bourbon,own_make,NULL,FALSE,FALSE,Kentucky Straight Bourbon,NAS,,,91.4,45.7,,New charred American oak,Custom toasted American oak (18-month air-dried uncharred),https://michters.com/us1-toasted-barrel-finish-bourbon/;https://winenliquor.com/p/michters-us-1-toasted-barrel-finish-bourbon/,2026-06-26,https://michters.com/wp-content/uploads/2023/11/Michters_OG_Default_11-29-2023.jpg,bourbon_kentucky_craft
Bourbon,Michter's Distillery,Louisville KY,US*1 Barrel Strength Bourbon,own_make,NULL,FALSE,FALSE,Kentucky Straight Bourbon,NAS,2024,24B0481,110,55.0,,New charred American oak,,https://michters.com/us-1-limited-release-barrel-strength-bourbon/;https://whiskyadvocate.com/Michter-s-US-1-Barrel-Strength-2024-Release-Barrel-No-24B0481-55,2026-06-26,http://whiskyadvocate.com/get/files/image/galleries/Michter_s-US-1-Barrel-Strength-Kentucky-Straight-Rye-(2024-Release_-Barrel-No_-24B0481)_300.jpg,bourbon_kentucky_craft
Bourbon,Michter's Distillery,Louisville KY,10 Year Single Barrel Bourbon,own_make,NULL,FALSE,FALSE,Kentucky Straight Bourbon,10 Years,,,94.4,47.2,,New charred American oak,,https://michters.com/whiskeys/;https://binendswine.com/products/michters-us1-10-year-bourbon,2026-06-26,http://binendswine.com/cdn/shop/files/IMG_5575.jpg,bourbon_kentucky_craft
Bourbon,Michter's Distillery,Louisville KY,20 Year Kentucky Straight Bourbon,own_make,NULL,FALSE,FALSE,Kentucky Straight Bourbon,20 Years,2024,,114.2,57.1,,New charred American oak,,https://michters.com/20-year-kentucky-straight-bourbon/;https://www.thebarreltap.com/products/michter-s-20-year-old-bourbon-whiskey-2024,2026-06-26,http://www.thebarreltap.com/cdn/shop/files/Michter_s20YearOldBourbonWhiskey2024Edition750mL.webp,bourbon_kentucky_craft
Bourbon,Michter's Distillery,Louisville KY,20 Year Kentucky Straight Bourbon,own_make,NULL,FALSE,FALSE,Kentucky Straight Bourbon,20 Years,2025,,114.2,57.1,,New charred American oak,,https://michters.com/20-year-kentucky-straight-bourbon/;https://thewhiskeywash.com/whiskey-articles/first-taste-i-tried-the-new-2025-michters-20-year-bourbon-and-it-outperforms-pappy/,2026-06-26,https://michters.com/wp-content/uploads/2023/11/Michters_OG_Default_11-29-2023.jpg,bourbon_kentucky_craft
Bourbon,Michter's Distillery,Louisville KY,25 Year Kentucky Straight Bourbon,own_make,NULL,FALSE,FALSE,Kentucky Straight Bourbon,25 Years,2023,,116.2,58.1,,New charred American oak,,https://michters.com/25-year-kentucky-straight-bourbon/;https://www.drinkhacker.com/2024/07/22/review-michters-bourbon-25-years-old/,2026-06-26,https://michters.com/wp-content/uploads/2023/11/Michters_OG_Default_11-29-2023.jpg,bourbon_kentucky_craft
Bourbon,Lux Row Distillers,Bardstown KY,Rebel,own_make,NULL,FALSE,FALSE,Kentucky Straight Bourbon,NAS,,,80,40.0,wheated,New charred American oak,,https://rebelbourbon.com/whiskey/kentucky-straight-bourbon/;https://luxrowdistillers.com/rebel-bourbon/,2026-06-26,NULL,bourbon_kentucky_craft
Bourbon,Lux Row Distillers,Bardstown KY,Rebel 100,own_make,NULL,FALSE,FALSE,Kentucky Straight Bourbon,NAS,,,100,50.0,wheated,New charred American oak,,https://rebelbourbon.com/whiskey/100-proof-bourbon/;https://luxrowdistillers.com/rebel-bourbon/,2026-06-26,NULL,bourbon_kentucky_craft
Bourbon,Lux Row Distillers,Bardstown KY,Rebel 100,own_make,NULL,FALSE,FALSE,Kentucky Straight Bourbon; ; 6 Year,6 Years,,,100,50.0,wheated,New charred American oak,,https://www.luxco.com/lux-row-distillers-introduces-rebel-100-6-year-bourbon/;https://thewhiskeywash.com/whiskey-styles/bourbon/whiskey-review-rebel-100-6-year-bourbon/,2026-06-26,NULL,bourbon_kentucky_craft
Bourbon,Lux Row Distillers,Bardstown KY,Rebel,own_make,NULL,FALSE,FALSE,Kentucky Straight Bourbon; ; Small Batch Reserve,NAS,,,110,55.0,wheated,New charred American oak,,https://luxrowdistillers.com/rebel-bourbon/;https://www.filmwhiskey.com/blog/review-rebel-small-batch-reserve-bourbon/,2026-06-26,NULL,bourbon_kentucky_craft
Bourbon,Lux Row Distillers,Bardstown KY,Rebel,own_make,NULL,FALSE,FALSE,Kentucky Straight Bourbon; ; 10 Year Single Barrel,10 Years,,,100,50.0,Corn 68% / Wheat 20% / Malted Barley 12%,New charred American oak,,https://rebelbourbon.com/whiskey/10-year-single-barrel-bourbon/;https://www.filmwhiskey.com/blog/review-rebel-10-year-single-barrel-bourbon/,2026-06-28,NULL,bourbon_kentucky_craft
Bourbon,Lux Row Distillers,Bardstown KY,Rebel 100,own_make,NULL,FALSE,FALSE,Kentucky Straight Bourbon; ; Childress Vineyards Cabernet Franc Barrel Finish,4 Years,,,100,50.0,wheated,New charred American oak,Cabernet Franc wine,https://www.prnewswire.com/news-releases/rebel-bourbon-and-childress-vineyards-introduce-rebel-100-childress-vineyards-cabernet-franc-barrel-finish-302461789.html;https://www.breakingbourbon.com/bourbon-whiskey-press-releases/rebel-bourbon-and-childress-vineyards-introduce-rebel-100-childress-vineyards-cabernet-franc-barrel-finish,2026-06-26,https://mma.prnewswire.com/media/2693038/RCR_cab_beauty_shot__1.jpg,bourbon_kentucky_craft
Bourbon,Lux Row Distillers,Bardstown KY,Ezra Brooks,own_make,NULL,FALSE,FALSE,Kentucky Straight Bourbon,NAS,,,90,45.0,,New charred American oak,,https://luxrowdistillers.com/ezra-brooks/;https://ezrabrooks.com/whiskey/kentucky-straight-bourbon/,2026-06-26,NULL,bourbon_kentucky_craft
Bourbon,Lux Row Distillers,Bardstown KY,Ezra Brooks,own_make,NULL,FALSE,FALSE,Kentucky Straight Bourbon; ; 99,NAS,,,99,49.5,,New charred American oak,,https://luxrowdistillers.com/ezra-brooks/;https://www.breakingbourbon.com/review/ezra-brooks-99-bourbon,2026-06-26,NULL,bourbon_kentucky_craft
Bourbon,Lux Row Distillers,Bardstown KY,Old Ezra,own_make,NULL,FALSE,FALSE,Kentucky Straight Bourbon; ; 7 Year Barrel Strength,7 Years,,,117,58.5,,New charred American oak,,https://ezrabrooks.com/whiskey/old-ezra/;https://luxrowdistillers.com/ezra-brooks/,2026-06-26,NULL,bourbon_kentucky_craft
Bourbon,Lux Row Distillers,Bardstown KY,Blood Oath,own_make,NULL,FALSE,FALSE,Kentucky Straight Bourbon,NAS,,Pact 1,98.6,49.3,,New charred American oak,Cognac,https://luxrowdistillers.com/blood-oath/,2026-06-26,NULL,bourbon_kentucky_craft
Bourbon,Lux Row Distillers,Bardstown KY,Blood Oath,own_make,NULL,FALSE,FALSE,Kentucky Straight Bourbon,NAS,,Pact 2,98.6,49.3,,New charred American oak,Sauternes wine,https://luxrowdistillers.com/blood-oath/,2026-06-26,NULL,bourbon_kentucky_craft
Bourbon,Lux Row Distillers,Bardstown KY,Blood Oath,own_make,NULL,FALSE,FALSE,Kentucky Straight Bourbon,NAS,,Pact 3,98.6,49.3,,New charred American oak,Cabernet Sauvignon wine,https://thewhiskeywash.com/bourbon/blood-oath-pact-no-3-bourbon-partially-finished-former-red-wine-barrels/;https://www.luxco.com/blood-oath-pact-no-3-released/,2026-06-26,NULL,bourbon_kentucky_craft
Bourbon,Lux Row Distillers,Bardstown KY,Blood Oath,own_make,NULL,FALSE,FALSE,Kentucky Straight Bourbon,NAS,,Pact 4,98.6,49.3,,New charred American oak,Toasted American oak,https://www.distillerytrail.com/blog/lux-row-distillers-releases-blood-oath-kentucky-bourbon-whiskey-pact-no-4/;https://www.prnewswire.com/news-releases/lux-row-distillers-releases-the-second-edition-of-its-blood-oath-trilogy-featuring-pacts-4-5-and-6-301363951.html,2026-06-26,https://www.distillerytrail.com/wp-content/uploads/2018/03/lux-row-distillers-blood-oath-kentucky-straight-bourbon-whiskey-pact-no.-4-box-cover.jpg,bourbon_kentucky_craft
Bourbon,Lux Row Distillers,Bardstown KY,Blood Oath,own_make,NULL,FALSE,FALSE,Kentucky Straight Bourbon,NAS,,Pact 5,98.6,49.3,,New charred American oak,Caribbean rum,https://www.prnewswire.com/news-releases/lux-row-distillers-releases-the-second-edition-of-its-blood-oath-trilogy-featuring-pacts-4-5-and-6-301363951.html,2026-06-26,https://mma.prnewswire.com/media/1602863/Blood_Oath_Pact_2.jpg,bourbon_kentucky_craft
Bourbon,Lux Row Distillers,Bardstown KY,Blood Oath,own_make,NULL,FALSE,FALSE,Kentucky Straight Bourbon,NAS,,Pact 6,98.6,49.3,,New charred American oak,Cognac,https://www.prnewswire.com/news-releases/lux-row-distillers-releases-the-second-edition-of-its-blood-oath-trilogy-featuring-pacts-4-5-and-6-301363951.html,2026-06-26,https://mma.prnewswire.com/media/1602863/Blood_Oath_Pact_2.jpg,bourbon_kentucky_craft
Bourbon,Lux Row Distillers,Bardstown KY,Blood Oath,own_make,NULL,FALSE,FALSE,Kentucky Straight Bourbon,NAS,,Pact 7,98.6,49.3,,New charred American oak,Sauternes wine,https://www.distillerytrail.com/blog/lux-row-distillers-releases-blood-oath-pact-7-kentucky-straight-bourbon-whiskey-finished-in-sauternes-casks/;https://www.breakingbourbon.com/bourbon-whiskey-press-releases/lux-row-distillers-releases-the-third-edition-of-its-blood-oath-trilogy-featuring-pacts-7-8-and-9,2026-06-26,https://www.distillerytrail.com/wp-content/uploads/2021/03/Blood-Oath-Kentucky-Straight-Bourbon-Whiskey-Pact-No.-7-Finished-in-Sauternes-Casks-Cover.jpg,bourbon_kentucky_craft
Bourbon,Lux Row Distillers,Bardstown KY,Blood Oath,own_make,NULL,FALSE,FALSE,Kentucky Straight Bourbon,NAS,,Pact 8,98.6,49.3,,New charred American oak,Calvados,https://luxrowdistillers.com/blog/2022-release-blood-oath-pact-no-8/;https://www.breakingbourbon.com/bourbon-whiskey-press-releases/lux-row-distillers-releases-the-third-edition-of-its-blood-oath-trilogy-featuring-pacts-7-8-and-9,2026-06-26,https://cdn.prod.website-files.com/5ace2bae31f6d3c07d267cb9/66c4aaf2e33da2ee364086be_Blood%20Oath%20Trilogy.jpeg,bourbon_kentucky_craft
Bourbon,Lux Row Distillers,Bardstown KY,Blood Oath,own_make,NULL,FALSE,FALSE,Kentucky Straight Bourbon,NAS,,Pact 9,98.6,49.3,,New charred American oak,Oloroso Sherry,https://www.breakingbourbon.com/bourbon-whiskey-press-releases/lux-row-distillers-releases-the-third-edition-of-its-blood-oath-trilogy-featuring-pacts-7-8-and-9,2026-06-26,https://cdn.prod.website-files.com/5ace2bae31f6d3c07d267cb9/66c4aaf2e33da2ee364086be_Blood%20Oath%20Trilogy.jpeg,bourbon_kentucky_craft
Bourbon,Lux Row Distillers,Bardstown KY,Blood Oath,own_make,NULL,FALSE,FALSE,Kentucky Straight Bourbon,NAS,,Pact 10,98.6,49.3,,New charred American oak,Cabernet Franc; Merlot wine,https://www.breakingbourbon.com/bourbon-whiskey-press-releases/lux-row-distillers-blood-oath-pact-10-kentucky-straight-bourbon-whiskey-arrives-at-retail-in-april;https://www.prnewswire.com/news-releases/lux-row-distillers-blood-oath-pact-10-kentucky-straight-bourbon-whiskey-arrives-at-retail-in-april-302124788.html,2026-06-26,https://cdn.prod.website-files.com/5ace2bae31f6d3c07d267cb9/66287e04b117f46a74fc693a_Pact%2010%20in%20the%20box.jpeg,bourbon_kentucky_craft
Bourbon,Lux Row Distillers,Bardstown KY,Blood Oath,own_make,NULL,FALSE,FALSE,Kentucky Straight Bourbon,NAS,,Pact 11,98.6,49.3,,New charred American oak,Añejo tequila,https://www.breakingbourbon.com/bourbon-whiskey-press-releases/blood-oath-pact-11-kentucky-straight-bourbon-whiskey-arrives-at-retail-in-april;https://bourbonobsessed.com/blood-oath-pact-11-bourbon-finished-in-anejo-tequila-barrels-launches-april-2025/,2026-06-26,https://cdn.prod.website-files.com/5ace2bae31f6d3c07d267cb9/67e37a9c365ef0b7d120d4dc_Blood%20Oath%20Pack%2011.jpeg,bourbon_kentucky_craft
Bourbon,Lux Row Distillers,Bardstown KY,Blood Oath,own_make,NULL,FALSE,FALSE,Kentucky Straight Bourbon,NAS,,Pact 12,98.6,49.3,,New charred American oak,Montepulciano; Sangiovese wine,https://www.breakingbourbon.com/bourbon-whiskey-press-releases/lux-row-distillers-announces-the-arrival-of-blood-oath-pact-12-kentucky-straight-bourbon-whiskey;https://www.prnewswire.com/news-releases/lux-row-distillers-announces-the-arrival-of-blood-oath-pact-12-kentucky-straight-bourbon-whiskey-302723566.html,2026-06-26,https://cdn.prod.website-files.com/5ace2bae31f6d3c07d267cb9/69c2e6b8e2ae429561c1c87c_Pact-12-Barrel%20slide%20image_0006186.jpg,bourbon_kentucky_craft
Bourbon,Lux Row Distillers,Bardstown KY,David Nicholson 1843,own_make,NULL,FALSE,FALSE,Kentucky Straight Bourbon,NAS,,,100,50.0,Corn 68% / Wheat 20% / Malted Barley 12%,New charred American oak,,https://davidnicholsonbourbon.com/whiskey/davidnicholson-1843/;https://luxrowdistillers.com/david-nicholson/,2026-06-26,NULL,bourbon_kentucky_craft
Bourbon,Lux Row Distillers,Bardstown KY,David Nicholson Reserve,own_make,NULL,FALSE,FALSE,Kentucky Straight Bourbon,NAS,,,100,50.0,Corn 78% / Rye 10% / Malted Barley 12%,New charred American oak,,https://davidnicholsonbourbon.com/whiskey/davidnicholson-reserve/;https://luxrowdistillers.com/david-nicholson/,2026-06-26,NULL,bourbon_kentucky_craft
Bourbon,Lux Row Distillers,Bardstown KY,Daviess County,own_make,NULL,FALSE,FALSE,Kentucky Straight Bourbon,NAS,,,96,48.0,,New charred American oak,,https://luxrowdistillers.com/daviess-county-bourbon/;https://thewhiskeywash.com/whiskey-styles/bourbon/whiskey-reviews-daviess-county-bourbons/,2026-06-26,NULL,bourbon_kentucky_craft
Bourbon,Lux Row Distillers,Bardstown KY,Daviess County,own_make,NULL,FALSE,FALSE,Kentucky Straight Bourbon; ; Cabernet Sauvignon Finish,NAS,,,96,48.0,,New charred American oak,Cabernet Sauvignon wine,https://luxrowdistillers.com/daviess-county-bourbon/;https://thewhiskeywash.com/whiskey-styles/bourbon/whiskey-reviews-daviess-county-bourbons/,2026-06-26,NULL,bourbon_kentucky_craft
Bourbon,Lux Row Distillers,Bardstown KY,Daviess County,own_make,NULL,FALSE,FALSE,Kentucky Straight Bourbon; ; French Oak Finish,NAS,,,96,48.0,,New charred American oak,French oak,https://luxrowdistillers.com/daviess-county-bourbon/;https://thewhiskeywash.com/whiskey-styles/bourbon/whiskey-reviews-daviess-county-bourbons/,2026-06-26,NULL,bourbon_kentucky_craft
Bourbon,Lux Row Distillers,Bardstown KY,Daviess County,own_make,NULL,FALSE,FALSE,Kentucky Straight Bourbon; ; Lightly Toasted Barrel Finish,NAS,,,96,48.0,,New charred American oak,Lightly toasted American oak,https://luxrowdistillers.com/daviess-county-bourbon/,2026-06-26,NULL,bourbon_kentucky_craft
Bourbon,Lux Row Distillers,Bardstown KY,Daviess County,own_make,NULL,FALSE,FALSE,Kentucky Straight Bourbon; ; Medium Toasted Barrel Finish,NAS,,,96,48.0,,New charred American oak,Medium toasted American oak,https://luxrowdistillers.com/daviess-county-bourbon/;https://www.drinkhacker.com/2024/02/19/review-daviess-county-bourbon-medium-toasted-barrel-finish/,2026-06-26,NULL,bourbon_kentucky_craft
Bourbon,Lux Row Distillers,Bardstown KY,Lux Row Double Barrel,own_make,NULL,FALSE,FALSE,Kentucky Straight Bourbon,12 Years,,,118.4,59.2,,New charred American oak,,https://luxrowdistillers.com/lux-row-double-barrel/;https://thewhiskeywash.com/reviews/whiskey-review-lux-row-distillers-double-barrel-kentucky-straight-bourbon/,2026-06-26,NULL,bourbon_kentucky_craft
Bourbon,Log Still Distillery,Gethsemane KY,Monk's Road,own_make,NULL,FALSE,FALSE,Kentucky Straight Bourbon; Small Batch,4 Years,,,94,47.0,wheated,New charred American oak,,https://www.logstilldistillery.com/monks-road/;https://www.breakingbourbon.com/review/monks-road-small-batch-bourbon,2026-06-26,https://cdn.prod.website-files.com/5ace2bae31f6d3c07d267cb9/63de95f901f036ae97c24e0f_Monks-Road-Small-Batch-Bourbon-01.jpg,bourbon_kentucky_craft
Bourbon,Log Still Distillery,Gethsemane KY,Monk's Road,own_make,NULL,FALSE,FALSE,Kentucky Straight Bourbon; ; Wheated Bourbon,4 Years,,,94,47.0,wheated,New charred American oak,,https://www.breakingbourbon.com/bourbon-whiskey-press-releases/log-still-distillery-releases-wheated-bourbon;https://www.logstilldistillery.com/monks-road/,2026-06-26,https://cdn.prod.website-files.com/5ace2bae31f6d3c07d267cb9/6390b0cc5e921f1027750f3d_Monks-Road-Small-Batch-Bourbon-press-release-01.jpg,bourbon_kentucky_craft
Bourbon,Log Still Distillery,Gethsemane KY,Monk's Road,own_make,NULL,FALSE,FALSE,Kentucky Straight Bourbon; ; Fifth District Cold Spring,6 Years,,,100,50.0,,New charred American oak,,https://thewhiskeywash.com/whiskey-styles/bourbon/whiskey-review-log-still-distillerys-monks-road-cold-spring-distillery-kentucky-straight-bourbon-whiskey/;https://www.logstilldistillery.com/monks-road/,2026-06-26,NULL,bourbon_kentucky_craft
Bourbon,Log Still Distillery,Gethsemane KY,Monk's Road,own_make,NULL,FALSE,FALSE,Kentucky Straight Bourbon; ; Fifth District Series II,8 Years,,,100,50.0,high-rye,New charred American oak,Toasted American oak,https://www.gobourbon.com/new-release-log-still-distillerys-100-proof-8-year-bourbon-fifth-district-series-ii-hits-soon/;https://www.logstilldistillery.com/monks-road/,2026-06-26,https://www.gobourbon.com/wp-content/uploads/2023/07/Screenshot-2023-07-21-071720.jpg,bourbon_kentucky_craft
Bourbon,Log Still Distillery,Gethsemane KY,America's 47,own_make,NULL,FALSE,FALSE,Kentucky Straight Bourbon,NAS,,,94,47.0,,New charred American oak,,https://www.fredminnick.com/2025/02/13/log-still-distillery-to-release-americas-47-bourbon/,2026-06-26,https://www.fredminnick.com/wp-content/uploads/2025/02/Americas-47-Log-Still-Distillery-bottle-SQUARE.jpeg.jpg,bourbon_kentucky_craft
Bourbon,Limestone Branch Distillery,Lebanon KY,Yellowstone,own_make,NULL,FALSE,FALSE,Kentucky Straight Bourbon; ; Select,NAS,,,93,46.5,Corn 75% / Rye 13% / Malted Barley 12%,New charred American oak,,https://yellowstonebourbon.com/select-bourbon/;https://limestonebranch.com/spirits/yellowstone-select-kentucky-straight-bourbon/,2026-06-26,NULL,bourbon_kentucky_craft
Bourbon,Limestone Branch Distillery,Lebanon KY,Yellowstone,own_make,NULL,FALSE,FALSE,Kentucky Straight Bourbon; ; Small Batch 107,6 Years,,,107,53.5,,New charred American oak,,https://www.prnewswire.com/news-releases/yellowstone-bourbon-introduces-new-permanent-addition-to-family-of-award-winning-expressions-with-small-batch-107-302401108.html;https://www.luxco.com/yellowstone-bourbon-introduces-new-permanent-addition-to-family-of-award-winning-expressions-with-small-batch-107/,2026-06-26,https://mma.prnewswire.com/media/2641166/Yellowstone__Small_Batch_Tone_On_Tone_Heritage_Red.jpg,bourbon_kentucky_craft
Bourbon,Limestone Branch Distillery,Lebanon KY,Yellowstone,own_make,NULL,FALSE,FALSE,Kentucky Straight Bourbon; ; Rum Cask Finish,4 Years,,,100,50.0,Corn 75% / Rye 13% / Malted Barley 12%,New charred American oak,Rum,https://yellowstonebourbon.com/rum-cask/;https://www.fredminnick.com/2024/03/11/limestone-branch-releases-rum-cask-finish-bourbon/;https://www.mgpingredients.com/more-information/news-press/news-releases/yellowstone-kentucky-straight-bourbon-whiskey-finished-0,2026-06-26,https://www.fredminnick.com/wp-content/uploads/2024/03/Limestone-Branch-Yellowstone-Rum-lifestyle.jpeg,bourbon_kentucky_craft
Bourbon,Limestone Branch Distillery,Lebanon KY,Yellowstone,own_make,NULL,FALSE,FALSE,Kentucky Straight Bourbon; ; Recollection,8 Years,,,110,55.0,,New charred American oak,,https://yellowstonebourbon.com/recollection-series/;https://www.breakingbourbon.com/bourbon-whiskey-press-releases/yellowstone-revives-its-back-bar-bottle-with-recollection-bourbon,2026-06-26,https://cdn.prod.website-files.com/5ace2bae31f6d3c07d267cb9/699e207e1c0fddb4e6d187a1_Yellowstone%20Recollection%20Landscape.jpg,bourbon_kentucky_craft
Bourbon,Limestone Branch Distillery,Lebanon KY,Yellowstone,own_make,NULL,FALSE,FALSE,Kentucky Straight Bourbon; Limited Edition,,2015,,105,52.5,,New charred American oak,,https://yellowstonebourbon.com/limited-edition/,2026-06-26,NULL,bourbon_kentucky_craft
Bourbon,Limestone Branch Distillery,Lebanon KY,Yellowstone,own_make,NULL,FALSE,FALSE,Kentucky Straight Bourbon; Limited Edition,NAS,2022,,101,50.5,,New charred American oak,Marsala superiore,https://thewhiskeywash.com/whiskey-styles/bourbon/whiskey-review-2022-yellowstone-limited-edition-kentucky-straight-bourbon-whiskey/;https://yellowstonebourbon.com/limited-edition/,2026-06-26,NULL,bourbon_kentucky_craft
Bourbon,Limestone Branch Distillery,Lebanon KY,Yellowstone,own_make,NULL,FALSE,FALSE,Kentucky Straight Bourbon; Limited Edition,NAS,2023,,101,50.5,,New charred American oak,Tokaji wine,https://yellowstonebourbon.com/limited-edition/;https://thewhiskeywash.com/whiskey-styles/bourbon/whiskey-review-monks-road-fifth-district-series-ii-kentucky-straight-bourbon/,2026-06-26,NULL,bourbon_kentucky_craft
Bourbon,Limestone Branch Distillery,Lebanon KY,Yellowstone,own_make,NULL,FALSE,FALSE,Kentucky Straight Bourbon; Limited Edition,NAS,2024,,101,50.5,,New charred American oak,French brandy; Cognac,https://www.prnewswire.com/news-releases/limestone-branch-distillery-announces-2024-yellowstone-bourbon-limited-edition-kentucky-straight-bourbon-whiskey-302208791.html;https://kybourbon.com/industry-news/limestone-branch-distillery-announces-2024-yellowstone-bourbon-limited-edition-kentucky-straight-bourbon-whiskey/,2026-06-26,https://mma.prnewswire.com/media/2470862/Limestone_Branch_Distillery_YELLOWSTONE_2024_Limited_Edition.jpg,bourbon_kentucky_craft
Bourbon,Limestone Branch Distillery,Lebanon KY,Yellowstone,own_make,NULL,FALSE,FALSE,Kentucky Straight Bourbon; Limited Edition,10 Years,2025,,105,52.5,,New charred American oak,,https://www.breakingbourbon.com/bourbon-whiskey-press-releases/limestone-branch-distillery-collaborates-with-ross-squibb-distillery-on-2025-release-of-yellowstone-limited-edition;https://www.fredminnick.com/2025/09/02/limestone-branch-releases-2025-yellowstone-limited-edition/,2026-06-26,https://cdn.prod.website-files.com/5ace2bae31f6d3c07d267cb9/68b7b56948d194574903b376_2025%20Yellowstone%20Limited%20Edition.jpg,bourbon_kentucky_craft
Bourbon,Boundary Oak Distillery,Radcliff KY,Lincoln,own_make,NULL,FALSE,FALSE,Kentucky Straight Bourbon,NAS,,,,,,New charred American oak,,https://www.boundaryoak.co/lincoln,2026-06-26,NULL,bourbon_kentucky_craft
Bourbon,Boundary Oak Distillery,Radcliff KY,82nd Airborne,own_make,NULL,FALSE,FALSE,Kentucky Straight Bourbon,NAS,,,100,50.0,Corn 75% / Rye 21% / Malted Barley 4%,New charred American oak,,https://www.boundaryoak.co/;https://sipnbourbon.com/product/boundary-oak-82nd-airborne-straight-bourbon-whiskey/,2026-06-26,https://sipnbourbon.com/wp-content/uploads/2025/05/389089-Boundary-82Nd-Airborne1-75006.webp,bourbon_kentucky_craft
Bourbon,Boundary Oak Distillery,Radcliff KY,My Old Kentucky Home,own_make,NULL,FALSE,FALSE,Kentucky Straight Bourbon,NAS,,,100,50.0,Corn 75% / Wheat 20% / Malted Barley 5%,New charred American oak,,https://www.boundaryoak.co/;https://newskanu.com/products/boundary-oak-distillery-my-old-kentucky-home-straight-kentucky-bourbon-700ml-50-abv,2026-06-26,NULL,bourbon_kentucky_craft
Bourbon,MB Roland Distillery,Pembroke KY,MB Roland,own_make,NULL,FALSE,FALSE,Kentucky Straight Bourbon; ; Dark Fired,NAS,,,,,,New charred American oak,,https://mbroland.com/kentucky-bourbon-whiskey/;https://distiller.com/spirits/mb-roland-dark-fired-kentucky-straight-bourbon-whiskey,2026-06-26,https://ip-distiller.imgix.net/images/spirits/625a81e0-0c23-0139-1130-0654e3ff27ae/mb_roland_dark_fired_bourbon_original.jpg,bourbon_kentucky_craft
Bourbon,MB Roland Distillery,Pembroke KY,Old 2nd District,own_make,NULL,FALSE,FALSE,Bonded Bourbon; ; Bottled-in-Bond,NAS,,,100,50.0,Corn 78% / Rye 17% / Malted Barley 5%,New charred American oak,,https://mbroland.com/products/old-2nd-district/;https://www.distillerytrail.com/blog/mb-roland-distillery-launches-old-2nd-district-bottled-in-bond-kentucky-straight-bourbon-whiskey/,2026-06-26,https://www.distillerytrail.com/wp-content/uploads/2025/05/MB-Roland-Distillery-Old-2nd-District-Bottled-in-Bond-Kentucky-Straight-Bourbon-Whiskey-Cover.jpg,bourbon_kentucky_craft
Bourbon,MB Roland Distillery,Pembroke KY,MB Roland,own_make,NULL,FALSE,TRUE,Kentucky Straight Bourbon; ; Barrel Proof Single Barrel,NAS,,,,,,New charred American oak,,https://mbroland.com/products/,2026-06-26,NULL,bourbon_kentucky_craft
Bourbon,Casey Jones Distillery,Hopkinsville KY,Casey Jones Bourbon,own_make,NULL,FALSE,FALSE,Kentucky Straight Bourbon; ; Mash Bill 1,NAS,,,,,Corn 96% / Rye 3% / Malted Barley 1%,New charred American oak,,https://www.caseyjonesdistillery.com/ky-straight-bourbon-mash-bill-1,2026-06-26,NULL,bourbon_kentucky_craft
Bourbon,Casey Jones Distillery,Hopkinsville KY,Casey Jones Bourbon,own_make,NULL,FALSE,FALSE,Kentucky Straight Bourbon; ; Mash Bill 2,NAS,,,,,,New charred American oak,,https://www.caseyjonesdistillery.com/ky-straight-bourbon-mash-bill-2,2026-06-26,NULL,bourbon_kentucky_craft
Bourbon,Casey Jones Distillery,Hopkinsville KY,Total Eclipse,own_make,NULL,FALSE,FALSE,Kentucky Straight Bourbon,NAS,,,100,50.0,Corn 75% / Wheat 10% / Rye 10% / Malted Barley 5%,New charred American oak,,https://www.caseyjonesdistillery.com/ky-straight-total-eclipse-bourbon-mash-bill-4;https://onemoredram.com/2024/02/22/casey-jones-distillery-launches-total-eclipse-bourbon-and-re-releases-total-eclipse-moonshine/,2026-06-26,https://onemoredram.com/wp-content/uploads/2024/02/total-eclipse-bourbon-and-moonshine-02-22-2024.jpg,bourbon_kentucky_craft
Bourbon,Casey Jones Distillery,Hopkinsville KY,Casey Jones Bourbon,own_make,NULL,FALSE,TRUE,Kentucky Straight Bourbon; ; Single Barrel Mash Bill 1,NAS,,,,,Corn 96% / Rye 3% / Malted Barley 1%,New charred American oak,,https://www.caseyjonesdistillery.com/spirits/casey-jones-single-barrel-kentucky-straight-bourbon-mash-bill-1,2026-06-26,http://static1.squarespace.com/static/5a9b24a796e76f234f69b4c6/5dbf5c725dce6b050beac352/64a37362cdae056e656e24dd/1779026735514/B1S2YCASKP750.png,bourbon_kentucky_craft
Bourbon,Casey Jones Distillery,Hopkinsville KY,Casey Jones Bourbon,own_make,NULL,FALSE,TRUE,Kentucky Straight Bourbon; ; Single Barrel Mash Bill 2,NAS,,,,,,New charred American oak,,https://www.caseyjonesdistillery.com/spirits/casey-jones-single-barrel-kentucky-straight-bourbon-mash-bill-2,2026-06-26,http://static1.squarespace.com/static/5a9b24a796e76f234f69b4c6/5dbf5c725dce6b050beac352/65272336eb6a330029bebdbc/1779026735535/B2S2YCASKP750-1x1.png,bourbon_kentucky_craft
Bourbon,Casey Jones Distillery,Hopkinsville KY,AJ's Birthday Blend,own_make,NULL,FALSE,FALSE,Kentucky Straight Bourbon,NAS,,,,,,New charred American oak,,https://www.drinkhacker.com/2025/02/15/review-casey-jones-distillery-ajs-birthday-blend-bourbon-2025/,2026-06-26,https://www.drinkhacker.com/wp-content/uploads/2025/01/IMG_8881.jpeg,bourbon_kentucky_craft
Bourbon,Casey Jones Distillery,Hopkinsville KY,Casey Jones Bourbon,own_make,NULL,FALSE,FALSE,Kentucky Straight Bourbon; ; Apricot Wine Barrel Finish,NAS,,,100.5,50.25,Corn 96% / Rye 3% / Malted Barley 1%,New charred American oak,Apricot wine,https://www.drinkhacker.com/2025/04/25/review-casey-jones-apricot-wine-finished-bourbon/;https://www.caseyjonesdistillery.com/,2026-06-26,https://www.drinkhacker.com/wp-content/uploads/2025/04/IMG_2820.jpeg,bourbon_kentucky_craft
Bourbon,Casey Jones Distillery,Hopkinsville KY,Founder's 10th Anniversary Blend,own_make,NULL,FALSE,FALSE,Kentucky Straight Bourbon,NAS,2024,,,,,New charred American oak,,https://www.caseyjonesdistillery.com/news/2024/11/25/founders-10th-anniversary-blend,2026-06-26,http://static1.squarespace.com/static/5a9b24a796e76f234f69b4c6/5a9dd8fd24a69426259f147f/67fe963bf19d153607f6b181/1744739070845/1x1anniversary.png,bourbon_kentucky_craft
Bourbon,Old Pogue Distillery,Maysville KY,Old Pogue,own_make,NULL,FALSE,FALSE,Kentucky Straight Bourbon; ; Master's Select,9 Years,,,91,45.5,,New charred American oak,,https://www.oldpogue.com/spirits;https://allyourbourbons.com/popular-kentucky-distillery-the-old-pogue-distillery/,2026-06-28,NULL,bourbon_kentucky_craft
Bourbon,Boone County Distilling Co.,Florence KY,Eighteen 33,own_make,NULL,FALSE,FALSE,Kentucky Straight Bourbon,10 Years,,,90.8,45.4,Corn 75% / Rye 21% / Malted Barley 4%,New charred American oak,,https://whiskyadvocate.com/Boone-County-Distilling-Eighteen-33-10-year-old-45-4;https://boonedistilling.com/,2026-06-26,NULL,bourbon_kentucky_craft
Bourbon,Boone County Distilling Co.,Florence KY,Eighteen 33,own_make,NULL,FALSE,FALSE,Kentucky Straight Bourbon,12 Years,,,,,Corn 75% / Rye 21% / Malted Barley 4%,New charred American oak,,https://distiller.com/spirits/boone-county-eighteen-33-12-year;https://boonedistilling.com/,2026-06-26,https://ip-distiller.imgix.net/images/spirits/67105d40-c756-0136-ac18-123e388c0cc1/boone_county_eighteen33_original.jpg,bourbon_kentucky_craft
Bourbon,Copper & Kings Distillery,Louisville KY,Copper & Kings,own_make,NULL,FALSE,FALSE,Kentucky Straight Bourbon,NAS,,,111,55.5,,New charred American oak,American apple brandy,https://www.businesswire.com/news/home/20230913564035/en/Bourbon-Comes-to-Copper-Kings;https://www.breakingbourbon.com/review/copper-kings-bourbon;https://americanwhiskeymag.com/articles/copper-kings-bourbon,2026-06-26,NULL,bourbon_kentucky_craft
Bourbon,Brough Brothers Distillery,Louisville KY,Brough Brothers,own_make,NULL,FALSE,FALSE,Kentucky Straight Bourbon,NAS,,,82,41.0,Corn 75% / Rye 21% / Malted Barley 4%,New charred American oak,,https://bourbonobsessed.com/brough-brothers-bourbon-review/;https://distiller.com/spirits/brough-brothers-bourbon-whiskey,2026-06-26,https://bourbonobsessed.com/wp-content/uploads/2022/08/Brough-Bourbon-70-1-top-image.jpg,bourbon_kentucky_craft
Bourbon,Jeptha Creed Distillery,Shelbyville KY,Jeptha Creed,own_make,NULL,FALSE,FALSE,Kentucky Straight Bourbon; ; Four Grain,NAS,,,98,49.0,Corn 70% / Malted Rye 15% / Malted Wheat 10% / Malted Barley 5%,New charred American oak,,https://distiller.com/spirits/jeptha-creed-four-grain-straight-bourbon;https://jepthacreed.com/bourbon/,2026-06-26,https://ip-distiller.imgix.net/images/spirits/1c94ca90-6095-0137-7ed1-0a15c279782f/jeptha_creed_four_grain_bourbon_original-1776724761.png,bourbon_kentucky_craft
Bourbon,Jeptha Creed Distillery,Shelbyville KY,Jeptha Creed,own_make,NULL,FALSE,FALSE,Bonded Bourbon; ; Bottled-in-Bond,4 Years,,,100,50.0,Corn 75% / Malted Rye 20% / Malted Barley 5%,New charred American oak,,https://thewhiskeywash.com/whiskey-reviews/whiskey-review-jeptha-creed-bottled-in-bond-bourbon/;https://jepthacreed.com/bourbon/,2026-06-26,NULL,bourbon_kentucky_craft
Bourbon,Jeptha Creed Distillery,Shelbyville KY,Jeptha Creed,own_make,NULL,FALSE,FALSE,Kentucky Straight Bourbon; ; 6 Year Wheated,6 Years,,,93,46.5,Corn 75% / Malted Wheat 20% / Malted Barley 5%,New charred American oak,,https://www.bevnet.com/pr/2024/04/23/jeptha-creed-distillery-launches-6year-wheated-bourbon;https://jepthacreed.com/bourbon/,2026-06-26,https://dg6qn11ynnp6a.cloudfront.net/temp/609315401.wheated.overhead.edit..landscape.-2..2..jpg,bourbon_kentucky_craft
Bourbon,Jeptha Creed Distillery,Shelbyville KY,Jeptha Creed,own_make,NULL,FALSE,FALSE,Kentucky Straight Bourbon; ; Red White & Blue,4 Years,,Batch 4,100,50.0,Corn 25% / Heirloom White Corn 25% / Bruce's Blue Corn 25% / Malted Rye 20% / Malted Barley 5%,New charred American oak,,https://www.breakingbourbon.com/bourbon-whiskey-press-releases/jeptha-creed-distillery-unveils-the-fourth-edition-of-red-white-blue-bourbon;https://bourbonobsessed.com/jeptha-creed-red-white-blue-bourbon-review-batch-4/,2026-06-26,https://cdn.prod.website-files.com/5ace2bae31f6d3c07d267cb9/690abdc80793a14b331a5722_Jeptha_Creed_Distillery_RWB.jpg,bourbon_kentucky_craft
Bourbon,Heaven's Door Distillery,Pleasureville KY,Heaven's Door,own_make,NULL,FALSE,FALSE,Kentucky Straight Bourbon; ; Ascension,NAS,,,92,46.0,,New charred American oak,,https://www.heavensdoor.com/ky-straight-bourbon-whiskey;https://distiller.com/spirits/heaven-s-door-ascension;https://www.gobourbon.com/new-release-heavens-door-debuts-ascension-bourbon/,2026-06-26,https://ip-distiller.imgix.net/images/spirits/40d01f10-f6ab-013b-dc2f-5a4f41ea327b/heavens_door_ascension_original-1689357243.jpg,bourbon_kentucky_craft
Bourbon,Pensive Distilling Co.,Newport KY,Pensive,own_make,NULL,FALSE,FALSE,Kentucky Straight Bourbon,NAS,,,80,40.0,,New charred American oak,,https://pensivedistilling.com/,2026-06-28,NULL,bourbon_kentucky_craft
Bourbon,Pensive Distilling Co.,Newport KY,Pensive,own_make,NULL,FALSE,FALSE,Kentucky Straight Bourbon,NAS,,,100,50.0,,New charred American oak,,https://pensivedistilling.com/,2026-06-28,NULL,bourbon_kentucky_craft
Bourbon,Pensive Distilling Co.,Newport KY,Pensive,own_make,NULL,FALSE,FALSE,Kentucky Straight Bourbon; ; Cognac Finish,NAS,,,90,45.0,,New charred American oak,Cognac,https://pensivedistilling.com/;https://thewhiskeywash.com/whiskey-styles/bourbon/pensive-distilling-company-among-the-kentucky-distillers-association-newest/,2026-06-26,NULL,bourbon_kentucky_craft
Bourbon,Preservation Distillery,Bardstown KY,Very Olde St. Nick,own_make,NULL,FALSE,FALSE,Kentucky Straight Bourbon; ; Estate Reserve,8 Years,,,110,55.0,,New charred American oak,,https://whiskeyconsensus.com/very-olde-st-nick-estate-8-year-reserve-review/;https://www.preservationdistillery.com/,2026-06-28,NULL,bourbon_kentucky_craft
Bourbon,Preservation Distillery,Bardstown KY,Very Olde St. Nick,own_make,NULL,FALSE,FALSE,Kentucky Straight Bourbon,15 Years,,,,,,New charred American oak,,https://www.preservationdistillery.com/;https://www.breakingbourbon.com/bourbon-whiskey-press-releases/preservation-distillery-releases-limited-distillery-only-offerings-of-very-old-st-nick,2026-06-26,https://cdn.prod.website-files.com/5ace2bae31f6d3c07d267cb9/656eb170d8dccc79e2516d87_VOSN%20Notorious%20OSN.JPG,bourbon_kentucky_craft
Bourbon,Preservation Distillery,Bardstown KY,Very Olde St. Nick,own_make,NULL,FALSE,FALSE,Kentucky Straight Bourbon; ; Notorious O.S.N.,16 Years,,,112.5,56.25,,New charred American oak,,https://bourbonlens.com/very-olde-st-nick-new-limited-edition/;https://www.preservationdistillery.com/,2026-06-26,https://bourbonlens.com/wp-content/uploads/2023/12/VOSN-Notorious-OSN.jpg,bourbon_kentucky_craft
Bourbon,Preservation Distillery,Bardstown KY,Very Olde St. Nick,own_make,NULL,FALSE,FALSE,Kentucky Straight Bourbon; ; 22 Year Barrel Strength,22 Years,,,81.2,40.6,,New charred American oak,,https://www.preservationdistillery.com/,2026-06-26,NULL,bourbon_kentucky_craft
Bourbon,Preservation Distillery,Bardstown KY,Very Olde St. Nick,own_make,NULL,FALSE,FALSE,Kentucky Straight Bourbon; ; Winter Maple,NAS,,,102,51.0,,New charred American oak,,https://www.thebourbonflight.com/preservation-distillery-sweetens-the-collection-of-very-olde-st-nick-with-winter-maple/;https://www.preservationdistillery.com/,2026-06-26,https://www.thebourbonflight.com/wp-content/uploads/2023/12/Very-Olde-St.-Nick-Winter-Maple-scaled.jpg,bourbon_kentucky_craft
Bourbon,Preservation Distillery,Bardstown KY,Wattie Boone,own_make,NULL,FALSE,FALSE,Kentucky Straight Bourbon,6 Years,,,,,,New charred American oak,,https://www.preservationdistillery.com/,2026-06-26,NULL,bourbon_kentucky_craft
Bourbon,Kentucky Artisan Distillery,"Crestwood, KY",Whiskey Row,own_make,NULL,FALSE,FALSE,Bonded Bourbon; ; Bottled-in-Bond,NULL,NULL,NULL,100,50.0,Corn 67% / Rye 12.5% / Wheat 12.5% / Malted Barley 8%,New charred American oak,NULL,https://kentuckyartisandistillery.com/brand/whiskey-row-bourbon/; https://www.breakingbourbon.com/bourbon-whiskey-press-releases/kentucky-artisan-distillery-releases-bottled-in-bond-additions-to-artisan-series,2026-06-26,https://cdn.prod.website-files.com/5ace2bae31f6d3c07d267cb9/6982cc53fab47dbcb47a28eb_KAD%20BIB%20High%20Rye.jpg,bourbon_kentucky_craft
Bourbon,Kentucky Artisan Distillery,"Crestwood, KY",KAD High Rye,own_make,NULL,FALSE,FALSE,Kentucky Straight Bourbon; ; Artisan Series Bottled-in-Bond,NULL,NULL,NULL,100,50.0,Corn 60% / Rye 36% / Malted Barley 4%,New charred American oak,NULL,https://www.breakingbourbon.com/bourbon-whiskey-press-releases/kentucky-artisan-distillery-releases-bottled-in-bond-additions-to-artisan-series; https://kentuckyartisandistillery.com/,2026-06-26,https://cdn.prod.website-files.com/5ace2bae31f6d3c07d267cb9/6982cc53fab47dbcb47a28eb_KAD%20BIB%20High%20Rye.jpg,bourbon_kentucky_craft
Bourbon,Kentucky Artisan Distillery,"Crestwood, KY",KAD Four Grain,own_make,NULL,FALSE,FALSE,Kentucky Straight Bourbon; ; Artisan Series Bottled-in-Bond,NULL,NULL,NULL,100,50.0,Corn 67% / Rye 12.5% / Wheat 12.5% / Malted Barley 8%,New charred American oak,NULL,https://www.breakingbourbon.com/bourbon-whiskey-press-releases/kentucky-artisan-distillery-releases-bottled-in-bond-additions-to-artisan-series; https://kentuckyartisandistillery.com/,2026-06-26,https://cdn.prod.website-files.com/5ace2bae31f6d3c07d267cb9/6982cc53fab47dbcb47a28eb_KAD%20BIB%20High%20Rye.jpg,bourbon_kentucky_craft
Bourbon,Bulleit Distilling Co.,"Shelbyville, KY",Bulleit,own_make,NULL,FALSE,FALSE,Kentucky Straight Bourbon,NAS,NULL,NULL,90,45.0,high-rye,New charred American oak,NULL,https://www.bulleit.com/en-us/our-bourbon; https://www.breakingbourbon.com/,2026-06-26,NULL,bourbon_kentucky_craft
Bourbon,Bulleit Distilling Co.,"Shelbyville, KY",Bulleit,own_make,NULL,FALSE,FALSE,Kentucky Straight Bourbon; ; 10 Years,10 Years,NULL,NULL,91.2,45.6,high-rye,New charred American oak,NULL,https://www.bulleit.com/en-us/our-bourbon; https://www.breakingbourbon.com/,2026-06-26,NULL,bourbon_kentucky_craft
Bourbon,Bulleit Distilling Co.,"Shelbyville, KY",Bulleit,own_make,NULL,FALSE,FALSE,Kentucky Straight Bourbon; ; 12 Years,12 Years,NULL,NULL,NULL,NULL,high-rye,New charred American oak,NULL,https://www.bulleit.com/en-us/our-bourbon,2026-06-26,NULL,bourbon_kentucky_craft
Bourbon,Bulleit Distilling Co.,"Shelbyville, KY",Bulleit,own_make,NULL,FALSE,FALSE,Bonded Bourbon; ; Bottled-in-Bond,7 Years,2025,NULL,100,50.0,high-rye,New charred American oak,NULL,https://whiskeynetwork.net/2025/02/bulleit-launches-bottled-in-bond-bourbon/; https://www.bulleit.com/en-us/our-bourbon,2026-06-26,https://whiskeynetwork.net/wp-content/uploads/2025/02/Bulleit_Bottled-in-Bond_Bottle-scaled.jpg,bourbon_kentucky_craft
Bourbon,New Riff Distilling,"Newport, KY",New Riff Kentucky Straight Bourbon,own_make,NULL,FALSE,FALSE,Bonded Bourbon; ; Bottled-in-Bond,4 Years,NULL,NULL,100,50.0,Corn 65% / Rye 30% / Malted Barley 5%,New charred American oak,NULL,https://www.newriffdistilling.com/spirits/kentucky-straight-bourbon-whiskey/; https://shop.newriffdistilling.com/products/new-riff-kentucky-straight-bourbon-whiskey-bottled-in-bond,2026-06-26,http://shop.newriffdistilling.com/cdn/shop/files/NRD_BIB_BOURBON_FRONT_STY.png,bourbon_kentucky_craft
Bourbon,New Riff Distilling,"Newport, KY",New Riff 8-Year Kentucky Straight Bourbon,own_make,NULL,FALSE,FALSE,Kentucky Straight Bourbon,8 Years,NULL,NULL,100,50.0,Corn 65% / Rye 30% / Malted Barley 5%,New charred American oak,NULL,https://shop.newriffdistilling.com/products/new-riff-8-year-old-kentucky-straight-bourbon-whiskey; https://www.breakingbourbon.com/bourbon-whiskey-press-releases/new-riff-distilling-unveils-eight-year-old-bourbon-whiskey,2026-06-26,https://cdn.prod.website-files.com/5ace2bae31f6d3c07d267cb9/65e8b9ec8749946c1321061b_New%20Riff%208%20Year%20Old%20Bourbon%20Horizontal.jpg,bourbon_kentucky_craft
Bourbon,New Riff Distilling,"Newport, KY",New Riff Single Barrel Bourbon,own_make,NULL,FALSE,TRUE,Kentucky Straight Bourbon,NULL,NULL,NULL,NULL,NULL,Corn 65% / Rye 30% / Malted Barley 5%,New charred American oak,NULL,https://www.newriffdistilling.com/spirits/single-barrel-bourbon-whiskey/,2026-06-26,https://newriffdistilling.com/wp-content/uploads/2026/02/NRD_SINGLE_BARREL_4YR_SELECTION_1.webp,bourbon_kentucky_craft
Bourbon,New Riff Distilling,"Newport, KY",New Riff Backsetter Bourbon,own_make,NULL,FALSE,FALSE,Bonded Bourbon; ; Bottled-in-Bond,4 Years,NULL,NULL,100,50.0,Corn 65% / Rye 30% / Malted Barley 5%,New charred American oak,NULL,https://www.breakingbourbon.com/review/new-riff-backsetter-bourbon; https://www.distillerytrail.com/blog/new-riffs-bourbon-rye-backsetter-release-has-a-twist-a-peat-smoked-malted-barley-sour-mash-backset/,2026-06-26,https://cdn.prod.website-files.com/5ace2bae31f6d3c07d267cb9/5efcb2bfdf941c55d2a2c57f_New-Riff-Backsetter-Bourbon-Peated-BiB-01a.jpg,bourbon_kentucky_craft
Bourbon,New Riff Distilling,"Newport, KY",New Riff Maltster Bourbon,own_make,NULL,FALSE,FALSE,Kentucky Straight Bourbon; ; Malted Rye Bottled-in-Bond,5 Years,NULL,NULL,100,50.0,NULL,New charred American oak,NULL,https://www.breakingbourbon.com/review/new-riff-maltster-bourbon-made-with-malted-rye; https://distiller.com/spirits/new-riff-maltster-bourbon-malted-rye,2026-06-26,https://cdn.prod.website-files.com/5ace2bae31f6d3c07d267cb9/5ffdd4963bf34224d673baca_New-Riff-Maltster-Malted-Rye-Bourbon-01a.jpg,bourbon_kentucky_craft
Bourbon,Kentucky Peerless Distilling,"Louisville, KY",Peerless Kentucky Straight Bourbon,own_make,NULL,FALSE,FALSE,Kentucky Straight Bourbon; Small Batch,NAS,NULL,NULL,NULL,NULL,NULL,New charred American oak,NULL,https://kentuckypeerless.com/whiskey/kentucky-peerless-bourbon/; https://www.breakingbourbon.com/review/peerless-small-batch-barrel-proof-bourbon,2026-06-28,NULL,bourbon_kentucky_craft
Bourbon,Kentucky Peerless Distilling,"Louisville, KY",Peerless High Rye Kentucky Straight Bourbon,own_make,NULL,FALSE,FALSE,Kentucky Straight Bourbon,NAS,NULL,NULL,110.5,55.25,NULL,New charred American oak,NULL,https://kentuckypeerless.com/kentucky-peerless-high-rye-bourbon/; https://kentuckypeerless.com/peerless-high-rye-bourbon-top-rated/,2026-06-26,https://kentuckypeerless.com/wp-content/uploads/2023/03/Kentucky-Peerless-High-Rye-Bourbon-Recovered-scaled.jpg,bourbon_kentucky_craft
Bourbon,Kentucky Peerless Distilling,"Louisville, KY",Peerless Toasted Kentucky Straight Bourbon,own_make,NULL,FALSE,FALSE,Kentucky Straight Bourbon,NAS,NULL,NULL,NULL,NULL,NULL,New charred American oak,Toasted American oak,https://shoppeerless.com/product-category/whiskey/bourbon/,2026-06-26,NULL,bourbon_kentucky_craft
Bourbon,Kentucky Peerless Distilling,"Louisville, KY",Peerless Cognac Barrel Finished Kentucky Straight Bourbon,own_make,NULL,FALSE,FALSE,Kentucky Straight Bourbon,NAS,NULL,NULL,NULL,NULL,NULL,New charred American oak,Cognac,https://kentuckypeerless.com/,2026-06-28,NULL,bourbon_kentucky_craft
Bourbon,Kentucky Peerless Distilling,"Louisville, KY",Kraver's 10-Year Old Reserve Kentucky Straight Bourbon,own_make,NULL,FALSE,FALSE,Kentucky Straight Bourbon,10 Years,NULL,Batch 1,117.6,58.8,NULL,New charred American oak,NULL,https://www.breakingbourbon.com/bourbon-whiskey-press-releases/kentucky-peerless-distilling-co-releases-10-year-old-bourbon; https://wineindustryadvisor.com/2026/03/18/kentucky-peerless-distilling-co-releases-10-year-old-bourbon/,2026-06-26,https://cdn.prod.website-files.com/5ace2bae31f6d3c07d267cb9/69babf7c66111b3dee996cd2_KPD_KraversReserve-10-year.jpg,bourbon_kentucky_craft
Bourbon,Castle & Key Distillery,"Frankfort, KY",Castle & Key Small Batch Bourbon,own_make,NULL,FALSE,FALSE,Kentucky Straight Bourbon,4 Years,NULL,Batch 1,98,49.0,White Corn 73% / Rye 10% / Malted Barley 17%,New charred American oak,NULL,https://www.breakingbourbon.com/review/castle-key-small-batch-bourbon-batch-1; https://www.drinkhacker.com/2022/05/04/review-castle-key-small-batch-bourbon-batch-1-and-2-and-restoration-rye-2022-batch-1/,2026-06-26,https://cdn.prod.website-files.com/5ace2bae31f6d3c07d267cb9/62503ad3818a033c5608fea1_Castle-and-Key-Small-Batch-Bourbon-Batch-1-01.jpg,bourbon_kentucky_craft
Bourbon,Castle & Key Distillery,"Frankfort, KY",Castle & Key Small Batch Bourbon,own_make,NULL,FALSE,FALSE,Kentucky Straight Bourbon,4 Years,NULL,Batch 2,99,49.5,White Corn 73% / Rye 10% / Malted Barley 17%,New charred American oak,NULL,https://whiskeyconsensus.com/castle-and-key-small-batch-bourbon-review/; https://www.drinkhacker.com/2022/05/04/review-castle-key-small-batch-bourbon-batch-1-and-2-and-restoration-rye-2022-batch-1/,2026-06-26,https://whiskeyconsensus.com/wp-content/uploads/2022/07/Castle-and-Key-Small-Batch-Bourbon.jpg,bourbon_kentucky_craft
Bourbon,Castle & Key Distillery,"Frankfort, KY",Castle & Key Small Batch Bourbon,own_make,NULL,FALSE,FALSE,Kentucky Straight Bourbon,4 Years,NULL,Batch 5,100,50.0,White Corn 73% / Rye 10% / Malted Barley 17%,New charred American oak,NULL,https://www.thebourbonwhiskeylibrary.net/post/castle-key-small-batch-bourbon-batch-5-review; https://castleandkey.com/products/traditional-bourbon,2026-06-26,"https://static.wixstatic.com/media/64d5c0_84555db0c60d4a10b13f196e2910c651~mv2.jpg/v1/fill/w_751,h_1000,al_c,q_85,usm_0.66_1.00_0.01/64d5c0_84555db0c60d4a10b13f196e2910c651~mv2.jpg",bourbon_kentucky_craft
Bourbon,Castle & Key Distillery,"Frankfort, KY",Castle & Key Small Batch Bourbon,own_make,NULL,FALSE,FALSE,Kentucky Straight Bourbon,6 Years,NULL,NULL,101,50.5,White Corn 73% / Rye 10% / Malted Barley 17%,New charred American oak,NULL,https://castleandkey.com/products/traditional-bourbon; https://www.breakingbourbon.com/bourbon-whiskey-press-releases/castle-key-announces-first-ever-bourbon-release-in-two-batches,2026-06-26,https://cdn.prod.website-files.com/5ace2bae31f6d3c07d267cb9/6231fbd6031f557b2a0705e9_220218%20-%20Small%20Batch%20Traditional%20Bourbon%20-%20Macro%20-%20Black%20BG%20-%202k.png,bourbon_kentucky_craft
Bourbon,Castle & Key Distillery,"Frankfort, KY",Castle & Key Cask Strength Wheated Bourbon,own_make,NULL,FALSE,FALSE,Kentucky Straight Bourbon; ; 7 Year,7 Years,NULL,NULL,108.2,54.1,White Corn 73% / Wheat 10% / Malted Barley 17%,New charred American oak,NULL,https://castleandkey.com/collections/spirits/products/wheated-cask-strength; https://www.breakingbourbon.com/bourbon-whiskey-press-releases/castle-key-distillery-announces-wheated-bourbon-cask-strength-7-year-old,2026-06-26,https://cdn.prod.website-files.com/5ace2bae31f6d3c07d267cb9/66fb6cfadc9adce59cea1b5e_240917%20-%20Wheated%20Cask%20Strength%20-%20White%20hero%20(updated%20vol%20and%20proof).png,bourbon_kentucky_craft
Bourbon,Castle & Key Distillery,"Frankfort, KY",Castle & Key Single Barrel Bourbon,own_make,NULL,FALSE,TRUE,Kentucky Straight Bourbon,NULL,NULL,NULL,NULL,NULL,White Corn 73% / Rye 10% / Malted Barley 17%,New charred American oak,NULL,https://www.castleandkey.com/products/castle-key-single-barrel-bourbon-whiskey,2026-06-26,NULL,bourbon_kentucky_craft
Bourbon,Rabbit Hole Distillery,"Louisville, KY",Heigold,own_make,NULL,FALSE,FALSE,Kentucky Straight Bourbon; ; High-Rye Double Malt Bourbon,NULL,NULL,NULL,95,47.5,Corn 70% / Malted Rye 25% / Malted Barley 5%,New charred American oak,NULL,https://www.rabbitholedistillery.com/products/heigold-kentucky-straight-bourbon-whiskey; https://www.breakingbourbon.com/review/rabbit-hole-heigold-bourbon,2026-06-26,https://cdn.prod.website-files.com/5ace2bae31f6d3c07d267cb9/5f3ebc3f6b0e292c86be2dea_Rabbit-Hole-Heigold-Bourbon-01a.jpg,bourbon_kentucky_craft
Bourbon,Rabbit Hole Distillery,"Louisville, KY",Cavehill,own_make,NULL,FALSE,FALSE,Kentucky Straight Bourbon; ; Four-Grain Triple Malt Bourbon,NULL,NULL,NULL,95,47.5,Corn 70% / Malted Wheat 10% / Malted Barley 10% / Honey Malted Barley 10%,New charred American oak,NULL,https://www.rabbitholedistillery.com/products/cavehill-kentucky-straight-bourbon-whiskey; https://www.rabbitholedistillery.com/pages/cavehill,2026-06-28,NULL,bourbon_kentucky_craft
Bourbon,Rabbit Hole Distillery,"Louisville, KY",Dareringer,own_make,NULL,FALSE,FALSE,Kentucky Straight Bourbon; ; PX Sherry Cask Finished Bourbon,NULL,NULL,NULL,93,46.5,Corn 68% / Wheat 18% / Malted Barley 14%,New charred American oak,Pedro Ximénez Sherry,https://www.rabbitholedistillery.com/products/dareringer-straight-bourbon-whiskey-finished-in-px-sherry-casks; https://www.rabbitholedistillery.com/pages/dareringer,2026-06-28,NULL,bourbon_kentucky_craft
Bourbon,Rabbit Hole Distillery,"Louisville, KY",Raceking,own_make,NULL,FALSE,FALSE,Kentucky Straight Bourbon,6 Years,NULL,NULL,95,47.5,NULL,New charred American oak,NULL,https://www.northwestbeerguide.com/spirits/2026-rabbithole-raceking; https://www.rabbitholedistillery.com/pages/whiskey,2026-06-26,http://static1.squarespace.com/static/58adb6526b8f5b068766d7ee/6807f984ef5c54794f90d802/69e2a30027103b4455069d7a/1776460788191/rabbit-hole-raceking-founders-collection-bourbon-whiskey-750-ml-keg-n-bottle-877182.webp,bourbon_kentucky_craft
Bourbon,Wilderness Trail Distillery,"Danville, KY",Kentucky Straight Wheated Bourbon,own_make,NULL,FALSE,FALSE,Bonded Bourbon; ; Bottled-in-Bond,4 Years,NULL,NULL,100,50.0,Corn 64% / Wheat 24% / Malted Barley 12%,New charred American oak,NULL,https://www.wildernesstraildistillery.com/en-us/whiskeys/wheated-bourbon/; https://www.wildernesstraildistillery.com/en-us/faq/,2026-06-26,NULL,bourbon_kentucky_craft
Bourbon,Wilderness Trail Distillery,"Danville, KY",Kentucky Straight High Rye Bourbon,own_make,NULL,FALSE,FALSE,Bonded Bourbon; ; Bottled-in-Bond,4 Years,NULL,NULL,100,50.0,Corn 64% / Rye 24% / Malted Barley 12%,New charred American oak,NULL,https://www.wildernesstraildistillery.com/en-us/whiskeys/high-rye-bourbon/; https://www.breakingbourbon.com/review/wilderness-trail-high-rye-bourbon-bottled-in-bond,2026-06-26,https://cdn.prod.website-files.com/5ace2bae31f6d3c07d267cb9/645bd7449278329b623a5144_Wilderness-Trail-High-Rye-Bourbon-BiB-01.jpg,bourbon_kentucky_craft
Bourbon,Wilderness Trail Distillery,"Danville, KY",Kentucky Straight Wheated Bourbon,own_make,NULL,FALSE,FALSE,Kentucky Straight Bourbon; ; Family Reserve 6 Year,6 Years,NULL,NULL,NULL,NULL,Corn 64% / Wheat 24% / Malted Barley 12%,New charred American oak,NULL,https://www.prnewswire.com/news-releases/wilderness-trail-distillery-debuts-6-year-old-private-barrel-offering-302629655.html; https://whiskeyreviewer.com/2025/12/kentuckys-wilderness-trail-offers-new-private-single-barrel-collection/,2026-06-26,https://mma.prnewswire.com/media/2835515/Wilderness_Trail_6YOPB_Group.jpg,bourbon_kentucky_craft
Bourbon,Wilderness Trail Distillery,"Danville, KY",Kentucky Straight High Rye Bourbon,own_make,NULL,FALSE,FALSE,Kentucky Straight Bourbon; ; Family Reserve 6 Year,6 Years,NULL,NULL,NULL,NULL,Corn 64% / Rye 24% / Malted Barley 12%,New charred American oak,NULL,https://whiskeyreviewer.com/2025/12/wilderness-trail-family-reserve-6-year-old-high-rye-bourbon-review-122925/; https://www.prnewswire.com/news-releases/wilderness-trail-distillery-debuts-6-year-old-private-barrel-offering-302629655.html,2026-06-26,NULL,bourbon_kentucky_craft
Bourbon,Wilderness Trail Distillery,"Danville, KY",Kentucky Straight Wheated Bourbon,own_make,NULL,FALSE,FALSE,Kentucky Straight Bourbon; ; 10 Year Limited,10 Years,NULL,NULL,NULL,NULL,Corn 51% / Wheat 45% / Malted Barley 4%,New charred American oak,NULL,https://www.prnewswire.com/news-releases/wilderness-trail-distillery-unveils-rare-limited-edition-10-year-old-wheated-bourbon-celebrating-250-years-of-the-wilderness-road-302639712.html; https://www.fredminnick.com/2025/12/12/wilderness-trail-releases-limited-10-year-expression/,2026-06-26,https://mma.prnewswire.com/media/2844060/Wilderness_Trail_Distillery_limited_edition_Wheated_Bourbon.jpg,bourbon_kentucky_craft
Bourbon,Town Branch Distillery,"Lexington, KY",Town Branch Kentucky Straight Bourbon,own_make,NULL,FALSE,FALSE,Kentucky Straight Bourbon,NULL,NULL,NULL,90,45.0,Corn 72% / Rye 15% / Malted Barley 13%,New charred American oak,NULL,https://lexingtonbrewingco.com/whiskey-spirits/; https://whiskeyconsensus.com/town-branch-kentucky-straight-bourbon-whiskey-updated-2025-review/,2026-06-28,NULL,bourbon_kentucky_craft
Bourbon,Town Branch Distillery,"Lexington, KY",Town Branch Wheated Bourbon,own_make,NULL,FALSE,FALSE,Kentucky Straight Bourbon; ; 6 Year,6 Years,NULL,NULL,99,49.5,Corn 70% / Wheat 22% / Malted Barley 8%,New charred American oak,NULL,https://www.breakingbourbon.com/bourbon-whiskey-press-releases/town-branch-distillery-releases-age-stated-wheated-bourbon; https://www.whiskyintelligence.com/2026/05/town-branch-distillery-releases-age-stated-wheated-bourbon-6-year-age-statement-non-chill-filtered-99-proof-american-whiskey-news/,2026-06-26,https://cdn.prod.website-files.com/5ace2bae31f6d3c07d267cb9/6a0b6d0ff69dba994595119c_Town%20Branch%20Wheated.jpg,bourbon_kentucky_craft
Bourbon,Town Branch Distillery,"Lexington, KY",Town Branch Maple Barrel Stout Finished Bourbon,own_make,NULL,FALSE,FALSE,Kentucky Straight Bourbon,NULL,NULL,NULL,100,50.0,Corn 72% / Rye 15% / Malted Barley 13%,New charred American oak,Kentucky Maple Barrel Stout beer barrel,https://lexingtonbrewingco.com/whiskey-spirits/town-branch-maple-barrel-stout-bourbon; https://www.thebarreltap.com/products/town-branch-maple-barrel-stout-finished-limited-release-bourbon,2026-06-26,http://www.thebarreltap.com/cdn/shop/files/TownBranchMapleBarrelStoutFinishedLimitedReleaseBourbon750mL_1.webp,bourbon_kentucky_craft
Bourbon,Town Branch Distillery,"Lexington, KY",Town Branch Imperium,own_make,NULL,FALSE,FALSE,Kentucky Straight Bourbon; ; MMXXV,NULL,2025,NULL,105,52.5,NULL,New charred American oak,NULL,https://www.drinkthebottles.com/2025/10/town-branch-imperium-mmxxv-kentucky.html; https://craftspiritsmag.com/2025/02/12/town-branch-distillery-unveils-new-whiskey-blending-strategy/,2026-06-26,https://craftspiritsmag.com/wp-content/uploads/2025/02/town-branch-bourbon-1200x630.jpg,bourbon_kentucky_craft
Bourbon,Green River Distilling Co.,"Owensboro, KY",Green River Kentucky Straight Bourbon,own_make,NULL,FALSE,FALSE,Kentucky Straight Bourbon,NULL,NULL,NULL,90,45.0,Corn 70% / Rye 21% / Malted Barley 9%,New charred American oak,NULL,https://greenriverwhiskey.com/our-whiskey/; https://www.bourbonbanter.com/green-river-bourbon-review/,2026-06-26,https://storage.ghost.io/c/1f/bc/1fbc7ea1-d6e2-43ab-9661-246c6f0c07f9/content/images/size/w1200/wp-content/uploads/2022/02/green-river-bourbon-review-header.jpg,bourbon_kentucky_craft
Bourbon,Green River Distilling Co.,"Owensboro, KY",Green River Kentucky Wheated Bourbon,own_make,NULL,FALSE,FALSE,Kentucky Straight Bourbon,NULL,NULL,NULL,90,45.0,Corn 70% / Wheat 21% / Malted Barley 9%,New charred American oak,NULL,https://greenriverwhiskey.com/our-whiskey/; https://whiskeyreviewer.com/2025/02/owensboros-green-river-adds-cask-strength-single-barrel-and-wheated-bourbon/,2026-06-26,NULL,bourbon_kentucky_craft
Bourbon,Green River Distilling Co.,"Owensboro, KY",Green River Full Proof Kentucky Straight Bourbon,own_make,NULL,FALSE,FALSE,Kentucky Straight Bourbon,NULL,NULL,NULL,117.3,58.65,Corn 70% / Rye 21% / Malted Barley 9%,New charred American oak,NULL,https://www.breakingbourbon.com/bourbon-whiskey-press-releases/green-river-releases-full-proof-kentucky-straight-bourbon-whiskey; https://whiskeyjar.blog/2025/07/07/tasting-notes-green-river-full-proof-kentucky-straight-bourbon/,2026-06-26,https://cdn.prod.website-files.com/5ace2bae31f6d3c07d267cb9/665f1ecb7f83f4c288f57f28_Green%20River%20Full%20Proof%20Render.jpg,bourbon_kentucky_craft
Bourbon,Green River Distilling Co.,"Owensboro, KY",Green River Wheated Full Proof Kentucky Straight Bourbon,own_make,NULL,FALSE,FALSE,Kentucky Straight Bourbon,NULL,NULL,NULL,NULL,NULL,Corn 70% / Wheat 21% / Malted Barley 9%,New charred American oak,NULL,https://whiskeyreviewer.com/2025/02/owensboros-green-river-adds-cask-strength-single-barrel-and-wheated-bourbon/,2026-06-26,NULL,bourbon_kentucky_craft
Bourbon,Green River Distilling Co.,"Owensboro, KY",Green River Single Barrel Kentucky Straight Bourbon,own_make,NULL,FALSE,TRUE,Kentucky Straight Bourbon,NULL,NULL,NULL,NULL,NULL,Corn 70% / Rye 21% / Malted Barley 9%,New charred American oak,NULL,https://whiskeyreviewer.com/2025/02/owensboros-green-river-adds-cask-strength-single-barrel-and-wheated-bourbon/,2026-06-26,NULL,bourbon_kentucky_craft
Bourbon,Angel's Envy Distillery,"Louisville, KY",Angel's Envy Kentucky Straight Bourbon,own_make,NULL,FALSE,FALSE,Kentucky Straight Bourbon; Port Cask Finish,NULL,NULL,NULL,86.6,43.3,Corn 72% / Rye 18% / Malted Barley 10%,New charred American oak,Ruby Port,https://www.angelsenvy.com/us/en/product/port-finish/; https://www.breakingbourbon.com/review/angels-envy-bourbon-port-finish,2026-06-26,https://cdn.prod.website-files.com/5ace2bae31f6d3c07d267cb9/5fb3df4859eea3031d934277_Angels-Envy-Port-Finish-Bourbon-01a.jpg,bourbon_kentucky_craft
Bourbon,Angel's Envy Distillery,"Louisville, KY",Angel's Envy Cask Strength,own_make,NULL,FALSE,FALSE,Kentucky Straight Bourbon; Port Cask Finish,NULL,2022,NULL,NULL,NULL,Corn 72% / Rye 18% / Malted Barley 10%,New charred American oak,Ruby Port,https://www.angelsenvy.com/us/en/product/cask-strength/,2026-06-26,https://d3cqmwe6z7cbal.cloudfront.net/wp-content/uploads/sites/2/2022/03/06091009/AngelsEnvy_CaskStrengthSeries_2022_Meta.jpg,bourbon_kentucky_craft
Bourbon,Angel's Envy Distillery,"Louisville, KY",Angel's Envy Cask Strength,own_make,NULL,FALSE,FALSE,Kentucky Straight Bourbon; Port Cask Finish,NULL,2023,NULL,NULL,NULL,Corn 72% / Rye 18% / Malted Barley 10%,New charred American oak,Ruby Port,https://www.angelsenvy.com/us/en/product/cask-strength/; https://bourbon-whiskey-and-rye.com/angels-envy-cask-strength-bourbon-2023-review/,2026-06-26,https://bourbon-whiskey-and-rye.com/wp-content/uploads/2024/03/Angels-Envy-Cask-Strength-Bourbon-2023-Review_700-jpg.webp,bourbon_kentucky_craft
Bourbon,Angel's Envy Distillery,"Louisville, KY",Angel's Envy Cask Strength,own_make,NULL,FALSE,FALSE,Kentucky Straight Bourbon; Port Cask Finish,NULL,2024,NULL,118.8,59.4,Corn 72% / Rye 18% / Malted Barley 10%,New charred American oak,Ruby Port; Tawny Port,https://www.breakingbourbon.com/review/angels-envy-2024-cask-strength-bourbon; https://www.breakingbourbon.com/bourbon-whiskey-press-releases/angels-envy-r-releases-13th-annual-cask-strength-bourbon---introducing-new-twist-with-added-tawny-port-finish,2026-06-26,https://cdn.prod.website-files.com/5ace2bae31f6d3c07d267cb9/676426a5636f2dc28bf4ae28_Angels-Envy-2024-Cask-Strength-Bourbon-01.jpg,bourbon_kentucky_craft
Bourbon,Angel's Envy Distillery,"Louisville, KY",Angel's Envy Cask Strength,own_make,NULL,FALSE,FALSE,Kentucky Straight Bourbon; ; 10 Year Port Wine Barrel Finish,10 Years,2025,NULL,122.6,61.3,Corn 72% / Rye 18% / Malted Barley 10%,New charred American oak,Ruby Port,https://www.prnewswire.com/news-releases/angels-envy-releases-a-10-year-cask-strength-the-brands-first-age-stated-whiskey-302572534.html; https://www.angelsenvy.com/us/en/product/cask-strength/,2026-06-28,NULL,bourbon_kentucky_craft
Bourbon,Angel's Envy Distillery,"Louisville, KY",Angel's Envy Cask Strength,own_make,NULL,FALSE,FALSE,Kentucky Straight Bourbon; Port Cask Finish,NULL,2026,NULL,117.8,58.9,Corn 72% / Rye 18% / Malted Barley 10%,New charred American oak,Ruby Port,https://www.prnewswire.com/news-releases/angels-envy-debuts-2026-cask-strength-dual-release-featuring-annual-bourbon-and-first-ever-age-stated-rye-302729337.html; https://www.angelsenvy.com/us/en/product/cask-strength/,2026-06-28,NULL,bourbon_kentucky_craft
Bourbon,Angel's Envy Distillery,"Louisville, KY",Angel's Envy Cellar Collection,own_make,NULL,FALSE,FALSE,Kentucky Straight Bourbon; ; Oloroso Sherry Cask Finish,NULL,NULL,NULL,100,50.0,Corn 72% / Rye 18% / Malted Barley 10%,New charred American oak,Oloroso Sherry,https://www.angelsenvy.com/us/en/product/2024/cellar-collection-series/; https://www.breakingbourbon.com/bourbon-whiskey-press-releases/angels-envy-unveils-cellar-collection-series-volumes-1-3,2026-06-26,https://cdn.prod.website-files.com/5ace2bae31f6d3c07d267cb9/65aa994cc4c9817cad216237_ANGEL-ENVY-CELLAR-COLLECTION-SERIES.jpg,bourbon_kentucky_craft
Bourbon,Angel's Envy Distillery,"Louisville, KY",Angel's Envy Cellar Collection,own_make,NULL,FALSE,FALSE,Kentucky Straight Bourbon; ; Tawny Port Wine Barrel Finish,NULL,NULL,NULL,111.6,55.8,Corn 72% / Rye 18% / Malted Barley 10%,New charred American oak,Tawny Port,https://www.angelsenvy.com/us/en/product/2024/cellar-collection-series/; https://www.breakingbourbon.com/bourbon-whiskey-press-releases/angels-envy-unveils-cellar-collection-series-volumes-1-3,2026-06-26,https://cdn.prod.website-files.com/5ace2bae31f6d3c07d267cb9/65aa994cc4c9817cad216237_ANGEL-ENVY-CELLAR-COLLECTION-SERIES.jpg,bourbon_kentucky_craft
Bourbon,Angel's Envy Distillery,"Louisville, KY",Angel's Envy Cellar Collection,own_make,NULL,FALSE,FALSE,Kentucky Straight Bourbon; Madeira Cask Finish,NULL,2021,NULL,100,50.0,Corn 72% / Rye 18% / Malted Barley 10%,New charred American oak,Madeira,https://www.angelsenvy.com/us/en/product/madeira2021/; https://www.prnewswire.com/news-releases/angels-envy-unveils-cellar-collection-series-volumes-1-3-marking-the-first-time-three-whiskeys-from-its-highly-acclaimed-cellar-collection-are-being-rereleased-and-showcased-side-by-side-302037344.html,2026-06-26,NULL,bourbon_kentucky_craft
Bourbon,Angel's Envy Distillery,"Louisville, KY",Angel's Envy Cellar Collection,own_make,NULL,FALSE,FALSE,Kentucky Straight Bourbon; Madeira Cask Finish,NULL,2024,NULL,NULL,NULL,Corn 72% / Rye 18% / Malted Barley 10%,New charred American oak,Madeira,https://www.angelsenvy.com/us/en/product/2024/madeira-casks/,2026-06-26,NULL,bourbon_kentucky_craft
Bourbon,Kentucky Artisan Distillery,"Crestwood, KY",Whiskey Row,own_make,NULL,FALSE,FALSE,Bonded Bourbon; ; Bottled-in-Bond,NULL,NULL,NULL,100,50.0,Corn 67% / Rye 12.5% / Wheat 12.5% / Malted Barley 8%,New charred American oak,NULL,https://kentuckyartisandistillery.com/brand/whiskey-row-bourbon/; https://www.breakingbourbon.com/bourbon-whiskey-press-releases/kentucky-artisan-distillery-releases-bottled-in-bond-additions-to-artisan-series,2026-06-26,NULL,bourbon_kentucky_craft
Bourbon,Kentucky Artisan Distillery,"Crestwood, KY",KAD High Rye,own_make,NULL,FALSE,FALSE,Kentucky Straight Bourbon; ; Artisan Series Bottled-in-Bond,NULL,NULL,NULL,100,50.0,Corn 60% / Rye 36% / Malted Barley 4%,New charred American oak,NULL,https://www.breakingbourbon.com/bourbon-whiskey-press-releases/kentucky-artisan-distillery-releases-bottled-in-bond-additions-to-artisan-series; https://kentuckyartisandistillery.com/,2026-06-26,NULL,bourbon_kentucky_craft
Bourbon,Kentucky Artisan Distillery,"Crestwood, KY",KAD Four Grain,own_make,NULL,FALSE,FALSE,Kentucky Straight Bourbon; ; Artisan Series Bottled-in-Bond,NULL,NULL,NULL,100,50.0,Corn 67% / Rye 12.5% / Wheat 12.5% / Malted Barley 8%,New charred American oak,NULL,https://www.breakingbourbon.com/bourbon-whiskey-press-releases/kentucky-artisan-distillery-releases-bottled-in-bond-additions-to-artisan-series; https://kentuckyartisandistillery.com/,2026-06-26,NULL,bourbon_kentucky_craft
Bourbon,Bulleit Distilling Co.,"Shelbyville, KY",Bulleit,own_make,NULL,FALSE,FALSE,Kentucky Straight Bourbon,NAS,NULL,NULL,90,45.0,high-rye,New charred American oak,NULL,https://www.bulleit.com/en-us/our-bourbon; https://www.breakingbourbon.com/,2026-06-26,NULL,bourbon_kentucky_craft
Bourbon,Bulleit Distilling Co.,"Shelbyville, KY",Bulleit,own_make,NULL,FALSE,FALSE,Kentucky Straight Bourbon; ; 10 Years,10 Years,NULL,NULL,91.2,45.6,high-rye,New charred American oak,NULL,https://www.bulleit.com/en-us/our-bourbon; https://www.breakingbourbon.com/,2026-06-26,NULL,bourbon_kentucky_craft
Bourbon,Bulleit Distilling Co.,"Shelbyville, KY",Bulleit,own_make,NULL,FALSE,FALSE,Kentucky Straight Bourbon; ; 12 Years,12 Years,NULL,NULL,NULL,NULL,high-rye,New charred American oak,NULL,https://www.bulleit.com/en-us/our-bourbon,2026-06-26,NULL,bourbon_kentucky_craft
Bourbon,Bulleit Distilling Co.,"Shelbyville, KY",Bulleit,own_make,NULL,FALSE,FALSE,Bonded Bourbon; ; Bottled-in-Bond,7 Years,2025,NULL,100,50.0,high-rye,New charred American oak,NULL,https://whiskeynetwork.net/2025/02/bulleit-launches-bottled-in-bond-bourbon/; https://www.bulleit.com/en-us/our-bourbon,2026-06-26,NULL,bourbon_kentucky_craft
Bourbon,New Riff Distilling,"Newport, KY",New Riff Kentucky Straight Bourbon,own_make,NULL,FALSE,FALSE,Bonded Bourbon; ; Bottled-in-Bond,4 Years,NULL,NULL,100,50.0,Corn 65% / Rye 30% / Malted Barley 5%,New charred American oak,NULL,https://www.newriffdistilling.com/spirits/kentucky-straight-bourbon-whiskey/; https://shop.newriffdistilling.com/products/new-riff-kentucky-straight-bourbon-whiskey-bottled-in-bond,2026-06-26,NULL,bourbon_kentucky_craft
Bourbon,New Riff Distilling,"Newport, KY",New Riff 8-Year Kentucky Straight Bourbon,own_make,NULL,FALSE,FALSE,Kentucky Straight Bourbon,8 Years,NULL,NULL,100,50.0,Corn 65% / Rye 30% / Malted Barley 5%,New charred American oak,NULL,https://shop.newriffdistilling.com/products/new-riff-8-year-old-kentucky-straight-bourbon-whiskey; https://www.breakingbourbon.com/bourbon-whiskey-press-releases/new-riff-distilling-unveils-eight-year-old-bourbon-whiskey,2026-06-26,NULL,bourbon_kentucky_craft
Bourbon,New Riff Distilling,"Newport, KY",New Riff Single Barrel Bourbon,own_make,NULL,FALSE,TRUE,Kentucky Straight Bourbon,NULL,NULL,NULL,NULL,NULL,Corn 65% / Rye 30% / Malted Barley 5%,New charred American oak,NULL,https://www.newriffdistilling.com/spirits/single-barrel-bourbon-whiskey/,2026-06-26,NULL,bourbon_kentucky_craft
Bourbon,New Riff Distilling,"Newport, KY",New Riff Backsetter Bourbon,own_make,NULL,FALSE,FALSE,Bonded Bourbon; ; Bottled-in-Bond,4 Years,NULL,NULL,100,50.0,Corn 65% / Rye 30% / Malted Barley 5%,New charred American oak,NULL,https://www.breakingbourbon.com/review/new-riff-backsetter-bourbon; https://www.distillerytrail.com/blog/new-riffs-bourbon-rye-backsetter-release-has-a-twist-a-peat-smoked-malted-barley-sour-mash-backset/,2026-06-26,NULL,bourbon_kentucky_craft
Bourbon,New Riff Distilling,"Newport, KY",New Riff Maltster Bourbon,own_make,NULL,FALSE,FALSE,Kentucky Straight Bourbon; ; Malted Rye Bottled-in-Bond,5 Years,NULL,NULL,100,50.0,NULL,New charred American oak,NULL,https://www.breakingbourbon.com/review/new-riff-maltster-bourbon-made-with-malted-rye; https://distiller.com/spirits/new-riff-maltster-bourbon-malted-rye,2026-06-26,NULL,bourbon_kentucky_craft
Bourbon,Kentucky Peerless Distilling,"Louisville, KY",Peerless Kentucky Straight Bourbon,own_make,NULL,FALSE,FALSE,Kentucky Straight Bourbon; Small Batch,NAS,NULL,NULL,NULL,NULL,NULL,New charred American oak,NULL,https://kentuckypeerless.com/whiskey/kentucky-peerless-bourbon/; https://www.breakingbourbon.com/review/peerless-small-batch-barrel-proof-bourbon,2026-06-28,NULL,bourbon_kentucky_craft
Bourbon,Kentucky Peerless Distilling,"Louisville, KY",Peerless High Rye Kentucky Straight Bourbon,own_make,NULL,FALSE,FALSE,Kentucky Straight Bourbon,NAS,NULL,NULL,110.5,55.25,NULL,New charred American oak,NULL,https://kentuckypeerless.com/kentucky-peerless-high-rye-bourbon/; https://kentuckypeerless.com/peerless-high-rye-bourbon-top-rated/,2026-06-26,NULL,bourbon_kentucky_craft
Bourbon,Kentucky Peerless Distilling,"Louisville, KY",Peerless Toasted Kentucky Straight Bourbon,own_make,NULL,FALSE,FALSE,Kentucky Straight Bourbon,NAS,NULL,NULL,NULL,NULL,NULL,New charred American oak,Toasted American oak,https://shoppeerless.com/product-category/whiskey/bourbon/,2026-06-26,NULL,bourbon_kentucky_craft
Bourbon,Kentucky Peerless Distilling,"Louisville, KY",Peerless Cognac Barrel Finished Kentucky Straight Bourbon,own_make,NULL,FALSE,FALSE,Kentucky Straight Bourbon,NAS,NULL,NULL,NULL,NULL,NULL,New charred American oak,Cognac,https://kentuckypeerless.com/,2026-06-28,NULL,bourbon_kentucky_craft
Bourbon,Kentucky Peerless Distilling,"Louisville, KY",Kraver's 10-Year Old Reserve Kentucky Straight Bourbon,own_make,NULL,FALSE,FALSE,Kentucky Straight Bourbon,10 Years,NULL,Batch 1,117.6,58.8,NULL,New charred American oak,NULL,https://www.breakingbourbon.com/bourbon-whiskey-press-releases/kentucky-peerless-distilling-co-releases-10-year-old-bourbon; https://wineindustryadvisor.com/2026/03/18/kentucky-peerless-distilling-co-releases-10-year-old-bourbon/,2026-06-26,NULL,bourbon_kentucky_craft
Bourbon,Castle & Key Distillery,"Frankfort, KY",Castle & Key Small Batch Bourbon,own_make,NULL,FALSE,FALSE,Kentucky Straight Bourbon,4 Years,NULL,Batch 1,98,49.0,White Corn 73% / Rye 10% / Malted Barley 17%,New charred American oak,NULL,https://www.breakingbourbon.com/review/castle-key-small-batch-bourbon-batch-1; https://www.drinkhacker.com/2022/05/04/review-castle-key-small-batch-bourbon-batch-1-and-2-and-restoration-rye-2022-batch-1/,2026-06-26,NULL,bourbon_kentucky_craft
Bourbon,Castle & Key Distillery,"Frankfort, KY",Castle & Key Small Batch Bourbon,own_make,NULL,FALSE,FALSE,Kentucky Straight Bourbon,4 Years,NULL,Batch 2,99,49.5,White Corn 73% / Rye 10% / Malted Barley 17%,New charred American oak,NULL,https://whiskeyconsensus.com/castle-and-key-small-batch-bourbon-review/; https://www.drinkhacker.com/2022/05/04/review-castle-key-small-batch-bourbon-batch-1-and-2-and-restoration-rye-2022-batch-1/,2026-06-26,NULL,bourbon_kentucky_craft
Bourbon,Castle & Key Distillery,"Frankfort, KY",Castle & Key Small Batch Bourbon,own_make,NULL,FALSE,FALSE,Kentucky Straight Bourbon,4 Years,NULL,Batch 5,100,50.0,White Corn 73% / Rye 10% / Malted Barley 17%,New charred American oak,NULL,https://www.thebourbonwhiskeylibrary.net/post/castle-key-small-batch-bourbon-batch-5-review; https://castleandkey.com/products/traditional-bourbon,2026-06-26,NULL,bourbon_kentucky_craft
Bourbon,Castle & Key Distillery,"Frankfort, KY",Castle & Key Small Batch Bourbon,own_make,NULL,FALSE,FALSE,Kentucky Straight Bourbon,6 Years,NULL,NULL,101,50.5,White Corn 73% / Rye 10% / Malted Barley 17%,New charred American oak,NULL,https://castleandkey.com/products/traditional-bourbon; https://www.breakingbourbon.com/bourbon-whiskey-press-releases/castle-key-announces-first-ever-bourbon-release-in-two-batches,2026-06-26,NULL,bourbon_kentucky_craft
Bourbon,Castle & Key Distillery,"Frankfort, KY",Castle & Key Cask Strength Wheated Bourbon,own_make,NULL,FALSE,FALSE,Kentucky Straight Bourbon; ; 7 Year,7 Years,NULL,NULL,108.2,54.1,White Corn 73% / Wheat 10% / Malted Barley 17%,New charred American oak,NULL,https://castleandkey.com/collections/spirits/products/wheated-cask-strength; https://www.breakingbourbon.com/bourbon-whiskey-press-releases/castle-key-distillery-announces-wheated-bourbon-cask-strength-7-year-old,2026-06-26,NULL,bourbon_kentucky_craft
Bourbon,Castle & Key Distillery,"Frankfort, KY",Castle & Key Single Barrel Bourbon,own_make,NULL,FALSE,TRUE,Kentucky Straight Bourbon,NULL,NULL,NULL,NULL,NULL,White Corn 73% / Rye 10% / Malted Barley 17%,New charred American oak,NULL,https://www.castleandkey.com/products/castle-key-single-barrel-bourbon-whiskey,2026-06-26,NULL,bourbon_kentucky_craft
Bourbon,Rabbit Hole Distillery,"Louisville, KY",Heigold,own_make,NULL,FALSE,FALSE,Kentucky Straight Bourbon; ; High-Rye Double Malt Bourbon,NULL,NULL,NULL,95,47.5,Corn 70% / Malted Rye 25% / Malted Barley 5%,New charred American oak,NULL,https://www.rabbitholedistillery.com/products/heigold-kentucky-straight-bourbon-whiskey; https://www.breakingbourbon.com/review/rabbit-hole-heigold-bourbon,2026-06-26,NULL,bourbon_kentucky_craft
Bourbon,Rabbit Hole Distillery,"Louisville, KY",Cavehill,own_make,NULL,FALSE,FALSE,Kentucky Straight Bourbon; ; Four-Grain Triple Malt Bourbon,NULL,NULL,NULL,95,47.5,Corn 70% / Malted Wheat 10% / Malted Barley 10% / Honey Malted Barley 10%,New charred American oak,NULL,https://www.rabbitholedistillery.com/products/cavehill-kentucky-straight-bourbon-whiskey; https://www.rabbitholedistillery.com/pages/cavehill,2026-06-28,NULL,bourbon_kentucky_craft
Bourbon,Rabbit Hole Distillery,"Louisville, KY",Dareringer,own_make,NULL,FALSE,FALSE,Kentucky Straight Bourbon; ; PX Sherry Cask Finished Bourbon,NULL,NULL,NULL,93,46.5,Corn 68% / Wheat 18% / Malted Barley 14%,New charred American oak,Pedro Ximénez Sherry,https://www.rabbitholedistillery.com/products/dareringer-straight-bourbon-whiskey-finished-in-px-sherry-casks; https://www.rabbitholedistillery.com/pages/dareringer,2026-06-28,NULL,bourbon_kentucky_craft
Bourbon,Rabbit Hole Distillery,"Louisville, KY",Raceking,own_make,NULL,FALSE,FALSE,Kentucky Straight Bourbon,6 Years,NULL,NULL,95,47.5,NULL,New charred American oak,NULL,https://www.northwestbeerguide.com/spirits/2026-rabbithole-raceking; https://www.rabbitholedistillery.com/pages/whiskey,2026-06-26,NULL,bourbon_kentucky_craft
Bourbon,Wilderness Trail Distillery,"Danville, KY",Kentucky Straight Wheated Bourbon,own_make,NULL,FALSE,FALSE,Bonded Bourbon; ; Bottled-in-Bond,4 Years,NULL,NULL,100,50.0,Corn 64% / Wheat 24% / Malted Barley 12%,New charred American oak,NULL,https://www.wildernesstraildistillery.com/en-us/whiskeys/wheated-bourbon/; https://www.wildernesstraildistillery.com/en-us/faq/,2026-06-26,NULL,bourbon_kentucky_craft
Bourbon,Wilderness Trail Distillery,"Danville, KY",Kentucky Straight High Rye Bourbon,own_make,NULL,FALSE,FALSE,Bonded Bourbon; ; Bottled-in-Bond,4 Years,NULL,NULL,100,50.0,Corn 64% / Rye 24% / Malted Barley 12%,New charred American oak,NULL,https://www.wildernesstraildistillery.com/en-us/whiskeys/high-rye-bourbon/; https://www.breakingbourbon.com/review/wilderness-trail-high-rye-bourbon-bottled-in-bond,2026-06-26,NULL,bourbon_kentucky_craft
Bourbon,Wilderness Trail Distillery,"Danville, KY",Kentucky Straight Wheated Bourbon,own_make,NULL,FALSE,FALSE,Kentucky Straight Bourbon; ; Family Reserve 6 Year,6 Years,NULL,NULL,NULL,NULL,Corn 64% / Wheat 24% / Malted Barley 12%,New charred American oak,NULL,https://www.prnewswire.com/news-releases/wilderness-trail-distillery-debuts-6-year-old-private-barrel-offering-302629655.html; https://whiskeyreviewer.com/2025/12/kentuckys-wilderness-trail-offers-new-private-single-barrel-collection/,2026-06-26,NULL,bourbon_kentucky_craft
Bourbon,Wilderness Trail Distillery,"Danville, KY",Kentucky Straight High Rye Bourbon,own_make,NULL,FALSE,FALSE,Kentucky Straight Bourbon; ; Family Reserve 6 Year,6 Years,NULL,NULL,NULL,NULL,Corn 64% / Rye 24% / Malted Barley 12%,New charred American oak,NULL,https://whiskeyreviewer.com/2025/12/wilderness-trail-family-reserve-6-year-old-high-rye-bourbon-review-122925/; https://www.prnewswire.com/news-releases/wilderness-trail-distillery-debuts-6-year-old-private-barrel-offering-302629655.html,2026-06-26,NULL,bourbon_kentucky_craft
Bourbon,Wilderness Trail Distillery,"Danville, KY",Kentucky Straight Wheated Bourbon,own_make,NULL,FALSE,FALSE,Kentucky Straight Bourbon; ; 10 Year Limited,10 Years,NULL,NULL,NULL,NULL,Corn 51% / Wheat 45% / Malted Barley 4%,New charred American oak,NULL,https://www.prnewswire.com/news-releases/wilderness-trail-distillery-unveils-rare-limited-edition-10-year-old-wheated-bourbon-celebrating-250-years-of-the-wilderness-road-302639712.html; https://www.fredminnick.com/2025/12/12/wilderness-trail-releases-limited-10-year-expression/,2026-06-26,NULL,bourbon_kentucky_craft
Bourbon,Town Branch Distillery,"Lexington, KY",Town Branch Kentucky Straight Bourbon,own_make,NULL,FALSE,FALSE,Kentucky Straight Bourbon,NULL,NULL,NULL,90,45.0,Corn 72% / Rye 15% / Malted Barley 13%,New charred American oak,NULL,https://lexingtonbrewingco.com/whiskey-spirits/; https://whiskeyconsensus.com/town-branch-kentucky-straight-bourbon-whiskey-updated-2025-review/,2026-06-28,NULL,bourbon_kentucky_craft
Bourbon,Town Branch Distillery,"Lexington, KY",Town Branch Wheated Bourbon,own_make,NULL,FALSE,FALSE,Kentucky Straight Bourbon; ; 6 Year,6 Years,NULL,NULL,99,49.5,Corn 70% / Wheat 22% / Malted Barley 8%,New charred American oak,NULL,https://www.breakingbourbon.com/bourbon-whiskey-press-releases/town-branch-distillery-releases-age-stated-wheated-bourbon; https://www.whiskyintelligence.com/2026/05/town-branch-distillery-releases-age-stated-wheated-bourbon-6-year-age-statement-non-chill-filtered-99-proof-american-whiskey-news/,2026-06-26,NULL,bourbon_kentucky_craft
Bourbon,Town Branch Distillery,"Lexington, KY",Town Branch Maple Barrel Stout Finished Bourbon,own_make,NULL,FALSE,FALSE,Kentucky Straight Bourbon,NULL,NULL,NULL,100,50.0,Corn 72% / Rye 15% / Malted Barley 13%,New charred American oak,Kentucky Maple Barrel Stout beer barrel,https://lexingtonbrewingco.com/whiskey-spirits/town-branch-maple-barrel-stout-bourbon; https://www.thebarreltap.com/products/town-branch-maple-barrel-stout-finished-limited-release-bourbon,2026-06-26,NULL,bourbon_kentucky_craft
Bourbon,Town Branch Distillery,"Lexington, KY",Town Branch Imperium,own_make,NULL,FALSE,FALSE,Kentucky Straight Bourbon; ; MMXXV,NULL,2025,NULL,105,52.5,NULL,New charred American oak,NULL,https://www.drinkthebottles.com/2025/10/town-branch-imperium-mmxxv-kentucky.html; https://craftspiritsmag.com/2025/02/12/town-branch-distillery-unveils-new-whiskey-blending-strategy/,2026-06-26,NULL,bourbon_kentucky_craft
Bourbon,Green River Distilling Co.,"Owensboro, KY",Green River Kentucky Straight Bourbon,own_make,NULL,FALSE,FALSE,Kentucky Straight Bourbon,NULL,NULL,NULL,90,45.0,Corn 70% / Rye 21% / Malted Barley 9%,New charred American oak,NULL,https://greenriverwhiskey.com/our-whiskey/; https://www.bourbonbanter.com/green-river-bourbon-review/,2026-06-26,NULL,bourbon_kentucky_craft
Bourbon,Green River Distilling Co.,"Owensboro, KY",Green River Kentucky Wheated Bourbon,own_make,NULL,FALSE,FALSE,Kentucky Straight Bourbon,NULL,NULL,NULL,90,45.0,Corn 70% / Wheat 21% / Malted Barley 9%,New charred American oak,NULL,https://greenriverwhiskey.com/our-whiskey/; https://whiskeyreviewer.com/2025/02/owensboros-green-river-adds-cask-strength-single-barrel-and-wheated-bourbon/,2026-06-26,NULL,bourbon_kentucky_craft
Bourbon,Green River Distilling Co.,"Owensboro, KY",Green River Full Proof Kentucky Straight Bourbon,own_make,NULL,FALSE,FALSE,Kentucky Straight Bourbon,NULL,NULL,NULL,117.3,58.65,Corn 70% / Rye 21% / Malted Barley 9%,New charred American oak,NULL,https://www.breakingbourbon.com/bourbon-whiskey-press-releases/green-river-releases-full-proof-kentucky-straight-bourbon-whiskey; https://whiskeyjar.blog/2025/07/07/tasting-notes-green-river-full-proof-kentucky-straight-bourbon/,2026-06-26,NULL,bourbon_kentucky_craft
Bourbon,Green River Distilling Co.,"Owensboro, KY",Green River Wheated Full Proof Kentucky Straight Bourbon,own_make,NULL,FALSE,FALSE,Kentucky Straight Bourbon,NULL,NULL,NULL,NULL,NULL,Corn 70% / Wheat 21% / Malted Barley 9%,New charred American oak,NULL,https://whiskeyreviewer.com/2025/02/owensboros-green-river-adds-cask-strength-single-barrel-and-wheated-bourbon/,2026-06-26,NULL,bourbon_kentucky_craft
Bourbon,Green River Distilling Co.,"Owensboro, KY",Green River Single Barrel Kentucky Straight Bourbon,own_make,NULL,FALSE,TRUE,Kentucky Straight Bourbon,NULL,NULL,NULL,NULL,NULL,Corn 70% / Rye 21% / Malted Barley 9%,New charred American oak,NULL,https://whiskeyreviewer.com/2025/02/owensboros-green-river-adds-cask-strength-single-barrel-and-wheated-bourbon/,2026-06-26,NULL,bourbon_kentucky_craft
Bourbon,Angel's Envy Distillery,"Louisville, KY",Angel's Envy Kentucky Straight Bourbon,own_make,NULL,FALSE,FALSE,Kentucky Straight Bourbon; Port Cask Finish,NULL,NULL,NULL,86.6,43.3,Corn 72% / Rye 18% / Malted Barley 10%,New charred American oak,Ruby Port,https://www.angelsenvy.com/us/en/product/port-finish/; https://www.breakingbourbon.com/review/angels-envy-bourbon-port-finish,2026-06-26,NULL,bourbon_kentucky_craft
Bourbon,Angel's Envy Distillery,"Louisville, KY",Angel's Envy Cask Strength,own_make,NULL,FALSE,FALSE,Kentucky Straight Bourbon; Port Cask Finish,NULL,2022,NULL,NULL,NULL,Corn 72% / Rye 18% / Malted Barley 10%,New charred American oak,Ruby Port,https://www.angelsenvy.com/us/en/product/cask-strength/,2026-06-26,NULL,bourbon_kentucky_craft
Bourbon,Angel's Envy Distillery,"Louisville, KY",Angel's Envy Cask Strength,own_make,NULL,FALSE,FALSE,Kentucky Straight Bourbon; Port Cask Finish,NULL,2023,NULL,NULL,NULL,Corn 72% / Rye 18% / Malted Barley 10%,New charred American oak,Ruby Port,https://www.angelsenvy.com/us/en/product/cask-strength/; https://bourbon-whiskey-and-rye.com/angels-envy-cask-strength-bourbon-2023-review/,2026-06-26,NULL,bourbon_kentucky_craft
Bourbon,Angel's Envy Distillery,"Louisville, KY",Angel's Envy Cask Strength,own_make,NULL,FALSE,FALSE,Kentucky Straight Bourbon; Port Cask Finish,NULL,2024,NULL,118.8,59.4,Corn 72% / Rye 18% / Malted Barley 10%,New charred American oak,Ruby Port; Tawny Port,https://www.breakingbourbon.com/review/angels-envy-2024-cask-strength-bourbon; https://www.breakingbourbon.com/bourbon-whiskey-press-releases/angels-envy-r-releases-13th-annual-cask-strength-bourbon---introducing-new-twist-with-added-tawny-port-finish,2026-06-26,NULL,bourbon_kentucky_craft
Bourbon,Angel's Envy Distillery,"Louisville, KY",Angel's Envy Cask Strength,own_make,NULL,FALSE,FALSE,Kentucky Straight Bourbon; ; 10 Year Port Wine Barrel Finish,10 Years,2025,NULL,122.6,61.3,Corn 72% / Rye 18% / Malted Barley 10%,New charred American oak,Ruby Port,https://www.prnewswire.com/news-releases/angels-envy-releases-a-10-year-cask-strength-the-brands-first-age-stated-whiskey-302572534.html; https://www.angelsenvy.com/us/en/product/cask-strength/,2026-06-28,NULL,bourbon_kentucky_craft
Bourbon,Angel's Envy Distillery,"Louisville, KY",Angel's Envy Cask Strength,own_make,NULL,FALSE,FALSE,Kentucky Straight Bourbon; Port Cask Finish,NULL,2026,NULL,117.8,58.9,Corn 72% / Rye 18% / Malted Barley 10%,New charred American oak,Ruby Port,https://www.prnewswire.com/news-releases/angels-envy-debuts-2026-cask-strength-dual-release-featuring-annual-bourbon-and-first-ever-age-stated-rye-302729337.html; https://www.angelsenvy.com/us/en/product/cask-strength/,2026-06-28,NULL,bourbon_kentucky_craft
Bourbon,Angel's Envy Distillery,"Louisville, KY",Angel's Envy Cellar Collection,own_make,NULL,FALSE,FALSE,Kentucky Straight Bourbon; ; Oloroso Sherry Cask Finish,NULL,NULL,NULL,100,50.0,Corn 72% / Rye 18% / Malted Barley 10%,New charred American oak,Oloroso Sherry,https://www.angelsenvy.com/us/en/product/2024/cellar-collection-series/; https://www.breakingbourbon.com/bourbon-whiskey-press-releases/angels-envy-unveils-cellar-collection-series-volumes-1-3,2026-06-26,NULL,bourbon_kentucky_craft
Bourbon,Angel's Envy Distillery,"Louisville, KY",Angel's Envy Cellar Collection,own_make,NULL,FALSE,FALSE,Kentucky Straight Bourbon; ; Tawny Port Wine Barrel Finish,NULL,NULL,NULL,111.6,55.8,Corn 72% / Rye 18% / Malted Barley 10%,New charred American oak,Tawny Port,https://www.angelsenvy.com/us/en/product/2024/cellar-collection-series/; https://www.breakingbourbon.com/bourbon-whiskey-press-releases/angels-envy-unveils-cellar-collection-series-volumes-1-3,2026-06-26,NULL,bourbon_kentucky_craft
Bourbon,Angel's Envy Distillery,"Louisville, KY",Angel's Envy Cellar Collection,own_make,NULL,FALSE,FALSE,Kentucky Straight Bourbon; Madeira Cask Finish,NULL,2021,NULL,100,50.0,Corn 72% / Rye 18% / Malted Barley 10%,New charred American oak,Madeira,https://www.angelsenvy.com/us/en/product/madeira2021/; https://www.prnewswire.com/news-releases/angels-envy-unveils-cellar-collection-series-volumes-1-3-marking-the-first-time-three-whiskeys-from-its-highly-acclaimed-cellar-collection-are-being-rereleased-and-showcased-side-by-side-302037344.html,2026-06-26,NULL,bourbon_kentucky_craft
Bourbon,Angel's Envy Distillery,"Louisville, KY",Angel's Envy Cellar Collection,own_make,NULL,FALSE,FALSE,Kentucky Straight Bourbon; Madeira Cask Finish,NULL,2024,NULL,NULL,NULL,Corn 72% / Rye 18% / Malted Barley 10%,New charred American oak,Madeira,https://www.angelsenvy.com/us/en/product/2024/madeira-casks/,2026-06-26,NULL,bourbon_kentucky_craft
Bourbon,Bardstown Bourbon Company,"Bardstown, KY",Bardstown Bourbon Company,own_make,NULL,FALSE,TRUE,Kentucky Straight Bourbon; Single Barrel,6 Years (minimum),NULL,NULL,NULL,NULL,Corn 60% / Rye 36% / Malted Barley 4%,New charred American oak,NULL,https://www.bardstownbourbon.com/single-barrel/; https://www.bardstownbourbon.com/products/single-barrel-bourbon/,2026-06-26,https://www.bardstownbourbon.com/wp-content/uploads/2026/02/BBCo_SB_750ml_KYSB.png,bourbon_kentucky_craft
Bourbon,Bardstown Bourbon Company,"Bardstown, KY",Bardstown Bourbon Company,own_make,NULL,FALSE,TRUE,Kentucky Straight Bourbon; ; Single Barrel Wheated,6 Years (minimum),NULL,NULL,NULL,NULL,Corn 68% / Wheat 20% / Malted Barley 12%,New charred American oak,NULL,https://www.bardstownbourbon.com/single-barrel/; https://www.bardstownbourbon.com/products/single-barrel-wheated/,2026-06-28,NULL,bourbon_kentucky_craft
Bourbon,New Riff Distilling,"Newport, Kentucky",New Riff Silver Grove Bourbon,Craft distillery,NULL,FALSE,FALSE,Straight Bourbon; Barrel Proof; 2023 Annual Release,4 Years (minimum),2023,,113.5,56.75,"65% corn, 30% rye, 5% malted barley",New charred oak,,https://newriffdistilling.com/spirits/new-riff-silver-grove-bourbon-2023/,2026-06-26,https://newriffdistilling.com/wp-content/uploads/2026/02/NRD_2023_SILVER_GROVE_1.webp,bourbon_kentucky_craft
Bourbon,New Riff Distilling,"Newport, Kentucky",New Riff Silver Grove Bourbon,Craft distillery,NULL,FALSE,FALSE,Straight Bourbon; Barrel Proof; 2024 Annual Release,4 Years (minimum),2024,,116.2,58.1,"65% corn, 30% rye, 5% malted barley",New charred oak,,https://newriffdistilling.com/spirits/new-riff-silver-grove-bourbon-2024/,2026-06-26,https://newriffdistilling.com/wp-content/uploads/2026/02/NRD_2024_SILVER_GROVE_1.webp,bourbon_kentucky_craft
Bourbon,New Riff Distilling,"Newport, Kentucky",New Riff Silver Grove Bourbon,Craft distillery,NULL,FALSE,FALSE,Straight Bourbon; Barrel Proof; 2025 Annual Release,4 Years (minimum),2025,,110.3,55.15,"65% corn, 30% rye, 5% malted barley",New charred oak,,https://newriffdistilling.com/spirits/new-riff-silver-grove-bourbon-2025/,2026-06-26,https://newriffdistilling.com/wp-content/uploads/2026/02/NRD_2025_SILVER_GROVE_1.webp,bourbon_kentucky_craft
Bourbon,New Riff Distilling,"Newport, Kentucky",New Riff Silver Grove Bourbon,Craft distillery,NULL,FALSE,FALSE,Straight Bourbon; Barrel Proof; 2026 Annual Release (6 Year),6 Years (minimum),2026,,116.4,58.2,"65% corn, 30% rye, 5% malted barley",New charred oak,,https://newriffdistilling.com/spirits/new-riff-silver-grove-bourbon-2026/,2026-06-26,https://newriffdistilling.com/wp-content/uploads/2026/03/NRD_2026_SILVER_GROVE_Bourbon_1.webp,bourbon_kentucky_craft
Bourbon,New Riff Distilling,"Newport, Kentucky",New Riff Winter Whiskey,Craft distillery,NULL,FALSE,FALSE,Straight Bourbon; Oat Bourbon; Seasonal Release,4 Years (minimum),,,100,50.0,"65% corn, 20% malted oats, 7% pale ale malt, 5% steel cut raw oats, 3% chocolate malt",New charred oak,,https://newriffdistilling.com/spirits/new-riff-winter-whiskey/,2026-06-26,https://newriffdistilling.com/wp-content/uploads/2026/02/NRD_WINTER_WHISKEY_1.webp,bourbon_kentucky_craft
Bourbon,Rabbit Hole Distillery,"Louisville, Kentucky",Amburana,Craft distillery,NULL,FALSE,FALSE,Kentucky Straight Bourbon; Founder's Collection; Brazilian Amburana Oak Finish,12 Years,,,125,62.5,,New toasted and charred American oak,Amburana (Brazilian oak) cask,https://www.rabbitholedistillery.com/pages/amburana; https://www.pastemagazine.com/drink/whiskey/rabbit-hole-amburana-founders-collection-bourbon-review-price-brazilian-oak,2026-06-26,https://image-pastemagazine-com-public-bucket.storage.googleapis.com/wp-content/uploads/2023/11/21130107/rabbit-hole-amburana-main.jpg,bourbon_kentucky_craft
Bourbon,Rabbit Hole Distillery,"Louisville, Kentucky",Dareringer,Craft distillery,NULL,FALSE,FALSE,Kentucky Straight Bourbon; Founder's Collection Cask Strength; PX Sherry Cask Finish,,,,102.1,51.05,"65% corn, 25% malted wheat, 10% malted barley",New toasted and charred American oak,"Pedro Ximenez Sherry cask (Casknolia, Spain)",https://www.rabbitholedistillery.com/pages/dareringer-founders-collection; https://www.gobourbon.com/new-release-rabbit-hole-expands-founders-collection-with-cask-strength-dareringer/,2026-06-26,https://www.gobourbon.com/wp-content/uploads/2023/06/Screenshot-2023-06-15-021313.jpg,bourbon_kentucky_craft
Bourbon,Rabbit Hole Distillery,"Louisville, Kentucky",Mizunara,Craft distillery,NULL,FALSE,FALSE,Kentucky Straight Bourbon; Founder's Collection Cask Strength; Japanese Mizunara Oak Finish,15 Years,,,,,"70% corn, 25% malted rye, 5% malted barley",New charred American oak,Japanese Mizunara oak cask,https://www.rabbitholedistillery.com/products/rabbit-hole-mizunara-cask-strength-founders-collection-kentucky-straight-bourbon-whiskey,2026-06-26,https://www.rabbitholedistillery.com/cdn/shop/files/mizunara-founders-collection-310861.png?v=1712694958,bourbon_kentucky_craft
Bourbon,Kentucky Peerless Distilling Co.,"Louisville, Kentucky",Kentucky Peerless Double Oak Bourbon,Craft distillery,NULL,FALSE,FALSE,Kentucky Straight Bourbon; Barrel Proof Double Oak; Small Batch,,,,,,,Two new charred oak barrels (double-barreled),Second new charred oak barrel,https://kentuckypeerless.com/whiskey/kentucky-peerless-double-oak-bourbon/,2026-06-28,NULL,bourbon_kentucky_craft
Bourbon,Kentucky Peerless Distilling Co.,"Louisville, Kentucky",Kentucky Peerless Single Barrel Bourbon,Craft distillery,NULL,FALSE,FALSE,Kentucky Straight Bourbon; Single Barrel Barrel Proof; KPD Selection,,,,,,,New charred oak,,https://kentuckypeerless.com/whiskey/kentucky-peerless-single-barrel-bourbon-kpd-selection/; https://kentuckypeerless.com/kentucky-peerless-single-barrel-bourbon/,2026-06-28,NULL,bourbon_kentucky_craft
Bourbon,Kentucky Peerless Distilling Co.,"Louisville, Kentucky",Kentucky Peerless Rum Barrel Finished Bourbon,Craft distillery,NULL,FALSE,FALSE,Kentucky Straight Bourbon; Barrel Proof; Rum Barrel Finished,,,,,,,New charred oak,Rum barrel,https://kentuckypeerless.com/whiskey/peerless-rum-finished-bourbon/,2026-06-26,NULL,bourbon_kentucky_craft
Bourbon,Limestone Branch Distillery,"Lebanon, Kentucky",Yellowstone,Craft distillery,NULL,FALSE,FALSE,Bonded Bourbon; Hand Picked Single Barrel Bottled-in-Bond; 2026 250th Anniversary,7 Years,2026,,93,46.5,,New charred oak,,https://yellowstonebourbon.com/single-barrel/,2026-06-26,NULL,bourbon_kentucky_craft
Bourbon,"Pennco Distillery (Schaefferstown, PA)","Schaefferstown, PA",A.H. Hirsch Reserve,sourced,A.H. Hirsch,TRUE,FALSE,Straight Bourbon; Pot-Stilled Sour Mash; Bottle 523 of 1000,16 Years,1974,NULL,91,45.5,NULL,New charred American oak,NULL,https://www.benchmarkwineandspirits.com/products/9002314,2026-06-28,http://www.benchmarkwineandspirits.com/cdn/shop/files/IMG_2001.jpg,bourbon_kentucky_craft
Bourbon,Kentucky Artisan Distillery,"Crestwood, KY",J.W. Rutledge Cream of Kentucky,sourced,J.W. Rutledge,TRUE,FALSE,Straight Bourbon; Personally curated by Jim Rutledge,11.5 Years,NULL,NULL,102,51.0,NULL,New charred American oak,NULL,https://www.benchmarkwineandspirits.com/products/9002527,2026-06-28,http://www.benchmarkwineandspirits.com/cdn/shop/files/IMG_1777_0b6b9006-594e-48b8-9ef3-7d268b31d75a.heic,bourbon_kentucky_craft
Bourbon,Willett Distillery,"Bardstown, KY",Kiamichi,sourced,Willett / Followill Family Collaboration,TRUE,FALSE,Straight Bourbon; Limited Release,8 Years,NULL,NULL,110,55.0,NULL,New charred American oak,NULL,https://www.benchmarkwineandspirits.com/products/9002542,2026-06-28,http://www.benchmarkwineandspirits.com/cdn/shop/files/IMG_0300.jpg,bourbon_kentucky_craft
Bourbon,Buffalo Trace Distillery,"Frankfort, KY",OFC Old Fashion Copper Vintage,own_make,NULL,FALSE,FALSE,Kentucky Straight Bourbon; Vintage; Bottle 99 of 100,NULL,1980,NULL,90,45.0,NULL,New charred American oak,NULL,https://www.benchmarkwineandspirits.com/products/9002317,2026-06-28,NULL,bourbon_kentucky_craft
