spirit_type,distillery,distillery_location,spirit_name,producer_type,producer_brand,is_ndp,is_template,special_designation,age_statement,vintage,batch_lot,proof,abv,mash_bill,barrel_type,cask_finish,source_urls,last_verified,label_image_url,cohort
Calvados,Père Magloire,"Pont-l'Évêque, France",Père Magloire,blended,,FALSE,FALSE,Calvados Pays d'Auge; VS; Fine VS,,,,80.0,40,,,,https://www.calvados-pere-magloire.com/en/calvados-fine-v-s/; https://www.thewhiskyexchange.com/p/59149/pere-magloire-vs-fine-aoc-calvados,2026-06-27,https://img.thewhiskyexchange.com/540/calva_per16.jpg,calvados_france
Calvados,Père Magloire,"Pont-l'Évêque, France",Père Magloire,blended,,FALSE,FALSE,Calvados Pays d'Auge; VSOP,,,,80.0,40,,,,https://www.calvados-pere-magloire.com/en/calvados-v-s-o-p/; https://www.masterofmalt.com/calvados/pere-magloire/pere-magloire-vsop-pays-d-auge-calvados/,2026-06-27,https://cdn11.bigcommerce.com/s-e8lbekfe7c/images/stencil/1024w/attribute_rule_images/34436_source_1782245446.jpg,calvados_france
Calvados,Père Magloire,"Pont-l'Évêque, France",Père Magloire,blended,,FALSE,FALSE,Calvados Pays d'Auge; XO,,,,80.0,40,,,,https://www.calvados-pere-magloire.com/en/calvados-x-o/; https://www.masterofmalt.com/calvados/pere-magloire/pere-magloire-calvados-xo-50cl/,2026-06-27,https://cdn11.bigcommerce.com/s-e8lbekfe7c/images/stencil/1024w/attribute_rule_images/23087_source_1774039242.jpg,calvados_france
Calvados,Père Magloire,"Pont-l'Évêque, France",Père Magloire,blended,,FALSE,FALSE,Calvados Pays d'Auge; Vieux; 12 Ans,12 Years,,,80.0,40,,,,https://www.masterofmalt.com/calvados/pere-magloire/pere-magloire-12-year-old-calvados/,2026-06-27,https://cdn11.bigcommerce.com/s-e8lbekfe7c/images/stencil/1024w/attribute_rule_images/31020_source_1778595696.jpg,calvados_france
Calvados,Père Magloire,"Pont-l'Évêque, France",Père Magloire,blended,,FALSE,FALSE,Calvados Pays d'Auge; XO; Heritage Edition; XO Mémoire,,,,80.0,40,,,,https://www.masterofmalt.com/calvados/pere-magloire/pere-magloire-calvados-xo-memoire-calvados/,2026-06-27,https://cdn11.bigcommerce.com/s-e8lbekfe7c/images/stencil/1024w/attribute_rule_images/23415_source_1782290430.jpg,calvados_france
Calvados,Père Magloire,"Pont-l'Évêque, France",Père Magloire,blended,,FALSE,FALSE,Calvados Pays d'Auge; Hors d'Âge; Heritage Edition; Extra Héritage,,,,80.0,40,,,,https://www.masterofmalt.com/calvados/pere-magloire/pere-magloire-extra-heritage-calvados/,2026-06-27,https://cdn11.bigcommerce.com/s-e8lbekfe7c/images/stencil/1024w/attribute_rule_images/23390_source_1782432656.jpg,calvados_france
Calvados,Père Magloire,"Pont-l'Évêque, France",Père Magloire,blended,,FALSE,FALSE,Calvados Pays d'Auge; XO; Limited Edition; XO 200,,,,88.0,44,,,,https://www.masterofmalt.com/calvados/pere-magloire/pere-magloire-xo-200-calvados/,2026-06-27,https://cdn11.bigcommerce.com/s-e8lbekfe7c/images/stencil/1024w/attribute_rule_images/47271_source_1761855631.jpg,calvados_france
Calvados,Père Magloire,"Pont-l'Évêque, France",Père Magloire,blended,,FALSE,FALSE,Calvados Pays d'Auge; VSOP; Single Cask Series; VSOP Single Malt Cask Finish,,,,80.0,40,,,Single malt Scotch cask,https://www.masterofmalt.com/calvados/pere-magloire/pere-magloire-vsop-single-malt-cask-finish-calvados/,2026-06-27,https://cdn11.bigcommerce.com/s-e8lbekfe7c/images/stencil/1024w/attribute_rule_images/51901_source_1779296659.jpg,calvados_france
Calvados,Père Magloire,"Pont-l'Évêque, France",Père Magloire,blended,,FALSE,FALSE,Calvados Pays d'Auge; VSOP; Single Cask Series; VSOP Smoky Islay Cask Finish,,,,80.0,40,,,Smoky Islay whisky cask,https://www.masterofmalt.com/calvados/pere-magloire/pere-magloire-vsop-smoky-islay-cask-finish-calvados/,2026-06-27,https://cdn11.bigcommerce.com/s-e8lbekfe7c/images/stencil/1024w/attribute_rule_images/37474_source_1780946135.jpg,calvados_france
Calvados,Père Magloire,"Pont-l'Évêque, France",Père Magloire,blended,,FALSE,FALSE,Calvados Pays d'Auge; VS; Single Cask Series; Fine VS Cask Ireann Edition,,,,80.0,40,,,Ex-Irish whiskey cask,https://www.masterofmalt.com/calvados/pere-magloire/pere-magloire-vs-cask-ireann-edition-calvados/,2026-06-27,https://cdn11.bigcommerce.com/s-e8lbekfe7c/images/stencil/1024w/attribute_rule_images/37931_source_1769643113.jpg,calvados_france
Calvados,Boulard,"Coquainvilliers, France",Boulard,blended,,FALSE,FALSE,Calvados Pays d'Auge; Grand Solage,,,,80.0,40,,,,https://www.calvados-boulard.com/en-gb/calvados/grand-solage/,2026-06-27,https://www.calvados-boulard.com/wp-content/uploads/2020/10/grand-solage-70cl-boulard-calvados-spiritueux-premium.png,calvados_france
Calvados,Boulard,"Coquainvilliers, France",Boulard,blended,,FALSE,FALSE,Calvados Pays d'Auge; VSOP,,,,80.0,40,,,,https://www.calvados-boulard.com/en-gb/calvados/v-s-o-p/,2026-06-27,https://www.calvados-boulard.com/wp-content/uploads/2020/10/VSOP-calvados-spiritueux-premium-boulard.png,calvados_france
Calvados,Boulard,"Coquainvilliers, France",Boulard,blended,,FALSE,FALSE,Calvados Pays d'Auge; XO,,,,80.0,40,,,,https://www.calvados-boulard.com/en-gb/calvados/boulard-x-o/,2026-06-27,https://www.calvados-boulard.com/wp-content/uploads/2020/09/XO-70cl-boulard-calvados-spiritueux-premium.png,calvados_france
Calvados,Boulard,"Coquainvilliers, France",Boulard,blended,,FALSE,FALSE,Calvados Pays d'Auge; XO; Heritage Edition; XO Auguste,,,,80.0,40,,,,https://www.calvados-boulard.com/en/calvados/auguste-x-o/; https://distiller.com/spirits/calvados-boulard-xo-auguste,2026-06-15,,calvados_france
Calvados,Boulard,"Coquainvilliers, France",Boulard,blended,,FALSE,FALSE,Calvados Pays d'Auge; Hors d'Âge,,,,86.0,43,,,,https://www.royalmilewhiskies.com/boulard-hors-dage-calvados-43-70cl/,2026-06-27,https://www.royalmilewhiskies.com/media/catalog/product/cache/082e1828dfd60e1a2093c9f050ba2c25/0/0/0050000000401.jpg,calvados_france
Calvados,Boulard,"Coquainvilliers, France",Boulard,blended,,FALSE,FALSE,Calvados Pays d'Auge; Hors d'Âge; Heritage Edition; Extra,,,,80.0,40,,,,https://www.masterofmalt.com/calvados/boulard/boulard-extra-calvados-pays-d-auge/,2026-06-27,https://cdn11.bigcommerce.com/s-e8lbekfe7c/images/stencil/1024w/attribute_rule_images/29721_source_1758883035.jpg,calvados_france
Calvados,Boulard,"Coquainvilliers, France",Boulard,blended,,FALSE,FALSE,Calvados Pays d'Auge; Réserve; La Cuvée Vincent,,,,80.0,40,,,,https://www.masterofmalt.com/calvados/boulard/boulard-la-cuvee-vincent-calvados/,2026-06-27,https://cdn11.bigcommerce.com/s-e8lbekfe7c/images/stencil/1024w/attribute_rule_images/34405_source_1758882892.jpg,calvados_france
Calvados,Boulard,"Coquainvilliers, France",Boulard,blended,,FALSE,FALSE,Calvados Pays d'Auge; VSOP; Single Cask Series; VSOP Bourbon Cask Finish,,,,88.0,44,,,Ex-bourbon cask,https://www.masterofmalt.com/calvados/boulard/boulard-vsop-pays-d-auge-calvados-bourbon-cask-finish-calvados/,2026-06-27,https://cdn11.bigcommerce.com/s-e8lbekfe7c/images/stencil/1024w/attribute_rule_images/6108_source_1775827254.jpg,calvados_france
Calvados,Boulard,"Coquainvilliers, France",Boulard,blended,,FALSE,FALSE,Calvados Pays d'Auge; VSOP; Single Cask Series; VSOP Bourbon Cask Finish,,,Batch 2,88.0,44,,,Ex-bourbon cask,https://www.masterofmalt.com/calvados/boulard/boulard-vsop-pays-d-auge-calvados-bourbon-cask-finish-batch-2-calvados/,2026-06-27,https://cdn11.bigcommerce.com/s-e8lbekfe7c/images/stencil/1024w/attribute_rule_images/45421_source_1758884390.jpg,calvados_france
Calvados,Boulard,"Coquainvilliers, France",Boulard,blended,,FALSE,FALSE,Calvados Pays d'Auge; VSOP; Single Cask Series; VSOP Rye Cask Finish,,,Batch 3,80.0,40,,,American rye whiskey cask,https://www.masterofmalt.com/calvados/boulard/boulard-vsop-pays-d-auge-calvados-rye-cask-finish-batch-3-calvados/,2026-06-27,https://cdn11.bigcommerce.com/s-e8lbekfe7c/images/stencil/1024w/attribute_rule_images/45402_source_1770912064.jpg,calvados_france
Calvados,Boulard,"Coquainvilliers, France",Boulard,blended,,FALSE,FALSE,Calvados Pays d'Auge; VSOP; Single Cask Series; VSOP Wheat Whiskey Cask Finish,,,,88.0,44,,,American wheat whiskey cask,https://www.masterofmalt.com/calvados/boulard/boulard-vsop-pays-d-auge-calvados-wheat-whiskey-cask-finish-calvados/,2026-06-27,https://cdn11.bigcommerce.com/s-e8lbekfe7c/images/stencil/1024w/attribute_rule_images/45414_source_1774627847.jpg,calvados_france
Calvados,Boulard,"Coquainvilliers, France",Boulard,blended,,FALSE,FALSE,Calvados Pays d'Auge; XO; Mizunara Cask Finish; XO Mizunara Cask Finish,,,,84.0,42,,,Japanese Mizunara oak cask,https://www.masterofmalt.com/calvados/boulard/boulard-xo-calvados-pays-d-auge-mizunara-cask-finish-calvados/,2026-06-27,https://cdn11.bigcommerce.com/s-e8lbekfe7c/images/stencil/1024w/attribute_rule_images/45396_source_1758884391.jpg,calvados_france
Calvados,Boulard,"Coquainvilliers, France",Boulard,blended,,FALSE,FALSE,Calvados Pays d'Auge; XO; Single Cask Series; XO Double Barrel Finish,,,,86.0,43,,,Double barrel,https://www.masterofmalt.com/calvados/boulard/boulard-xo-calvados-pays-d-auge-double-barrel-finish-calvados/,2026-06-27,https://cdn11.bigcommerce.com/s-e8lbekfe7c/images/stencil/1024w/attribute_rule_images/45399_source_1773942045.jpg,calvados_france
Calvados,Lecompte,"Notre-Dame-de-Courson, France",Lecompte,blended,,FALSE,FALSE,Calvados Pays d'Auge; Réserve; Originel,,,,80.0,40,,,,https://www.calvados-lecompte.com/en/collection/; https://www.wine.com/product/lecompte-originel-calvados/530571,2026-06-27,https://assets.wine.com/winecom/image/upload/scuvh0ffk49iz4ux5bzn.jpg,calvados_france
Calvados,Lecompte,"Notre-Dame-de-Courson, France",Lecompte,blended,,FALSE,FALSE,Calvados Pays d'Auge; Vieux; 5 Ans,5 Years,,,80.0,40,,,,https://theliquorbarn.com/products/lecompte-5-year-calvados-750ml,2026-06-27,http://theliquorbarn.com/cdn/shop/files/lecompte_5_calvados__55663.jpg,calvados_france
Calvados,Lecompte,"Notre-Dame-de-Courson, France",Lecompte,blended,,FALSE,FALSE,Calvados Pays d'Auge; Vieux; 12 Ans,12 Years,,,80.0,40,,,,https://theliquorbarn.com/products/lecompte-12-year-calvados-750ml,2026-06-27,http://theliquorbarn.com/cdn/shop/files/lecompte_12_calvados__67734.jpg,calvados_france
Calvados,Lecompte,"Notre-Dame-de-Courson, France",Lecompte,blended,,FALSE,FALSE,Calvados Pays d'Auge; Hors d'Âge; 18 Ans,18 Years,,,80.0,40,,,,https://www.calvados-lecompte.com/en/calvados/lecompte-18-years/,2026-06-27,https://www.calvados-lecompte.com/wp-content/uploads/2020/12/lecompte-calvados-pays-auge-18-ans_.png,calvados_france
Calvados,Lecompte,"Notre-Dame-de-Courson, France",Lecompte,blended,,FALSE,FALSE,Calvados Pays d'Auge; Hors d'Âge; 25 Ans,25 Years,,,80.0,40,,,,https://www.calvados-lecompte.com/en/calvados/lecompte-25-years/,2026-06-27,https://www.calvados-lecompte.com/wp-content/uploads/2020/12/lecompte-calvados-pays-auge-25-ans_.png,calvados_france
Calvados,Lecompte,"Notre-Dame-de-Courson, France",Lecompte,blended,,FALSE,FALSE,Calvados Pays d'Auge; Millésime; Millésime 1988,,1988,,,,,,,https://www.calvados-lecompte.com/en/calvados/lecompte-1988/,2026-06-27,https://www.calvados-lecompte.com/wp-content/uploads/2020/11/lecompte-calvados-pays-auge-1988.png,calvados_france
Calvados,Lecompte,"Notre-Dame-de-Courson, France",Lecompte,blended,,FALSE,FALSE,Calvados Pays d'Auge; Hors d'Âge; Limited Edition; Révélation,,,,,,,,,https://www.calvados-lecompte.com/wp-content/uploads/2023/03/Communique-de-presse-REVELATION.pdf,2026-06-15,,calvados_france
Calvados,Coquerel,"Grandparigny, France",Coquerel,blended,,FALSE,FALSE,Calvados; VS,,,,80.0,40,,,,https://calvados-coquerel.com/en/products/vs-coquerel; https://www.thewhiskyexchange.com/p/72939/domaine-du-coquerel-vs-calvados,2026-10-04,http://calvados-coquerel.com/cdn/shop/files/LES_GRANDS_CALVADOS_VERY_SPECIAL_VS_Detoure_2_1.png,calvados_france
Calvados,Coquerel,"Grandparigny, France",Coquerel,blended,,FALSE,FALSE,Calvados; VSOP,,,,80.0,40,,,,https://calvados-coquerel.com/en/products/vsop-coquerel,2026-10-04,http://calvados-coquerel.com/cdn/shop/files/LES_GRANDS_CALVADOS_VERY_SUPERIOR_OLD_PALE_VSOP_Detoure_1_6.png,calvados_france
Calvados,Coquerel,"Grandparigny, France",Coquerel,blended,,FALSE,FALSE,Calvados; XO,,,,80.0,40,,,,https://calvados-coquerel.com/en/products/xo-coquerel,2026-10-04,http://calvados-coquerel.com/cdn/shop/files/LES_GRANDS_CALVADOS_EXTRA_OLD_XO_70CL_Detoure_1.png,calvados_france
Calvados,Coquerel,"Grandparigny, France",Coquerel,blended,,FALSE,FALSE,Calvados; Réserve; Generation,,,,84.0,42,,,,https://calvados-coquerel.com/en/products/generation-coquerel,2026-10-04,http://calvados-coquerel.com/cdn/shop/files/Generation_1_34a4ce84-b783-477c-81da-85dd51b38755.png,calvados_france
Calvados,Coquerel,"Grandparigny, France",Coquerel,blended,,FALSE,FALSE,Calvados; Vieux; Grand Calvados 15 Ans,15 Years,,,84.0,42,,,,https://calvados-coquerel.com/en/products/coquerel-15-years,2026-10-04,http://calvados-coquerel.com/cdn/shop/files/COQUEREL_GRAND_CALVA_15_ANS_Detoure_1.png,calvados_france
Calvados,Coquerel,"Grandparigny, France",Coquerel,blended,,FALSE,FALSE,Calvados; Hors d'Âge; Grand Calvados 20 Ans,20 Years,,,84.0,42,,,,https://calvados-coquerel.com/en/products/coquerel-20-years,2026-10-04,http://calvados-coquerel.com/cdn/shop/files/CALVASINGLECASK20ANSDetoure_1.png,calvados_france
Calvados,Coquerel,"Grandparigny, France",Coquerel,blended,,FALSE,FALSE,Calvados; Single Cask; Single Cask 10 Ans,10 Years,,,84.0,42,,,,https://calvados-coquerel.com/en/products/single-cask-10-years,2026-10-04,http://calvados-coquerel.com/cdn/shop/files/CALVASINGLECASK10ANS.png,calvados_france
Calvados,Coquerel,"Grandparigny, France",Coquerel,blended,,FALSE,FALSE,Calvados; Single Cask; Single Cask 11 Ans,11 Years,,,88.2,44.1,,,,https://calvados-coquerel.com/en/products/single-cask-11-years,2026-10-04,http://calvados-coquerel.com/cdn/shop/files/single_cask_11_2.png,calvados_france
Calvados,Coquerel,"Grandparigny, France",Coquerel,blended,,FALSE,FALSE,Calvados; Single Cask; Single Cask 22 Ans,22 Years,,,92.4,46.2,,,,https://calvados-coquerel.com/en/products/single-cask-22-years,2026-10-04,http://calvados-coquerel.com/cdn/shop/files/single_cask_22_1.png,calvados_france
Calvados,Coquerel,"Grandparigny, France",Coquerel,blended,,FALSE,FALSE,Calvados; Single Cask; Single Cask 24 Ans,24 Years,,,92.4,46.2,,,,https://calvados-coquerel.com/en/products/single-cask-24-years,2026-10-04,http://calvados-coquerel.com/cdn/shop/files/COQUEREL_CALVA_SINGLE_CASK_24_ANS_Detoure_1.png,calvados_france
Calvados,Coquerel,"Grandparigny, France",Coquerel,blended,,FALSE,FALSE,Calvados; Single Cask; Single Cask 30 Ans,30 Years,,,84.0,42,,,,https://calvados-coquerel.com/en/products/single-cask-30-years,2026-10-04,http://calvados-coquerel.com/cdn/shop/files/CALVA_SINGLE_CASK_30_ANS_Detoure_1_1.png,calvados_france
Calvados,Coquerel,"Grandparigny, France",Coquerel,blended,,FALSE,FALSE,Calvados; Single Cask; Single Cask 31 Ans,31 Years,,,88.8,44.4,,,,https://calvados-coquerel.com/en/products/single-cask-31-years,2026-10-04,http://calvados-coquerel.com/cdn/shop/files/COQUEREL_CALVA_SINGLE_CASK_31_ANS_Detoure_1_1.png,calvados_france
Calvados,Coquerel,"Grandparigny, France",Coquerel,blended,,FALSE,FALSE,Calvados; Single Cask; Single Cask 35 Ans,35 Years,,,85.6,42.8,,,,https://calvados-coquerel.com/en/products/single-cask-35-years,2026-10-04,http://calvados-coquerel.com/cdn/shop/files/single_cask_35_1.png,calvados_france
Calvados,Coquerel,"Grandparigny, France",Coquerel,blended,,FALSE,FALSE,Calvados; Millésime; Vintage 1956,,1956,,84.0,42,,,,https://calvados-coquerel.com/en/products/vintage-1956,2026-10-04,http://calvados-coquerel.com/cdn/shop/files/COQUEREL_CALVA_VINTAGE_1956_Detoure_1.png,calvados_france
Calvados,Coquerel,"Grandparigny, France",Coquerel,blended,,FALSE,FALSE,Calvados; Millésime; Vintage 1972,,1972,,84.0,42,,,,https://calvados-coquerel.com/en/products/vintage-1972,2026-10-04,http://calvados-coquerel.com/cdn/shop/files/COQUEREL_CALVA_VINTAGE_1972_Detoure_1.png,calvados_france
Calvados,Coquerel,"Grandparigny, France",Coquerel,blended,,FALSE,FALSE,Calvados; Millésime; Vintage 1973,,1973,,84.0,42,,,,https://calvados-coquerel.com/en/products/vintage-1973,2026-10-04,http://calvados-coquerel.com/cdn/shop/files/COQUEREL_CALVA_VINTAGE_1973_Detoure_1.png,calvados_france
Calvados,Coquerel,"Grandparigny, France",Coquerel,blended,,FALSE,FALSE,Calvados; Bourbon Cask Finish; Bourbon Finish 4 Ans,4 Years,,,82.0,41,,,Ex-bourbon cask,https://calvados-coquerel.com/en/products/bourbon-finish,2026-10-04,http://calvados-coquerel.com/cdn/shop/files/BOURBON_BARREL_4ANS_700ML_Detoure_1_1.png,calvados_france
Calvados,Coquerel,"Grandparigny, France",Coquerel,blended,,FALSE,FALSE,Calvados; Single Cask Series; Tawny Port Finish 5 Ans,5 Years,,,81.4,40.7,,,Tawny port cask,https://calvados-coquerel.com/en/products/tawny-port-finish,2026-10-04,http://calvados-coquerel.com/cdn/shop/files/PORTO_BARREL_5ANS_700ML_PF_1_1.png,calvados_france
Calvados,Coquerel,"Grandparigny, France",Coquerel,blended,,FALSE,FALSE,Calvados; Single Cask Series; White Port Finish 6 Ans,6 Years,,,81.0,40.5,,,White port cask,https://calvados-coquerel.com/en/products/white-port-finish,2026-10-04,http://calvados-coquerel.com/cdn/shop/files/WHITE_PORT_1_1.png,calvados_france
Calvados,Coquerel,"Grandparigny, France",Coquerel,blended,,FALSE,FALSE,Calvados; Single Cask Series; Rum West Indies Finish 5 Ans,5 Years,,,82.0,41,,,West Indies rum cask,https://calvados-coquerel.com/en/products/rum-finish,2026-10-04,http://calvados-coquerel.com/cdn/shop/files/RHUM_BARREL_5ANS_700ML_Detoure_1_1.png,calvados_france
Calvados,Coquerel,"Grandparigny, France",Coquerel,blended,,FALSE,FALSE,Calvados; Single Cask Series; Cocoa Finish 4 Ans,4 Years,,,81.0,40.5,,,Cocoa cask,https://calvados-coquerel.com/en/products/cacao-finish,2026-10-04,http://calvados-coquerel.com/cdn/shop/files/CASK.CACAO_c2869a33-815a-47dd-9a88-afb980c463a9.png,calvados_france
Calvados,Coquerel,"Grandparigny, France",Coquerel,blended,,FALSE,FALSE,Calvados; Single Cask Series; Limited Edition; Collection Fauve 4 Ans,4 Years,,,82.4,41.2,,,Fauve cask,https://calvados-coquerel.com/en/products/cask-fauve-finish,2026-10-04,http://calvados-coquerel.com/cdn/shop/files/FinishFauve_1.png,calvados_france
Calvados,Coquerel,"Grandparigny, France",Coquerel,blended,,FALSE,FALSE,Calvados; Single Cask Series; Grand Cru Finish 10 Ans,10 Years,,,84.0,42,,,Grand Cru wine cask,https://calvados-coquerel.com/en/products/grand-cru-10-years,2026-10-04,http://calvados-coquerel.com/cdn/shop/files/Grand_cru_1_e9c02f74-3e58-4297-bc13-f68610077265.png,calvados_france
Calvados,Coquerel,"Grandparigny, France",Coquerel,blended,,FALSE,FALSE,Calvados; Vieux; Limited Edition; Nicolas Christmas Edition 2022,15 Years,,,84.0,42,,,,https://calvados-coquerel.com/en/products/15-ans-2022-nicolas,2026-10-04,http://calvados-coquerel.com/cdn/shop/files/Editionlimiteenicolas15ans_1.png,calvados_france
Calvados,Coquerel,"Grandparigny, France",Coquerel,blended,,FALSE,FALSE,Calvados; Limited Edition; Cigar Blend 2023 Edition,,,,84.0,42,,,,https://calvados-coquerel.com/en/products/cigar-blend-2023,2026-10-04,http://calvados-coquerel.com/cdn/shop/files/CIGARBLEND_1.png,calvados_france
Calvados,Coquerel,"Grandparigny, France",Coquerel,blended,,FALSE,FALSE,Calvados; Limited Edition; Cigar Blend 2025 Edition,,,,84.0,42,,,,https://calvados-coquerel.com/en/products/cigar-blend-edition-2025,2026-10-04,http://calvados-coquerel.com/cdn/shop/files/WEBSHOP_CIGARBLEND_1.png,calvados_france
Calvados,Christian Drouin,"Coudray-Rabut, France",Christian Drouin,own_make,,FALSE,FALSE,Calvados Pays d'Auge; Réserve; Sélection,,,,80.0,40,,,,https://calvados-drouin-boutique.com/en/products/selection,2026-06-27,http://calvados-drouin-boutique.com/cdn/shop/files/Calvados-Selection-AOC.jpg,calvados_france
Calvados,Christian Drouin,"Coudray-Rabut, France",Christian Drouin,own_make,,FALSE,FALSE,Calvados Pays d'Auge; Réserve; Réserve Pays d'Auge,,,,80.0,40,,,,https://web.archive.org/web/20251114085712/https://calvados-drouin-boutique.com/products/reserve; https://www.whisky.fr/en/christian-drouin-reserve-pays-d-auge-55849.html; https://www.produits-normandie.fr/fine-calvados/1679-calvados-reserve-3-ans-drouin-70-cl-40.html,2026-10-04,http://calvados-drouin-boutique.com/cdn/shop/files/Calvados-Reserve-Pays-d-Auge-Bouteille.jpg,calvados_france
Calvados,Christian Drouin,"Coudray-Rabut, France",Christian Drouin,own_make,,FALSE,FALSE,Calvados Pays d'Auge; Fine; Très Pomme,,,,80.0,40,,,,https://calvados-drouin-boutique.com/en/products/tres-pomme,2026-06-27,http://calvados-drouin-boutique.com/cdn/shop/products/Tres-Pomme-Calvados-Pays-d-Auge.jpg,calvados_france
Calvados,Christian Drouin,"Coudray-Rabut, France",Christian Drouin,own_make,,FALSE,FALSE,Calvados Pays d'Auge; VSOP,,,,80.0,40,,,Refill + ex-wine casks,https://calvados-drouin-boutique.com/en/products/calvados-v-s-o-p-pale-dry,2026-06-27,http://calvados-drouin-boutique.com/cdn/shop/files/Calvados-VSOP-Pays-d-Auge-Bouteille.jpg,calvados_france
Calvados,Christian Drouin,"Coudray-Rabut, France",Christian Drouin,own_make,,FALSE,FALSE,Calvados Pays d'Auge; XO,,,,80.0,40,,,Incl. ex-cognac/Bordeaux casks,https://calvados-drouin-boutique.com/en/products/calvados-xo-pays-dauge-40,2026-06-27,http://calvados-drouin-boutique.com/cdn/shop/files/Calvados-XO-Pays-d-Auge-Bouteille.jpg,calvados_france
Calvados,Christian Drouin,"Coudray-Rabut, France",Christian Drouin,own_make,,FALSE,FALSE,Calvados Pays d'Auge; Hors d'Âge; Hors d'Âge 18 Ans,18 Years,,,84.0,42,,,,https://calvados-drouin-boutique.com/en/products/calvados-hors-dage-pays-dauge-40,2026-06-27,http://calvados-drouin-boutique.com/cdn/shop/files/Calvados-Hors-d-Age-Pays-d-Auge-18-Ans.png,calvados_france
Calvados,Christian Drouin,"Coudray-Rabut, France",Christian Drouin,own_make,,FALSE,FALSE,Calvados Pays d'Auge; Hors d'Âge; Coeur de Lion 25 Ans,25 Years,,,84.0,42,,,,https://www.cognac-expert.com/calvados/christian-drouin-25-years-calvados,2026-10-04,https://static.cognac-expert.com/12509-thickbox_default/christian-drouin-25-years-calvados.webp,calvados_france
Calvados,Christian Drouin,"Coudray-Rabut, France",Christian Drouin,own_make,,FALSE,FALSE,Calvados Domfrontais; Domfrontais Pear Blend,,,,80.0,40,,,,https://calvados-drouin-boutique.com/en/products/le-calvados-domfrontais,2026-06-27,http://calvados-drouin-boutique.com/cdn/shop/files/Le-Domfrontais-Calvados-Domfrontais.jpg,calvados_france
Calvados,Christian Drouin,"Coudray-Rabut, France",Christian Drouin,own_make,,FALSE,FALSE,Calvados Pays d'Auge; Millésime,,2006,,84.0,42,,,,https://calvados-drouin-boutique.com/en/products/millesime-2006-calvados-pays-dauge,2026-06-15,,calvados_france
Calvados,Christian Drouin,"Coudray-Rabut, France",Christian Drouin,own_make,,FALSE,FALSE,Calvados Pays d'Auge; Millésime,,2005,,84.0,42,,,,https://calvados-drouin-boutique.com/en/products/millesime-2005-calvados-pays-dauge,2026-06-15,,calvados_france
Calvados,Christian Drouin,"Coudray-Rabut, France",Christian Drouin,own_make,,FALSE,FALSE,Calvados Pays d'Auge; Millésime,,2004,,84.0,42,,,,https://calvados-drouin-boutique.com/en/products/millesime-2004-calvados-pays-dauge,2026-06-15,,calvados_france
Calvados,Christian Drouin,"Coudray-Rabut, France",Christian Drouin,own_make,,FALSE,FALSE,Calvados Pays d'Auge; Millésime,,2003,,84.0,42,,,,https://calvados-drouin-boutique.com/en/products/millesime-2003-calvados-pays-dauge,2026-06-15,,calvados_france
Calvados,Christian Drouin,"Coudray-Rabut, France",Christian Drouin,own_make,,FALSE,FALSE,Calvados Pays d'Auge; Millésime,,2002,,84.0,42,,,,https://calvados-drouin-boutique.com/en/products/millesime-2002-calvados-pays-dauge,2026-06-27,http://calvados-drouin-boutique.com/cdn/shop/files/Calvados-Pays-d-Auge-Millesime-2002-Christian-Drouin.jpg,calvados_france
Calvados,Christian Drouin,"Coudray-Rabut, France",Christian Drouin,own_make,,FALSE,FALSE,Calvados Pays d'Auge; Millésime,,2001,,84.0,42,,,,https://calvados-drouin-boutique.com/en/products/millesime-2001-calvados-pays-dauge,2026-06-27,http://calvados-drouin-boutique.com/cdn/shop/files/Calvados-Pays-d-Auge-Millesime-2001.jpg,calvados_france
Calvados,Christian Drouin,"Coudray-Rabut, France",Christian Drouin,own_make,,FALSE,FALSE,Calvados Pays d'Auge; Millésime,,2000,,84.0,42,,,,https://calvados-drouin-boutique.com/en/products/millesime-2000-calvados-pays-dauge,2026-06-15,,calvados_france
Calvados,Christian Drouin,"Coudray-Rabut, France",Christian Drouin,own_make,,FALSE,FALSE,Calvados Pays d'Auge; Millésime,,1999,,84.0,42,,,,https://calvados-drouin-boutique.com/en/products/millesime-1999-calvados-pays-dauge,2026-06-15,,calvados_france
Calvados,Christian Drouin,"Coudray-Rabut, France",Christian Drouin,own_make,,FALSE,FALSE,Calvados Pays d'Auge; Millésime,,1998,,84.0,42,,,,https://calvados-drouin-boutique.com/en/products/millesime-1998-calvados-pays-dauge,2026-06-27,http://calvados-drouin-boutique.com/cdn/shop/files/Calvados-Pays-d-Auge-Millesime-1998.jpg,calvados_france
Calvados,Christian Drouin,"Coudray-Rabut, France",Christian Drouin,own_make,,FALSE,FALSE,Calvados Pays d'Auge; Millésime,,1997,,84.0,42,,,,https://calvados-drouin-boutique.com/en/products/millesime-1997-calvados-pays-dauge,2026-06-27,http://calvados-drouin-boutique.com/cdn/shop/files/Calvados-Pays-d-Auge-Millesime-1997.jpg,calvados_france
Calvados,Christian Drouin,"Coudray-Rabut, France",Christian Drouin,own_make,,FALSE,FALSE,Calvados Pays d'Auge; Millésime,,1996,,84.0,42,,,,https://calvados-drouin-boutique.com/en/products/millesime-1996-calvados-pays-dauge,2026-06-27,http://calvados-drouin-boutique.com/cdn/shop/files/Calvados-Pays-d-Auge-Millesime-1996.jpg,calvados_france
Calvados,Christian Drouin,"Coudray-Rabut, France",Christian Drouin,own_make,,FALSE,FALSE,Calvados Pays d'Auge; Millésime,,1995,,84.0,42,,,,https://calvados-drouin-boutique.com/en/products/millesime-1995-calvados-pays-dauge,2026-06-27,http://calvados-drouin-boutique.com/cdn/shop/files/Calvados-Pays-d-Auge-Millesime-1995.png,calvados_france
Calvados,Christian Drouin,"Coudray-Rabut, France",Christian Drouin,own_make,,FALSE,FALSE,Calvados Pays d'Auge; Millésime,,1994,,84.0,42,,,,https://calvados-drouin-boutique.com/en/products/millesime-1994-calvados-pays-dauge,2026-06-27,http://calvados-drouin-boutique.com/cdn/shop/files/Calvados-Pays-d-Auge-Millesime-1994.jpg,calvados_france
Calvados,Christian Drouin,"Coudray-Rabut, France",Christian Drouin,own_make,,FALSE,FALSE,Calvados Pays d'Auge; Millésime,,1993,,84.0,42,,,,https://calvados-drouin-boutique.com/en/products/millesime-1993-calvados-pays-dauge,2026-06-27,http://calvados-drouin-boutique.com/cdn/shop/files/Calvados-Pays-d-Auge-Millesime-1993.png,calvados_france
Calvados,Christian Drouin,"Coudray-Rabut, France",Christian Drouin,own_make,,FALSE,FALSE,Calvados Pays d'Auge; Millésime,,1992,,84.0,42,,,,https://calvados-drouin-boutique.com/en/products/millesime-1992-calvados-pays-dauge,2026-06-27,http://calvados-drouin-boutique.com/cdn/shop/files/Calvados-Pays-d-Auge-Millesime-1992.jpg,calvados_france
Calvados,Christian Drouin,"Coudray-Rabut, France",Christian Drouin,own_make,,FALSE,FALSE,Calvados Pays d'Auge; Millésime,,1991,,84.0,42,,,,https://calvados-drouin-boutique.com/en/products/millesime-1991-calvados-pays-dauge,2026-06-27,http://calvados-drouin-boutique.com/cdn/shop/files/Calvados-Pays-d-Auge-Millesime-1991.png,calvados_france
Calvados,Christian Drouin,"Coudray-Rabut, France",Christian Drouin,own_make,,FALSE,FALSE,Calvados Pays d'Auge; Millésime,,1990,,84.0,42,,,,https://calvados-drouin-boutique.com/en/products/millesime-1990-calvados-pays-dauge,2026-06-27,http://calvados-drouin-boutique.com/cdn/shop/files/Calvados-Pays-d-Auge-Millesime-1990.jpg,calvados_france
Calvados,Christian Drouin,"Coudray-Rabut, France",Christian Drouin,own_make,,FALSE,FALSE,Calvados Pays d'Auge; Millésime,,1989,,84.0,42,,,,https://calvados-drouin-boutique.com/en/products/millesime-1989-calvados-pays-dauge,2026-06-27,http://calvados-drouin-boutique.com/cdn/shop/files/Calvados-Pays-d-Auge-Millesime-1989.jpg,calvados_france
Calvados,Christian Drouin,"Coudray-Rabut, France",Christian Drouin,own_make,,FALSE,FALSE,Calvados Pays d'Auge; Millésime,,1988,,84.0,42,,,,https://calvados-drouin-boutique.com/en/products/millesime-1988-calvados-pays-dauge,2026-06-27,http://calvados-drouin-boutique.com/cdn/shop/files/Calvados-Pays-d-Auge-Millesime-1988.jpg,calvados_france
Calvados,Christian Drouin,"Coudray-Rabut, France",Christian Drouin,own_make,,FALSE,FALSE,Calvados Pays d'Auge; Millésime,,1987,,84.0,42,,,,https://calvados-drouin-boutique.com/en/products/millesime-1987-calvados-pays-dauge,2026-06-27,http://calvados-drouin-boutique.com/cdn/shop/files/Calvados-Pays-d-Auge-Millesime-1987.jpg,calvados_france
Calvados,Christian Drouin,"Coudray-Rabut, France",Christian Drouin,own_make,,FALSE,FALSE,Calvados Pays d'Auge; Millésime,,1984,,84.0,42,,,,https://calvados-drouin-boutique.com/en/products/millesime-1984-calvados-pays-dauge,2026-06-27,http://calvados-drouin-boutique.com/cdn/shop/files/Calvados-Pays-d-Auge-Millesime-1984.jpg,calvados_france
Calvados,Christian Drouin,"Coudray-Rabut, France",Christian Drouin,own_make,,FALSE,FALSE,Calvados Pays d'Auge; Millésime,,1982,,84.0,42,,,,https://calvados-drouin-boutique.com/en/products/millesime-1982-calvados-pays-dauge,2026-06-27,http://calvados-drouin-boutique.com/cdn/shop/files/Calvados-Pays-d-Auge-Millesime-1982.jpg,calvados_france
Calvados,Christian Drouin,"Coudray-Rabut, France",Christian Drouin,own_make,,FALSE,FALSE,Calvados Pays d'Auge; Millésime,,1981,,84.0,42,,,,https://calvados-drouin-boutique.com/en/products/millesime-1981-calvados-pays-dauge,2026-06-15,,calvados_france
Calvados,Christian Drouin,"Coudray-Rabut, France",Christian Drouin,own_make,,FALSE,FALSE,Calvados Pays d'Auge; Millésime,,1980,,84.0,42,,,,https://calvados-drouin-boutique.com/en/products/millesime-1980-calvados-pays-dauge,2026-06-27,http://calvados-drouin-boutique.com/cdn/shop/files/Calvados-Pays-d-Auge-Millesime-1980.jpg,calvados_france
Calvados,Christian Drouin,"Coudray-Rabut, France",Christian Drouin,own_make,,FALSE,FALSE,Calvados Pays d'Auge; Millésime,,1979,,84.0,42,,,,https://calvados-drouin-boutique.com/en/products/millesime-1979-calvados-pays-dauge,2026-06-27,http://calvados-drouin-boutique.com/cdn/shop/files/Calvados-Pays-d-Auge-Millesime-1979.jpg,calvados_france
Calvados,Christian Drouin,"Coudray-Rabut, France",Christian Drouin,own_make,,FALSE,FALSE,Calvados Pays d'Auge; Millésime,,1978,,84.0,42,,,,https://calvados-drouin-boutique.com/en/products/millesime-1978-calvados-pays-dauge,2026-06-15,,calvados_france
Calvados,Christian Drouin,"Coudray-Rabut, France",Christian Drouin,own_make,,FALSE,FALSE,Calvados Pays d'Auge; Millésime,,1977,,84.0,42,,,,https://calvados-drouin-boutique.com/en/products/millesime-1977-calvados-pays-dauge,2026-06-27,http://calvados-drouin-boutique.com/cdn/shop/files/Calvados-Pays-d-Auge-Millesime-1977.jpg,calvados_france
Calvados,Christian Drouin,"Coudray-Rabut, France",Christian Drouin,own_make,,FALSE,FALSE,Calvados Pays d'Auge; Millésime,,1976,,84.0,42,,,,https://calvados-drouin-boutique.com/en/products/millesime-1976-calvados-pays-dauge,2026-06-27,http://calvados-drouin-boutique.com/cdn/shop/files/Calvados-Pays-d-Auge-Millesime-1976.jpg,calvados_france
Calvados,Christian Drouin,"Coudray-Rabut, France",Christian Drouin,own_make,,FALSE,FALSE,Calvados Pays d'Auge; Millésime,,1975,,84.0,42,,,,https://calvados-drouin-boutique.com/en/products/millesime-1975-calvados-pays-dauge,2026-06-27,http://calvados-drouin-boutique.com/cdn/shop/files/Calvados-Pays-d-Auge-Millesime-1975.jpg,calvados_france
Calvados,Christian Drouin,"Coudray-Rabut, France",Christian Drouin,own_make,,FALSE,FALSE,Calvados Pays d'Auge; Millésime,,1974,,84.0,42,,,,https://calvados-drouin-boutique.com/en/products/millesime-1974-calvados-pays-dauge,2026-06-27,http://calvados-drouin-boutique.com/cdn/shop/files/Calvados-Pays-d-Auge-Millesime-1974.jpg,calvados_france
Calvados,Christian Drouin,"Coudray-Rabut, France",Christian Drouin,own_make,,FALSE,FALSE,Calvados Pays d'Auge; Millésime,,1973,,84.0,42,,,,https://calvados-drouin-boutique.com/en/products/millesime-1973-calvados-pays-dauge,2026-06-27,http://calvados-drouin-boutique.com/cdn/shop/files/Calvados-Pays-d-Auge-Millesime-1973.png,calvados_france
Calvados,Christian Drouin,"Coudray-Rabut, France",Christian Drouin,own_make,,FALSE,FALSE,Calvados Pays d'Auge; Millésime,,1972,,84.0,42,,,,https://calvados-drouin-boutique.com/en/products/millesime-1972-calvados-pays-dauge,2026-06-15,,calvados_france
Calvados,Christian Drouin,"Coudray-Rabut, France",Christian Drouin,own_make,,FALSE,FALSE,Calvados Pays d'Auge; Millésime,,1971,,84.0,42,,,,https://calvados-drouin-boutique.com/en/products/millesime-1971-calvados-pays-dauge,2026-06-27,http://calvados-drouin-boutique.com/cdn/shop/files/Calvados-Millesime-1971-AOC.jpg,calvados_france
Calvados,Christian Drouin,"Coudray-Rabut, France",Christian Drouin,own_make,,FALSE,FALSE,Calvados Pays d'Auge; Millésime,,1970,,84.0,42,,,2 yr ex-Port then 1 yr ex-Sherry,https://calvados-drouin-boutique.com/en/products/millesime-1970-calvados-pays-dauge,2026-06-27,http://calvados-drouin-boutique.com/cdn/shop/files/Calvados-Pays-d-Auge-Millesime-1970.jpg,calvados_france
Calvados,Christian Drouin,"Coudray-Rabut, France",Christian Drouin,own_make,,FALSE,FALSE,Calvados Pays d'Auge; Millésime,,1968,,84.0,42,,,,https://calvados-drouin-boutique.com/en/products/millesime-1968-calvados-pays-dauge,2026-06-27,http://calvados-drouin-boutique.com/cdn/shop/files/Calvados-Millesime-1968-AOC.jpg,calvados_france
Calvados,Christian Drouin,"Coudray-Rabut, France",Christian Drouin,own_make,,FALSE,FALSE,Calvados Pays d'Auge; Millésime,,1967,,84.0,42,,,,https://calvados-drouin-boutique.com/en/products/millesime-1967-calvados-pays-dauge,2026-06-27,http://calvados-drouin-boutique.com/cdn/shop/files/Calvados-Millesime-1967-AOC.jpg,calvados_france
Calvados,Christian Drouin,"Coudray-Rabut, France",Christian Drouin,own_make,,FALSE,FALSE,Calvados Pays d'Auge; Millésime,,1964,,84.0,42,,,,https://calvados-drouin-boutique.com/en/products/millesime-1964-calvados-pays-dauge,2026-06-27,http://calvados-drouin-boutique.com/cdn/shop/files/Calvados-Millesime-1964-AOC.jpg,calvados_france
Calvados,Christian Drouin,"Coudray-Rabut, France",Christian Drouin,own_make,,FALSE,FALSE,Calvados Pays d'Auge; Millésime,,1963,,84.0,42,,,,https://calvados-drouin-boutique.com/en/products/millesime-1963-calvados-pays-dauge,2026-06-15,,calvados_france
Calvados,Christian Drouin,"Coudray-Rabut, France",Christian Drouin,own_make,,FALSE,FALSE,Calvados Pays d'Auge; Millésime,,1962,,80.0,40,,,,https://calvados-drouin-boutique.com/en/products/millesime-1962-calvados-pays-dauge,2026-06-27,http://calvados-drouin-boutique.com/cdn/shop/files/Calvados-Millesime-1962-AOC.jpg,calvados_france
Calvados,Christian Drouin,"Coudray-Rabut, France",Christian Drouin,own_make,,FALSE,FALSE,Calvados Pays d'Auge; Millésime,,1961,,80.0,40,,,,https://calvados-drouin-boutique.com/en/products/millesime-1961-calvados-pays-dauge,2026-06-27,http://calvados-drouin-boutique.com/cdn/shop/files/Calvados-Millesime-1961-AOC.jpg,calvados_france
Calvados,Christian Drouin,"Coudray-Rabut, France",Christian Drouin,own_make,,FALSE,FALSE,Calvados Pays d'Auge; Single Cask Series; Hampden Angels,,,,88.0,44,,,Hampden Jamaican rum cask,https://www.calvados-drouin.com/en/product/64/hampden-angels/g/6,2026-06-15,,calvados_france
Calvados,Christian Drouin,"Coudray-Rabut, France",Christian Drouin,own_make,,FALSE,FALSE,Calvados Pays d'Auge; Single Cask Series; Mars Angels,13 Years,,,86.0,43,,,Mars Japanese whisky cask,https://www.calvados-drouin.com/en/product/70/mars-angels/g/6; https://calvados-drouin-boutique.com/en/products/mars-angels,2026-10-04,,calvados_france
Calvados,Christian Drouin,"Coudray-Rabut, France",Christian Drouin,own_make,,FALSE,FALSE,Calvados Pays d'Auge; Single Cask Series; Hine Angels,17 Years,,,86.0,43,,,Hine cognac cask,https://www.calvados-drouin.com/en/product/71/hine-angels/g/6; https://calvados-drouin-boutique.com/en/products/hine-angels-eau-de-vie-de-cidre,2026-10-04,,calvados_france
Calvados,Christian Drouin,"Coudray-Rabut, France",Christian Drouin,own_make,,FALSE,FALSE,Calvados Pays d'Auge; Single Cask Series; Long Pond Angels,,,,90.0,45,,,Long Pond Jamaican rum cask,https://www.calvados-drouin.com/en/product/73/long-pond-angels/g/6,2026-06-15,,calvados_france
Calvados,Christian Drouin,"Coudray-Rabut, France",Christian Drouin,own_make,,FALSE,FALSE,Calvados Pays d'Auge; Single Cask Series; Calle 23 Angels,,,,97.6,48.8,,,Calle 23 tequila cask,https://www.calvados-drouin.com/en/product/76/calle-23-angels/g/6; https://calvados-drouin-boutique.com/en/products/calle-23-angels-calvados-pays-dauge,2026-10-04,,calvados_france
Calvados,Christian Drouin,"Coudray-Rabut, France",Christian Drouin,own_make,,FALSE,FALSE,Calvados Pays d'Auge; Single Cask Series; Caroni Angels,17 Years,,,97.6,48.8,,,Caroni Trinidad rum cask,https://www.calvados-drouin.com/en/product/75/caroni-angels/g/6; https://www.thewhiskyexchange.com/p/68636/christian-drouin-caroni-angels-17-year-old-calvados-pays-dauge,2026-06-27,https://img.thewhiskyexchange.com/540/calva_dro17yov1.jpg,calvados_france
Calvados,Christian Drouin,"Coudray-Rabut, France",Christian Drouin,own_make,,FALSE,FALSE,Calvados Pays d'Auge; Single Cask Series; J.M Angels,10 Years,,,93.0,46.5,,,Rhum J.M Martinique cask,https://www.calvados-drouin.com/en/product/80/j-m-angels/g/6; https://calvados-drouin-boutique.com/en/products/rhum-j-m-angels-calvados-pays-dauge,2026-10-04,,calvados_france
Calvados,Christian Drouin,"Coudray-Rabut, France",Christian Drouin,own_make,,FALSE,FALSE,Calvados Pays d'Auge; Single Cask Series; Foursquare Angels,19 Years,,,93.6,46.8,,,Foursquare Barbados rum cask,https://www.calvados-drouin.com/en/product/77/foursquare-angels/g/6,2026-06-15,,calvados_france
Calvados,Christian Drouin,"Coudray-Rabut, France",Christian Drouin,own_make,,FALSE,FALSE,Calvados Pays d'Auge; Single Cask Series; Arran Angels,13 Years,,,93.8,46.9,,,Arran Scotch whisky cask,https://www.calvados-drouin.com/en/product/81/arran-angels/g/6; https://calvados-drouin-boutique.com/en/products/arran-angels-calvados-pays-dauge,2026-10-04,,calvados_france
Calvados,Christian Drouin,"Coudray-Rabut, France",Christian Drouin,own_make,,FALSE,FALSE,Calvados Pays d'Auge; Single Cask Series; Springbank Angels,19 Years,,,100.8,50.4,,,Springbank Scotch whisky cask,https://www.calvados-drouin.com/en/product/82/springbank-angels/g/6,2026-06-15,,calvados_france
Calvados,Christian Drouin,"Coudray-Rabut, France",Christian Drouin,own_make,,FALSE,FALSE,Calvados Pays d'Auge; Single Cask Series; Chichibu Angels,12 Years,,,90.6,45.3,,,Chichibu Japanese whisky cask,https://www.calvados-drouin.com/en/product/83/chichibu-angels/g/6; https://calvados-drouin-boutique.com/en/products/chichibu-angels-calvados-pays-dauge,2026-10-04,,calvados_france
Calvados,Christian Drouin,"Coudray-Rabut, France",Christian Drouin,own_make,,FALSE,FALSE,Calvados Pays d'Auge; Single Cask Series; Savanna Angels,17 Years,,,95.0,47.5,,,Savanna Réunion rum cask,https://www.calvados-drouin.com/en/product/84/savanna-angels/g/6; https://calvados-drouin-boutique.com/en/products/savanna-angels-calvados-pays-dauge,2026-10-04,,calvados_france
Calvados,Christian Drouin,"Coudray-Rabut, France",Christian Drouin,own_make,,FALSE,FALSE,Calvados Pays d'Auge; Single Cask Series; Clarendon Angels,16 Years,,,95.0,47.5,,,Clarendon Monymusk Jamaican rum cask,https://calvados-drouin-boutique.com/products/clarendon-angels-calvados-pays-dauge,2026-06-27,http://calvados-drouin-boutique.com/cdn/shop/files/2000x2000.png,calvados_france
Calvados,Christian Drouin,"Coudray-Rabut, France",Christian Drouin,own_make,,FALSE,FALSE,Calvados Pays d'Auge; Single Cask Series; Domaine des Hautes Glaces Finish,13 Years,,,91.6,45.8,,,DHG French whisky cask,https://calvados-drouin-boutique.com/en/products/calvados-domaine-des-hautes-glaces,2026-10-04,http://calvados-drouin-boutique.com/cdn/shop/files/Calvados-13-ans-Finish-Domaine-des-Hautes-Glaces.jpg,calvados_france
Calvados,Roger Groult,"Saint-Cyr-du-Ronceray, France",Roger Groult,own_make,,FALSE,FALSE,Calvados Pays d'Auge; Réserve; Réserve 3 Ans,3 Years,,,80.0,40,,,,https://calvados-groult.com/en/nos-calvados/; https://www.produits-normandie.fr/fine-calvados/542-calvados-reserve-3-ans-groult.html,2026-06-15,,calvados_france
Calvados,Roger Groult,"Saint-Cyr-du-Ronceray, France",Roger Groult,own_make,,FALSE,FALSE,Calvados Pays d'Auge; Vieux; 8 Ans,8 Years,,,82.0,41,,,,https://calvados-groult.com/en/nos-calvados/,2026-06-15,,calvados_france
Calvados,Roger Groult,"Saint-Cyr-du-Ronceray, France",Roger Groult,own_make,,FALSE,FALSE,Calvados Pays d'Auge; Vieux; 12 Ans,12 Years,,,82.0,41,,,,https://calvados-groult.com/en/nos-calvados/,2026-06-15,,calvados_france
Calvados,Roger Groult,"Saint-Cyr-du-Ronceray, France",Roger Groult,own_make,,FALSE,FALSE,Calvados Pays d'Auge; Hors d'Âge; Vénérable 18 Ans,18 Years,,,82.0,41,,,,https://calvados-groult.com/en/nos-calvados/,2026-06-15,,calvados_france
Calvados,Roger Groult,"Saint-Cyr-du-Ronceray, France",Roger Groult,own_make,,FALSE,FALSE,Calvados Pays d'Auge; Hors d'Âge; Âge d'Or 25 Ans,25 Years,,,82.0,41,,,,https://calvados-groult.com/en/nos-calvados/,2026-06-15,,calvados_france
Calvados,Roger Groult,"Saint-Cyr-du-Ronceray, France",Roger Groult,own_make,,FALSE,FALSE,Calvados Pays d'Auge; Hors d'Âge; Doyen d'Âge 30 Ans,30 Years,,,82.0,41,,,,https://calvados-groult.com/en/nos-calvados/,2026-06-15,,calvados_france
Calvados,Roger Groult,"Saint-Cyr-du-Ronceray, France",Roger Groult,own_make,,FALSE,FALSE,Calvados Pays d'Auge; Hors d'Âge; Heritage Edition; Réserve Ancestrale,,,,80.0,40,,,,https://calvados-groult.com/en/nos-calvados/,2026-06-15,,calvados_france
Calvados,Roger Groult,"Saint-Cyr-du-Ronceray, France",Roger Groult,own_make,,FALSE,FALSE,Calvados Pays d'Auge; Hors d'Âge; Limited Edition; Cuvée Héritage,,,,82.0,41,,,,https://calvados-groult.com/en/nos-calvados/,2026-06-15,,calvados_france
Calvados,Roger Groult,"Saint-Cyr-du-Ronceray, France",Roger Groult,own_make,,FALSE,FALSE,Calvados Pays d'Auge; Single Cask; Cask Strength; Single Cask XO 7 Ans,7 Years,,,111.6,55.8,,,Single cask,https://calvados-groult.com/en/nos-calvados/,2026-06-15,,calvados_france
Calvados,Roger Groult,"Saint-Cyr-du-Ronceray, France",Roger Groult,own_make,,FALSE,FALSE,Calvados Pays d'Auge; Single Cask; Single Cask XO 18 Ans,18 Years,,,84.8,42.4,,,Single cask,https://calvados-groult.com/en/nos-calvados/,2026-06-15,,calvados_france
Calvados,Roger Groult,"Saint-Cyr-du-Ronceray, France",Roger Groult,own_make,,FALSE,FALSE,Calvados Pays d'Auge; Single Cask; Single Cask XO 21 Ans,21 Years,,,81.8,40.9,,,Single cask,https://calvados-groult.com/en/nos-calvados/,2026-06-15,,calvados_france
Calvados,Roger Groult,"Saint-Cyr-du-Ronceray, France",Roger Groult,own_make,,FALSE,FALSE,Calvados Pays d'Auge; Single Cask; Single Cask XO 25 Ans,25 Years,,,82.2,41.1,,,Single cask,https://calvados-groult.com/en/nos-calvados/,2026-06-15,,calvados_france
Calvados,Roger Groult,"Saint-Cyr-du-Ronceray, France",Roger Groult,own_make,,FALSE,FALSE,Calvados Pays d'Auge; Sherry Cask Finish; Cask Strength; Sherry Cask Finish 16 Ans,16 Years,,,110.0,55,,,Oloroso sherry cask,https://calvados-groult.com/en/nos-calvados/; https://www.produits-normandie.fr/calvados-cask-finish/1630-calvados-sherry-cask-finish-12ans-groult-46-50cl.html,2026-06-15,,calvados_france
Calvados,Roger Groult,"Saint-Cyr-du-Ronceray, France",Roger Groult,own_make,,FALSE,FALSE,Calvados Pays d'Auge; Single Cask Series; Cask Strength; Jurançon Cask Finish 14 Ans,14 Years,,,111.0,55.5,,,Jurançon cask,https://calvados-groult.com/en/nos-calvados/,2026-06-15,,calvados_france
Calvados,Roger Groult,"Saint-Cyr-du-Ronceray, France",Roger Groult,own_make,,FALSE,FALSE,Calvados Pays d'Auge; Single Cask Series; Banyuls Cask Finish 16 Ans,16 Years,,,95.2,47.6,,,Banyuls cask,https://calvados-groult.com/en/nos-calvados/,2026-06-15,,calvados_france
Calvados,Roger Groult,"Saint-Cyr-du-Ronceray, France",Roger Groult,own_make,,FALSE,FALSE,Calvados Pays d'Auge; Single Cask Series; Vouvray Cask Finish 8 Ans,8 Years,,,95.2,47.6,,,Vouvray cask,https://calvados-groult.com/en/nos-calvados/,2026-06-15,,calvados_france
Calvados,Roger Groult,"Saint-Cyr-du-Ronceray, France",Roger Groult,own_make,,FALSE,FALSE,Calvados Pays d'Auge; Single Cask Series; Hydromel Cask Finish 11 Ans,11 Years,,,89.2,44.6,,,Hydromel (mead) cask,https://www.produits-normandie.fr/calvados-cask-finish/2646-calvados-hydromel-cask-finish-11-ans-groult-446-50cl.html,2026-06-15,,calvados_france
Calvados,Adrien Camut,"La Lande-Saint-Léger, France",Adrien Camut,own_make,,FALSE,FALSE,Calvados Pays d'Auge; Vieux; 6 Ans,6 Years,,,80.0,40,,,,https://www.masterofmalt.com/distilleries/adrien-camut-distillery/; https://www.produits-normandie.fr/vieux-calvados/212-calvados-adrien-camut-aoc-6-ans.html,2026-06-15,,calvados_france
Calvados,Adrien Camut,"La Lande-Saint-Léger, France",Adrien Camut,own_make,,FALSE,FALSE,Calvados Pays d'Auge; Vieux; 12 Ans,12 Years,,,82.0,41,,,,https://www.produits-normandie.fr/calvados-hors-d-age/213-calvados-pays-d-auge-aoc-adrien-camut-12-ans.html,2026-06-15,,calvados_france
Calvados,Adrien Camut,"La Lande-Saint-Léger, France",Adrien Camut,own_make,,FALSE,FALSE,Calvados Pays d'Auge; Hors d'Âge; Privilège 18 Ans,18 Years,,,82.0,41,,,,https://www.produits-normandie.fr/calvados-hors-d-age/214-calvados-aoc-pays-d-auge-adrien-camut-privilege-18-ans.html,2026-06-15,,calvados_france
Calvados,Adrien Camut,"La Lande-Saint-Léger, France",Adrien Camut,own_make,,FALSE,FALSE,Calvados Pays d'Auge; Hors d'Âge; Réserve de Semainville 25 Ans,25 Years,,,82.0,41,,,,https://www.produits-normandie.fr/les-demi-bouteilles/3320-calvados-25-ans-reserve-de-semainville-camut-35cl-40.html,2026-06-15,,calvados_france
Calvados,Adrien Camut,"La Lande-Saint-Léger, France",Adrien Camut,own_make,,FALSE,FALSE,Calvados Pays d'Auge; Hors d'Âge; Réserve d'Adrien 40 Ans,40 Years,,,82.0,41,,,,https://www.masterofmalt.com/calvados/adrien-camut-reserve-dadrien/,2026-06-27,https://cdn11.bigcommerce.com/s-e8lbekfe7c/images/stencil/1024w/attribute_rule_images/40375_source_1781117057.jpg,calvados_france
Calvados,Adrien Camut,"La Lande-Saint-Léger, France",Adrien Camut,own_make,,FALSE,FALSE,Calvados Pays d'Auge; Hors d'Âge; Prestige 50 Ans,50 Years,,,80.0,40,,,,https://www.masterofmalt.com/calvados/adrien-camut-prestige-calvados/,2026-06-27,https://cdn11.bigcommerce.com/s-e8lbekfe7c/images/stencil/1024w/attribute_rule_images/16626_source_1779111787.jpg,calvados_france
Calvados,Adrien Camut,"La Lande-Saint-Léger, France",Adrien Camut,own_make,,FALSE,FALSE,Calvados Pays d'Auge; Hors d'Âge; Rareté 60 Ans,60 Years,,,80.0,40,,,,https://www.produits-normandie.fr/calvados-rares/462-calvados-rarete-camut-60ans.html,2026-06-15,,calvados_france
Calvados,Pierre Huet,"Cambremer, France",Pierre Huet,own_make,,FALSE,FALSE,Calvados Pays d'Auge; Fine,2 Years,,,80.0,40,,,,https://www.calvados-huet.com/gb/calvados/13-calvados-aoc-pays-d-auge-fine-pierre-huet.html,2026-06-15,,calvados_france
Calvados,Pierre Huet,"Cambremer, France",Pierre Huet,own_make,,FALSE,FALSE,Calvados Pays d'Auge; Vieux,4 Years,,,80.0,40,,,,https://www.calvados-huet.com/gb/calvados/14-calvados-vieux-aoc-pays-d-auge-pierre-huet.html,2026-10-04,,calvados_france
Calvados,Pierre Huet,"Cambremer, France",Pierre Huet,own_make,,FALSE,FALSE,Calvados Pays d'Auge; VSOP; Vieille Réserve VSOP 8 Ans,8 Years,,,80.0,40,,,,https://www.calvados-huet.com/gb/calvados/15-calvados-aoc-pays-d-auge-vieille-reserve-pierre-huet.html,2026-06-15,,calvados_france
Calvados,Pierre Huet,"Cambremer, France",Pierre Huet,own_make,,FALSE,FALSE,Calvados Pays d'Auge; Hors d'Âge; Hors d'Âge 12 Ans,12 Years,,,80.0,40,,,,https://www.calvados-huet.com/gb/calvados/16-calvados-aoc-pays-d-auge-hors-d-age-pierre-huet.html,2026-10-04,,calvados_france
Calvados,Pierre Huet,"Cambremer, France",Pierre Huet,own_make,,FALSE,FALSE,Calvados Pays d'Auge; Hors d'Âge; Tradition 15 Ans,15 Years,,,80.0,40,,,,https://www.calvados-huet.com/gb/calvados/17-calvados-aoc-tradition-pierre-huet.html,2026-10-04,,calvados_france
Calvados,Pierre Huet,"Cambremer, France",Pierre Huet,own_make,,FALSE,FALSE,Calvados Pays d'Auge; Hors d'Âge; Cordon Argent 20 Ans,20 Years,,,80.0,40,,,,https://www.calvados-huet.com/gb/calvados/18-calvados-aoc-cordon-argent-pierre-huet.html,2026-10-04,,calvados_france
Calvados,Pierre Huet,"Cambremer, France",Pierre Huet,own_make,,FALSE,FALSE,Calvados Pays d'Auge; Hors d'Âge; Cordon Or 30 Ans,30 Years,,,80.0,40,,,,https://www.calvados-huet.com/gb/calvados/19-calvados-aoc-cordon-or-pierre-huet.html,2026-10-04,,calvados_france
Calvados,Pierre Huet,"Cambremer, France",Pierre Huet,own_make,,FALSE,FALSE,Calvados Pays d'Auge; Hors d'Âge; Prestige,20 Years,,,80.0,40,,,,https://www.calvados-huet.com/gb/calvados/24-calvados-aoc-prestige-pierre-huet.html,2026-06-15,,calvados_france
Calvados,Pierre Huet,"Cambremer, France",Pierre Huet,own_make,,FALSE,FALSE,Calvados Pays d'Auge; Millésime; Millésime 1972,,1972,,80.0,40,,,,https://www.calvados-huet.com/gb/calvados/20-calvados-aoc-millesime-1972-pierre-huet.html,2026-10-04,,calvados_france
Calvados,Pierre Huet,"Cambremer, France",Pierre Huet,own_make,,FALSE,FALSE,Calvados Pays d'Auge; Millésime; Millésime 1935,,1935,,80.0,40,,,,https://www.calvados-huet.com/gb/calvados/21-calvados-aoc-pays-d-auge-millesime-1935-pierre-huet.html,2026-10-04,,calvados_france
Calvados,Pierre Huet,"Cambremer, France",Pierre Huet,own_make,,FALSE,FALSE,Calvados Pays d'Auge; Single Cask; Cask Strength; 38 Ans Straight from the Cask,38 Years,,,108.8,54.4,,,,https://www.calvados-huet.com/gb/calvados/33-calvados-aoc-31-years-straight-from-the-cask-pierre-huet.html,2026-10-04,,calvados_france
Calvados,Pierre Huet,"Cambremer, France",Pierre Huet,own_make,,FALSE,FALSE,Calvados Pays d'Auge; Single Cask; Cask Strength; 49 Ans Straight from the Cask,49 Years,,,105.8,52.9,,,,https://www.calvados-huet.com/gb/calvados/35-calvados-aoc-40-years-straight-from-the-cask-pierre-huet.html,2026-10-04,,calvados_france
Calvados,Domaine Dupont,"Victot-Pontfol, France",Domaine Dupont,own_make,,FALSE,FALSE,Calvados Pays d'Auge; Fine; Original,2 Years,,,80.0,40,,,,https://www.calvados-dupont.com/en/calvados-original.htm,2026-10-04,,calvados_france
Calvados,Domaine Dupont,"Victot-Pontfol, France",Domaine Dupont,own_make,,FALSE,FALSE,Calvados Pays d'Auge; Fine,,,,80.0,40,,,,https://www.calvados-dupont.com/en/calvados-fine.htm,2026-10-04,,calvados_france
Calvados,Domaine Dupont,"Victot-Pontfol, France",Domaine Dupont,own_make,,FALSE,FALSE,Calvados Pays d'Auge; Réserve,3 Years,,,84.0,42,,,,https://www.calvados-dupont.com/en/calvados-reserve.htm,2026-06-15,,calvados_france
Calvados,Domaine Dupont,"Victot-Pontfol, France",Domaine Dupont,own_make,,FALSE,FALSE,Calvados Pays d'Auge; Vieux; Vieille Réserve,,,,84.0,42,,,,https://www.calvados-dupont.com/en/calvados-vieillereserve.htm,2026-06-15,,calvados_france
Calvados,Domaine Dupont,"Victot-Pontfol, France",Domaine Dupont,own_make,,FALSE,FALSE,Calvados Pays d'Auge; VSOP,,,,84.0,42,,,,https://www.calvados-dupont.com/en/calvados-vsop.htm,2026-10-04,,calvados_france
Calvados,Domaine Dupont,"Victot-Pontfol, France",Domaine Dupont,own_make,,FALSE,FALSE,Calvados Pays d'Auge; Hors d'Âge,6 Years,,,84.0,42,,,,https://www.calvados-dupont.com/en/calvados-hors-age.htm,2026-06-15,,calvados_france
Calvados,Domaine Dupont,"Victot-Pontfol, France",Domaine Dupont,own_make,,FALSE,FALSE,Calvados Pays d'Auge; XO,,,,,,,,,https://www.calvados-dupont.com/en/calvados-xo.htm,2026-06-15,,calvados_france
Calvados,Domaine Dupont,"Victot-Pontfol, France",Domaine Dupont,own_make,,FALSE,FALSE,Calvados Pays d'Auge; Vieux; 10 Ans,10 Years,,,84.0,42,,,,https://www.calvados-dupont.com/en/calvados10ans.htm,2026-10-04,,calvados_france
Calvados,Domaine Dupont,"Victot-Pontfol, France",Domaine Dupont,own_make,,FALSE,FALSE,Calvados Pays d'Auge; Vieux; 12 Ans,12 Years,,,84.0,42,,,,https://www.calvados-dupont.com/en/calvados12ans.htm,2026-10-04,,calvados_france
Calvados,Domaine Dupont,"Victot-Pontfol, France",Domaine Dupont,own_make,,FALSE,FALSE,Calvados Pays d'Auge; Hors d'Âge; 15 Ans,15 Years,,,84.0,42,,,,https://www.calvados-dupont.com/en/calvados15ans.htm,2026-10-04,,calvados_france
Calvados,Domaine Dupont,"Victot-Pontfol, France",Domaine Dupont,own_make,,FALSE,FALSE,Calvados Pays d'Auge; Hors d'Âge; 20 Ans,20 Years,,,84.0,42,,,,https://www.calvados-dupont.com/en/calvados20ans.htm,2026-10-04,,calvados_france
Calvados,Domaine Dupont,"Victot-Pontfol, France",Domaine Dupont,own_make,,FALSE,FALSE,Calvados Pays d'Auge; Hors d'Âge; 30 Ans,30 Years,,,82.0,41,,,,https://www.calvados-dupont.com/en/calvados30ans.htm,2026-10-04,,calvados_france
Calvados,Domaine Dupont,"Victot-Pontfol, France",Domaine Dupont,own_make,,FALSE,FALSE,Calvados Pays d'Auge; Hors d'Âge; 45 Ans,45 Years,,,82.0,41,,,,https://www.calvados-dupont.com/en/calvados45ans.htm,2026-10-04,,calvados_france
Calvados,Domaine Dupont,"Victot-Pontfol, France",Domaine Dupont,own_make,,FALSE,FALSE,Calvados Pays d'Auge; Hors d'Âge; 50 Ans,50 Years,,,82.0,41,,,,https://www.calvados-dupont.com/en/calvados50ans.htm,2026-10-04,,calvados_france
Calvados,Domaine Dupont,"Victot-Pontfol, France",Domaine Dupont,own_make,,FALSE,FALSE,Calvados Pays d'Auge; Hors d'Âge; Cask Strength; 30 Ans Non Réduit,30 Years,,,100.0,50,,,"Cask strength, no cold filtration",https://www.calvados-dupont.com/en/calvados30ans-non-reduit.htm,2026-10-04,,calvados_france
Calvados,Domaine Dupont,"Victot-Pontfol, France",Domaine Dupont,own_make,,FALSE,FALSE,Calvados Pays d'Auge; Hors d'Âge; Cask Strength; 45 Ans Non Réduit,45 Years,,,102.0,51,,,Cask strength,https://www.calvados-dupont.com/en/calvados45ans-non-reduit.htm,2026-10-04,,calvados_france
Calvados,Domaine Dupont,"Victot-Pontfol, France",Domaine Dupont,own_make,,FALSE,FALSE,Calvados Pays d'Auge; Hors d'Âge; Cask Strength; 50 Ans Non Réduit,50 Years,,,104.0,52,,,Cask strength,https://www.calvados-dupont.com/en/calvados50ans-non-reduit.htm,2026-10-04,,calvados_france
Calvados,Domaine Dupont,"Victot-Pontfol, France",Domaine Dupont,own_make,,FALSE,FALSE,Calvados Pays d'Auge; Millésime; Vintage 1972,,1972,,84.0,42,,,,https://www.calvados-dupont.com/en/calvados-1972.htm,2026-10-04,,calvados_france
Calvados,Domaine Dupont,"Victot-Pontfol, France",Domaine Dupont,own_make,,FALSE,FALSE,Calvados Pays d'Auge; Millésime; Vintage 1977,,1977,,84.0,42,,,,https://www.calvados-dupont.com/en/calvados-1977.htm,2026-10-04,,calvados_france
Calvados,Domaine Dupont,"Victot-Pontfol, France",Domaine Dupont,own_make,,FALSE,FALSE,Calvados Pays d'Auge; Millésime; Vintage 1980,,1980,,84.0,42,,,,https://www.calvados-dupont.com/en/calvados-1980.htm,2026-10-04,,calvados_france
Calvados,Domaine Dupont,"Victot-Pontfol, France",Domaine Dupont,own_make,,FALSE,FALSE,Calvados Pays d'Auge; Millésime; Vintage 1988,,1988,,84.0,42,,,,https://www.calvados-dupont.com/en/calvados-1988.htm,2026-10-04,,calvados_france
Calvados,Domaine Dupont,"Victot-Pontfol, France",Domaine Dupont,own_make,,FALSE,FALSE,Calvados Pays d'Auge; Single Cask Series; Islay Whisky Cask Finish,,,,90.0,45,,,Islay single malt whisky cask,https://www.calvados-dupont.com/en/calvados-finish-whisky.htm; https://www.produits-normandie.fr/calvados-cask-finish/1604-calvados-cask-finish-islay-whisky-3-ans-dupont-70-cl-42-.html; https://madeincalvados.com/calvados-cask-finish/produit-2173-calvados-cask-finish-islay-whisky-3-ans-dupont-70-cl-42-.html,2026-10-04,,calvados_france
Calvados,Domaine Dupont,"Victot-Pontfol, France",Domaine Dupont,own_make,,FALSE,FALSE,Calvados Pays d'Auge; Single Cask Series; Lagavulin Cask Finish,,,,108.0,54,,,Lagavulin whisky cask,https://www.calvados-dupont.com/en/calvados-finish-whisky-lagavulin.htm,2026-10-04,,calvados_france
Calvados,Domaine Dupont,"Victot-Pontfol, France",Domaine Dupont,own_make,,FALSE,FALSE,Calvados Pays d'Auge; Single Cask Series; Torabhaig Cask Finish,,,,102.0,51,,,Torabhaig (Skye) whisky cask,https://www.calvados-dupont.com/en/calvados-finish-torabhaig.htm,2026-10-04,,calvados_france
Calvados,Domaine Dupont,"Victot-Pontfol, France",Domaine Dupont,own_make,,FALSE,FALSE,Calvados Pays d'Auge; Single Cask Series; Mossburn Cask Finish,,,,90.0,45,,,Speyside (Mossburn) whisky cask,https://www.calvados-dupont.com/en/calvados-finish-mossburn.htm,2026-10-04,,calvados_france
Calvados,Domaine Dupont,"Victot-Pontfol, France",Domaine Dupont,own_make,,FALSE,FALSE,Calvados Pays d'Auge; Single Cask Series; Marc de Bourgogne Cask Finish,,,,90.0,45,,,Marc de Bourgogne cask,https://www.calvados-dupont.com/en/calvados-finish-marc-bourgogne.htm,2026-10-04,,calvados_france
Calvados,Domaine Dupont,"Victot-Pontfol, France",Domaine Dupont,own_make,,FALSE,FALSE,Calvados Pays d'Auge; Single Cask Series; Caroni Rhum Cask Finish,,,,90.0,45,,,Caroni rum cask,https://www.calvados-dupont.com/en/calvados-finish-rhum.htm; https://www.calvados-dupont.com/photos/zoom/dupont-etq-calvados-cask-rhum.jpg; https://www.produits-normandie.fr/calvados-cask-finish/1605-eau-de-vie-de-cidre-cask-finish-rhum-caroni-3-ans-dupont-70-cl-45-.html,2026-10-04,,calvados_france
Calvados,Domaine Dupont,"Victot-Pontfol, France",Domaine Dupont,own_make,,FALSE,FALSE,Calvados Pays d'Auge; Single Cask Series; 3 Fonteinen Cask Finish,,,,90.0,45,,,3 Fonteinen lambic cask,https://www.calvados-dupont.com/en/calvados-finish-3fonteinen.htm,2026-10-04,,calvados_france
Calvados,Château du Breuil,"Le Breuil-en-Auge, France",Château du Breuil,own_make,,FALSE,FALSE,Calvados Pays d'Auge; Fine; Fine Trois Pommes,2 Years,,,80.0,40,,,,https://distiller.com/spirits/chateau-du-breuil-vsop-calvados-pays-d-auge; https://www.spiriterie.com/produit/fine-calvados-chateau-du-breuil/,2026-10-04,,calvados_france
Calvados,Château du Breuil,"Le Breuil-en-Auge, France",Château du Breuil,own_make,,FALSE,FALSE,Calvados Pays d'Auge; Réserve; Réserve du Château 8 Ans,8 Years,,,80.0,40,,,,https://www.thewhiskyexchange.com/p/73745/chateau-du-breuil-reserve-8-year-old-calvados; https://www.spiriterie.com/produit/reserve-du-chateau-8-ans-dage/,2026-10-04,https://img.thewhiskyexchange.com/540/calva_bre08yo.jpg,calvados_france
Calvados,Château du Breuil,"Le Breuil-en-Auge, France",Château du Breuil,own_make,,FALSE,FALSE,Calvados Pays d'Auge; VSOP,4 Years,,,80.0,40,,,,https://www.thewhiskyexchange.com/p/5386/chateau-du-breuil-vsop-calvados,2026-06-27,https://img.thewhiskyexchange.com/540/calva_bre2.jpg,calvados_france
Calvados,Château du Breuil,"Le Breuil-en-Auge, France",Château du Breuil,own_make,,FALSE,FALSE,Calvados Pays d'Auge; Vieux; 12 Ans,12 Years,,,82.0,41,,,,https://www.finedrams.com/chateau-du-breuil-12-year-old-calvados.html,2026-06-27,https://d1wd5rt8ssn8ry.cloudfront.net/image/43348-large-1550411623/chateau-du-breuil-12-year-old-calvados.jpg,calvados_france
Calvados,Château du Breuil,"Le Breuil-en-Auge, France",Château du Breuil,own_make,,FALSE,FALSE,Calvados Pays d'Auge; Hors d'Âge; 15 Ans,15 Years,,,82.0,41,,,,https://www.finedrams.com/chateau-du-breuil-15-year-old-calvados.html,2026-06-27,https://d1wd5rt8ssn8ry.cloudfront.net/image/43350-large-1550411627/chateau-du-breuil-15-year-old-calvados.jpg,calvados_france
Calvados,Château du Breuil,"Le Breuil-en-Auge, France",Château du Breuil,own_make,,FALSE,FALSE,Calvados Pays d'Auge; XO; XO Réserve des Seigneurs 20 Ans,20 Years,,,82.0,41,,,,https://www.thewhiskyexchange.com/p/5389/chateau-du-breuil-20-year-old-reserve-des-seigneurs-xo-calvados,2026-06-27,https://img.thewhiskyexchange.com/540/calva_bre5.jpg,calvados_france
Calvados,Château du Breuil,"Le Breuil-en-Auge, France",Château du Breuil,own_make,,FALSE,FALSE,Calvados Pays d'Auge; Millésime; Millésime 1998,,1998,,,,,,,https://www.drinksupermarket.com/chateau-du-breuil-pays-d-auge-millesime-2000-calvados-70cl,2026-06-15,,calvados_france
Calvados,Château du Breuil,"Le Breuil-en-Auge, France",Château du Breuil,own_make,,FALSE,FALSE,Calvados Pays d'Auge; Millésime; Millésime 2000,,2000,,82.0,41,,,,https://www.finedrams.com/chateau-du-breuil-millesime-2000-calvados.html,2026-06-27,https://d1wd5rt8ssn8ry.cloudfront.net/image/61041-large-1639850972/chateau-du-breuil-millesime-2000-calvados.jpg,calvados_france
Calvados,Château du Breuil,"Le Breuil-en-Auge, France",Château du Breuil,own_make,,FALSE,FALSE,Calvados Pays d'Auge; Millésime; Millésime 2002,,2002,,82.0,41,,,,https://www.finedrams.com/chateau-du-breuil-millesime-2002-calvados.html,2026-06-27,https://d1wd5rt8ssn8ry.cloudfront.net/image/43347-large-1550411621/chateau-du-breuil-millesime-2002-calvados.jpg,calvados_france
Calvados,Château du Breuil,"Le Breuil-en-Auge, France",Château du Breuil,own_make,,FALSE,FALSE,Calvados Pays d'Auge; Sherry Cask Finish; Oloroso Sherry Cask Finish 7 Ans,7 Years,,,84.0,42,,,Oloroso sherry cask,https://www.finedrams.com/chateau-du-breuil-7-year-old-oloroso-sherry-cask-finish-calvados.html; https://www.spiriterie.com/produit/finition-futs-de-sherry-oloroso-7-ans-dage/,2026-10-04,https://d1wd5rt8ssn8ry.cloudfront.net/image/43351-large-1550411629/chateau-du-breuil-7-year-old-oloroso-sherry-cask-finish-calvados.jpg,calvados_france
Calvados,Château du Breuil,"Le Breuil-en-Auge, France",Château du Breuil,own_make,,FALSE,FALSE,Calvados Pays d'Auge; Single Cask Series; Sauternes Cask Finish 8 Ans,8 Years,,,86.8,43.4,,,Sauternes wine cask,https://www.finedrams.com/chateau-du-breuil-8-year-old-sauternes-cask-finish-calvados.html,2026-06-27,https://d1wd5rt8ssn8ry.cloudfront.net/image/43354-large-1550411634/chateau-du-breuil-8-year-old-sauternes-cask-finish-calvados.jpg,calvados_france
Calvados,Château du Breuil,"Le Breuil-en-Auge, France",Château du Breuil,own_make,,FALSE,FALSE,Calvados Pays d'Auge; Single Cask Series; Port Cask Finish 8 Ans,8 Years,,,,,,,Port cask,https://www.grandwinecellar.com/products/chateau-du-breuil-8-years-old-port-cask-finish-calvados-pays-dauge-brandy,2026-06-28,NULL,calvados_france
Calvados,Château du Breuil,"Le Breuil-en-Auge, France",Château du Breuil,own_make,,FALSE,FALSE,Calvados Pays d'Auge; Bourbon Cask Finish; Bourbon Cask Finish 10 Ans,10 Years,,,88.0,44,,,Ex-bourbon cask,https://www.produits-normandie.fr/calvados-cask-finish/1644-calvados-finition-de-bourbon-8ans-chateau-du-breuil-70-cl-44.html,2026-06-15,,calvados_france
Calvados,Château du Breuil,"Le Breuil-en-Auge, France",Château du Breuil,own_make,,FALSE,FALSE,Calvados Pays d'Auge; Single Cask Series; Whisky Cask Finish 10 Ans,10 Years,,,82.0,41,,,Speyside single malt whisky cask,https://www.finedrams.com/chateau-du-breuil-10-year-old-whisky-cask-finish-calvados.html,2026-06-27,https://d1wd5rt8ssn8ry.cloudfront.net/image/74447-large-1698952534/chateau-du-breuil-10-year-old-whisky-cask-finish-calvados.jpg,calvados_france
Calvados,Château du Breuil,"Le Breuil-en-Auge, France",Château du Breuil,own_make,,FALSE,FALSE,Calvados Pays d'Auge; Single Cask Series; Whisky Cask Finish 14 Ans,14 Years,,,82.0,41,,,Whisky cask,https://www.finedrams.com/chateau-du-breuil-14-year-old-whisky-cask-finish-calvados.html,2026-06-27,https://d1wd5rt8ssn8ry.cloudfront.net/image/43349-large-1550411625/chateau-du-breuil-14-year-old-whisky-cask-finish-calvados.jpg,calvados_france
Calvados,Château du Breuil,"Le Breuil-en-Auge, France",Château du Breuil,own_make,,FALSE,FALSE,Calvados Pays d'Auge; Cask Strength; L'Insoumis,,,,88.0,44,,,,https://www.finedrams.com/chateau-du-breuil-linsoumis-calvados.html,2026-06-27,https://d1wd5rt8ssn8ry.cloudfront.net/image/74448-large-1698952538/chateau-du-breuil-linsoumis-calvados.jpg,calvados_france
Calvados,Château du Breuil,"Le Breuil-en-Auge, France",Château du Breuil,own_make,,FALSE,FALSE,Calvados Pays d'Auge; Single Cask Series; Rum Explorer Marie Galante,,,,89.2,44.6,,,Marie-Galante rum cask,https://www.finedrams.com/rum-explorer-marie-galante-chateau-de-breuil.html,2026-06-27,https://d1wd5rt8ssn8ry.cloudfront.net/image/74570-large-1698953145/rum-explorer-marie-galante-chateau-de-breuil.jpg,calvados_france
Calvados,Lemorton,"Mantilly, France",Lemorton,own_make,,FALSE,FALSE,Calvados Domfrontais; Domfrontais Pear Blend; Réserve,,,,,,,,,https://www.charlesnealselections.com/calvados-lemorton.html,2026-06-28,NULL,calvados_france
Calvados,Lemorton,"Mantilly, France",Lemorton,own_make,,FALSE,FALSE,Calvados Domfrontais; Domfrontais Pear Blend; Vieux,5 Years,,,80.0,40,,,,https://www.charlesnealselections.com/calvados-lemorton.html,2026-06-28,NULL,calvados_france
Calvados,Lemorton,"Mantilly, France",Lemorton,own_make,,FALSE,FALSE,Calvados Domfrontais; Domfrontais Pear Blend; Vieux,10 Years,,,80.0,40,,,,https://www.finedrams.com/lemorton-10-year-old-domfrontais-calvados.html,2026-10-04,https://d1wd5rt8ssn8ry.cloudfront.net/image/43486-large-1550411872/lemorton-10-year-old-domfrontais-calvados.jpg,calvados_france
Calvados,Lemorton,"Mantilly, France",Lemorton,own_make,,FALSE,FALSE,Calvados Domfrontais; Domfrontais Pear Blend; Hors d'Âge,15 Years,,,80.0,40,,,,https://www.masterofmalt.com/calvados/lemorton/lemorton-15-year-old-vieux-calvados/,2026-06-27,https://cdn11.bigcommerce.com/s-e8lbekfe7c/images/stencil/1024w/attribute_rule_images/18749_source_1758883393.jpg,calvados_france
Calvados,Lemorton,"Mantilly, France",Lemorton,own_make,,FALSE,FALSE,Calvados Domfrontais; Domfrontais Pear Blend; Hors d'Âge,25 Years,,,80.0,40,,,,https://www.finedrams.com/lemorton-25-year-old-domfrontais-calvados.html,2026-10-04,https://d1wd5rt8ssn8ry.cloudfront.net/image/43492-large-1550411886/lemorton-25-year-old-domfrontais-calvados.jpg,calvados_france
Calvados,Lemorton,"Mantilly, France",Lemorton,own_make,,FALSE,FALSE,Calvados Domfrontais; Domfrontais Pear Blend; Hors d'Âge,30 Years,,,80.0,40,,,,https://www.finedrams.com/lemorton-30-year-old-domfrontais-calvados.html,2026-06-27,https://d1wd5rt8ssn8ry.cloudfront.net/image/68943-large-1668301606/lemorton-30-year-old-domfrontais-calvados.jpg,calvados_france
Calvados,Lemorton,"Mantilly, France",Lemorton,own_make,,FALSE,FALSE,Calvados Domfrontais; Domfrontais Pear Blend; Hors d'Âge; Heritage Edition,,,,80.0,40,,,,https://www.masterofmalt.com/calvados/lemorton-vieux-calvados-rarete/,2026-06-27,https://cdn11.bigcommerce.com/s-e8lbekfe7c/images/stencil/1024w/attribute_rule_images/16295_source_1758882799.jpg,calvados_france
Calvados,Lemorton,"Mantilly, France",Lemorton,own_make,,FALSE,FALSE,Calvados Domfrontais; Domfrontais Pear Blend; Millésime,,1926,,,,,,,https://www.cellartracker.com/wine.asp?iWine=2237982,2026-06-15,,calvados_france
Calvados,Lemorton,"Mantilly, France",Lemorton,own_make,,FALSE,FALSE,Calvados Domfrontais; Domfrontais Pear Blend; Millésime,,1944,,,,,,,https://delectable.com/wine/lemorton/vieux-calvados-domfrontais-reserve/1944,2026-06-27,https://s3.amazonaws.com/delectableCapturedPhotos/eric-hiatt-1383526624-38064e854452.jpg,calvados_france
Calvados,Lemorton,"Mantilly, France",Lemorton,own_make,,FALSE,FALSE,Calvados Domfrontais; Domfrontais Pear Blend; Millésime,,1957,,,,,,,https://www.sodivin.com/7196-lemorton-vieux-calvados-1957.html,2026-06-15,,calvados_france
Calvados,Lemorton,"Mantilly, France",Lemorton,own_make,,FALSE,FALSE,Calvados Domfrontais; Domfrontais Pear Blend; Millésime,,1962,,80.0,40,,,,https://www.finedrams.com/lemorton-1962-domfrontais-calvados.html,2026-10-04,https://d1wd5rt8ssn8ry.cloudfront.net/image/43487-large-1550411874/lemorton-1962-domfrontais-calvados.jpg,calvados_france
Calvados,Lemorton,"Mantilly, France",Lemorton,own_make,,FALSE,FALSE,Calvados Domfrontais; Domfrontais Pear Blend; Millésime,,1963,,,,,,,https://www.cellartracker.com/wine.asp?iWine=3086580,2026-06-15,,calvados_france
Calvados,Lemorton,"Mantilly, France",Lemorton,own_make,,FALSE,FALSE,Calvados Domfrontais; Domfrontais Pear Blend; Millésime,,1971,,80.0,40,,,,https://www.finedrams.com/lemorton-1971-domfrontais-calvados.html,2026-10-04,https://d1wd5rt8ssn8ry.cloudfront.net/image/68942-large-1668301599/lemorton-1971-domfrontais-calvados.jpg,calvados_france
Calvados,Lemorton,"Mantilly, France",Lemorton,own_make,,FALSE,FALSE,Calvados Domfrontais; Domfrontais Pear Blend; Millésime,,1972,,80.0,40,,,,https://www.finedrams.com/lemorton-1972-domfrontais-calvados.html,2026-06-27,https://d1wd5rt8ssn8ry.cloudfront.net/image/43488-large-1550411877/lemorton-1972-domfrontais-calvados.jpg,calvados_france
Calvados,Lemorton,"Mantilly, France",Lemorton,own_make,,FALSE,FALSE,Calvados Domfrontais; Domfrontais Pear Blend; Millésime,,1978,,,,,,,https://shop.klwines.com/products/details/1035545,2026-06-27,https://cdn.klwines.com/images/skus/1035545x.jpg,calvados_france
Calvados,Lemorton,"Mantilly, France",Lemorton,own_make,,FALSE,FALSE,Calvados Domfrontais; Domfrontais Pear Blend; Millésime,,1980,,80.0,40,,,,https://www.finedrams.com/lemorton-1980-domfrontais-calvados.html,2026-06-27,https://d1wd5rt8ssn8ry.cloudfront.net/image/43489-large-1550411879/lemorton-1980-domfrontais-calvados.jpg,calvados_france
Calvados,Lemorton,"Mantilly, France",Lemorton,own_make,,FALSE,FALSE,Calvados Domfrontais; Domfrontais Pear Blend; Millésime,,1987,,,,,,,https://www.charlesnealselections.com/calvados-lemorton.html,2026-06-28,NULL,calvados_france
Calvados,Lemorton,"Mantilly, France",Lemorton,own_make,,FALSE,FALSE,Calvados Domfrontais; Domfrontais Pear Blend; Millésime,,1989,,80.0,40,,,,https://www.finedrams.com/lemorton-1989-domfrontais-calvados.html,2026-10-04,https://d1wd5rt8ssn8ry.cloudfront.net/image/43490-large-1550411882/lemorton-1989-domfrontais-calvados.jpg,calvados_france
Calvados,Lemorton,"Mantilly, France",Lemorton,own_make,,FALSE,FALSE,Calvados Domfrontais; Domfrontais Pear Blend; Millésime,,1996,,,,,,,https://www.wine-searcher.com/find/le+morton+grand+rsrv+vieux+calvados+domfrontais+normandy+france/1996,2026-06-15,,calvados_france
Calvados,Lemorton,"Mantilly, France",Lemorton,own_make,,FALSE,FALSE,Calvados Domfrontais; Domfrontais Pear Blend; Millésime,,1999,,80.0,40,,,,https://www.finedrams.com/lemorton-1999-domfrontais-calvados.html,2026-10-04,https://d1wd5rt8ssn8ry.cloudfront.net/image/43491-large-1550411884/lemorton-1999-domfrontais-calvados.jpg,calvados_france
Calvados,La Galotière,"Crouttes, France",La Galotière,own_make,,FALSE,FALSE,Calvados Pays d'Auge; Estate Bottled; Vieux 4 Ans,4 Years,,,84.0,42,,,,https://madeincalvados.com/calvados-2-a-5-ans-d-age/produit-1461-calvados-vieux-4-ans-aoc-pays-d-auge-bio.html,2026-06-27,https://madeincalvados.com/9015-large_default/calvados-vieux-4-ans-aoc-pays-d-auge-bio.jpg,calvados_france
Calvados,La Galotière,"Crouttes, France",La Galotière,own_make,,FALSE,FALSE,Calvados Pays d'Auge; Estate Bottled; VSOP 6 Ans,6 Years,,,84.0,42,,,,https://madeincalvados.com/calvados-6-a-10-ans-d-age/produit-183-calvados-vsop-6-ans-aoc-pays-d-auge-bio.html,2026-06-27,https://madeincalvados.com/9014-large_default/calvados-vsop-6-ans-aoc-pays-d-auge-bio.jpg,calvados_france
Calvados,La Galotière,"Crouttes, France",La Galotière,own_make,,FALSE,FALSE,Calvados Pays d'Auge; Estate Bottled; Hors d'Âge 10 Ans,10 Years,,,84.0,42,,,,https://madeincalvados.com/calvados-11-a-20-ans-d-age/produit-184-calvados-hors-d-age-de-10-ans-aoc.html,2026-06-27,https://madeincalvados.com/9013-large_default/calvados-hors-d-age-de-10-ans-aoc.jpg,calvados_france
Calvados,La Galotière,"Crouttes, France",La Galotière,own_make,,FALSE,FALSE,Calvados Pays d'Auge; Estate Bottled; Bio 15 Ans,15 Years,,,84.0,42,,,,https://madeincalvados.com/calvados-11-a-20-ans-d-age/produit-4469-calvados-bio-15-ans-oslo-la-galotiere-70cl-42.html,2026-06-27,https://madeincalvados.com/9050-large_default/calvados-bio-15-ans-oslo-la-galotiere-70cl-42.jpg,calvados_france
Calvados,La Galotière,"Crouttes, France",La Galotière,own_make,,FALSE,FALSE,Calvados Pays d'Auge; Estate Bottled; +20 Ans,20 Years,,,84.0,42,,,,https://madeincalvados.com/calvados-plus-de-20-ans/produit-185-calvados-20-ans-aoc-pays-d-auge.html,2026-06-27,https://madeincalvados.com/386-large_default/calvados-20-ans-aoc-pays-d-auge.jpg,calvados_france
Calvados,Manoir d'Apreval,"Pennedepie, France",Manoir d'Apreval,own_make,,FALSE,FALSE,Calvados Pays d'Auge; Estate Bottled; Blanche,,,,80.0,40,,,,https://www.caskers.com/manoir-d-apreval-calvados-blanche-reserve-xo-blanche/; https://www.apreval.com/gamme/calvados-blanche,2026-10-04,https://cdn.caskers.com/catalog/product/cache/4f6989790ecdd0e389055fabaf312a4d/m/a/manoir-_blanche.jpg,calvados_france
Calvados,Manoir d'Apreval,"Pennedepie, France",Manoir d'Apreval,own_make,,FALSE,FALSE,Calvados Pays d'Auge; Estate Bottled; Réserve,3 Years,,,84.0,42,,,,https://www.cave-bruant.fr/1887-manoir-d-apreval-reserve-calvados-pays-d-auge.html; https://www.apreval.com/gamme/calvados-reserve,2026-10-04,https://www.cave-bruant.fr/7504-large_default/manoir-d-apreval-reserve-calvados-pays-d-auge.jpg,calvados_france
Calvados,Manoir d'Apreval,"Pennedepie, France",Manoir d'Apreval,own_make,,FALSE,FALSE,Calvados Pays d'Auge; Estate Bottled; Grande Réserve 10 Ans,10 Years,,,84.0,42,,,,https://madeincalvados.com/calvados-6-a-10-ans-d-age/produit-2100-calvados-aoc-pays-d-auge-grande-reserve-10-ans.html,2026-06-15,,calvados_france
Calvados,Manoir d'Apreval,"Pennedepie, France",Manoir d'Apreval,own_make,,FALSE,FALSE,Calvados Pays d'Auge; Estate Bottled; XO 15 Ans,15 Years,,,84.0,42,,,,https://www.apreval.com/the-range/calvados-xo-xnzkb,2026-06-27,http://static1.squarespace.com/static/613327f04f878116b5ef0b6d/61711a4b98290941ae945251/61711aef7a304c527c6e6166/1773765363844/DSCN7328.JPG,calvados_france
Calvados,Manoir d'Apreval,"Pennedepie, France",Manoir d'Apreval,own_make,,FALSE,FALSE,Calvados Pays d'Auge; Millésime; Vintage 1980,,1980,,84.0,42,,,,https://www.caskers.com/manoir-d-apreval-1980-calvados-pays-d-auge/; https://www.apreval.com/gamme/calvados-millsime-1980,2026-10-04,https://cdn.caskers.com/catalog/product/cache/4f6989790ecdd0e389055fabaf312a4d/m/a/manoir-d_apreval-1980-calvados-pays-d_auge-1_1.jpg,calvados_france
Calvados,Toutain,"Beuzeville, France",Toutain,own_make,,FALSE,FALSE,Calvados Pays d'Auge; Estate Bottled; Réserve 3 Ans,3 Years,,,80.0,40,,,,https://www.brandyclassics.com/product/toutain-reserve-3-year-old-calvados/,2026-10-04,https://www.brandyclassics.com/wp-content/uploads/2023/01/Toutain-3-Year-Old-Reserve-Calvados.jpg,calvados_france
Calvados,Toutain,"Beuzeville, France",Toutain,own_make,,FALSE,FALSE,Calvados Pays d'Auge; Estate Bottled; Vieux XO 8 Ans,8 Years,,,80.0,40,,,,https://www.harrogatefinewinecompany.com/products/toutain-vieux-8yr-old-calvados,2026-10-04,https://www.harrogatefinewinecompany.com/cdn/shop/files/image_b4d07ede-261d-428e-9e2c-69672a486398_1200x1199.jpg,calvados_france
Calvados,Toutain,"Beuzeville, France",Toutain,own_make,,FALSE,FALSE,Calvados Pays d'Auge; Estate Bottled; Hors d'Âge 15 Ans,15 Years,,,80.0,40,,,,https://www.masterofmalt.com/calvados/calvados-toutain/calvados-toutain-15-year-old-hors-d-age-calvados/,2026-06-27,https://cdn11.bigcommerce.com/s-e8lbekfe7c/images/stencil/1024w/attribute_rule_images/60543_source_1758885440.jpg,calvados_france
Calvados,Toutain,"Beuzeville, France",Toutain,own_make,,FALSE,FALSE,Calvados Pays d'Auge; Estate Bottled; Vieille Réserve 30 Ans,30 Years,,,80.0,40,,,,https://www.brandyclassics.com/product/toutain-vieille-reserve-30-year-old-calvados/,2026-10-04,https://www.brandyclassics.com/wp-content/uploads/2025/10/Toutain203020Year20Old20Vieille20Reserve20Calvados.jpg,calvados_france
Calvados,Toutain,"Beuzeville, France",Toutain,own_make,,FALSE,FALSE,Calvados Pays d'Auge; Estate Bottled; Très Vieille Réserve 45 Ans,45 Years,,,80.0,40,,,,https://www.finedrams.com/toutain-tres-vieille-reserve-calvados.html,2026-10-04,https://d1wd5rt8ssn8ry.cloudfront.net/image/48802-large-1584666068/toutain-tres-vieille-reserve-calvados.jpg,calvados_france
Calvados,Calvados Boulard (SACB),"Coquainvilliers, France",Calvados Boulard (SACB),blended,,FALSE,FALSE,Calvados Pays d'Auge; Dauphin Fine,,,,80.0,40,,,,https://www.drinksandco.com/calvados/calvados-dauphin-fine-pays-dauge,2026-06-15,,calvados_france
Calvados,Calvados Boulard (SACB),"Coquainvilliers, France",Calvados Boulard (SACB),blended,,FALSE,FALSE,Calvados Pays d'Auge; Dauphin VSOP Vieille Réserve,4 Years,,,80.0,40,,,,https://www.vinello.eu/calvados-dauphin-vsop-vieille-reserve-pays-dauge-calvados-dauphin,2026-10-04,https://www.vinello.eu/media/image/5b/22/e6/calvados_dauphin_VSOP.png,calvados_france
Calvados,Calvados Boulard (SACB),"Coquainvilliers, France",Calvados Boulard (SACB),blended,,FALSE,FALSE,Calvados Pays d'Auge; Dauphin Hors d'Âge,6 Years,,,80.0,40,,,,https://weindomaine.de/calvados-dauphin-hors-dage-trs-vieille-fine-calvados-pays-dauge-40-vol-calvados-dauphin,2026-06-15,,calvados_france
Calvados,Le Père Jules,"Saint-Désir, France",Le Père Jules,own_make,,FALSE,FALSE,Calvados Pays d'Auge; Estate Bottled; 3 Ans,3 Years,,,82.0,41,,,,https://www.produits-normandie.fr/8_calvados-le-pere-jules; https://www.produits-normandie.fr/fine-calvados/1142-calvados-le-pere-jules-3-ans-70cl.html,2026-10-04,,calvados_france
Calvados,Le Père Jules,"Saint-Désir, France",Le Père Jules,own_make,,FALSE,FALSE,Calvados Pays d'Auge; Estate Bottled; 10 Ans,10 Years,,,84.0,42,,,,https://www.produits-normandie.fr/vieux-calvados/149-calvados-le-pere-jules-10-ans-saint-desir.html,2026-10-04,,calvados_france
Calvados,Le Père Jules,"Saint-Désir, France",Le Père Jules,own_make,,FALSE,FALSE,Calvados Pays d'Auge; Estate Bottled; 40 Ans,40 Years,,,84.0,42,,,,https://www.produits-normandie.fr/calvados-rares/151-calvados-le-pere-jules-40-ans.html,2026-10-04,,calvados_france
Calvados,Le Père Jules,"Saint-Désir, France",Le Père Jules,own_make,,FALSE,FALSE,Calvados Pays d'Auge; Estate Bottled; 50 Ans,50 Years,,,82.0,41,,,,https://www.produits-normandie.fr/calvados-rares/1624-calvados-50ans-le-pere-jules-41vol-70cl.html,2026-06-15,,calvados_france
Calvados,Manoir de Grandouet,"Cambremer, France",Manoir de Grandouet,own_make,,FALSE,FALSE,Calvados Pays d'Auge; Estate Bottled; Fine 2 Ans,2 Years,,,90.0,45,,,,https://www.skurnik.com/sku/calvados-2-year-fine-manoir-de-grandouet/,2026-10-04,https://www.skurnik.com/wp-content/uploads/1980/06/calvados-2-year-fine-manoir-de-grandouet-2.jpeg,calvados_france
Calvados,Domaine Pacory,"Mantilly, France",K&L Wine Merchants,sourced,K&L Wine Merchants,TRUE,FALSE,Calvados Domfrontais; Domfrontais Pear Blend; Single Cask,16 Years,,,82.0,41,,,Single cask (100% pear),https://shop.klwines.com/products/details/1280117,2026-06-27,https://cdn.klwines.com/images/skus/1280117x.jpg,calvados_france
Calvados,Domaine Hubert,"Pays d'Auge, France",K&L Wine Merchants,sourced,K&L Wine Merchants,TRUE,FALSE,Calvados Pays d'Auge; Single Cask,,,,84.0,42,,,Single cask,https://m.klwines.com/p/i?i=1158725,2026-06-27,https://cdn.klwines.com/images/skus/1158725x.jpg,calvados_france
Calvados,Domaine Hubert,"Pays d'Auge, France",K&L Wine Merchants,sourced,K&L Wine Merchants,TRUE,FALSE,Calvados Pays d'Auge; Single Cask; Cask Strength,30 Years,1993,,98.0,49,,,"Single cask, cask strength",https://www.klwines.com/p/1993-domaine-hubert-30-year-old-kl-exclusive-pays-dauge-vieux-calvados-750ml/1709342,2026-06-27,https://cdn.klwines.com/images/skus/1709342x.jpg,calvados_france
Calvados,Domaine Hubert,"Pays d'Auge, France",K&L Wine Merchants,sourced,K&L Wine Merchants,TRUE,FALSE,Calvados Pays d'Auge; Single Cask,21 Years,2002,,,,,,Single cask,https://www.klwines.com/p/2002-domaine-hubert-21-year-old-kl-exclusive-pays-dauge-vieux-calvados-750ml/1709343,2026-06-27,https://cdn.klwines.com/images/skus/1709343x.jpg,calvados_france
Calvados,Adrien Camut,"La Lande-Saint-Léger, France",K&L Wine Merchants,sourced,K&L Wine Merchants,TRUE,FALSE,Calvados Pays d'Auge; Single Cask,15 Years,,,,,,,Single cask,https://www.klwines.com/,2026-06-15,,calvados_france
Calvados,Domaine du Manoir de Montreuil,"Pays d'Auge, France",K&L Wine Merchants,sourced,K&L Wine Merchants,TRUE,FALSE,Calvados Pays d'Auge; Single Cask Series,20 Years,,,,,,,"Whiskey barrel finish, single cask",https://shop.klwines.com/products/details/1501926,2026-06-27,https://cdn.klwines.com/images/skus/1501926x.jpg,calvados_france
Calvados,Christian Drouin,"Coudray-Rabut, France",Berry Bros & Rudd,sourced,Berry Bros & Rudd,TRUE,FALSE,Calvados Pays d'Auge; Single Cask,,,,80.0,40,Apple,Refill casks,,https://www.bbr.com/products-10008062392-berry-bros-and-rudd-calvados-pays-d-auge-christian-drouin-40%25; https://blog.bbr.com/2014/01/17/norman-conquest/,2026-10-04,https://media.bbr.com/s/bbr/10008062392-ms,calvados_france
Calvados,Domaine Dupont,"Victot-Pontfol, France",Cadenhead's,sourced,Cadenhead's,TRUE,FALSE,Calvados Pays d'Auge; Single Cask; Cask Strength,13 Years,,,89.6,44.8,,,"Single cask, cask strength",https://www.whiskytastingroom.com/product/calvadosdupontdistillery13yearsold448vol-70cl-singlecask/; https://www.cadenhead.scot/2019/11/introduction-to-calvados/; https://web.archive.org/web/20221006140616/https://www.cadenhead.scot/2019/11/introduction-to-calvados/,2026-10-04,https://www.cadenhead.scot/wp-content/uploads/2019/11/IMG_3977.jpeg,calvados_france
Calvados,Domaine Dupont,"Victot-Pontfol, France",Cadenhead's,sourced,Cadenhead's,TRUE,FALSE,Calvados Pays d'Auge; Single Cask; Cask Strength,20 Years,,,97.4,48.7,,,"Single cask, cask strength",https://www.whiskytastingroom.com/product/calvadosdupontdistillery20yearsold487vol-70cl-singlecask/; https://www.cadenhead.scot/2019/11/introduction-to-calvados/; https://web.archive.org/web/20221006140616/https://www.cadenhead.scot/2019/11/introduction-to-calvados/,2026-10-04,https://www.cadenhead.scot/wp-content/uploads/2019/11/IMG_3965.jpeg,calvados_france
Calvados,Christian Drouin,"Coudray-Rabut, France",Cadenhead's,sourced,Cadenhead's,TRUE,FALSE,Calvados Pays d'Auge; Single Cask; Millésime,,1979,,,,,,Single cask,https://www.cadenhead.scot/2019/11/introduction-to-calvados/,2026-06-15,,calvados_france
Calvados,Christian Drouin,"Coudray-Rabut, France",Cadenhead's,sourced,Cadenhead's,TRUE,FALSE,Calvados Pays d'Auge; Single Cask; Millésime,,1989,,,,,,Single cask,https://www.cadenhead.scot/2019/11/introduction-to-calvados/,2026-06-15,,calvados_france
Calvados,Christian Drouin,"Coudray-Rabut, France",Christian Drouin,own_make,,FALSE,FALSE,Calvados Pays d'Auge; Single Cask Series; Kilchoman Angels,23 Years,,,94.2,47.1,,,Kilchoman Islay single malt whisky cask,https://calvados-drouin-boutique.com/en/products/kilchoman-angels-calvados-pays-dauge,2026-10-02,http://calvados-drouin-boutique.com/cdn/shop/files/PNG_2000x2000_40f83951-0efa-4272-8e83-103293da45d9.png,calvados_france
Calvados,Christian Drouin,"Coudray-Rabut, France",Christian Drouin,own_make,,FALSE,FALSE,Calvados Pays d'Auge; Réserve; La Réserve Amphore,,,,80.0,40,,Oak,Amphora (6 months),https://calvados-drouin-boutique.com/products/reserve; https://calvados-drouin-boutique.com/products/calvados-reserve-pays-dauge-150-cl-40,2026-10-02,http://calvados-drouin-boutique.com/cdn/shop/files/Reserve_PNG_2000x2000_75efde5b-deea-4c82-8800-7a202e7e6aa1.png,calvados_france
Calvados,Domaine Dupont,"Victot-Pontfol, France",Domaine Dupont,own_make,,FALSE,FALSE,Calvados Pays d'Auge; Single Cask Series; Saint-James Rhum Cask Finish,4 Years,,,102.0,51,Apple,"Toasted oak, 400 L (25% new)",Saint-James Martinique rhum agricole cask,https://www.calvados-boutique.com/en/calvados/81-cask-finish-collection-rhum-saint-james-51.html; https://www.produits-normandie.fr/calvados-cask-finish/3436-calvados-cask-finish-rhum-saint-james-4-ans-dupont-70cl-51.html,2026-10-02,https://www.calvados-boutique.com/455-large_default/cask-finish-collection-rhum-saint-james-51.jpg,calvados_france
Calvados,Christian Drouin,"Coudray-Rabut, France",La Maison du Whisky,sourced,La Maison du Whisky,TRUE,FALSE,Calvados Pays d'Auge; Single Cask; Cask Strength; Sauternes Cask Finish,9 Years,2016,Cask F1B3,99.0,49.5,,,Sauternes cask,https://www.whisky.fr/en/christian-drouin-9-ans-2016-finish-sauternes.html; https://www.whisky.fr/en/buy/alcohol/spirits/spiritueux-catalogues-lmdw/collection-creations-2027-les-anthologistes.html,2026-10-02,https://cdn.prod2.whisky.fr/media/lmdw/lmdw_large/101471_3_m95416___a820dab161b8f559.webp,calvados_france
Calvados,Christian Drouin,"Coudray-Rabut, France",La Maison du Whisky,sourced,La Maison du Whisky,TRUE,FALSE,Calvados Pays d'Auge; Single Cask; Pomme Prisonnière; White Port Cask Finish,7 Years,,Cask F132B2,96.0,48,,,White port cask,https://www.whisky.fr/en/christian-drouin-7-ans-pomme-prisonniere-futs-de-porto-blanc.html; https://www.whisky.fr/en/buy/alcohol/spirits/spiritueux-catalogues-lmdw/collection-creations-2027-les-anthologistes.html,2026-10-02,https://cdn.prod2.whisky.fr/media/lmdw/lmdw_large/101470_3_m9a2bd___8af8e4d78134049e.webp,calvados_france
Calvados,Christian Drouin,"Coudray-Rabut, France",La Maison du Whisky,sourced,La Maison du Whisky,TRUE,FALSE,Calvados Pays d'Auge; Single Cask; Cask Strength; Fûts Roux,20 Years,,Cask F52B3,104.2,52.1,Apple,Seasoned calvados cask (fût roux),,https://www.whisky.fr/en/christian-drouin-20-ans-finish-futs-roux.html; https://www.whisky.fr/en/buy/alcohol/spirits/spiritueux-catalogues-lmdw/collection-creations-2027-les-anthologistes.html,2026-10-02,https://cdn.prod2.whisky.fr/media/lmdw/lmdw_large/101472_3_ma673f___9a1f2440e7ed8e0e.webp,calvados_france
Calvados,Christian Drouin,"Coudray-Rabut, France",La Maison du Whisky,sourced,La Maison du Whisky,TRUE,FALSE,Calvados Pays d'Auge; Limited Edition; Conquête,65 Years,,,80.0,40,,,,https://www.whisky.fr/en/christian-drouin-65-ans-pays-d-auge-conquete-60251.html; https://www.whisky.fr/en/archive-catalogues,2026-10-04,https://cdn.prod2.whisky.fr/media/lmdw/lmdw_large/60251_16_m00c00___c1a97ce11e77165d.webp,calvados_france
Calvados,Christian Drouin,"Coudray-Rabut, France",La Maison du Whisky,sourced,La Maison du Whisky,TRUE,FALSE,Calvados Pays d'Auge; Millésime; Limited Edition; Antipodes,47 Years,1972,,85.8,42.9,,,,https://www.whisky.fr/en/christian-drouin-47-ans-1972-pays-d-auge-antipodes.html; https://www.whisky.fr/en/buy/alcohol/spirits/catalogues-lmdw-autres-spiritueux/autres-spiritueux-antipodes.html,2026-10-04,https://cdn.prod2.whisky.fr/media/lmdw/lmdw_large/62232_7_ma5f1d___98b52f9cef63659e.webp,calvados_france
Calvados,Christian Drouin,"Coudray-Rabut, France",La Maison du Whisky,sourced,La Maison du Whisky,TRUE,FALSE,Calvados Pays d'Auge; Sherry Cask Finish; Limited Edition; Itinéraires Xérès Palo Cortado,6 Years,,,92.6,46.3,,,"Palo Cortado sherry cask, Ximénez-Spínola (5 months)",https://www.cognac-expert.com/calvados/christian-drouin-6-years-xeres-palo-cortado-itineraires-calvados; https://web.archive.org/web/20251107161411/https://www.whisky.fr/christian-drouin-6-ans-xeres-palo-cortado.html; https://www.whisky.fr/en/buy/alcohol/spirits/spiritueux-catalogues-lmdw/les-spiritueux-du-catalogue-itineraires/itineraires-whisky-spiritueux-francais.html,2026-10-04,https://static.cognac-expert.com/15862-thickbox_default/christian-drouin-6-years-xeres-palo-cortado-itineraires-calvados.webp,calvados_france
Calvados,Christian Drouin,"Coudray-Rabut, France",Christian Drouin,own_make,,FALSE,FALSE,Calvados Pays d'Auge; Millésime,,1986,,84.0,42,,,Muscat de Rivesaltes cask (1 year),https://calvados-drouin-boutique.com/en/products/millesime-1986-calvados-pays-dauge,2026-10-04,http://calvados-drouin-boutique.com/cdn/shop/files/1986en2000x2000.png,calvados_france
Calvados,Christian Drouin,"Coudray-Rabut, France",Christian Drouin,own_make,,FALSE,FALSE,Calvados Pays d'Auge; Pomme Prisonnière,,,,80.0,40,,,,https://calvados-drouin-boutique.com/en/products/pomme-prisonniere; https://www.whisky.fr/en/christian-drouin-pomme-prisonniere-pays-d-auge-carafe-2233.html,2026-10-04,http://calvados-drouin-boutique.com/cdn/shop/products/Pomme-prisonniere.jpg,calvados_france
Calvados,Roger Groult,"Saint-Cyr-du-Ronceray, France",Roger Groult,own_make,,FALSE,FALSE,Calvados Pays d'Auge; Millésime; Single Cask; Limited Edition; Millésime 2008,,2008,2021 Release; Cask 172,123.2,61.6,Apple 100%,Old oak cask,,https://calvados-groult.com/boutique/millesime-2008/,2026-10-04,https://calvados-groult.com/wp-content/uploads/2025/11/Millesime-2008.png,calvados_france
Calvados,Boulard,"Coquainvilliers, France",Boulard,own_make,,FALSE,FALSE,Calvados Pays d'Auge; XO; Limited Edition; 200 Anniversary Cuvée,18 Years,,,80.0,40,,,,https://www.calvados-boulard.com/en-gb/calvados/boulard-200-anniversary-cuvee/; https://www.spirit-france.com/en/shop/boulard-en/200-anniversary-cuvee/,2026-10-04,https://www.spirit-france.com/wp-content/uploads/2021/10/boulard-200-etui.png,calvados_france
Calvados,Boulard,"Coquainvilliers, France",Boulard,own_make,,FALSE,FALSE,Calvados Pays d'Auge; XO; Single Cask Series; XO Reposado Tequila Cask Finish,,,,86.0,43,,,Reposado tequila cask,https://www.calvados-boulard.com/en-gb/calvados/boulard-x-o-reposado-tequila-cask-finish/; https://www.spirit-france.com/en/shop/boulard-en/boulard-12-barrel-en/xo-reposado-tequila-cask-finish-boulard/,2026-10-04,https://www.spirit-france.com/wp-content/uploads/2025/01/boulard_tequila_cask_finish.png,calvados_france
Calvados,Boulard,"Coquainvilliers, France",Boulard,own_make,,FALSE,FALSE,Calvados Pays d'Auge; XO; Sherry Cask Finish; XO Sherry Pedro Ximenez Cask Finish,,,,86.0,43,,,Pedro Ximénez sherry cask,https://www.calvados-boulard.com/en-gb/calvados/boulard-x-o-sherry-pedro-ximenez-cask-finish/; https://www.spirit-france.com/en/shop/boulard-en/boulard-12-barrel-en/xo-sherry-pedro-ximenez-cask-finish-boulard/,2026-10-04,https://www.spirit-france.com/wp-content/uploads/2025/01/boulard_sherry_cask_finish.png,calvados_france
Calvados,Château du Breuil,"Le Breuil-en-Auge, France",Château du Breuil,own_make,,FALSE,FALSE,Calvados Pays d'Auge; XO,,,,80.0,40,,,,https://www.spiriterie.com/produit/calvados-aoc-pays-dauge-xo/,2026-10-04,https://www.spiriterie.com/wp-content/uploads/2024/11/Calvados-XO-Chateau-du-Breuil-XO-Winner.png,calvados_france
Calvados,Château du Breuil,"Le Breuil-en-Auge, France",Château du Breuil,own_make,,FALSE,FALSE,Calvados Pays d'Auge; Hors d'Âge; Légende,,,,82.0,41,,,,https://www.spiriterie.com/produit/legende/,2026-10-04,https://www.spiriterie.com/wp-content/uploads/2024/11/Calvados-Legende.png,calvados_france
Calvados,Château du Breuil,"Le Breuil-en-Auge, France",Château du Breuil,own_make,,FALSE,FALSE,Calvados Pays d'Auge; Millésime; Millésime 2014,,2014,,82.0,41,,,Normandy oak foudre No. 16011,https://www.spiriterie.com/produit/calvados-millesime-2014/,2026-10-04,https://www.spiriterie.com/wp-content/uploads/2025/03/Calvados-Millesime-2014-Chateau-du-Breuil-avec-etui.png,calvados_france
Calvados,Lecompte,"Notre-Dame-de-Courson, France",Lecompte,own_make,,FALSE,FALSE,Calvados Pays d'Auge; Millésime; Millésime 1987,,1987,,80.0,40,,,,https://www.calvados-lecompte.com/en/calvados/lecompte-1987/; https://www.spirit-france.com/en/shop/lecompte-en/lecompte-vintages-en/lecompte-1987/,2026-10-04,https://www.spirit-france.com/wp-content/uploads/2021/11/1987-coffret-lecompte-millesime-boutique-spirit-france.png,calvados_france
Calvados,Lecompte,"Notre-Dame-de-Courson, France",Lecompte,own_make,,FALSE,FALSE,Calvados Pays d'Auge; Millésime; Millésime 1991,,1991,,80.0,40,,,,https://www.calvados-lecompte.com/en/calvados/lecompte-1991/; https://www.spirit-france.com/en/shop/lecompte-en/lecompte-vintages-en/lecompte-1991/,2026-10-04,https://www.spirit-france.com/wp-content/uploads/2021/11/1991-coffret-lecompte-millesime-boutique-spirit-france.png,calvados_france
Calvados,Lecompte,"Notre-Dame-de-Courson, France",Lecompte,own_make,,FALSE,FALSE,Calvados Pays d'Auge; Millésime; Millésime 1992,,1992,,80.0,40,,,,https://www.calvados-lecompte.com/en/calvados/lecompte-1992/; https://www.spirit-france.com/en/shop/lecompte-en/lecompte-vintages-en/lecompte-1992/,2026-10-04,https://www.spirit-france.com/wp-content/uploads/2021/10/1992-coffret-lecompte-millesime_spirit-france.png,calvados_france
Calvados,Lecompte,"Notre-Dame-de-Courson, France",Lecompte,own_make,,FALSE,FALSE,Calvados Pays d'Auge; Millésime; Millésime 1993,,1993,,80.0,40,,,,https://www.calvados-lecompte.com/en/calvados/lecompte-1993/; https://www.spirit-france.com/en/shop/lecompte-en/lecompte-vintages-en/lecompte-1993/,2026-10-04,https://www.spirit-france.com/wp-content/uploads/2021/11/1993-coffret-lecompte-millesime-boutique-spirit-france.png,calvados_france
Calvados,Lecompte,"Notre-Dame-de-Courson, France",Lecompte,own_make,,FALSE,FALSE,Calvados Pays d'Auge; Millésime; Millésime 1995,,1995,,80.0,40,,,,https://www.calvados-lecompte.com/en/calvados/lecompte-1995/; https://www.spirit-france.com/en/shop/lecompte-en/lecompte-vintages-en/lecompte-1995/,2026-10-04,https://www.spirit-france.com/wp-content/uploads/2021/11/1995-coffret-lecompte-millesime-boutique-spirit-france.png,calvados_france
Calvados,Lecompte,"Notre-Dame-de-Courson, France",Lecompte,own_make,,FALSE,FALSE,Calvados Pays d'Auge; Millésime; Millésime 1996,,1996,,80.0,40,,,,https://www.calvados-lecompte.com/en/calvados/lecompte-1996/; https://www.spirit-france.com/en/shop/lecompte-en/lecompte-vintages-en/lecompte-1996/,2026-10-04,https://www.spirit-france.com/wp-content/uploads/2021/11/1996-coffret-lecompte-millesime-boutique-spirit-france.png,calvados_france
Calvados,Lecompte,"Notre-Dame-de-Courson, France",Lecompte,own_make,,FALSE,FALSE,Calvados Pays d'Auge; Millésime; Millésime 1999,,1999,,80.0,40,,,,https://www.calvados-lecompte.com/en/calvados/lecompte-1999/; https://www.spirit-france.com/en/shop/lecompte-en/lecompte-vintages-en/lecompte-1999/,2026-10-04,https://www.spirit-france.com/wp-content/uploads/2021/11/1999-coffret-lecompte-millesime-boutique-spirit-france.png,calvados_france
Calvados,Lecompte,"Notre-Dame-de-Courson, France",Lecompte,own_make,,FALSE,FALSE,Calvados Pays d'Auge; Millésime; Millésime 2002,,2002,,80.0,40,,,,https://www.calvados-lecompte.com/en/calvados/lecompte-2002/; https://www.spirit-france.com/en/shop/lecompte-en/lecompte-vintages-en/lecompte-2002/,2026-10-04,https://www.spirit-france.com/wp-content/uploads/2021/11/2002-coffret-lecompte-millesime-spirit-france.png,calvados_france
Calvados,Lecompte,"Notre-Dame-de-Courson, France",Lecompte,own_make,,FALSE,FALSE,Calvados Pays d'Auge; Millésime; Millésime 2003,,2003,,80.0,40,,,,https://www.calvados-lecompte.com/en/calvados/lecompte-2003/; https://www.spirit-france.com/en/shop/lecompte-en/lecompte-vintages-en/lecompte-2003/,2026-10-04,https://www.spirit-france.com/wp-content/uploads/2024/07/2003-coffret-lecompte-millesime-spirit-france.png,calvados_france
Calvados,Pierre Huet,"Cambremer, France",Pierre Huet,own_make,,FALSE,FALSE,Calvados Pays d'Auge; Single Cask Series; Monbazillac Cask Finish 6 Ans,6 Years,,,80.0,40,,,Monbazillac wine cask (6 months),https://www.thewhiskyexchange.com/p/85744/pierre-huet-monbazillac-finish-6-year-old-calvados; https://www.maitrephilippe.de/products/calvados-pierre-huet-aoc-pays-dauge-monbazillac-cask-finish-50-cl,2026-10-04,https://img.thewhiskyexchange.com/540/calva_pie06yo.jpg,calvados_france
Calvados,Pierre Huet,"Cambremer, France",Pierre Huet,own_make,,FALSE,FALSE,Calvados; Hors d'Âge; Carafe XO 15 Ans,15 Years,,,80.0,40,,Pommeau de Normandie barrels,,https://www.calvados-huet.com/gb/coffrets-et-carafes/44-carafe-calvados-aoc-xo-15-ans-pierre-huet.html,2026-10-04,https://www.calvados-huet.com/145-thickbox_default/carafe-calvados-aoc-xo-15-years-pierre-huet.jpg,calvados_france
Calvados,Toutain,"Beuzeville, France",Toutain,own_make,,FALSE,FALSE,Calvados; Estate Bottled; VSOP 5 Ans,5 Years,,,80.0,40,,,,https://www.produits-normandie.fr/fine-calvados/3371-calvados-vsop-5-ans-toutain-70cl-40.html,2026-10-04,https://www.produits-normandie.fr/9010-large_default/calvados-vsop-5-ans-toutain-70cl-40.jpg,calvados_france
Calvados,Toutain,"Beuzeville, France",Toutain,own_make,,FALSE,FALSE,Calvados; Estate Bottled; L'Audacieux 6 Ans,6 Years,,,104.0,52,,,,https://www.produits-normandie.fr/vieux-calvados/3400-calvados-6-ans-l-audacieux-toutain-70cl-52.html,2026-10-04,https://www.produits-normandie.fr/9130-large_default/calvados-6-ans-l-audacieux-toutain-70cl-52.jpg,calvados_france
Calvados,Toutain,"Beuzeville, France",Toutain,own_make,,FALSE,FALSE,Calvados; Estate Bottled; L'Intrépide 4 Ans,4 Years,,,128.0,64,,,,https://www.produits-normandie.fr/calvados-bruts-de-fut/3401-calvados-4-ans-l-intrepide-toutain-70cl-64.html,2026-10-04,https://www.produits-normandie.fr/9132-large_default/calvados-4-ans-l-intrepide-toutain-70cl-64.jpg,calvados_france
Calvados,Toutain,"Beuzeville, France",Toutain,own_make,,FALSE,FALSE,Calvados; Estate Bottled; Réserve Odile 60 Ans,60 Years,,,84.2,42.1,,,,https://www.produits-normandie.fr/carafes-et-coffrets/3398-carafe-calvados-reserve-odile-60-ans-toutain-70cl-421.html,2026-10-04,https://www.produits-normandie.fr/9116-large_default/carafe-calvados-reserve-odile-60-ans-toutain-70cl-421.jpg,calvados_france
Calvados,Manoir d'Apreval,"Pennedepie, France",Manoir d'Apreval,own_make,,FALSE,FALSE,Calvados Pays d'Auge; Estate Bottled; Cuvée Victor,30 Years,,,82.0,41,,"Oak casks, 1,200 L then 400 L",,https://www.apreval.com/gamme/calvados-cuvee-victor,2026-10-04,https://static1.squarespace.com/static/613327f04f878116b5ef0b6d/613329054e68712ecacf29a8/61332a5e6f72c608886eb11a/1764941400779/DSCN7330.JPG,calvados_france
Calvados,Manoir d'Apreval,"Pennedepie, France",Manoir d'Apreval,own_make,,FALSE,FALSE,Calvados Pays d'Auge; Estate Bottled; Cuvée Gustave,40 Years,,,82.0,41,,"Oak casks, 1,200 L then 400 L",,https://www.apreval.com/gamme/calvados-cuvee-gustave,2026-10-04,https://static1.squarespace.com/static/613327f04f878116b5ef0b6d/613329054e68712ecacf29a8/61332a89d188a369b528c243/1650980129468/P1013567.JPG,calvados_france
Calvados,Domaine Dupont,"Victot-Pontfol, France",Domaine Dupont,own_make,,FALSE,FALSE,Calvados Pays d'Auge; Pomme Captive,,,,80.0,40,,,,https://www.calvados-dupont.com/en/pomme-captive.htm; https://www.calvados-boutique.com/en/calvados/32-captive-apple.html,2026-10-04,https://www.calvados-boutique.com/188-large_default/captive-apple.jpg,calvados_france
Calvados,Lemorton,"Mantilly, France",Lemorton,own_make,,FALSE,FALSE,Calvados Domfrontais; Domfrontais Pear Blend; Millésime,,1990,,80.0,40,,,,https://madeincalvados.com/calvados-millesimes-de-1980-a-2010/produit-4768-calvados-millesime-1990-lemorton-70cl-40.html,2026-10-04,https://madeincalvados.com/9744-large_default/calvados-millesime-1990-lemorton-70cl-40.jpg,calvados_france
Calvados,Distillerie Busnel,"Cormeilles, France",Busnel,own_make,,FALSE,FALSE,Calvados Pays d'Auge; VSOP,,,,80.0,40,,,,https://www.distillerie-busnel.fr/en/our-products/calvados/busnel-calvados-pays-d-auge-aoc-vsop,2026-10-04,https://www.distillerie-busnel.fr/media/cache/product_show/53/fe/aeb74b8c80713f97e774fd796544.png,calvados_france
Calvados,Distillerie Busnel,"Cormeilles, France",Busnel,own_make,,FALSE,FALSE,Calvados Pays d'Auge; XO; XO 12 Ans,12 Years,,,86.0,43,,,,https://www.distillerie-busnel.fr/nos-produits/calvados/calvados-pays-d-auge-aoc-busnel-xo-12-ans,2026-10-04,https://www.distillerie-busnel.fr/media/cache/product_show/19/b5/def32400b900e025bf3bf74a5923.png,calvados_france
Calvados,Distillerie Busnel,"Cormeilles, France",Busnel,own_make,,FALSE,FALSE,Calvados Pays d'Auge; Single Cask Series; Limited Edition; Whisky Cask Finish,,,,80.0,40,,,Whisky cask,https://www.distillerie-busnel.fr/en/our-products/calvados/calvados-pays-d-auge-busnel-finished-in-whisky-barrels,2026-10-04,https://www.distillerie-busnel.fr/media/cache/product_show/45/b4/d0900979af52048ef8373fe6310a.png,calvados_france
Calvados,Distillerie Busnel,"Cormeilles, France",Busnel,own_make,,FALSE,FALSE,Calvados Pays d'Auge; Single Cask Series; Limited Edition; Sauternes Cask Finish,,,,80.0,40,,,Sauternes cask,https://www.distillerie-busnel.fr/en/our-products/calvados/busnel-calvados-pays-d-auge-finished-in-sauternes-barrels,2026-10-04,https://www.distillerie-busnel.fr/media/cache/product_show/51/ba/bc2ecb25e67943f17047a1efbf10.png,calvados_france
Calvados,Distillerie Busnel,"Cormeilles, France",Busnel,own_make,,FALSE,FALSE,Calvados Pays d'Auge; Single Cask Series; Limited Edition; Port Cask Finish,,,,80.0,40,,,Port cask,https://www.distillerie-busnel.fr/en/our-products/calvados/busnel-calvados-pays-d-auge-finished-in-port-barrels,2026-10-04,https://www.distillerie-busnel.fr/media/cache/product_show/26/90/7a8405a01869cf1ae461cda8109a.png,calvados_france
Calvados,Distillerie Busnel,"Cormeilles, France",Busnel,own_make,,FALSE,FALSE,Calvados Pays d'Auge; Hors d'Âge; Limited Edition; Cuvée 1820 Exception,,,,80.0,40,,,,https://www.distillerie-busnel.fr/nos-produits/calvados/pays-d-auge-cuvee-exception,2026-10-04,https://www.distillerie-busnel.fr/media/cache/product_show/7a/46/4a6e1fc2eda299c6630f1a444500.png,calvados_france
Calvados,Distillerie Busnel,"Cormeilles, France",Busnel,own_make,,FALSE,FALSE,Calvados Pays d'Auge; Hors d'Âge; Cuvée Hommage 22 Ans,22 Years,,,80.0,40,,,,https://www.distillerie-busnel.fr/en/our-products/calvados/pays-d-auge-aoc-cuvee-hommage-22-years-carafe,2026-10-04,https://www.distillerie-busnel.fr/media/cache/product_show/87/6e/61d89c892bb62b51eb4e17a2e398.png,calvados_france
Calvados,Distillerie Busnel,"Cormeilles, France",Busnel,own_make,,FALSE,FALSE,Calvados; Hors d'Âge; 32 Ans,32 Years,,,86.0,43,,,,https://www.distillerie-busnel.fr/en/our-products/calvados/aoc-32-years,2026-10-04,https://www.distillerie-busnel.fr/media/cache/product_show/cc/76/a3f4f7d6e16ddf5322ca87f600fe.png,calvados_france
Calvados,Distillerie Busnel,"Cormeilles, France",Busnel,own_make,,FALSE,FALSE,Calvados Pays d'Auge; Millésime; Millésime 1988,,1988,,84.0,42,,,,https://www.distillerie-busnel.fr/en/our-products/calvados/pays-d-auge-aoc-millesime-1988,2026-10-04,https://www.distillerie-busnel.fr/media/cache/product_show/4f/d2/a2c6e78c85b5d758052b59021cdd.png,calvados_france
Calvados,Distillerie Busnel,"Cormeilles, France",Busnel,own_make,,FALSE,FALSE,Calvados Pays d'Auge; Fine; Fine Bio,,,,80.0,40,Apple 100% (organic),,,https://www.distillerie-busnel.fr/en/our-products/calvados/pays-d-auge-aoc-fine-organic,2026-10-04,https://www.distillerie-busnel.fr/media/cache/product_show/6c/56/8b59c64cfcef3da69427c5f27a73.png,calvados_france
Calvados,Distillerie Busnel,"Cormeilles, France",Busnel,own_make,,FALSE,FALSE,Calvados; VSOP; VSOP Bio,,,,80.0,40,Apple 100% (organic),,,https://www.distillerie-busnel.fr/en/our-products/calvados/aoc-vsop-organic,2026-10-04,https://www.distillerie-busnel.fr/media/cache/product_show/03/a9/69567e67c56983f157c51aa1401f.png,calvados_france
Calvados,Michel Huard,"Caligny, France",Michel Huard,own_make,,FALSE,FALSE,Calvados; Hors d'Âge; Estate Bottled,,,,80.0,40,,,,https://www.produits-normandie.fr/vieux-calvados/300-calvados-hors-d-age-huard.html,2026-10-04,https://www.produits-normandie.fr/1768-large_default/vieux-calvados-huard.jpg,calvados_france
Calvados,Michel Huard,"Caligny, France",Michel Huard,own_make,,FALSE,FALSE,Calvados; Hors d'Âge; Estate Bottled; 20 Ans,20 Years,,,80.0,40,,,,https://www.produits-normandie.fr/calvados-hors-d-age/301-calvados-xo-huard-20-ans.html,2026-10-04,,calvados_france
Calvados,Michel Huard,"Caligny, France",Michel Huard,own_make,,FALSE,FALSE,Calvados; Millésime; Estate Bottled,,2009,,80.0,40,,,,https://www.produits-normandie.fr/bouteille-calvados-millesime/310-calvados-millesime-2009-huard-40vol-70cl.html,2026-10-04,https://www.produits-normandie.fr/5053-large_default/calvados-millesime-2009-huard-40vol-70cl.jpg,calvados_france
Calvados,Michel Huard,"Caligny, France",Michel Huard,own_make,,FALSE,FALSE,Calvados; Millésime; Estate Bottled,,2010,,80.0,40,,,,https://www.produits-normandie.fr/bouteille-calvados-millesime/2438-calvados-millesime-2010-huard-40-70cl.html,2026-10-04,,calvados_france
Calvados,Michel Huard,"Caligny, France",Michel Huard,own_make,,FALSE,FALSE,Calvados; Millésime; Estate Bottled,,2011,,,,,,,https://www.produits-normandie.fr/bouteille-calvados-millesime/1807-calvados-millesime-2011-huard-46-70cl.html,2026-10-04,https://www.produits-normandie.fr/5059-large_default/calvados-millesime-2011-huard-46-70cl.jpg,calvados_france
Calvados,Michel Huard,"Caligny, France",Michel Huard,own_make,,FALSE,FALSE,Calvados; Millésime; Estate Bottled,,2012,,80.0,40,,,,https://www.produits-normandie.fr/bouteille-calvados-millesime/1808-calvados-millesime-2012-huard-40-70cl.html,2026-10-04,https://www.produits-normandie.fr/5052-large_default/calvados-millesime-2012-huard-40-70cl.jpg,calvados_france
Calvados,Michel Huard,"Caligny, France",Michel Huard,own_make,,FALSE,FALSE,Calvados; Millésime; Estate Bottled,,2013,,92.0,46,,,,https://www.produits-normandie.fr/bouteille-calvados-millesime/1809-calvados-millesime-2013-huard-40-70cl.html,2026-10-04,https://www.produits-normandie.fr/3860-large_default/calvados-millesime-2013-huard-40-70cl.jpg,calvados_france
Calvados,Michel Huard,"Caligny, France",Michel Huard,own_make,,FALSE,FALSE,Calvados; Millésime; Estate Bottled,,2014,,92.0,46,,,,https://www.produits-normandie.fr/bouteille-calvados-millesime/1810-calvados-millesime-2014-huard-46-70cl.html,2026-10-04,https://www.produits-normandie.fr/5058-large_default/calvados-millesime-2014-huard-46-70cl.jpg,calvados_france
Calvados,Michel Huard,"Caligny, France",Michel Huard,own_make,,FALSE,FALSE,Calvados; Millésime; Estate Bottled,,2016,,92.0,46,,,,https://www.produits-normandie.fr/bouteille-calvados-millesime/1811-calvados-millesime-2016-huard-46-70cl.html,2026-10-04,https://www.produits-normandie.fr/5056-large_default/calvados-millesime-2016-huard-46-70cl.jpg,calvados_france
Calvados,Michel Huard,"Caligny, France",Michel Huard,own_make,,FALSE,FALSE,Calvados; Millésime; Estate Bottled,,2018,,92.0,46,,,,https://www.produits-normandie.fr/bouteille-calvados-millesime/2445-calvados-millesime-2018-huard-46-70cl.html,2026-10-04,,calvados_france
Calvados,Comte Louis de Lauriston,"Domfront, France",Comte Louis de Lauriston,blended,,FALSE,FALSE,Calvados; Fine,,,,80.0,40,,,,https://www.calvados-lauriston-boutique.com/products/fine,2026-10-04,https://cdn.shopify.com/s/files/1/0568/6093/4340/files/FINE.png,calvados_france
Calvados,Comte Louis de Lauriston,"Domfront, France",Comte Louis de Lauriston,blended,,FALSE,FALSE,Calvados Domfrontais; Réserve,,,,84.0,42,,,,https://www.calvados-lauriston-boutique.com/products/reserve,2026-10-04,https://cdn.shopify.com/s/files/1/0568/6093/4340/files/RESERVE.png,calvados_france
Calvados,Comte Louis de Lauriston,"Domfront, France",Comte Louis de Lauriston,blended,,FALSE,FALSE,Calvados Domfrontais; Domfrontais Pear Blend; 100% Poire,,,,80.0,40,Pear 100%,,,https://www.calvados-lauriston-boutique.com/products/100-poire; https://www.whisky.fr/en/comte-louis-de-lauriston-100-poire-58142.html,2026-10-04,https://cdn.shopify.com/s/files/1/0568/6093/4340/files/POIRE.png,calvados_france
Calvados,Comte Louis de Lauriston,"Domfront, France",Comte Louis de Lauriston,blended,,FALSE,FALSE,Calvados Domfrontais; VSOP,,,,84.0,42,,,,https://www.calvados-lauriston-boutique.com/products/v-s-o-p,2026-10-04,https://cdn.shopify.com/s/files/1/0568/6093/4340/files/VSOP.png,calvados_france
Calvados,Comte Louis de Lauriston,"Domfront, France",Comte Louis de Lauriston,blended,,FALSE,FALSE,Calvados Domfrontais; XO,,,,80.0,40,,,,https://www.calvados-lauriston-boutique.com/products/xo,2026-10-04,https://cdn.shopify.com/s/files/1/0568/6093/4340/files/LAURISTON_XOlowhd.jpg,calvados_france
Calvados,Comte Louis de Lauriston,"Domfront, France",Comte Louis de Lauriston,blended,,FALSE,FALSE,Calvados Domfrontais; Hors d'Âge; 15 Ans,15 Years,,,84.0,42,,,,https://www.calvados-lauriston-boutique.com/products/hors-dage,2026-10-04,https://cdn.shopify.com/s/files/1/0568/6093/4340/files/LAURISTON_15ANS.jpg,calvados_france
Calvados,Comte Louis de Lauriston,"Domfront, France",Comte Louis de Lauriston,blended,,FALSE,FALSE,Calvados Domfrontais; Hors d'Âge; 20 Ans,20 Years,,,84.0,42,,,,https://www.calvados-lauriston-boutique.com/products/20-ans,2026-10-04,https://cdn.shopify.com/s/files/1/0568/6093/4340/files/20_ans_Lauriston.png,calvados_france
Calvados,Comte Louis de Lauriston,"Domfront, France",Comte Louis de Lauriston,blended,,FALSE,FALSE,Calvados Domfrontais; Hors d'Âge; 40 Ans,40 Years,,,84.0,42,,,,https://www.calvados-lauriston-boutique.com/products/40-ans-dage,2026-10-04,https://cdn.shopify.com/s/files/1/0568/6093/4340/files/40_ans_Lauriston.png,calvados_france
Calvados,Comte Louis de Lauriston,"Domfront, France",Comte Louis de Lauriston,blended,,FALSE,FALSE,Calvados Domfrontais; Hors d'Âge; 50 Ans,50 Years,,,80.0,40,,,,https://www.calvados-lauriston-boutique.com/products/50-ans-dage,2026-10-04,https://cdn.shopify.com/s/files/1/0568/6093/4340/files/50_ans_Lauriston.png,calvados_france
Calvados,Comte Louis de Lauriston,"Domfront, France",Comte Louis de Lauriston,blended,,FALSE,FALSE,Calvados Domfrontais; Millésime,,2006,,84.0,42,,,,https://www.calvados-lauriston-boutique.com/products/millesime-2006-calvados-domfrontais,2026-10-04,https://cdn.shopify.com/s/files/1/0568/6093/4340/files/2006.png,calvados_france
Calvados,Comte Louis de Lauriston,"Domfront, France",Comte Louis de Lauriston,blended,,FALSE,FALSE,Calvados; Pomme Prisonnière,,,,80.0,40,,,,https://www.calvados-lauriston-boutique.com/products/pomme-prisonniere,2026-10-04,https://cdn.shopify.com/s/files/1/0568/6093/4340/files/Pommeprisonniere_box.png,calvados_france
Calvados,Distillerie Garnier,"Tinchebray-Bocage, France",Garnier,own_make,,FALSE,FALSE,Calvados; Fine,,,,80.0,40,Apple,Oak cask,,https://www.calvadosgarnier.com/fine/,2026-10-04,https://www.calvadosgarnier.com/wp-content/uploads/2020/04/Fine_70_cl_0756.png,calvados_france
Calvados,Distillerie Garnier,"Tinchebray-Bocage, France",Garnier,own_make,,FALSE,FALSE,Calvados; Vieux; 6 Ans,6 Years,,,80.0,40,Apple,Oak cask,,https://www.calvadosgarnier.com/6-ans/,2026-10-04,https://www.calvadosgarnier.com/wp-content/uploads/2020/04/6ans_70cl_0757.png,calvados_france
Calvados,Distillerie Garnier,"Tinchebray-Bocage, France",Garnier,own_make,,FALSE,FALSE,Calvados; Hors d'Âge; 12 Ans,12 Years,,,80.0,40,Apple,Oak cask,,https://www.calvadosgarnier.com/12-ans/,2026-10-04,https://www.calvadosgarnier.com/wp-content/uploads/2020/04/12ans_50cl_0768.png,calvados_france
Calvados,Distillerie Garnier,"Tinchebray-Bocage, France",Garnier,own_make,,FALSE,FALSE,Calvados; Hors d'Âge; 20 Ans,20 Years,,,84.0,42,Apple,Oak cask (solera),,https://www.calvadosgarnier.com/20-ans/,2026-10-04,https://www.calvadosgarnier.com/wp-content/uploads/2020/04/20ans_70cl_0759.png,calvados_france
Calvados,Distillerie Garnier,"Tinchebray-Bocage, France",Garnier,own_make,,FALSE,FALSE,Calvados; Single Cask Series; Limited Edition; Pommeau Cask Finish,,,2023 Release,92.0,46,Apple,"New oak cask (3 months), then seasoned casks",Pommeau de Normandie cask,https://www.calvadosgarnier.com/20-ans-2-2-2/,2026-10-04,https://www.calvadosgarnier.com/wp-content/uploads/2024/11/Garnier_Cask_gris.jpg,calvados_france
Calvados,Distillerie Garnier,"Tinchebray-Bocage, France",Garnier,own_make,,FALSE,FALSE,Calvados; Millésime; Limited Edition; Millésime 1999,,1999,2023 Release,84.0,42,Apple,Oak cask,,https://www.calvadosgarnier.com/20-ans-2-2-2-2/,2026-10-04,https://www.calvadosgarnier.com/wp-content/uploads/2024/11/Garnier_Millesime_gris.jpg,calvados_france
Calvados,Domaine de la Flaguerie,"Ducy-Sainte-Marguerite, France",Domaine de la Flaguerie,own_make,,FALSE,FALSE,Calvados; Estate Bottled; 2 Ans,2 Years,,,90.0,45,,,,https://www.thewhiskyexchange.com/p/87514/domaine-de-la-flaguerie-2-year-old-organic-calvados,2026-10-04,https://img.thewhiskyexchange.com/540/calva_fla02yo.jpg,calvados_france
Calvados,Domaine de la Flaguerie,"Ducy-Sainte-Marguerite, France",Domaine de la Flaguerie,own_make,,FALSE,FALSE,Calvados; Estate Bottled; 6 Ans,6 Years,,,80.0,40,,,,https://www.produits-normandie.fr/vieux-calvados/1937-calvados-6-ans-la-flaguerie-70cl-40.html; https://www.thewhiskyexchange.com/p/87515/domaine-de-la-flaguerie-6-year-old-organic-calvados,2026-10-04,https://www.produits-normandie.fr/7258-large_default/calvados-6-ans-la-flaguerie-70cl-40.jpg,calvados_france
Calvados,Domaine de la Flaguerie,"Ducy-Sainte-Marguerite, France",Domaine de la Flaguerie,own_make,,FALSE,FALSE,Calvados; Estate Bottled; 10 Ans,10 Years,,,80.0,40,,,,https://www.produits-normandie.fr/calvados-hors-d-age/1936-calvados-10-ans-la-flaguerie-70cl-40.html,2026-10-04,https://www.produits-normandie.fr/7257-large_default/calvados-10-ans-la-flaguerie-70cl-40.jpg,calvados_france
Calvados,Domaine de la Flaguerie,"Ducy-Sainte-Marguerite, France",Domaine de la Flaguerie,own_make,,FALSE,FALSE,Calvados; Estate Bottled; 20 Ans,20 Years,,,80.0,40,,,,https://www.produits-normandie.fr/calvados-hors-d-age/1935-calvados-20-ans-la-flaguerie-70cl-40.html,2026-10-04,https://www.produits-normandie.fr/7256-large_default/calvados-20-ans-la-flaguerie-70cl-40.jpg,calvados_france
Calvados,Domaine de la Flaguerie,"Ducy-Sainte-Marguerite, France",Domaine de la Flaguerie,own_make,,FALSE,FALSE,Calvados; Single Cask Series; Limited Edition; Jamaican Rum Cask Finish,,,,96.0,48,,,Jamaican rum cask,https://www.produits-normandie.fr/calvados-cask-finish/3017-calvados-jamaican-rum-cask-finish-domaine-de-la-flaguerie-50cl-48.html,2026-10-04,https://www.produits-normandie.fr/7710-large_default/calvados-jamaican-rum-cask-finish-domaine-de-la-flaguerie-50cl-48.jpg,calvados_france
