spirit_type,distillery,distillery_location,spirit_name,producer_type,producer_brand,is_ndp,is_template,special_designation,age_statement,vintage,batch_lot,proof,abv,mash_bill,barrel_type,cask_finish,tasting_notes,source_urls,last_verified,label_image_url,cohort
Cognac,Hennessy,"Cognac, France",Hennessy,blended,NULL,FALSE,FALSE,Cognac; VS,NULL,NULL,NULL,80,40,NULL,NULL,NULL,"Bold and fragrant; fresh grape, toasted oak and a hint of spice. Eaux-de-vie aged minimum 2 years.",https://www.hennessy.com/en-us/collection/hennessy-vs; https://www.cognac-expert.com/brands/hennessy-cognac,2026-06-14,NULL,cognac_france
Cognac,Hennessy,"Cognac, France",Hennessy,blended,NULL,FALSE,FALSE,Cognac; VSOP; Privilège,NULL,NULL,NULL,80,40,NULL,NULL,NULL,"Balanced and harmonious; vanilla, cinnamon and fruit. Eaux-de-vie aged minimum 4 years (some far older).",https://www.hennessy.com/en-us/collection/hennessy-vsop-privilege; https://www.cognac-expert.com/brands/hennessy-cognac,2026-06-14,https://www.hennessy.com/sites/hennessy_us/files/2020-01/VSOP.png,cognac_france
Cognac,Hennessy,"Cognac, France",Hennessy,blended,NULL,FALSE,FALSE,Cognac; XO,NULL,NULL,NULL,80,40,NULL,NULL,NULL,"Blend of up to 100 eaux-de-vie aged minimum 10 years; powerful, with candied fruit, dark chocolate and pepper.",https://www.hennessy.com/en-us/collection/hennessy-xo; https://www.cognac-expert.com/brands/hennessy-cognac,2026-06-14,https://www.hennessy.com/sites/hennessy_us/files/styles/square_2000x2000/public/2020-01/XO.png,cognac_france
Cognac,Hennessy,"Cognac, France",Hennessy,blended,NULL,FALSE,FALSE,Cognac; XXO,NULL,NULL,NULL,80,40,NULL,NULL,NULL,"Extra Extra Old blend; very old eaux-de-vie, smoky, honeyed and spiced.",https://www.hennessy.com/en-us/collection/hennessy-xxo; https://www.cognac-expert.com/brands/hennessy-cognac,2026-06-14,https://www.hennessy.com/sites/hennessy/files/2020-01/XXO.png,cognac_france
Cognac,Hennessy,"Cognac, France",Hennessy,blended,NULL,FALSE,FALSE,Cognac; Paradis,NULL,NULL,NULL,80,40,NULL,NULL,NULL,"Blend of rare reserve eaux-de-vie; floral, delicate and complex.",https://www.hennessy.com/en-us/collection/hennessy-paradis; https://www.cognac-expert.com/brands/hennessy-cognac,2026-06-14,NULL,cognac_france
Cognac,Hennessy,"Cognac, France",Hennessy,blended,NULL,FALSE,FALSE,Cognac; Paradis Impérial,NULL,NULL,NULL,80,40,NULL,NULL,NULL,"Over 100 eaux-de-vie aged 30 to 130 years; ethereal, floral and exceptionally long. Recreation of an 1818 imperial blend.",https://www.hennessy.com/en-us/collection/hennessy-paradis-imperial; https://www.caskers.com/hennessy-paradis-imperial-cognac/,2026-06-14,NULL,cognac_france
Cognac,Hennessy,"Cognac, France",Hennessy,blended,NULL,FALSE,FALSE,Cognac; Richard Hennessy,NULL,NULL,NULL,80,40,NULL,NULL,NULL,"Apex of the house range; eaux-de-vie aged 40 to 200 years, presented in a Baccarat crystal decanter.",https://www.hennessy.com/en-us/collection/richard-hennessy; https://www.cognac-expert.com/brands/hennessy-cognac,2026-06-14,NULL,cognac_france
Cognac,Hennessy,"Cognac, France",Hennessy,blended,NULL,FALSE,FALSE,Cognac; Pure White,NULL,NULL,NULL,80,40,NULL,NULL,NULL,"Pale, fresh and fruity blend of eaux-de-vie between 2 and 50 years (Grande/Petite Champagne, Borderies, Fins Bois). Caribbean/duty-free market.",https://blog.cognac-expert.com/hennessy-white-review-pure-white-tasting-notes/; https://www.caskers.com/hennessy-pure-white-cognac/,2026-06-14,https://blog.cognac-expert.com/wp-content/uploads/2010/05/Hennessy-Pure-White_detail.jpg,cognac_france
Cognac,Hennessy,"Cognac, France",Hennessy,blended,NULL,FALSE,FALSE,Cognac; Black,NULL,NULL,NULL,86,43,NULL,NULL,NULL,"US-market blend of 45 eaux-de-vie aged minimum 5 years; light, floral and mixable. Launched 2009.",https://www.hennessy.com/en-us/collection/hennessy-black; https://www.caskers.com/hennessy-cognac-black/,2026-06-14,https://www.hennessy.com/sites/hennessy_us/files/styles/square_2000x2000/public/2020-01/BLACK.png,cognac_france
Cognac,Hennessy,"Cognac, France",Hennessy,blended,NULL,FALSE,FALSE,Cognac; Limited Edition; 8,NULL,2017,NULL,80,40,NULL,NULL,NULL,Limited edition (250 Baccarat decanters) of 8 eaux-de-vie honouring 8 generations of Fillioux master blenders; launched 2017.,https://www.cognac-expert.com/limited-editions/hennessy-8-cognac; https://cognac.com/hennessy-marks-eight-generations-master-blenders-hennessy-8/,2026-06-14,https://static.cognac-expert.com/1297-thickbox_default/hennessy-8-cognac.webp,cognac_france
Cognac,Hennessy,"Cognac, France",Hennessy,blended,NULL,FALSE,FALSE,Cognac; Limited Edition; 250 Collector Blend,NULL,2015,NULL,80,40,NULL,NULL,NULL,"250th-anniversary limited edition; blend of eaux-de-vie aged 15 to 35 years, finished 5 years in 250 bespoke 250L barrels. 1L bottles.",https://www.prnewswire.com/news-releases/hennessy-commemorates-250-years-of-craftsmanship-and-bold-vision-with-ultra-rare-cognac-release-300073226.html; https://www.cognac-expert.com/hors-d-age-cognac/hennessy-250-collector-blend-cognac,2026-06-14,NULL,cognac_france
Cognac,Hennessy,"Cognac, France",Hennessy,blended,NULL,FALSE,FALSE,Cognac; Cask Strength; Master Blender's Selection No. 1,NULL,2017,NULL,86,43,NULL,NULL,NULL,Cask-strength single-batch limited edition by 7th-gen master blender Yann Fillioux; never replicated.,https://www.caskers.com/hennessy-master-blenders-selection-no-1-750/,2026-06-14,https://cdn.caskers.com/catalog/product/cache/4f6989790ecdd0e389055fabaf312a4d/c/a/caskers_hennessy_master_blenders_1_1.png,cognac_france
Cognac,Hennessy,"Cognac, France",Hennessy,blended,NULL,FALSE,FALSE,Cognac; Cask Strength; Master Blender's Selection No. 2,NULL,NULL,NULL,86,43,NULL,NULL,NULL,Cask-strength (43%) single-batch limited edition by Yann Fillioux.,https://www.caskers.com/hennessy-master-blender-s-selection-no-2/,2026-06-14,https://cdn.caskers.com/catalog/product/cache/4f6989790ecdd0e389055fabaf312a4d/h/e/hennessy-master-blender_s-selection-no.2-1.jpg,cognac_france
Cognac,Hennessy,"Cognac, France",Hennessy,blended,NULL,FALSE,FALSE,Cognac; Cask Strength; Master Blender's Selection No. 3,NULL,NULL,NULL,86,43,NULL,NULL,NULL,Cask-strength single-batch; first expression of 8th-gen master blender Renaud Fillioux de Gironde.,https://www.caskers.com/hennessy-master-blender-s-selection-no-3/,2026-06-14,https://cdn.caskers.com/catalog/product/cache/4f6989790ecdd0e389055fabaf312a4d/h/e/hennessy-master-blender_s-selection-no.3-1.jpg,cognac_france
Cognac,Hennessy,"Cognac, France",Hennessy,blended,NULL,FALSE,FALSE,Cognac; Cask Strength; Master Blender's Selection No. 4,NULL,2021,NULL,86,43,NULL,NULL,NULL,Cask-strength (43%) single-batch limited edition; aged in young exclusively French red-oak barrels. 2021.,https://www.caskers.com/hennessy-master-blender-s-selection-no-4/,2026-06-14,https://cdn.caskers.com/catalog/product/cache/4f6989790ecdd0e389055fabaf312a4d/h/e/hennessy-master-blender-no.-4_1.jpg,cognac_france
Cognac,Hennessy,"Cognac, France",Hennessy,blended,NULL,FALSE,FALSE,Cognac; Cask Strength; Master Blender's Selection No. 5,NULL,2024,NULL,86,43,NULL,NULL,NULL,Cask-strength (43%) single-batch limited edition; released 15 May 2024.,https://www.hennessy.com/en-us/collection/hennessy-master-blenders-selection-5; https://www.prnewswire.com/news-releases/hennessy-unveils-long-awaited-master-blenders-selection-no-5-302146377.html,2026-06-14,NULL,cognac_france
Cognac,Martell,"Cognac, France",Martell,blended,NULL,FALSE,FALSE,Cognac; VS,NULL,NULL,NULL,80,40,NULL,NULL,NULL,"Martell VS Single Distillery; fresh, fruity entry blend.",https://www.martell.com/en/collections/,2026-06-14,NULL,cognac_france
Cognac,Martell,"Cognac, France",Martell,blended,NULL,FALSE,FALSE,Cognac; VSOP; Médaillon,NULL,NULL,NULL,80,40,NULL,NULL,NULL,"Aged in fine-grained red barrels; rounded, mature VSOP with fruit and spice.",https://www.martell.com/en-ww/collection/vsop/,2026-06-14,https://ik.imagekit.io/cvygf2xse/martell/wp-content/uploads/2025/01/VSOP_0000-1.png,cognac_france
Cognac,Martell,"Cognac, France",Martell,blended,NULL,FALSE,FALSE,Cognac; Noblige,NULL,NULL,NULL,80,40,NULL,NULL,NULL,"Caramelised, intense old-VSOP-style blend between VSOP and XO.",https://www.martell.com/en/collections/,2026-06-14,NULL,cognac_france
Cognac,Martell,"Cognac, France",Martell,blended,NULL,FALSE,FALSE,Cognac; Cordon Bleu,NULL,NULL,NULL,80,40,NULL,NULL,NULL,"Iconic since 1912; Borderies-forward blend of 100+ eaux-de-vie; rich, mellow, with candied fruit and gingerbread.",https://www.martell.com/en/collections/,2026-06-14,NULL,cognac_france
Cognac,Martell,"Cognac, France",Martell,blended,NULL,FALSE,FALSE,Cognac; Extra; Cordon Bleu Extra,NULL,NULL,NULL,80,40,NULL,NULL,NULL,"Extra-tier extension of Cordon Bleu; older eaux-de-vie, deeper concentration.",https://www.cognac-expert.com/cognac-brands/martell-cognac,2026-06-14,NULL,cognac_france
Cognac,Martell,"Cognac, France",Martell,blended,NULL,FALSE,FALSE,Cognac; XO,NULL,NULL,NULL,80,40,NULL,NULL,NULL,Bold interpretation of Grande Champagne eaux-de-vie; intense with a contemporary edge.,https://www.martell.com/en/collections/,2026-06-14,NULL,cognac_france
Cognac,Martell,"Cognac, France",Martell,blended,NULL,FALSE,FALSE,Cognac; XXO; Chanteloup,NULL,NULL,NULL,80,40,NULL,NULL,NULL,"Chanteloup XXO; 450 very old eaux-de-vie, Borderies and Grande Champagne; depth, character and finesse.",https://www.martell.com/en/collections/,2026-06-14,NULL,cognac_france
Cognac,Martell,"Cognac, France",Martell,blended,NULL,FALSE,FALSE,Cognac; Extra; Création Grand Extra,NULL,NULL,NULL,80,40,NULL,NULL,NULL,"Grande Champagne premier cru and Borderies; fresh, fruity and spiced Extra-tier cuvée.",https://www.cognac-expert.com/extra-cognac/martell-extra-cognac-creation-grand,2026-06-14,NULL,cognac_france
Cognac,Martell,"Cognac, France",Martell,blended,NULL,FALSE,FALSE,Cognac; L'Or de Jean Martell,NULL,NULL,NULL,80,40,NULL,NULL,NULL,"Prestige cuvée launched 1992; hundreds of old/rare Grande Champagne and Borderies eaux-de-vie, some back to 1871.",https://www.cognac-expert.com/extra-cognac/martell-l-or-de-jean-martell; https://distiller.com/spirits/martell-lor-de-jean-martell-cognac,2026-06-14,https://static.cognac-expert.com/66-thickbox_default/martell-l-or-de-jean-martell.webp,cognac_france
Cognac,Martell,"Cognac, France",Martell,blended,NULL,FALSE,FALSE,Cognac; Limited Edition; Premier Voyage,NULL,2015,NULL,80,40,NULL,NULL,NULL,"Limited edition (300 numbered decanters); 18 eaux-de-vie, youngest a 1979 Borderies, oldest 1867, average age 80+ years. Released 2015.",https://joesdaily.com/food-drink/martell-premier-voyage-cognac/; https://www.diffordsguide.com/beer-wine-spirits/5099/martell-premier-voyage,2026-06-14,https://joesdaily.com/wp-content/uploads/2014/09/martell-premier-voyage.jpg,cognac_france
Cognac,Rémy Martin,"Cognac, France",Rémy Martin,blended,NULL,FALSE,FALSE,Fine Champagne; VSOP,NULL,NULL,NULL,80,40,NULL,NULL,NULL,"Fine Champagne (Grande + Petite Champagne); ripe plum, toasted almond, citrus and vanilla; aged minimum 4 years.",https://www.remymartin.com/en-us/collection/vsop/; https://www.diffordsguide.com/beer-wine-spirits/11947/martell-vsop,2026-06-28,NULL,cognac_france
Cognac,Rémy Martin,"Cognac, France",Rémy Martin,blended,NULL,FALSE,FALSE,Fine Champagne; VSOP; 1738 Accord Royal,NULL,NULL,NULL,80,40,NULL,NULL,NULL,"Fine Champagne; richer than standard VSOP with toffee, toasted bread and oak; commemorates Rémy's 1738 royal accord.",https://www.remymartin.com/en-us/collection/1738-accord-royal/,2026-06-28,NULL,cognac_france
Cognac,Rémy Martin,"Cognac, France",Rémy Martin,blended,NULL,FALSE,FALSE,Fine Champagne; XO,NULL,NULL,NULL,80,40,NULL,NULL,NULL,"Fine Champagne; hundreds of eaux-de-vie aged minimum 10 years; full-bodied, opulent and complex.",https://www.remymartin.com/en-us/news/cognac-basics/,2026-06-28,NULL,cognac_france
Cognac,Rémy Martin,"Cognac, France",Rémy Martin,blended,NULL,FALSE,FALSE,Fine Champagne; Tercet,NULL,NULL,NULL,84,42,NULL,NULL,NULL,Fine Champagne bottled at 42%; fresher style with lychee and passion-fruit notes.,https://shop.cognatheque.com/en/cognac-remy-martin/1805-cognac-remy-martin-tercet.html,2026-06-14,https://shop.cognatheque.com/3161-large_default/cognac-remy-martin-tercet.jpg,cognac_france
Cognac,Rémy Martin,"Cognac, France",Rémy Martin,blended,NULL,FALSE,FALSE,Fine Champagne; Coeur de Cognac,NULL,NULL,NULL,80,40,NULL,NULL,NULL,"""Heart of cognac""; soft, fruit-forward Fine Champagne blend.",https://www.diffordsguide.com/producers/624/remy-martin-and-co-sa,2026-06-14,NULL,cognac_france
Cognac,Rémy Martin,"Cognac, France",Rémy Martin,blended,NULL,FALSE,FALSE,Fine Champagne; Carte Blanche à Baptiste Loiseau,NULL,NULL,NULL,82.2,41.1,NULL,NULL,NULL,"Cellar-master limited edition; single vat, ~20-year-old Fine Champagne with nutmeg, black tea and leather; bottled 41.1%.",https://www.thewhiskyexchange.com/p/34255/remy-martin-carte-blanche-a-baptiste-loiseau; https://www.remymartin.com/news/product-2/remy-martin-reveals-carte-blanche-a-baptiste-loiseau/,2026-06-14,https://img.thewhiskyexchange.com/540/cognc_rem116.jpg,cognac_france
Cognac,Rémy Martin,"Cognac, France",Rémy Martin,blended,NULL,FALSE,FALSE,Fine Champagne; Club,NULL,NULL,NULL,80,40,NULL,NULL,NULL,Asia-market Fine Champagne blend; smooth and fruit-driven.,https://www.cognac-expert.com/cognac-brands/remy-martin-cognac,2026-06-14,NULL,cognac_france
Cognac,Rémy Martin,"Cognac, France",Rémy Martin,blended,NULL,FALSE,FALSE,Grande Champagne; Louis XIII,NULL,NULL,NULL,80,40,NULL,Old French oak tiercons,NULL,Exclusively Grande Champagne; eaux-de-vie up to a century old aged in centuries-old tiercons; iconic Baccarat decanter.,https://www.cognac-expert.com/hors-d-age-cognac/louis-xiii-by-remy-martin-cognac; https://www.bbr.com/products-10008138259-louis-xiii-remy-martin-grande-champagne-cognac-40%,2026-06-14,https://static.cognac-expert.com/2303-thickbox_default/louis-xiii-by-remy-martin-cognac.webp,cognac_france
Cognac,Rémy Martin,"Cognac, France",Rémy Martin,blended,NULL,FALSE,FALSE,Grande Champagne; Single Cask; Louis XIII Rare Cask 42.6,NULL,NULL,NULL,85.2,42.6,NULL,NULL,NULL,Louis XIII single-cask limited edition bottled at 42.6%; exceptional intensity.,https://www.cognac-expert.com/hors-d-age-cognac/louis-xiii-rare-cask-cognac,2026-06-14,NULL,cognac_france
Cognac,Rémy Martin,"Cognac, France",Rémy Martin,blended,NULL,FALSE,FALSE,Grande Champagne; Single Cask; Louis XIII Rare Cask 43.8,NULL,NULL,NULL,87.6,43.8,NULL,NULL,NULL,Louis XIII single-cask limited edition bottled at 43.8%.,https://www.cognac-expert.com/hors-d-age-cognac/louis-xiii-rare-cask-cognac,2026-06-14,NULL,cognac_france
Cognac,Rémy Martin,"Cognac, France",Rémy Martin,blended,NULL,FALSE,FALSE,Grande Champagne; Limited Edition; Louis XIII Black Pearl,NULL,NULL,NULL,80,40,NULL,NULL,NULL,"Single 100-year-old tierçon, eaux-de-vie 40-100 years; 775 Baccarat decanters for the 140th anniversary.",https://www.cognac-expert.com/hors-d-age-cognac/remy-martin-louis-xiii-black-pearl,2026-06-14,https://www.cabinet7.com/11725-thickbox_default/remy-martin-cognac-louis-xiii-black-pearl-anniversary-edition.jpg,cognac_france
Cognac,Courvoisier,"Jarnac, France",Courvoisier,blended,NULL,FALSE,FALSE,Cognac; VS,NULL,NULL,NULL,80,40,NULL,NULL,NULL,"Young, vibrant blend with fresh fruit and a smooth finish.",https://www.courvoisier.com/cognac-collection/vs/,2026-06-14,https://www.courvoisier.com/app/uploads/2024/06/Hero_VS-3.webp,cognac_france
Cognac,Courvoisier,"Jarnac, France",Courvoisier,blended,NULL,FALSE,FALSE,Cognac; VSOP,NULL,NULL,NULL,80,40,NULL,NULL,NULL,"Aged minimum 4 years; richer profile with vanilla, oak and caramel.",https://www.courvoisier.com/cognac-collection/vsop/,2026-06-14,https://www.courvoisier.com/app/uploads/2024/06/Hero_VSOP-3.webp,cognac_france
Cognac,Courvoisier,"Jarnac, France",Courvoisier,blended,NULL,FALSE,FALSE,Cognac; Napoléon,NULL,NULL,NULL,80,40,NULL,NULL,NULL,"Between VSOP and XO; balanced, elegant blend.",https://www.courvoisier.com/cognac-collection/,2026-06-14,https://www.courvoisier.com/app/uploads/2024/06/card-our-collection.webp,cognac_france
Cognac,Courvoisier,"Jarnac, France",Courvoisier,blended,NULL,FALSE,FALSE,Cognac; XO,NULL,NULL,NULL,80,40,NULL,NULL,NULL,"Bold, robust XO with dried fruit, leather and spice.",https://www.courvoisier.com/cognac-collection/; https://www.drinkhacker.com/2016/10/26/review-courvoisier-vs-vsop-and-xo-cognac/,2026-06-14,https://www.drinkhacker.com/wp-content/uploads/2016/10/courvoisier.png,cognac_france
Cognac,Courvoisier,"Jarnac, France",Courvoisier,blended,NULL,FALSE,FALSE,Cognac; Extra; Initiale Extra,NULL,NULL,NULL,80,40,NULL,NULL,NULL,Hors d'Âge Extra; eaux-de-vie 30 to 50 years; port-wine and Christmas-cake aromas. Blended by Patrice Pinet.,https://www.cognac-expert.com/extra-cognac/courvoisier-initiale-extra-cognac,2026-06-14,https://static.cognac-expert.com/2311-thickbox_default/courvoisier-initiale-extra-cognac.webp,cognac_france
Cognac,Courvoisier,"Jarnac, France",Courvoisier,blended,NULL,FALSE,FALSE,"Cognac; XO, Mizunara Cask Finish; 2019 Edition",NULL,2019,NULL,80,40,NULL,NULL,Mizunara,XO finished in Japanese Mizunara oak casks in collaboration with House of Suntory; original 2019 edition.,https://www.suntoryglobalspirits.com/news/maison-courvoisier-announces-second-edition-courvoisierr-mizunara,2026-06-28,NULL,cognac_france
Cognac,Courvoisier,"Jarnac, France",Courvoisier,blended,NULL,FALSE,FALSE,"Cognac; XO, Mizunara Cask Finish; 2021 Edition",NULL,2021,NULL,NULL,NULL,NULL,NULL,Mizunara,Second edition of the Mizunara-finished XO.,https://www.cognac-expert.com/xo-cognac/courvoisier-mizunara-2021-edition-cognac,2026-06-14,https://static.cognac-expert.com/14880-thickbox_default/courvoisier-mizunara-2021-edition-cognac.webp,cognac_france
Cognac,Courvoisier,"Jarnac, France",Courvoisier,blended,NULL,FALSE,FALSE,"Cognac; XO, Mizunara Cask Finish; 2023 Edition",NULL,2023,NULL,96,48,NULL,NULL,Mizunara,Mizunara-finished XO bottled at a higher-than-normal 48% ABV; 2023 edition.,https://www.cognac-expert.com/xo-cognac/courvoisier-mizunara-2021-edition-cognac; https://elitetraveler.com/finest-dining/wines-and-spirits/tasting-notes-the-daring-courvoisier-mizunara-cognac,2026-06-14,https://static.cognac-expert.com/14880-thickbox_default/courvoisier-mizunara-2021-edition-cognac.webp,cognac_france
Cognac,Courvoisier,"Jarnac, France",Courvoisier,blended,NULL,FALSE,FALSE,Grande Champagne; Limited Edition; Succession J.S.,NULL,NULL,NULL,84,42,NULL,NULL,NULL,100% Grande Champagne; launched 2004 for the bicentenary of Napoléon's coronation; bottled 42%. Discontinued/collector.,https://www.cognac-expert.com/collection-cognac/courvoisier-collection-cognac-succession-js; https://www.diffordsguide.com/beer-wine-spirits/1882/courvoisier-js-succession,2026-06-14,https://static.cognac-expert.com/2316-thickbox_default/courvoisier-collection-cognac-succession-js.webp,cognac_france
Cognac,Courvoisier,"Jarnac, France",Courvoisier,blended,NULL,FALSE,FALSE,Cognac; L'Essence de Courvoisier,NULL,NULL,NULL,80,40,NULL,NULL,NULL,"Prestige cuvée by 5th master blender Jean-Marc Olivier; 100+ rare eaux-de-vie, some from the early 20th century.",https://www.cognac-expert.com/extra-cognac/courvoisier-extra-cognac-l-essence-de-courvoisier,2026-06-14,https://static.cognac-expert.com/2315-thickbox_default/courvoisier-extra-cognac-l-essence-de-courvoisier.webp,cognac_france
Cognac,Courvoisier,"Jarnac, France",Courvoisier,blended,NULL,FALSE,FALSE,Cognac; L'Esprit de Courvoisier,NULL,NULL,NULL,NULL,NULL,NULL,NULL,NULL,Apex prestige decanter; very old eaux-de-vie reaching back to the early 19th century.,https://www.cognac-expert.com/cognac-brands/courvoisier-cognac,2026-06-14,NULL,cognac_france
Cognac,Courvoisier,"Jarnac, France",Courvoisier,blended,NULL,FALSE,FALSE,Cognac; Connoisseur Collection 12 Years,12 Years,NULL,NULL,80,40,NULL,NULL,NULL,"Age-stated blend, Borderies-led with Fins Bois and Grande Champagne; floral and spicy. First major-house age-declared range.",https://www.cognac-expert.com/vintage-cognac/courvoisier-vintage-cognac-connoisseur-collection-12-years,2026-06-14,https://static.cognac-expert.com/1748-thickbox_default/courvoisier-vintage-cognac-connoisseur-collection-12-years.webp,cognac_france
Cognac,Courvoisier,"Jarnac, France",Courvoisier,blended,NULL,FALSE,FALSE,Grande Champagne; Connoisseur Collection 21 Years,21 Years,NULL,NULL,80,40,NULL,Tronçais oak,NULL,"Grande Champagne, aged in hand-selected Tronçais oak; hazelnut, dried apricot, cocoa, sweet spice.",https://www.cognac-expert.com/vintage-cognac/courvoisier-vintage-cognac-connoisseur-collection-21-years,2026-06-14,https://static.cognac-expert.com/864-thickbox_default/courvoisier-vintage-cognac-connoisseur-collection-21-years.webp,cognac_france
Cognac,Hine,"Jarnac, France",Hine,blended,NULL,FALSE,FALSE,Fine Champagne; VSOP; Hine Rare VSOP,NULL,NULL,NULL,80,40,NULL,NULL,NULL,"Waves of floral breeze, fresh fruit, and warming woody spices from a blend of Grande and Petite Champagne eaux-de-vie.",https://www.thewhiskyexchange.com/p/1736/hine-rare-the-original-cognac; https://www.masterofmalt.com/cognac/hine/hine-rare-cognac/,2026-06-15,https://img.thewhiskyexchange.com/540/cognc_hin1.jpg,cognac_france
Cognac,Hine,"Jarnac, France",Hine,blended,NULL,FALSE,FALSE,Fine Champagne; VSOP; H by Hine VSOP,NULL,NULL,NULL,80,40,NULL,NULL,NULL,Entry-level Fine Champagne blend with fresh floral character and delicate fruit.,https://www.thewhiskyexchange.com/p/1739/h-by-hine-vsop-cognac; https://www.masterofmalt.com/cognac/h-by-hine-cognac/,2026-06-15,https://img.thewhiskyexchange.com/540/cognc_hin4.jpg,cognac_france
Cognac,Hine,"Jarnac, France",Hine,blended,NULL,FALSE,FALSE,Grande Champagne; XO; Antique XO Premier Cru,XO,NULL,NULL,80,40,NULL,NULL,NULL,"A blend of over 40 Grande Champagne eaux-de-vie aged over a decade, with pronounced oak and rancio character.",https://www.masterofmalt.com/cognac/hine/antique-xo-premier-cru-cognac/; https://www.thewhiskyexchange.com/p/11969/hine-antique-xo-premier-cru-cognac,2026-06-15,https://cdn11.bigcommerce.com/s-e8lbekfe7c/images/stencil/1024w/attribute_rule_images/25762_source_1758882737.jpg,cognac_france
Cognac,Hine,"Jarnac, France",Hine,blended,NULL,FALSE,FALSE,Grande Champagne; XO; Antique XO 100th Anniversary Edition,XO,NULL,NULL,80,40,NULL,NULL,NULL,NULL,https://www.masterofmalt.com/cognac/hine/hine-antique-xo-100th-anniversary-edition-cognac/; https://www.cognac-expert.com/xo-cognac/hine-antique-xo-100th-anniversary-grande-champagne-cognac,2026-06-15,https://cdn11.bigcommerce.com/s-e8lbekfe7c/images/stencil/1024w/attribute_rule_images/53986_source_1761933039.jpg,cognac_france
Cognac,Hine,"Jarnac, France",Hine,blended,NULL,FALSE,FALSE,Grande Champagne; XO; Hine 1er Cru XO,XO,NULL,NULL,80,40,NULL,NULL,NULL,"Exclusively Grande Champagne eaux-de-vie, rich and elegant with long finish.",https://www.masterofmalt.com/cognac/hine/hine-1er-cru-xo-cognac/; https://www.bbr.com/products-10008310288-hine-xo-grande-champagne-cognac-40%25,2026-06-15,https://cdn11.bigcommerce.com/s-e8lbekfe7c/images/stencil/1024w/attribute_rule_images/64065_source_1780922743.jpg,cognac_france
Cognac,Hine,"Jarnac, France",Hine,blended,NULL,FALSE,FALSE,Cognac; XO; Hine Cigar Reserve XO,XO,NULL,NULL,NULL,NULL,NULL,NULL,NULL,"Tobacco, sweet fruit, well balanced with round and long palate; blend from Grande Champagne, Petite Champagne, Borderies and Fins Bois.",https://www.cognac-expert.com/xo-cognac/hine-xo-cognac-cigar-reserve; https://www.thewhiskyexchange.com/p/1740/hine-cigar-reserve-xo-cognac,2026-06-15,https://static.cognac-expert.com/7585-thickbox_default/hine-xo-cognac-cigar-reserve.webp,cognac_france
Cognac,Hine,"Jarnac, France",Hine,blended,NULL,FALSE,FALSE,Grande Champagne; Hors d'Age; Triomphe,NULL,NULL,NULL,80,40,NULL,NULL,NULL,Complex blend of over 50 old eaux-de-vie with an average age of 40 to 50 years.,https://www.thewhiskyexchange.com/p/6000/hine-triomphe-cognac,2026-06-15,https://img.thewhiskyexchange.com/540/cognc_hin10.jpg,cognac_france
Cognac,Hine,"Jarnac, France",Hine,blended,NULL,FALSE,FALSE,Grande Champagne; Hors d'Age; Triomphe Talent de Thomas Hine,NULL,NULL,NULL,80,40,NULL,NULL,NULL,NULL,https://www.thewhiskyexchange.com/p/18980/hine-triomphe-cognac-talent-de-thomas-hine,2026-06-15,https://img.thewhiskyexchange.com/540/cognc_hin47.jpg,cognac_france
Cognac,Hine,"Jarnac, France",Hine,blended,NULL,FALSE,FALSE,Grande Champagne; Hors d'Age; Triomphe Decanter,NULL,NULL,NULL,80,40,NULL,NULL,NULL,NULL,https://www.thewhiskyexchange.com/p/20082/hine-triomphe-cognac-decanter,2026-06-15,https://img.thewhiskyexchange.com/540/cognc_hin49.jpg,cognac_france
Cognac,Hine,"Jarnac, France",Hine,blended,NULL,FALSE,FALSE,Grande Champagne; Hors d'Age; Family Reserve,NULL,NULL,NULL,80,40,NULL,NULL,NULL,Blended from the finest reserves aged up to fifty years; only a couple of hundred bottles released each year.,https://www.thewhiskyexchange.com/p/11989/hine-family-reserve-cognac,2026-06-15,https://img.thewhiskyexchange.com/540/cognc_hin24.jpg,cognac_france
Cognac,Hine,"Jarnac, France",Hine,blended,NULL,FALSE,FALSE,Grande Champagne; Extra; Homage,NULL,NULL,NULL,NULL,NULL,NULL,NULL,NULL,"A tribute to Thomas Hine blending Early Landed vintages 1984, 1986 and 1987 with Grande Champagne XO eaux-de-vie.",https://www.thewhiskyexchange.com/p/39659/hine-homage-gift-box; https://www.cognac-expert.com/xo-cognac/hine-homage-cognac,2026-06-15,https://img.thewhiskyexchange.com/540/cognc_hin74.jpg,cognac_france
Cognac,Hine,"Jarnac, France",Hine,blended,NULL,FALSE,FALSE,Grande Champagne; Extra; Mariage de Thomas Hine,NULL,NULL,NULL,NULL,NULL,NULL,NULL,NULL,Launched 1991 to celebrate the 200th anniversary of Thomas Hine's marriage; presented in a Baccarat crystal decanter.,https://www.thewhiskyexchange.com/p/1738/hine-mariage-de-thomas-hine-cognac-baccarat-crystal,2026-06-15,https://img.thewhiskyexchange.com/540/cognc_hin3.jpg,cognac_france
Cognac,Hine,"Jarnac, France",Hine,blended,NULL,FALSE,FALSE,Grande Champagne; Limited Edition; Hine 250 Grande Champagne,NULL,NULL,NULL,83.4,41.7,NULL,NULL,NULL,NULL,https://www.masterofmalt.com/cognac/hine/hine-250-grande-champagne-cognac/,2026-06-15,https://cdn11.bigcommerce.com/s-e8lbekfe7c/images/stencil/1024w/attribute_rule_images/65147_source_1761835837.jpg,cognac_france
Cognac,Hine,"Jarnac, France",Hine,own_make,NULL,FALSE,FALSE,Grande Champagne; Single Estate; Bonneuil 2005,NULL,2005,NULL,85.6,42.8,NULL,NULL,NULL,Single-estate Grande Champagne from the Bonneuil domaine expressing pure terroir with less oak influence.,https://www.thewhiskyexchange.com/p/49116/hine-bonneuil-multi-vintage-gift-set-2005-2006-2008-3x20cl; https://www.masterofmalt.com/cognac/hine/hine-bonneuil-vintage-trio-2005-2006-2008-cognac/,2026-06-15,https://img.thewhiskyexchange.com/540/sets_hin1.jpg,cognac_france
Cognac,Hine,"Jarnac, France",Hine,own_make,NULL,FALSE,FALSE,Grande Champagne; Single Estate; Bonneuil 2006,NULL,2006,NULL,85.6,42.8,NULL,NULL,NULL,Single-estate Grande Champagne from the Bonneuil estate.,https://www.masterofmalt.com/cognac/hine/hine-bonneuil-2006-cognac/; https://www.thewhiskyexchange.com/p/49116/hine-bonneuil-multi-vintage-gift-set-2005-2006-2008-3x20cl,2026-06-15,https://cdn11.bigcommerce.com/s-e8lbekfe7c/images/stencil/1024w/attribute_rule_images/22805_source_1758883272.jpg,cognac_france
Cognac,Hine,"Jarnac, France",Hine,own_make,NULL,FALSE,FALSE,Grande Champagne; Single Estate; Bonneuil 2008,NULL,2008,NULL,85.4,42.7,NULL,NULL,NULL,Single-estate Grande Champagne from the Bonneuil estate.,https://www.masterofmalt.com/cognac/hine/hine-bonneuil-2008-cognac/; https://www.thewhiskyexchange.com/p/49116/hine-bonneuil-multi-vintage-gift-set-2005-2006-2008-3x20cl,2026-06-15,https://cdn11.bigcommerce.com/s-e8lbekfe7c/images/stencil/1024w/attribute_rule_images/9257_source_1758883759.jpg,cognac_france
Cognac,Hine,"Jarnac, France",Hine,own_make,NULL,FALSE,FALSE,Grande Champagne; Single Estate; Bonneuil 2010,NULL,2010,NULL,84.2,42.1,NULL,NULL,NULL,Single-estate Grande Champagne from the Bonneuil estate.,https://www.masterofmalt.com/cognac/hine/hine-bonneuil-2010-cognac/,2026-06-15,https://cdn11.bigcommerce.com/s-e8lbekfe7c/images/stencil/1024w/attribute_rule_images/53209_source_1780980075.jpg,cognac_france
Cognac,Hine,"Jarnac, France",Hine,own_make,NULL,FALSE,FALSE,Grande Champagne; Single Estate; Bonneuil 2012,NULL,2012,NULL,85,42.5,NULL,NULL,NULL,Single-estate Grande Champagne from the Bonneuil estate.,https://www.masterofmalt.com/cognac/hine/hine-single-estate-bonneuil-2012-cognac/; https://www.thewhiskyexchange.com/p/71052/hine-bonneuil-2012-cognac,2026-06-15,https://cdn11.bigcommerce.com/s-e8lbekfe7c/images/stencil/1024w/attribute_rule_images/39964_source_1774627846.jpg,cognac_france
Cognac,Hine,"Jarnac, France",Hine,own_make,NULL,FALSE,FALSE,Grande Champagne; Single Cask; Bonneuil 2010 Single Cask BBR,NULL,2010,Lot No. 3117 / Cask Ref. D07017,90.6,45.3,NULL,NULL,NULL,Single cask Bonneuil selection exclusive to Berry Bros. and Rudd.,https://www.bbr.com/products-20108153645-2010-hine-single-cask-selection-lot-no-3117-cask-ref-d07017-bonneuil-grande-champagne-cognac-45-3%25,2026-06-15,NULL,cognac_france
Cognac,Hine,"Jarnac, France",Hine,blended,NULL,FALSE,FALSE,Grande Champagne; Millésime; 1844 (Bot.1930s),NULL,1844,NULL,80,40,NULL,NULL,NULL,NULL,https://www.thewhiskyexchange.com/p/37151/hine-1844-cognac-grande-champagne-bot1930s,2026-06-15,https://img.thewhiskyexchange.com/540/cognc_hin1844.jpg,cognac_france
Cognac,Hine,"Jarnac, France",Hine,blended,NULL,FALSE,FALSE,"Grande Champagne; Millésime; 1943 (79 Years, Cask Strength)",NULL,1943,NULL,107.4,53.7,NULL,NULL,NULL,NULL,https://www.bbr.com/products-19438161040-1943-hine-aged-79-years-in-cask-bottled-2023-cognac-53-7%25,2026-06-15,NULL,cognac_france
Cognac,Hine,"Jarnac, France",Hine,blended,NULL,FALSE,FALSE,Grande Champagne; Millésime; 1943 (50 Years),NULL,1943,NULL,92,46,NULL,NULL,NULL,NULL,https://www.bbr.com/products-19438161037-1943-hine-aged-50-years-in-cask-bottled-2023-cognac-46%25,2026-06-15,NULL,cognac_france
Cognac,Hine,"Jarnac, France",Hine,blended,NULL,FALSE,FALSE,Grande Champagne; Millésime; 1944,NULL,1944,NULL,84,42,NULL,NULL,NULL,NULL,https://www.bbr.com/products-19448161053-1944-hine-aged-68-years-in-cask-bottled-2023-cognac-42%25,2026-06-15,NULL,cognac_france
Cognac,Hine,"Jarnac, France",Hine,blended,NULL,FALSE,FALSE,Grande Champagne; Millésime; 1945,NULL,1945,NULL,86.8,43.4,NULL,NULL,NULL,NULL,https://www.bbr.com/products-19458161066-1945-hine-aged-77-years-in-cask-bottled-2023-cognac-43-4%25,2026-06-15,NULL,cognac_france
Cognac,Hine,"Jarnac, France",Hine,blended,NULL,FALSE,FALSE,Grande Champagne; Millésime; 1948,NULL,1948,NULL,80,40,NULL,NULL,NULL,NULL,https://www.bbr.com/products-19488161082-1948-hine-aged-70-years-in-cask-bottled-2023-cognac-40%25,2026-06-15,NULL,cognac_france
Cognac,Hine,"Jarnac, France",Hine,blended,NULL,FALSE,FALSE,Grande Champagne; Millésime; 1953 (250th Anniversary Putman Decanter),NULL,1953,NULL,NULL,NULL,NULL,NULL,NULL,Exceptional driest year of the 20th century; presented in a crystal decanter designed by Andree Putman for the 250th anniversary.,https://www.cognac-expert.com/vintage-cognac/hine-250-years-putman-1953-cognac,2026-06-15,https://static.cognac-expert.com/1075-thickbox_default/hine-250-years-putman-1953-cognac.webp,cognac_france
Cognac,Hine,"Jarnac, France",Hine,blended,NULL,FALSE,FALSE,Grande Champagne; Millésime; 1955 (30 Year Old Samaroli),30,1955,NULL,110.8,55.4,NULL,NULL,NULL,NULL,https://www.thewhiskyexchange.com/p/18167/hine-1955-cognac-30-year-old-samaroli,2026-06-15,https://img.thewhiskyexchange.com/540/cognc_hin39.jpg,cognac_france
Cognac,Hine,"Jarnac, France",Hine,blended,NULL,FALSE,FALSE,Grande Champagne; Millésime; 1957,NULL,1957,NULL,NULL,NULL,NULL,NULL,NULL,"Candied fruit, vanilla, apricot, fig and jasmine with perfect balance between floral and fruity notes.",https://www.cognac-expert.com/vintage-cognac/hine-vintage-cognac-millesime-1957,2026-06-15,https://static.cognac-expert.com/92-thickbox_default/hine-vintage-cognac-millesime-1957.webp,cognac_france
Cognac,Hine,"Jarnac, France",Hine,blended,NULL,FALSE,FALSE,Grande Champagne; Millésime; 1959,NULL,1959,NULL,89,44.5,NULL,NULL,NULL,NULL,https://www.bbr.com/products-19598161125-1959-hine-aged-63-years-in-cask-bottled-2023-cognac-44-5%25,2026-06-15,NULL,cognac_france
Cognac,Hine,"Jarnac, France",Hine,blended,NULL,FALSE,FALSE,Grande Champagne; Millésime; 1960,NULL,1960,NULL,95.4,47.7,NULL,NULL,NULL,"Lively, supple and well balanced; aromas of leather and spices alongside woody and fresh walnut notes with candied orange peel finish.",https://www.bbr.com/products-19608161138-1960-hine-aged-62-years-in-cask-bottled-2023-cognac-47-7%25; https://www.cognac-expert.com/vintage-cognac/hine-vintage-cognac-coffret-millesime-1960-1975-1983,2026-06-15,https://static.cognac-expert.com/93-thickbox_default/hine-vintage-cognac-coffret-millesime-1960-1975-1983.webp,cognac_france
Cognac,Hine,"Jarnac, France",Hine,blended,NULL,FALSE,FALSE,Grande Champagne; Millésime; 1975,NULL,1975,NULL,80,40,NULL,NULL,NULL,Elegant and eloquent vintage with dominant aromas of cloves blending into graceful notes of oak.,https://www.bbr.com/products-19758161167-1975-hine-aged-26-years-in-cask-bottled-2023-cognac-40%25; https://www.cognac-expert.com/vintage-cognac/hine-1975-millesime-cognac,2026-06-15,https://static.cognac-expert.com/543-thickbox_default/hine-1975-millesime-cognac.webp,cognac_france
Cognac,Hine,"Jarnac, France",Hine,blended,NULL,FALSE,FALSE,Grande Champagne; Millésime; 1975 Early Landed,NULL,1975,NULL,NULL,NULL,NULL,NULL,NULL,NULL,https://www.cognac-expert.com/vintage-cognac/hine-millesime-1975-early-landed,2026-06-15,https://static.cognac-expert.com/1810-thickbox_default/hine-millesime-1975-early-landed.webp,cognac_france
Cognac,Hine,"Jarnac, France",Hine,blended,NULL,FALSE,FALSE,Grande Champagne; Millésime; 1976,NULL,1976,NULL,NULL,NULL,NULL,NULL,NULL,Very dark cognac with heightened fruit tastes from an exceptionally ripe harvest; quince jelly and green peppercorn notes.,https://www.cognac-expert.com/vintage-cognac/hine-1976-millesime-cognac,2026-06-15,https://static.cognac-expert.com/541-thickbox_default/hine-1976-millesime-cognac.webp,cognac_france
Cognac,Hine,"Jarnac, France",Hine,blended,NULL,FALSE,FALSE,Grande Champagne; Millésime; 1981 Early Landed,NULL,1981,NULL,NULL,NULL,NULL,NULL,NULL,"Honey, apricot, honeysuckle on the nose; extremely soft palate with dried fruit flavors and elegant, balanced finish.",https://www.cognac-expert.com/vintage-cognac/hine-vintage-cognac-millesime-1981-early-landed,2026-06-15,https://static.cognac-expert.com/95-thickbox_default/hine-vintage-cognac-millesime-1981-early-landed.webp,cognac_france
Cognac,Hine,"Jarnac, France",Hine,blended,NULL,FALSE,FALSE,Grande Champagne; Millésime; 1982,NULL,1982,NULL,NULL,NULL,NULL,NULL,NULL,Floral aromas and sweet notes of candied fruits and vanilla essence; dried sweetness with raisins and dried figs.,https://www.cognac-expert.com/vintage-cognac/hine-millesime-vintage-1982-cognac,2026-06-15,https://static.cognac-expert.com/1813-thickbox_default/hine-millesime-vintage-1982-cognac.webp,cognac_france
Cognac,Hine,"Jarnac, France",Hine,blended,NULL,FALSE,FALSE,Grande Champagne; Millésime; 1982 Early Landed,NULL,1982,NULL,NULL,NULL,NULL,NULL,NULL,NULL,https://www.cognac-expert.com/vintage-cognac/hine-vintage-cognac-millesime-1982-early-landed,2026-06-15,https://static.cognac-expert.com/908-thickbox_default/hine-vintage-cognac-millesime-1982-early-landed.webp,cognac_france
Cognac,Hine,"Jarnac, France",Hine,blended,NULL,FALSE,FALSE,Grande Champagne; Millésime; 1983,NULL,1983,NULL,80,40,NULL,NULL,NULL,"Damp tobacco leaves and fresh hazelnuts, dominant aromas of cedar wood with underlying waxed leather hints.",https://www.bbr.com/products-19838161183-1983-hine-aged-20-years-in-cask-bottled-2023-cognac-40%25; https://www.cognac-expert.com/vintage-cognac/hine-vintage-cognac-coffret-millesime-1960-1975-1983,2026-06-15,https://static.cognac-expert.com/93-thickbox_default/hine-vintage-cognac-coffret-millesime-1960-1975-1983.webp,cognac_france
Cognac,Hine,"Jarnac, France",Hine,blended,NULL,FALSE,FALSE,Grande Champagne; Millésime; 1983 Early Landed,NULL,1983,NULL,80,40,NULL,NULL,NULL,"Sweetness with fruit, ginger, vanilla and gingerbread on the nose; beautiful harmony between soft palate and strong finish.",https://www.bbr.com/products-19838161170-1983-hine-early-landed-aged-20-years-in-cask-bottled-2023-cognac-40%25; https://www.cognac-expert.com/vintage-cognac/hine-vintage-cognac-millesime-1983-early-landed,2026-06-15,https://static.cognac-expert.com/8380-thickbox_default/hine-vintage-cognac-millesime-1983-early-landed.webp,cognac_france
Cognac,Hine,"Jarnac, France",Hine,blended,NULL,FALSE,FALSE,Grande Champagne; Millésime; 1985,NULL,1985,NULL,NULL,NULL,NULL,NULL,NULL,NULL,https://www.cognac-expert.com/vintage-cognac/hine-millesime-1985,2026-06-15,https://static.cognac-expert.com/8381-thickbox_default/hine-millesime-1985.webp,cognac_france
Cognac,Hine,"Jarnac, France",Hine,blended,NULL,FALSE,FALSE,Grande Champagne; Millésime; 1986,NULL,1986,NULL,80,40,NULL,NULL,NULL,NULL,https://www.bbr.com/products-19868161196-1986-hine-aged-21-years-in-cask-bottled-2023-cognac-40%25,2026-06-15,NULL,cognac_france
Cognac,Hine,"Jarnac, France",Hine,blended,NULL,FALSE,FALSE,Grande Champagne; Millésime; 1986 Early Landed,NULL,1986,NULL,80,40,NULL,NULL,NULL,NULL,https://www.bbr.com/products-19868161200-1986-hine-early-landed-aged-21-years-in-cask-bottled-2023-cognac-40%25,2026-06-15,NULL,cognac_france
Cognac,Hine,"Jarnac, France",Hine,blended,NULL,FALSE,FALSE,Grande Champagne; Millésime; 1987,NULL,1987,NULL,80,40,NULL,NULL,NULL,NULL,https://www.bbr.com/products-19878161183-1987-hine-bottled-2023-grande-champagne-cognac-40%25; https://www.cognac-expert.com/vintage-cognac/hine-millesime-1987-cognac,2026-06-15,https://static.cognac-expert.com/8378-thickbox_default/hine-millesime-1987-cognac.webp,cognac_france
Cognac,Hine,"Jarnac, France",Hine,blended,NULL,FALSE,FALSE,Grande Champagne; Millésime; 1987 Early Landed,NULL,1987,NULL,NULL,NULL,NULL,NULL,NULL,Orange peel and citrus fruit bouquet; irresistible notes of liquorice on the palate from cold year aged in humid Bristol cellars.,https://www.cognac-expert.com/vintage-cognac/hine-millesime-1987-early-landed-cognac,2026-06-15,https://static.cognac-expert.com/8376-thickbox_default/hine-millesime-1987-early-landed-cognac.webp,cognac_france
Cognac,Hine,"Jarnac, France",Hine,blended,NULL,FALSE,FALSE,Grande Champagne; Millésime; 1988,NULL,1988,NULL,80,40,NULL,NULL,NULL,NULL,https://www.bbr.com/products-19888161183-1988-hine-aged-20-years-in-cask-bottled-2023-cognac-40%25; https://www.cognac-expert.com/vintage-cognac/hine-1988-millesime-cognac,2026-06-15,https://static.cognac-expert.com/549-thickbox_default/hine-1988-millesime-cognac.webp,cognac_france
Cognac,Hine,"Jarnac, France",Hine,blended,NULL,FALSE,FALSE,Grande Champagne; Millésime; 1989,NULL,1989,NULL,80,40,NULL,NULL,NULL,NULL,https://www.bbr.com/products-19898161213-1989-hine-bottled-2023-grande-champagne-cognac-40%25,2026-06-15,NULL,cognac_france
Cognac,Hine,"Jarnac, France",Hine,blended,NULL,FALSE,FALSE,Grande Champagne; Millésime; 1990,NULL,1990,NULL,NULL,NULL,NULL,NULL,NULL,"Delicate floral carnation and wildflower aromas with honey, toffee and ginger; rich spices on the palate leading to a long complex finish.",https://www.cognac-expert.com/vintage-cognac/hine-1990-millesime-cognac-grande-champagne,2026-06-15,https://static.cognac-expert.com/8384-thickbox_default/hine-1990-millesime-cognac-grande-champagne.webp,cognac_france
Cognac,Hine,"Jarnac, France",Hine,blended,NULL,FALSE,FALSE,Grande Champagne; Millésime; 1991,NULL,1991,NULL,80,40,NULL,NULL,NULL,NULL,https://www.bbr.com/products-19918161213-1991-hine-aged-22-years-in-cask-bottled-2023-cognac-40%25,2026-06-15,NULL,cognac_france
Cognac,Hine,"Jarnac, France",Hine,blended,NULL,FALSE,FALSE,Grande Champagne; Millésime; 1992,NULL,1992,NULL,80,40,NULL,NULL,NULL,NULL,https://www.bbr.com/producer-4445-hine,2026-06-15,NULL,cognac_france
Cognac,Hine,"Jarnac, France",Hine,blended,NULL,FALSE,FALSE,Fine Champagne; Vieille Reserve; Vieille Fine Champagne 60 Year Old Bot.1960s,60,NULL,NULL,80,40,NULL,NULL,NULL,NULL,https://www.thewhiskyexchange.com/p/32566/hine-vieille-fine-champagne-cognac-60-year-old-bot1960s,2026-06-15,https://img.thewhiskyexchange.com/540/cognc_hin65.jpg,cognac_france
Cognac,Frapin,"Segonzac, France",Frapin,own_make,NULL,FALSE,FALSE,Grande Champagne; VS; VS Luxe,VS,NULL,NULL,80,40,NULL,Limousin oak,NULL,"Fresh, lively entry-level Grande Champagne VS with floral and fruit character, aged well beyond the legal VS minimum.",https://www.cognac-frapin.com/en/cognacs; https://whiskyauctioneer.com/learn/explore-whisky/bottles/frapin-vs-luxe-grande-champagne-cognac; https://www.wineenthusiast.com/buying-guide/frapin-vs-luxe-grande-champagne-cognac/,2026-06-15,https://assets.whiskyauctioneer.com/styles/xlarge_16_9/s3/IMG_7682_7.JPG,cognac_france
Cognac,Frapin,"Segonzac, France",Frapin,own_make,NULL,FALSE,FALSE,Grande Champagne; VSOP; VSOP Grande Champagne,VSOP,NULL,NULL,80,40,NULL,Limousin oak,NULL,Gold medal winner at Cognac Master 2024 VSOP Single Estate category; notes of dried fruit and spice with a gentle floral nose.,https://www.cognac-frapin.com/en/cognacs/heritage-de-la-maison/frapin-vsop; https://www.thewhiskyexchange.com/b/351/frapin-cognac; https://www.masterofmalt.com/distilleries/frapin-cognac-distillery/,2026-06-15,NULL,cognac_france
Cognac,Frapin,"Segonzac, France",Frapin,own_make,NULL,FALSE,FALSE,Grande Champagne; XO; Château Fontpinot XO,XO,NULL,NULL,82,41,NULL,Limousin oak,NULL,"Single family estate, distilled on lees and cellared in a dry cellar; rich dried fruits, rancio and elegant floral complexity.",https://www.cognac-frapin.com/en/cognacs/tresors-du-chateau/chateau-fontpinot-xo; https://www.thewhiskyexchange.com/p/14239/frapin-chateau-de-fontpinot-xo-cognac; https://www.masterofmalt.com/distilleries/frapin-cognac-distillery/,2026-06-15,https://img.thewhiskyexchange.com/540/cognc_fra9.jpg,cognac_france
Cognac,Frapin,"Segonzac, France",Frapin,own_make,NULL,FALSE,FALSE,Grande Champagne; XO; Cigar Blend XO,XO,NULL,NULL,80,40,NULL,Limousin oak,NULL,"Crafted to pair with cigars; rich tobacco, leather and dried-fruit notes with a long, warming finish.",https://www.cognac-frapin.com/en/cognacs/tresors-du-chateau/cigar-blend-xo; https://www.thewhiskyexchange.com/p/68106/frapin-cigar-blend-xo-cognac; https://www.masterofmalt.com/distilleries/frapin-cognac-distillery/,2026-06-15,https://img.thewhiskyexchange.com/540/cognc_fra44.jpg,cognac_france
Cognac,Frapin,"Segonzac, France",Frapin,own_make,NULL,FALSE,FALSE,Grande Champagne; Hors d'Âge; 1270 (Cuvée 1270),NULL,NULL,NULL,80,40,NULL,Limousin oak,NULL,"Named for the year the Frapin family settled in Grande Champagne; entry-level expression with soft, floral and fruity character.",https://www.cognac-frapin.com/en/cognacs/heritage-de-la-maison/frapin-1270; https://www.thewhiskyexchange.com/p/43309/frapin-1270-premier-cru-grande-champagne-cognac; https://www.masterofmalt.com/distilleries/frapin-cognac-distillery/,2026-06-15,NULL,cognac_france
Cognac,Frapin,"Segonzac, France",Frapin,own_make,NULL,FALSE,FALSE,Grande Champagne; Hors d'Âge; Cuvée 1888,NULL,NULL,NULL,80,40,NULL,Limousin oak,NULL,"Ultra-prestige cuvée named for 1888; complex, ancient eaux-de-vie in a crystal decanter with deep rancio and dried-fruit character.",https://www.thewhiskyexchange.com/p/5420/frapin-cuvee-1888-cognac-crystal-decanter; https://www.thewhiskyexchange.com/b/351/frapin-cognac,2026-06-15,https://img.thewhiskyexchange.com/540/cognc_fra1.jpg,cognac_france
Cognac,Frapin,"Segonzac, France",Frapin,own_make,NULL,FALSE,FALSE,Grande Champagne; Hors d'Âge; Plume Frapin,NULL,NULL,NULL,80,40,NULL,Limousin oak,NULL,"Ultra-rare top-tier expression; profoundly old eaux-de-vie with extraordinary complexity of rancio, candied citrus and spice.",https://www.thewhiskyexchange.com/p/22783/plume-frapin-grande-champagne-cognac; https://www.masterofmalt.com/cognac/frapin/plume-frapin-cognac/,2026-06-15,https://img.thewhiskyexchange.com/540/cognc_fra22.jpg,cognac_france
Cognac,Frapin,"Segonzac, France",Frapin,own_make,NULL,FALSE,FALSE,Grande Champagne; XO; VIP XO,XO,NULL,NULL,80,40,NULL,Limousin oak,NULL,"Awarded Best Cognac XXO 2025 at World Cognac Awards; structured with rancio, dried fruits, vanilla and subtle oak.",https://www.cognac-frapin.com/en/cognacs/heritage-de-la-maison/xo-vip; https://www.thewhiskyexchange.com/p/14241/frapin-vip-xo-cognac; https://www.cognac-frapin.com/en/news/world-cognac-awards-2025,2026-06-15,https://img.thewhiskyexchange.com/540/cognc_fra10.jpg,cognac_france
Cognac,Frapin,"Segonzac, France",Frapin,own_make,NULL,FALSE,FALSE,Grande Champagne; Extra; Extra Grande Champagne,Extra,NULL,NULL,80,40,NULL,Limousin oak,NULL,"Extremely old assemblage above XO; profound rancio, walnut, candied citrus and an enduring aromatic finish.",https://www.cognac-frapin.com/en/cognacs/heritage-de-la-maison/extra; https://www.thewhiskyexchange.com/b/351/frapin-cognac; https://www.masterofmalt.com/cognac/frapin/frapin-extra-grande-champagne-cognac/,2026-06-15,NULL,cognac_france
Cognac,Frapin,"Segonzac, France",Frapin,own_make,NULL,FALSE,FALSE,Grande Champagne; Hors d'Âge; Cuvée Rabelais,NULL,NULL,NULL,80,40,NULL,Limousin oak,NULL,"Named for 16th-century author François Rabelais, a family member; one of Frapin's most prestigious and rare bottlings.",https://www.cognac-frapin.com/en/cognacs/heritage-de-la-maison/cuvee-rabelais; https://www.thewhiskyexchange.com/p/47944/frapin-cuvee-rabelais,2026-06-15,https://img.thewhiskyexchange.com/540/cognc_fra34.jpg,cognac_france
Cognac,Frapin,"Segonzac, France",Frapin,own_make,NULL,FALSE,FALSE,Grande Champagne; XO; Frapin 15 Ans d'Âge,15,NULL,NULL,NULL,NULL,NULL,Limousin oak,NULL,"Gold medal in XO Single Estate at Cognac Master 2024; structured with candied fruit, dried fig and lingering rancio.",https://www.cognac-frapin.com/en/cognacs/tresors-du-chateau/frapin-15-ans-d-age; https://www.cognac-frapin.com/en/news/cognac-master-2024,2026-06-15,NULL,cognac_france
Cognac,Frapin,"Segonzac, France",Frapin,own_make,NULL,FALSE,FALSE,Grande Champagne; Millésime; Millésime 1979,NULL,1979,NULL,80.6,40.3,NULL,Limousin oak,NULL,"Single-vintage 40 Year Old Grande Champagne; dried fruit, rancio, walnut and warm spice with exceptional length.",https://www.masterofmalt.com/cognac/frapin/frapin-millesime-40-year-old-1979-grande-champagne-cognac/; https://taninowines.com/en/cognac/1026-frapin-multimillesime-1979-1983-1985-grande-champagne.html,2026-06-15,https://cdn11.bigcommerce.com/s-e8lbekfe7c/images/stencil/1024w/attribute_rule_images/53295_source_1758884142.jpg,cognac_france
Cognac,Frapin,"Segonzac, France",Frapin,own_make,NULL,FALSE,FALSE,Grande Champagne; Millésime; Millésime 1982,40,1982,NULL,81.2,40.6,NULL,Limousin oak,NULL,"Single-vintage 40 Year Old Grande Champagne; deep rancio and oxidative notes, the base year of multiple Multimillésime releases.",https://www.thewhiskyexchange.com/p/84312/frapin-1982-grande-champagne-cognac-40-year-old; https://www.vintage-liquors.com/en/frapin-cognac/4536-frapin-cognac-multimillesime-n4-198219831985.html,2026-06-15,https://img.thewhiskyexchange.com/540/cognc_fra1982.jpg,cognac_france
Cognac,Frapin,"Segonzac, France",Frapin,own_make,NULL,FALSE,FALSE,Grande Champagne; Millésime; Multimillésime No.1 (1979/1983/1985),NULL,NULL,No. 1,NULL,NULL,NULL,Limousin oak,NULL,"First-ever multi-vintage blend from Frapin released 2008; blend of 1979, 1983 and 1985 eaux-de-vie, Grande Champagne.",https://taninowines.com/en/cognac/1026-frapin-multimillesime-1979-1983-1985-grande-champagne.html; https://www.cognac-expert.com/vintage-cognac/frapin-multimillesime-series-no-4-cognac,2026-06-15,NULL,cognac_france
Cognac,Frapin,"Segonzac, France",Frapin,own_make,NULL,FALSE,FALSE,Grande Champagne; Millésime; Multimillésime No.3 (1982/1983/1986),NULL,NULL,No. 3,NULL,NULL,NULL,Limousin oak,NULL,"Blend of 1982 (rancio/oxidative), 1983 (pulpy fruitiness), 1986 (finesse and elegance); Grande Champagne premier cru.",https://www.vintage-liquors.com/en/frapin-cognac/4535-frapin-cognac-multimillesime-n3-198219831986.html; https://www.cognac-expert.com/vintage-cognac/frapin-multimillesime-series-no-4-cognac,2026-06-15,NULL,cognac_france
Cognac,Frapin,"Segonzac, France",Frapin,own_make,NULL,FALSE,FALSE,Grande Champagne; Millésime; Multimillésime No.4 (1982/1983/1985),NULL,NULL,No. 4,NULL,NULL,NULL,Limousin oak,NULL,"Blend of 1982, 1983 and 1985 eaux-de-vie; assembled 2008 then aged further 4 years together, Grande Champagne.",https://www.cognac-expert.com/vintage-cognac/frapin-multimillesime-series-no-4-cognac; https://www.vintage-liquors.com/en/frapin-cognac/4536-frapin-cognac-multimillesime-n4-198219831985.html,2026-06-15,https://static.cognac-expert.com/537-thickbox_default/frapin-multimillesime-series-no-4-cognac.webp,cognac_france
Cognac,Frapin,"Segonzac, France",Frapin,own_make,NULL,FALSE,FALSE,Grande Champagne; Millésime; Multimillésime No.5 (1982/1986/1989),NULL,NULL,No. 5,81.4,40.7,NULL,Limousin oak,NULL,"Limited to 1,270 bottles; blend of 1982, 1986 and 1989 eaux-de-vie with tropical fruit, dried fig and rancio.",https://www.cognac-expert.com/vintage-cognac/frapin-multimillesime-no-5-cognac; https://www.masterofmalt.com/cognac/frapin/frapin-multimillesime-no5-cognac/,2026-06-15,https://static.cognac-expert.com/1887-thickbox_default/frapin-multimillesime-no-5-cognac.webp,cognac_france
Cognac,Frapin,"Segonzac, France",Frapin,own_make,NULL,FALSE,FALSE,Grande Champagne; Millésime; Multimillésime No.6 (1986/1988/1991),NULL,NULL,No. 6,83.4,41.7,NULL,Limousin oak,NULL,"World's Best Cognac 2016 (World Cognac Awards); rich gingerbread, peach, almond and Christmas-cake spice from 1986/1988/1991.",https://www.thewhiskyexchange.com/p/30257/frapin-multimillesime-no6-1986-1988-1991; https://www.cognac-expert.com/vintage-cognac/frapin-multimillesime-no-6,2026-06-15,https://img.thewhiskyexchange.com/540/cognc_fra27.jpg,cognac_france
Cognac,Frapin,"Segonzac, France",Frapin,own_make,NULL,FALSE,FALSE,Grande Champagne; Millésime; Multimillésime No.7 (1989/1991/1993),NULL,NULL,No. 7,81.6,40.8,NULL,Limousin oak,NULL,"ISC 2020 Gold; floral and lime nose giving way to candied apricot, vanilla and long-lasting rancio from 1989/1991/1993.",https://www.cognac-expert.com/vintage-cognac/frapin-multimillesime-no-7; https://www.masterofmalt.com/cognac/frapin/frapin-multimillesime-no7-cognac/,2026-06-15,https://static.cognac-expert.com/14538-thickbox_default/frapin-multimillesime-no-7.webp,cognac_france
Cognac,Frapin,"Segonzac, France",Frapin,own_make,NULL,FALSE,FALSE,Grande Champagne; Millésime; Millésime 1990 (30 ans),30,1990,NULL,83.6,41.8,NULL,Limousin oak,NULL,"From the Chez Piet vineyard; candied orange, dried fig, rancio and a hint of licorice; multiple awards including Cognac Master Trophy 2023.",https://www.cognac-frapin.com/en/cognacs/tresors-du-chateau/millesime-1990-30-ans; https://www.masterofmalt.com/cognac/frapin/frapin-30-year-old-1990-cognac/,2026-06-15,https://cdn11.bigcommerce.com/s-e8lbekfe7c/images/stencil/1024w/attribute_rule_images/62245_source_1763047835.jpg,cognac_france
Cognac,Frapin,"Segonzac, France",Frapin,own_make,NULL,FALSE,FALSE,Grande Champagne; Millésime; Millésime 1992 (26 ans),26,1992,NULL,81,40.5,NULL,Limousin oak,NULL,"Last vintage to join Frapin's rare collection; aged 26 years in sealed barrels with apricot, vanilla and delicate woody notes.",https://www.masterofmalt.com/cognac/frapin/frapin-millesime-26-year-old-1992-grand-champagne-cognac/; https://www.cognac-expert.com/vintage-cognac/frapin-multimillesime-series-no-4-cognac,2026-06-15,https://cdn11.bigcommerce.com/s-e8lbekfe7c/images/stencil/1024w/attribute_rule_images/55353_source_1758884056.jpg,cognac_france
Cognac,Frapin,"Segonzac, France",Frapin,own_make,NULL,FALSE,FALSE,Grande Champagne; Millésime; Millésime 1995 (25 ans),25,1995,NULL,82.8,41.4,NULL,Limousin oak,NULL,"Single-vintage 25 Year Old Grande Champagne; fresh, fruit-driven profile with floral lift and developing rancio.",https://www.masterofmalt.com/cognac/frapin/frapin-25-year-old-1995-cognac/; https://www.cognac-frapin.com/en/cognacs/tresors-du-chateau,2026-06-15,https://cdn11.bigcommerce.com/s-e8lbekfe7c/images/stencil/1024w/attribute_rule_images/44097_source_1758884479.jpg,cognac_france
Cognac,Frapin,"Segonzac, France",Frapin,own_make,NULL,FALSE,FALSE,Grande Champagne; Millésime; Millésime 1997 (27 ans),27,1997,NULL,NULL,NULL,NULL,Limousin oak,NULL,"Launched 2025; single-vintage 27 Year Old from Trésors du Château collection, Grande Champagne.",https://www.cognac-frapin.com/en/cognacs/tresors-du-chateau/millesime-1997-27-ans; https://www.thespiritsbusiness.com/2025/11/frapin-launches-millesime-1997-27-years-old/,2026-06-15,https://www.thespiritsbusiness.com/content/uploads/2025/11/Frapin-Millesime-1997.jpg,cognac_france
Cognac,Frapin,"Segonzac, France",Frapin,own_make,NULL,FALSE,FALSE,Grande Champagne; Millésime; Millésime 1998 (25 ans),25,1998,NULL,NULL,NULL,NULL,Limousin oak,NULL,Part of Trésors du Château collection; single-vintage 25 Year Old Grande Champagne with vibrant fruit and spice.,https://www.cognac-frapin.com/en/cognacs/tresors-du-chateau/millesime-1998-25-ans; https://worldoffinewine.com/news-features/frapin-cogn,2026-06-15,https://worldoffinewine.com/wp-content/uploads/sites/9/2025/03/montagearomesTrilogieHD1-800x418.webp,cognac_france
Cognac,Frapin,"Segonzac, France",Frapin,own_make,NULL,FALSE,FALSE,Grande Champagne; Millésime; Trilogie Frapin N°1,NULL,NULL,Trilogie N°1,82.4,41.2,NULL,Limousin oak,NULL,Gold medal at XO Ultra Premium (World Cognac Awards 2025); a new vintage-blend trilogy continuing the Multimillésime tradition.,https://www.cognac-frapin.com/en/cognacs/tresors-du-chateau/trilogie-frapin-n-1; https://www.masterofmalt.com/cognac/frapin/frapin-trilogie-cognac-no1-cognac/; https://www.cognac-frapin.com/en/news/world-cognac-awards-2025,2026-06-15,NULL,cognac_france
Cognac,Frapin,"Segonzac, France",Frapin,own_make,NULL,FALSE,FALSE,Grande Champagne; Millésime; Frapin 1948 (Berry Bros. & Rudd bottling),NULL,1948,BBR Exclusive,81,40.5,NULL,NULL,NULL,"Historic 1948 vintage bottled 1976 by Berry Bros. & Rudd; extraordinary age with rancio, dried fruit and warm spice.",https://www.masterofmalt.com/cognac/frapin/frapin-co-1948-bottled-1976-grande-champagne-cognac-berry-bros-and-rudd-cognac/,2026-06-15,https://cdn11.bigcommerce.com/s-e8lbekfe7c/images/stencil/1024w/attribute_rule_images/64947_source_1758885708.jpg,cognac_france
Cognac,Frapin,"Segonzac, France",Frapin,own_make,NULL,FALSE,FALSE,Grande Champagne; Hors d'Âge; 750th Anniversary Edition,NULL,NULL,750th Anniversary,87,43.5,NULL,Limousin oak,NULL,"Prestige cuvée commemorating Frapin's 750 years in Grande Champagne; extremely rare, exceptional age and complexity.",https://www.thewhiskyexchange.com/p/66181/frapin-750th-anniversary-edition-cognac,2026-06-15,https://img.thewhiskyexchange.com/540/cognc_fra43.jpg,cognac_france
Cognac,Frapin,"Segonzac, France",Frapin,own_make,NULL,FALSE,FALSE,Grande Champagne; Hors d'Âge; Fontpinot XO 100th Anniversary,XO,NULL,100th Anniversary,82,41,NULL,Limousin oak,NULL,"Centenary reimagining of the classic Château Fontpinot XO with refreshed packaging; same expression, significant milestone release.",https://www.masterofmalt.com/cognac/frapin/frapin-chateaux-fontpinot-xo-100th-anniversary-cognac/,2026-06-15,https://cdn11.bigcommerce.com/s-e8lbekfe7c/images/stencil/1024w/attribute_rule_images/62291_source_1758885278.jpg,cognac_france
Cognac,Frapin,"Segonzac, France",Frapin,own_make,NULL,FALSE,FALSE,Grande Champagne; Hors d'Âge; Frapin 15 Year Old Cask Strength,15,NULL,NULL,90.6,45.3,NULL,Limousin oak,NULL,"Rare cask-strength expression at 15 years old; concentrated Grande Champagne character with heightened fruit, spice and rancio.",https://www.masterofmalt.com/cognac/frapin/frapin-15-year-old-cask-strength-cognac/,2026-06-15,https://cdn11.bigcommerce.com/s-e8lbekfe7c/images/stencil/1024w/attribute_rule_images/2710_source_1758883950.jpg,cognac_france
Cognac,Delamain,"Jarnac, France",Delamain,blended,NULL,FALSE,FALSE,Grande Champagne; XO; Pale & Dry XO,XO,NULL,NULL,84,42,NULL,old Limousin oak,NULL,"Created 1920; no added sugar or colouring; pale, delicate and dry with vanilla, apricot, passion fruit and orange zest.",https://www.delamain-cognac.com/en/collections/pale-dry-xo/; https://www.thewhiskyexchange.com/p/1710/delamain-pale-dry-xo-cognac; https://delamain.cognatheque.com/en/448-our-cognacs,2026-06-15,https://img.thewhiskyexchange.com/540/cognc_del1.jpg,cognac_france
Cognac,Delamain,"Jarnac, France",Delamain,blended,NULL,FALSE,FALSE,Grande Champagne; XO; Vesper XO,XO,NULL,NULL,84,42,NULL,old Limousin oak,NULL,"Created 1950s, named for the evening star; approximately 35 years average age, richer and more complex than Pale & Dry.",https://www.cognac-expert.com/xo-cognac/delamain-xo-cognac-vesper; https://www.drinkhacker.com/2008/07/27/review-four-delamain-cognacs/,2026-06-15,https://static.cognac-expert.com/5169-thickbox_default/delamain-xo-cognac-vesper.webp,cognac_france
Cognac,Delamain,"Jarnac, France",Delamain,blended,NULL,FALSE,FALSE,Grande Champagne; Hors d'Âge; Très Vénérable,NULL,NULL,NULL,90,45,NULL,old Limousin oak,NULL,Introduced 1976; blend averaging 45–50 years; reduced using aged low-strength cognacs (faibles) not water; profound depth and refinement.,https://www.cognac-expert.com/xo-cognac/delamain-xo-tres-venerable-cognac-de-grande-champagne; https://www.drinkhacker.com/2008/07/27/review-four-delamain-cognacs/,2026-06-15,https://static.cognac-expert.com/7544-thickbox_default/delamain-xo-tres-venerable-cognac-de-grande-champagne.webp,cognac_france
Cognac,Delamain,"Jarnac, France",Delamain,blended,NULL,FALSE,FALSE,Grande Champagne; Extra; Extra de Grande Champagne,Extra,NULL,NULL,NULL,NULL,NULL,old Limousin oak,NULL,Declared a masterpiece by Wine Enthusiast; very old multi-cask blend aged separately then married 2 years in one barrel.,https://www.cognac-expert.com/extra-cognac/delamain-extra-cognac-de-grande-champagne; https://www.diffordsguide.com/beer-wine-spirits/1406/delamain-extra-de-grande-champagne-decanter,2026-06-15,https://static.cognac-expert.com/4892-thickbox_default/delamain-extra-cognac-de-grande-champagne.webp,cognac_france
Cognac,Delamain,"Jarnac, France",Delamain,blended,NULL,FALSE,FALSE,Grande Champagne; Vieille Réserve; Réserve de la Famille,NULL,NULL,NULL,86,43,NULL,old Limousin oak,NULL,"Single cask, unblended, 50–60 years old; alcohol naturally reduced by age; limited to ~180 bottles, previously reserved for family.",https://www.cognac-expert.com/hors-d-age-cognac/delamain-xo-cognac-reserve-de-la-famille; https://www.thewhiskyexchange.com/p/1711/delamain-cognac-reserve-de-la-famille,2026-06-15,https://static.cognac-expert.com/2134-thickbox_default/delamain-xo-cognac-reserve-de-la-famille.webp,cognac_france
Cognac,Delamain,"Jarnac, France",Delamain,blended,NULL,FALSE,FALSE,Grande Champagne; Hors d'Âge; Le Voyage de Delamain,NULL,NULL,NULL,84,42,NULL,old Limousin oak,NULL,"Tribute to founder James Delamain's first journey; rich, profound and long with signature Delamain elegance.",https://www.cognac-expert.com/hors-d-age-cognac/le-voyage-de-delamain-cognac; https://www.bbr.com/products-10008137959-delamain-le-voyage-de-delamain-grande-champagne-cognac-42%25,2026-06-15,https://static.cognac-expert.com/2137-thickbox_default/le-voyage-de-delamain-cognac.webp,cognac_france
Cognac,Delamain,"Jarnac, France",Delamain,blended,NULL,FALSE,FALSE,Grande Champagne; XXO; Delamain XXO,XXO,NULL,NULL,NULL,NULL,NULL,old Limousin oak,NULL,"Prestige XXO expression from Delamain; aged well beyond the XXO minimum, refined and complex from Grande Champagne.",https://www.delamain-cognac.com/en/collections/delamain-xxo/; https://delamain.cognatheque.com/en/cognac-delamain-online/3086-xxo-grande-champagne-cognac-delamain.html,2026-06-15,https://www.delamain-cognac.com/wp-content/uploads/2023/12/prestige-xxo.jpg,cognac_france
Cognac,Delamain,"Jarnac, France",Delamain,blended,NULL,FALSE,FALSE,Grande Champagne; Hors d'Âge; L'Oiseau Rare,NULL,NULL,NULL,84,42,NULL,40-hectolitre wooden vat,NULL,"Bicentenary 2024 release; blend of eaux-de-vie 60–85 years old from Cellar Master Touteau's private selection; orange zest, red fruits and cardamom.",https://www.delamain-cognac.com/en/collections/loiseau-rare/; https://www.thespiritsbusiness.com/2024/07/delamain-cognac-debuts-loiseau-rare/; https://www.cognac-expert.com/hors-d-age-cognac/delamain-l-oiseau-rare-cognac,2026-06-15,https://www.thespiritsbusiness.com/content/uploads/2024/07/DELAMAIN-Loiseau-rare.jpg,cognac_france
Cognac,Delamain,"Jarnac, France",Delamain,blended,NULL,FALSE,FALSE,Grande Champagne; Single Cask; Pléiade — Single Vineyard Domaine La Rambaudie,NULL,NULL,NULL,NULL,NULL,NULL,NULL,NULL,"Single-vineyard expression from Delamain's own La Rambaudie estate (acquired 2019); unblended, no added sugar or colour.",https://delamain.cognatheque.com/en/cognac-delamain-online/3083-delamain-cognac-domaine-la-rambaudie-xo-single-vineyard-grande-champagne-limited-edition.html; https://www.delamain-cognac.com/en/collections/,2026-06-15,https://delamain.cognatheque.com/7214-large_default/delamain-cognac-domaine-la-rambaudie-xo-single-vineyard-grande-champagne-limited-edition.jpg,cognac_france
Cognac,Delamain,"Jarnac, France",Delamain,blended,NULL,FALSE,FALSE,Grande Champagne; Single Cask; Pléiade Ancestral — Collection Apogée,NULL,NULL,Ancestral Apogée,87,43.5,NULL,old Limousin oak,NULL,"Single cask at cask strength; extremely old eaux-de-vie from Grande Champagne, unblended and unreduced, Apogée tier.",https://www.cognac-expert.com/ancestrale-cognac/delamain-ancestral-collection-apogee-cognac; https://www.thewhiskyexchange.com/p/80634/delamain-ancestral-pleiade-collection-apogee,2026-06-15,https://static.cognac-expert.com/7555-thickbox_default/delamain-ancestral-collection-apogee-cognac.webp,cognac_france
Cognac,Delamain,"Jarnac, France",Delamain,blended,NULL,FALSE,FALSE,Grande Champagne; Single Cask; Pléiade Rare Cask Ancestral 26.1,NULL,NULL,Ancestral 26.1,NULL,NULL,NULL,old Limousin oak,NULL,"First in the Rare Cask Ancestral series; single cask of extraordinarily old Grande Champagne cognac, limited to ~190 bottles.",https://delamain.cognatheque.com/en/cognac-delamain-online/3089-rare-cask-ancestral-261-limited-edition.html; https://www.delamain-cognac.com/en/collections/,2026-06-15,https://delamain.cognatheque.com/7500-large_default/rare-cask-ancestral-261-limited-edition.jpg,cognac_france
Cognac,Delamain,"Jarnac, France",Delamain,blended,NULL,FALSE,FALSE,Grande Champagne; Millésime; Pléiade Plénitude — Millésime 1980,40,1980,Plénitude,84,42,NULL,French oak,NULL,"Single cask bottled July 2020; 380 bottles; old leather, walnut, autumn leaves, cinnamon, nutmeg and salted caramel.",https://www.thewhiskyexchange.com/p/57947/delamain-collection-plenitude-1980-cognac-40-year-old-pleiade,2026-06-15,https://img.thewhiskyexchange.com/540/cognc_del1980.jpg,cognac_france
Cognac,Delamain,"Jarnac, France",Delamain,blended,NULL,FALSE,FALSE,Grande Champagne; Millésime; Pléiade Plénitude — Millésime 1983,40,1983,Plénitude,NULL,NULL,NULL,old Limousin oak,NULL,"40 Years Collection Pléiade; rare limited-edition single-vintage single-cask from Grande Champagne, limited to 300 bottles.",https://www.grandsbourgognes.com/en/delamain/cognac-pl%C3%A9iade-mill%C3%A9sime-40-ans-15748.html; https://www.cognac-expert.com/vintage-cognac/delamain-collection-pleiade-vintage-1983-cognac,2026-06-15,https://grandsbourgognes.com/38832-large_default/cognac-pleiade-millesime-40-ans.jpg,cognac_france
Cognac,Delamain,"Jarnac, France",Delamain,blended,NULL,FALSE,FALSE,Grande Champagne; Millésime; Pléiade Plénitude — Millésime 1986,NULL,1986,Plénitude,NULL,NULL,NULL,old Limousin oak,NULL,Limited-edition single-vintage Grande Champagne from the Pléiade collection; refined and elegant from this fine harvest year.,https://delamain.cognatheque.com/en/cognac-delamain-online/3088-millesime-1986-limited-edition.html; https://www.delamain-cognac.com/en/collections/,2026-06-15,https://delamain.cognatheque.com/7498-large_default/millesime-1986-limited-edition.jpg,cognac_france
Cognac,Delamain,"Jarnac, France",Delamain,blended,NULL,FALSE,FALSE,Grande Champagne; Millésime; Pléiade Plénitude — Millésime 1988,NULL,1988,Plénitude,85,42.5,NULL,old Limousin oak,NULL,"From Bouteville; single cask 380 bottles bottled November 2020; complex fruit, vanilla and delicate spice.",https://www.divinecellar.com/en/cognac/1048-delamain-pleiade-collection-plenitude-1988-cognac-3259270310006.html; https://www.richardkihl.ltd.uk/latest-wine-offers/posts/2024/july/delamain-pleiade-collection-1988-1991-cognac/,2026-06-15,https://www.divinecellar.com/1933-large_default/delamain-pleiade-collection-plenitude-1988-cognac.jpg,cognac_france
Cognac,Delamain,"Jarnac, France",Delamain,blended,NULL,FALSE,FALSE,Grande Champagne; Millésime; Pléiade Plénitude — Millésime 1991,30,1991,Plénitude,92,46,NULL,350-litre Tronçais roux oak,NULL,"Single cask #250-2; 355 bottles; bottled Feb 2021; almond, leather, pepper, mango, vanilla, cashew and marzipan.",https://www.thewhiskyexchange.com/p/59658/delamain-collection-plenitude-1991-pleiade; https://www.closdesmillesimes.com/28539-cognac-cognac-delamain---collection-plenitude---pleiade---millesime-1991---30-ans---46-en.html,2026-06-15,https://img.thewhiskyexchange.com/540/cognc_del1991v1.jpg,cognac_france
Cognac,Delamain,"Jarnac, France",Delamain,blended,NULL,FALSE,FALSE,Grande Champagne; Millésime; Pléiade Révélation — Millésime 1995 (Ambleville),26,1995,Révélation,86,43,NULL,old Limousin oak,NULL,"Ambleville commune, single cask; 800 bottles; BBR Exclusive Cask variant also released; elegant and floral with fruit complexity.",https://www.bbr.com/products-19958234935-1995-delamain-pleiade-ambleville-26-year-old-grande-champagne-cognac-43%25-bbandr-exclusive-cask; https://www.premiumgrandscrus.com/en/vintage-cognac/3338-delamain-ambleville-1995-collection-revelation-pleiade-cognac-grande-champagne.html,2026-06-15,https://cdn.premiumgrandscrus.com/11275-large_default/delamain-ambleville-1995-collection-revelation-pleiade-cognac-grande-champagne.jpg,cognac_france
Cognac,Delamain,"Jarnac, France",Delamain,blended,NULL,FALSE,FALSE,Grande Champagne; Millésime; Pléiade Révélation — Millésime 1995 (general),30,1995,Révélation,NULL,NULL,NULL,old Limousin oak,NULL,Limited-edition 30-year-old 2025 release from the Pléiade collection; single-cask expression from Grande Champagne.,https://www.thedrinksbusiness.com/2025/07/delamain-cognac-unveils-limited-release-of-millesime-1995/; https://delamain.cognatheque.com/en/cognac-delamain-online/3088-millesime-1986-limited-edition.html,2026-06-15,https://www.thedrinksbusiness.com/content/uploads/2025/07/DELAMAIN-MILLESIME-1995-PAYSAGE-2.jpg,cognac_france
Cognac,Delamain,"Jarnac, France",Delamain,blended,NULL,FALSE,FALSE,Grande Champagne; Millésime; Pléiade — Témoignage M. Dauge (1969),NULL,1969,Apogée,NULL,NULL,NULL,old Limousin oak,NULL,"Distilled in a 6-hectolitre still by M. Dauge in 1969; last campaign; Apogée tier, tribute expression of extraordinary rarity.",https://www.cognac-expert.com/xo-cognac/delamain-temoignage-m-dauge-collection-pleiade-cognac; https://www.premiumgrandscrus.com/en/cognac-xo/5050-delamain-pleiade-temoignage-a-mr-dauge.html,2026-06-15,https://static.cognac-expert.com/12998-thickbox_default/delamain-temoignage-m-dauge-collection-pleiade-cognac.webp,cognac_france
Cognac,Delamain,"Jarnac, France",Delamain,blended,NULL,FALSE,FALSE,Grande Champagne; Millésime; Pléiade — Millésime 1973,NULL,1973,NULL,NULL,NULL,NULL,old Limousin oak,NULL,Rare single-vintage Grande Champagne from 1973; confirmed available via wine-searcher and specialist négociant listings.,https://www.wine-searcher.com/find/delamain+vintage+grand+champagne+cognac+france/1973; https://www.idealwine.com/en/wine-prices/172451------Bottle-Charente-Cognac-Delamain-Pleiade-Ancestral-Delamain-amber,2026-06-15,NULL,cognac_france
Cognac,Delamain,"Jarnac, France",Delamain,blended,NULL,FALSE,FALSE,Grande Champagne; Millésime; Pléiade — Millésime 1979,NULL,1979,NULL,NULL,NULL,NULL,old Limousin oak,NULL,Rare single-vintage Grande Champagne from 1979; confirmed available via wine-searcher négociant listings.,https://www.wine-searcher.com/find/delamain+vintage+grand+champagne+cognac+france/1979,2026-06-15,NULL,cognac_france
Cognac,Delamain,"Jarnac, France",Delamain,blended,NULL,FALSE,FALSE,Grande Champagne; Hors d'Âge; L'Édition Rare du Bicentenaire,NULL,NULL,Bicentenaire,NULL,NULL,NULL,old Limousin oak,NULL,"Marriage of five rare eaux-de-vie including 1947, 1893, 1914, 1965 and 1969; 200 bottles worldwide from December 2024.",https://www.delamain-cognac.com/en/collections/; https://laywheelertrading.com/magazine/latest-wine-offers/latest-spirits-offer-delamain-cognac-19th-august-2025/,2026-06-15,https://laywheelertrading-21644.kxcdn.com/wp-content/uploads/2025/08/Delamain-website-square-image.png,cognac_france
Cognac,Delamain,"Jarnac, France",Delamain,blended,NULL,FALSE,FALSE,Grande Champagne; XO; Pale & Dry XO (Centenaire Small Bottle),XO,NULL,Centenaire,84,42,NULL,old Limousin oak,NULL,Centenary format (20cl) of the flagship Pale & Dry XO; same expression marking 100 years of the iconic cuvée.,https://www.thewhiskyexchange.com/p/57803/delamain-pale-dry-xo-centenaire-small-bottle,2026-06-15,https://img.thewhiskyexchange.com/540/cognc_del49.jpg,cognac_france
Cognac,Delamain,"Jarnac, France",Delamain,blended,NULL,FALSE,FALSE,Grande Champagne; XO; Pale & Dry (Bot.1970s),XO,NULL,Bot.1970s,80,40,NULL,old Limousin oak,NULL,Historic 1970s bottling of Pale & Dry; excellent condition old release showing the original expression of the house flagship.,https://www.thewhiskyexchange.com/p/22114/delamain-pale-dry-cognac-bot1970s,2026-06-15,https://img.thewhiskyexchange.com/540/cognc_del31.jpg,cognac_france
Cognac,Delamain,"Jarnac, France",Delamain,blended,NULL,FALSE,FALSE,"Grande Champagne; Hors d'Âge; Très Vénérable (Bot.1980s, Daum Crystal)",NULL,NULL,Bot.1980s Daum Crystal,80,40,NULL,old Limousin oak,NULL,Historic 1980s bottling of Très Vénérable in Daum crystal decanter; rare collector presentation of this prestigious expression.,https://www.thewhiskyexchange.com/p/8697/delamain-tres-venerable-cognac-daum-crystal-bot1980s,2026-06-15,https://img.thewhiskyexchange.com/540/cognc_del9.jpg,cognac_france
Cognac,Delamain,"Jarnac, France",Delamain,blended,NULL,FALSE,FALSE,Grande Champagne; Hors d'Âge; The Explorer's Choice,NULL,NULL,NULL,NULL,NULL,NULL,old Limousin oak,NULL,Entry-level introductory expression from Delamain's online store; accessible Grande Champagne with the house's signature elegance.,https://delamain.cognatheque.com/en/cognac-delamain-online/3106-the-explorers-choice.html,2026-06-15,https://delamain.cognatheque.com/7294-large_default/the-explorers-choice.jpg,cognac_france
Cognac,Delamain,"Jarnac, France",Delamain,blended,NULL,FALSE,FALSE,Grande Champagne; Millésime; Millésime 40 ans 1983 (Delamain official),40,1983,NULL,NULL,NULL,NULL,350-litre red Limousin oak,NULL,"Verrières village cru; 300 bottles; apricot, nuts, white flowers, bitter orange zest, quince, litchi and fig jam with spicy finish.",https://www.delamain-cognac.com/en/collections/millesime-40-ans/; https://www.grandsbourgognes.com/en/delamain/cognac-pl%C3%A9iade-mill%C3%A9sime-40-ans-15748.html,2026-06-15,https://grandsbourgognes.com/38832-large_default/cognac-pleiade-millesime-40-ans.jpg,cognac_france
Cognac,Delamain,"Jarnac, France",Delamain,blended,NULL,FALSE,FALSE,"Grande Champagne; Single Cask; TV RES (Gastronomic Waves #1, Malternative Belgium)",NULL,NULL,Gastronomic Waves #1,85.8,42.9,NULL,old Limousin oak,NULL,"Très Vieux Réserve (50+ years) cask-strength single cask; 42 bottles; stewed apricot, quince, tangerine, mint and delicate rancio.",https://www.whiskynotes.be/2025/cognac/delamain-lot-62-tv-res-malternative-belgium-cognac/,2026-06-15,https://www.whiskynotes.be/wp-content/uploads/2025/10/delamain-lot-62-tv-res-cognac-malternative-belgium.jpg,cognac_france
Cognac,Delamain,"Jarnac, France",Delamain,blended,NULL,FALSE,FALSE,Petite Champagne; Single Cask; Lot 62 'Le Rossignol' (Malternative Belgium),NULL,NULL,Lot 62,108.8,54.4,NULL,old oak,NULL,"First independent bottling and first Petite Champagne from Delamain; 198 bottles; cask strength; dried apricot, leather, tobacco, cardamom and long minty finish. Score 92/100.",https://www.whiskynotes.be/2025/cognac/delamain-lot-62-tv-res-malternative-belgium-cognac/,2026-06-15,https://www.whiskynotes.be/wp-content/uploads/2025/10/delamain-lot-62-tv-res-cognac-malternative-belgium.jpg,cognac_france
Cognac,Delamain,"Jarnac, France",Delamain,blended,NULL,FALSE,FALSE,Grande Champagne; Single Cask; Rare Cask Ancestral 25.2,NULL,NULL,Ancestral 25.2,NULL,NULL,NULL,old Limousin oak,NULL,"Second in the Rare Cask Ancestral series; single cask of extraordinarily old Grande Champagne cognac, limited to ~180 bottles.",https://www.delamain-cognac.com/en/collections/; https://www.cognac-expert.com/ancestrale-cognac/delamain-ancestral-collection-apogee-cognac,2026-06-15,https://static.cognac-expert.com/7555-thickbox_default/delamain-ancestral-collection-apogee-cognac.webp,cognac_france
Cognac,Pierre Ferrand,"Ars, France",Pierre Ferrand,blended,NULL,FALSE,FALSE,Grande Champagne; VS; 1840 Original Formula,NULL,NULL,NULL,90,45,NULL,Limousin oak,NULL,"Honey, fresh blossom, cigar leaf, vanilla on the nose; dried peels, allspice, acacia honey and dried apricot on the palate.",https://www.masterofmalt.com/cognac/pierre-ferrand/pierre-ferrand-1840-original-formula-cognac/; https://www.cognac-expert.com/vs-cognac/pierre-ferrand-1840-original-formula-cognac,2026-06-15,https://cdn11.bigcommerce.com/s-e8lbekfe7c/images/stencil/1024w/attribute_rule_images/33507_source_1780262437.jpg,cognac_france
Cognac,Pierre Ferrand,"Ars, France",Pierre Ferrand,blended,NULL,FALSE,FALSE,Grande Champagne; Napoléon; Ambre,NULL,NULL,NULL,80,40,NULL,Limousin oak,NULL,"Floral aromas of iris and lilac with orchard fruits; dried peels, prune juice, apricot, manuka honey and Danish pastry on the palate.",https://www.masterofmalt.com/cognac/pierre-ferrand/pierre-ferrand-ambre-premier-cru-de-cognac/; https://www.cognac-expert.com/pierre-ferrand-ambre-premier-cru-de-cognac,2026-06-15,https://cdn11.bigcommerce.com/s-e8lbekfe7c/images/stencil/1024w/attribute_rule_images/33361_source_1778952030.jpg,cognac_france
Cognac,Pierre Ferrand,"Ars, France",Pierre Ferrand,blended,NULL,FALSE,FALSE,Grande Champagne; XO; Réserve (Discontinued),20 Years,NULL,NULL,80,40,NULL,Limousin oak,NULL,XO Grande Champagne blend averaging 20 years; replaced by Réserve Double Cask in 2017.,https://www.cognac-expert.com/xo-cognac/pierre-ferrand-reserve-20-years-old-cognac; https://www.thespiritsbusiness.com/2017/04/ferrand-swaps-reserve-for-double-cask-cognac/,2026-06-15,https://static.cognac-expert.com/5839-thickbox_default/pierre-ferrand-reserve-20-years-old-cognac.webp,cognac_france
Cognac,Pierre Ferrand,"Ars, France",Pierre Ferrand,blended,NULL,FALSE,FALSE,Grande Champagne; Hors d'Âge; Réserve Double Cask,NULL,NULL,NULL,84.6,42.3,NULL,French oak,Banyuls wine cask finish,Fresh apricot and zesty red berries with a hearty kick of cinnamon warmth; finished in ex-Banyuls fortified wine casks.,https://www.masterofmalt.com/cognac/pierre-ferrand/pierre-ferrand-double-cask-reserve-cognac/; https://www.cognac-expert.com/reserve-cognac/pierre-ferrand-reserve-double-cask-cognac,2026-06-15,https://cdn11.bigcommerce.com/s-e8lbekfe7c/images/stencil/1024w/attribute_rule_images/17623_source_1758883443.jpg,cognac_france
Cognac,Pierre Ferrand,"Ars, France",Pierre Ferrand,blended,NULL,FALSE,FALSE,Grande Champagne; XO; Sélection des Anges,30 Years,NULL,NULL,83.6,41.8,NULL,Limousin oak,NULL,"Delicately floral with spiced dark chocolate, caramelised nuts, vanilla fudge, candied ginger and a pinch of tobacco.",https://www.masterofmalt.com/cognac/pierre-ferrand/ferrand-selection-des-anges-cognac/; https://www.cognac-expert.com/selection-des-anges-cognac/pierre-ferrand-cognac-selection-des-anges-30-years-old,2026-06-15,https://cdn11.bigcommerce.com/s-e8lbekfe7c/images/stencil/1024w/attribute_rule_images/2811_source_1774254042.jpg,cognac_france
Cognac,Pierre Ferrand,"Ars, France",Pierre Ferrand,blended,NULL,FALSE,FALSE,Grande Champagne; Hors d'Âge; Cigare Réserve,NULL,NULL,NULL,80,40,NULL,Limousin oak,NULL,"Oak, leather, dried fruit (dates, raisins, figs), dark chocolate, tobacco and spice; structured for cigar pairing, average age approximately 25 years.",https://therumhowlerblog.com/brandy-and-cognac-2/pierre-ferrand-cigare/; https://www.frootbat.com/p/79680/pierre-ferrand-cigare-reserve-des-dieux-grande-champagne-cognac,2026-06-15,https://therumhowlerblog.com/wp-content/uploads/2014/12/2729_pf-cigare-hd-1125x1500.jpg,cognac_france
Cognac,Pierre Ferrand,"Ars, France",Pierre Ferrand,blended,NULL,FALSE,FALSE,Grande Champagne; Napoléon; 10 Générations,NULL,NULL,NULL,92,46,NULL,French oak,Sauternes cask (20% of blend),"Citrus blossom, shortbread, crushed walnut and vibrant nectarine; 20% of the blend matured in ex-Sauternes casks.",https://www.masterofmalt.com/cognac/pierre-ferrand/pierre-ferrand-ten-generations-cognac/; https://www.cognac-expert.com/napoleon-cognac/pierre-ferrand-10-generations-grande-champagne,2026-06-15,https://cdn11.bigcommerce.com/s-e8lbekfe7c/images/stencil/1024w/attribute_rule_images/11808_source_1782085245.jpg,cognac_france
Cognac,Pierre Ferrand,"Ars, France",Pierre Ferrand,blended,NULL,FALSE,FALSE,Grande Champagne; Limited Edition; 10 Générations Port Cask Finish,NULL,NULL,NULL,88,44,NULL,French oak,Port cask finish,"Floral honey, panettone, plum pudding, caramelised white chocolate, orchard fruits and oaky spice.",https://www.masterofmalt.com/cognac/pierre-ferrand/ferrand-10-generations-port-cask-finish-cognac/,2026-06-15,https://cdn11.bigcommerce.com/s-e8lbekfe7c/images/stencil/1024w/attribute_rule_images/63764_source_1761849050.jpg,cognac_france
Cognac,Pierre Ferrand,"Ars, France",Pierre Ferrand,blended,NULL,FALSE,FALSE,Grande Champagne; Hors d'Âge; Abel,45 Years,NULL,NULL,80,40,NULL,Limousin oak,NULL,"Coppery gold with slow-blooming bouquet of pear, quince and fig; extraordinarily complex with lingering finish of up to 10 minutes.",https://www.cognac-expert.com/hors-d-age-cognac/pierre-ferrand-abel-cognac; https://www.klwines.com/Products/i?i=690006,2026-06-15,https://static.cognac-expert.com/293-thickbox_default/pierre-ferrand-abel-cognac.webp,cognac_france
Cognac,Pierre Ferrand,"Ars, France",Pierre Ferrand,blended,NULL,FALSE,FALSE,Grande Champagne; Hors d'Âge; Ancestrale,NULL,NULL,NULL,80,40,NULL,NULL,NULL,"Chocolate, black tea, violet blossom, toasted almond and cedarwood; dry, elegant and floral with rancio; oldest eaux-de-vie from the 1920s–1950s; maximum 500 bottles per year.",https://www.diffordsguide.com/beer-wine-spirits/4670/ferrand-ancestrale; https://www.cognac-expert.com/ancestrale-cognac/pierre-ferrand-ancestrale-cognac,2026-06-15,https://static.cognac-expert.com/2319-thickbox_default/pierre-ferrand-ancestrale-cognac.webp,cognac_france
Cognac,Pierre Ferrand,"Ars, France",Pierre Ferrand,blended,NULL,FALSE,FALSE,Grande Champagne; Hors d'Âge; Légendaire,NULL,NULL,NULL,84.2,42.1,NULL,Zebra cask (progressive stave replacement),NULL,Decadent prestige cuvée assembled from extraordinary eaux-de-vie; finished in Ferrand's unique zebra cask with progressively replaced staves; presented in hand-blown Waltersperger crystal.,https://www.masterofmalt.com/cognac/pierre-ferrand/ferrand-legendaire-cognac/,2026-06-15,https://cdn11.bigcommerce.com/s-e8lbekfe7c/images/stencil/1024w/attribute_rule_images/53238_source_1761932435.jpg,cognac_france
Cognac,Pierre Ferrand,"Ars, France",Pierre Ferrand,blended,NULL,FALSE,FALSE,Grande Champagne; Single Cask; Single Cask 2010 Pauillac Cask Finish,NULL,2010,NULL,112,56,NULL,French oak,Ex-Pauillac Bordeaux wine cask finish,"White grape peels, vinous red berry depth, fragrant tobacco, toasted spice, honeyed figs, sultanas and dried citrus.",https://www.masterofmalt.com/cognac/pierre-ferrand/ferrand-cognac-single-cask-2010-pauillac-cask-finish-cognac/,2026-06-15,https://cdn11.bigcommerce.com/s-e8lbekfe7c/images/stencil/1024w/attribute_rule_images/44060_source_1767196241.jpg,cognac_france
Cognac,Pierre Ferrand,"Ars, France",Pierre Ferrand,blended,NULL,FALSE,FALSE,Grande Champagne; Cask Strength; Renegade Barrel,NULL,NULL,Batch 1,96,48,NULL,French oak,Sauternes cask finish,Eau de vie de vin (non-AOC due to non-traditional cask); aged 5–7 years in 350-litre French oak then finished in ex-Sauternes barrel.,https://distiller.com/spirits/pierre-ferrand-renegade-barrel-no-1; https://goodspiritsnews.wordpress.com/2018/10/29/gsn-review-pierre-ferrand-renegade-barrel-no-1-cognac/,2026-06-15,https://goodspiritsnews.wordpress.com/wp-content/uploads/2018/10/13270288_is.jpg,cognac_france
Cognac,Pierre Ferrand,"Ars, France",Pierre Ferrand,blended,NULL,FALSE,FALSE,Grande Champagne; Cask Strength; Renegade Barrel,NULL,NULL,Batch 2,94.2,47.1,NULL,French oak,Chestnut cask finish,"Eau de vie de vin finished one year in 225-litre chestnut barrel; light, firm tannic structure, floral and delicate with unique spice profile.",https://www.cognac-expert.com/eau-de-vie/pierre-ferrand-renegade-barrel-no2-chestnut-eau-de-vie-de-vin; https://www.galumbi.com/blog/2018/08/10/pure-spirits-pierre-ferrand-renegade-barrel-no2-dark-as-night/,2026-06-15,https://static.cognac-expert.com/4641-thickbox_default/pierre-ferrand-renegade-barrel-no2-chestnut-eau-de-vie-de-vin.webp,cognac_france
Cognac,Pierre Ferrand,"Ars, France",Pierre Ferrand,blended,NULL,FALSE,FALSE,Grande Champagne; Cask Strength; Renegade Barrel,NULL,NULL,Batch 3,96.4,48.2,NULL,French oak,Jamaican rum cask finish,"Orange, white grapes, menthol, cut grass, peppercorn, mango, honey; finished one year in ex-Jamaican rum cask.",https://www.masterofmalt.com/eaux-de-vie/pierre-ferrand/pierre-ferrand-renegade-barrel-no-3-eaux-de-vie/,2026-06-15,https://cdn11.bigcommerce.com/s-e8lbekfe7c/images/stencil/1024w/attribute_rule_images/45661_source_1761854484.jpg,cognac_france
Cognac,Pierre Ferrand,"Ars, France",Pierre Ferrand,blended,NULL,FALSE,FALSE,Grande Champagne; Millésime; Mémoire Vintage 1914,NULL,1914,NULL,80,40,NULL,NULL,NULL,Single-vintage Grande Champagne from WWI era; from Ferrand's Collection Privée; only 202 bottles produced.,https://www.sothebys.com/en/buy/auction/2024/finest-and-rarest-spirits-10/pierre-ferrand-cognac-memoire-vintage-edition-75; https://www.cognac-expert.com/vintage-cognac/pierre-ferrand-vintage-1914-cognac,2026-06-28,NULL,cognac_france
Cognac,Pierre Ferrand,"Ars, France",Pierre Ferrand,blended,NULL,FALSE,FALSE,Grande Champagne; Millésime; Mémoire Vintage 1965,NULL,1965,NULL,80,40,NULL,NULL,NULL,Single-vintage Grande Champagne Mémoire edition; bottled 1999; from Ferrand's Collection Privée.,https://www.cabinet7.com/private-collector-bottles/pierre-ferrand-cognac-1965-memoire-vintage-edition; https://www.wine-searcher.com/find/pierre+ferrand+memoire+vintage+grand+champagne+cognac+france,2026-06-15,https://www.cabinet7.com/8344-thickbox_default/pierre-ferrand-cognac-1965-memoire-vintage-edition.jpg,cognac_france
Cognac,Pierre Ferrand,"Ars, France",Pierre Ferrand,blended,NULL,FALSE,FALSE,Grande Champagne; Millésime; Mémoire Vintage 1968,NULL,1968,NULL,80,40,NULL,NULL,NULL,Single-vintage Grande Champagne Mémoire edition from Ferrand's Collection Privée.,https://www.cognac-expert.com/vintage-cognac/pierre-ferrand-1968-memoire-vintage-edition-750ml-cognac; https://www.wine-searcher.com/find/pierre+ferrand+memoire+vintage+grand+champagne+cognac+france,2026-06-15,https://static.cognac-expert.com/16309-thickbox_default/pierre-ferrand-1968-memoire-vintage-edition-750ml-cognac.webp,cognac_france
Cognac,Pierre Ferrand,"Ars, France",Pierre Ferrand,blended,NULL,FALSE,FALSE,Grande Champagne; Millésime; Mémoire Vintage 1970,NULL,1970,NULL,80,40,NULL,NULL,NULL,Single-vintage Grande Champagne Mémoire edition from Ferrand's Collection Privée.,https://armandscellar.com/pierre-ferrand-1970-cognac/; https://www.wine-searcher.com/find/pierre+ferrand+memoire+vintage+grand+champagne+cognac+france,2026-06-15,NULL,cognac_france
Cognac,Pierre Ferrand,"Ars, France",Pierre Ferrand,blended,NULL,FALSE,FALSE,Grande Champagne; Millésime; Collection Privée 1972,NULL,1972,NULL,80,40,NULL,NULL,NULL,Single-vintage Grande Champagne from Ferrand's Collection Privée.,https://www.cognac-expert.com/vintage-cognac/pierre-ferrand-collection-privee-vintage-1972-cognac; https://ecproof.com/products/pierre-ferrand-1972-grande-champagne-cognac,2026-06-15,https://static.cognac-expert.com/1467-thickbox_default/pierre-ferrand-collection-privee-vintage-1972-cognac.webp,cognac_france
Cognac,Pierre Ferrand,"Ars, France",Pierre Ferrand,blended,NULL,FALSE,FALSE,Grande Champagne; Millésime; Collection Privée 1975,NULL,1975,NULL,80,40,NULL,NULL,NULL,Single-vintage Grande Champagne; ISC 2013 Silver Medal; from Ferrand's Collection Privée.,https://www.cognac-expert.com/vintage-cognac/pierre-ferrand-1975-collection-prive-cognac; https://www.wine-searcher.com/find/pierre+ferrand+collection+prvt+vintage+grand+champagne+cognac+france/1975,2026-06-15,https://static.cognac-expert.com/4327-thickbox_default/pierre-ferrand-1975-collection-prive-cognac.webp,cognac_france
Cognac,Pierre Ferrand,"Ars, France",Pierre Ferrand,blended,NULL,FALSE,FALSE,Grande Champagne; Millésime; Mémoire Vintage 1977,NULL,1977,NULL,82,41,NULL,NULL,NULL,Single-vintage Grande Champagne Mémoire edition from Ferrand's Collection Privée.,https://craftshack.com/products/pierre-ferrand-1977-memoire-vintage-edition; https://www.wine-searcher.com/find/pierre+ferrand+memoire+vintage+grand+champagne+cognac+france,2026-06-15,http://craftshack.com/cdn/shop/products/Pierre-Ferrand-1977-Memoire-Vintage-Edition-750ML-BTL.JPG,cognac_france
Cognac,Tesseron,"Châteauneuf-sur-Charente, France",Tesseron,blended,NULL,FALSE,FALSE,Grande Champagne; XO; Lot No. 90,XO,NULL,Lot No. 90,80,40,NULL,Limousin oak,NULL,"Rich in dried fruit, fresh pear and herbal elements; earthy and oaky with almond, nutmeg, toffee and classic long rancio finish.",https://www.masterofmalt.com/cognac/tesseron/tesseron-lot-no-90-xo-cognac/; https://www.cognac-expert.com/xo-cognac/tesseron-miniature-collection-cognac,2026-06-15,https://cdn11.bigcommerce.com/s-e8lbekfe7c/images/stencil/1024w/attribute_rule_images/25770_source_1780159861.jpg,cognac_france
Cognac,Tesseron,"Châteauneuf-sur-Charente, France",Tesseron,blended,NULL,FALSE,FALSE,Grande Champagne; XO; Lot No. 76,XO,NULL,Lot No. 76,80,40,NULL,Limousin oak,NULL,"Restrained, perfumed, buttery with marzipan and banana on the nose; sweet cinnamon, apple, flowers, leather on the palate; oldest eaux-de-vie distilled 1976, aged over 40 years.",https://www.masterofmalt.com/cognac/tesseron/tesseron-lot-no-76-xo-cognac/; https://www.cognac-expert.com/xo-cognac/tesseron-lot-n76-xo-tradition-cognac,2026-06-15,https://cdn11.bigcommerce.com/s-e8lbekfe7c/images/stencil/1024w/attribute_rule_images/25772_source_1774383042.jpg,cognac_france
Cognac,Tesseron,"Châteauneuf-sur-Charente, France",Tesseron,blended,NULL,FALSE,FALSE,Grande Champagne; XO; Lot No. 53,XO,NULL,Lot No. 53,80,40,NULL,Limousin oak,NULL,"Rich bouquet of yellow plums, dried figs, sweet spices, soft tobacco and dark chocolate; 98 points Robert Parker, 5 stars Paul Pacult, 96–100 Wine Enthusiast.",https://www.masterofmalt.com/cognac/tesseron/tesseron-lot-no-53-xo-cognac/; https://www.thewhiskyexchange.com/p/43205/tesseron-lot-53-xo-perfection-cognac,2026-06-15,https://cdn11.bigcommerce.com/s-e8lbekfe7c/images/stencil/1024w/attribute_rule_images/25773_source_1758883157.jpg,cognac_france
Cognac,Tesseron,"Châteauneuf-sur-Charente, France",Tesseron,blended,NULL,FALSE,FALSE,Grande Champagne; XO; Lot No. 29,XO,NULL,Lot No. 29,80,40,NULL,Limousin oak,NULL,"Floral honey, silky tannins, fig, mocha, marmalade, plum and exotic fruits; the only Cognac awarded 100 points by Robert Parker; aged at least three generations.",https://www.masterofmalt.com/cognac/tesseron/tesseron-lot-no-29-xo-cognac/; https://www.cognac-expert.com/xo-cognac/tesseron-xo-exception-lot-29-cognac,2026-06-15,https://cdn11.bigcommerce.com/s-e8lbekfe7c/images/stencil/1024w/attribute_rule_images/25768_source_1758883157.jpg,cognac_france
Cognac,Tesseron,"Châteauneuf-sur-Charente, France",Tesseron,blended,NULL,FALSE,FALSE,Grande Champagne; XO; Lot No. 29 Magnum,XO,NULL,Lot No. 29,80,40,NULL,Limousin oak,NULL,Same blend as Lot No. 29 XO Exception; presented in 1.5-litre magnum format.,https://www.cognac-expert.com/xo-cognac/tesseron-xo-cognac-magnum-exception-lot-no-29,2026-06-15,https://static.cognac-expert.com/12161-thickbox_default/tesseron-xo-cognac-magnum-exception-lot-no-29.webp,cognac_france
Cognac,Tesseron,"Châteauneuf-sur-Charente, France",Tesseron,blended,NULL,FALSE,FALSE,Fine Champagne; VSOP; Composition,VSOP,NULL,NULL,80,40,NULL,Limousin oak,NULL,"Delicate and floral nose becoming lightly spiced; sweet, light and round on the palate with dry apricot and vine flower; Tesseron's only non-XO release, Fine Champagne appellation.",https://www.cognac-expert.com/vsop-cognac/tesseron-composition-fine-champagne-cognac; https://shop.cognatheque.com/en/cognac-tesseron/186-tesseron-cognac-xo-beyond-composition-fine-champagne.html,2026-06-15,https://static.cognac-expert.com/7359-thickbox_default/tesseron-composition-fine-champagne-cognac.webp,cognac_france
Cognac,Tesseron,"Châteauneuf-sur-Charente, France",Tesseron,blended,NULL,FALSE,FALSE,Grande Champagne; XO; Passion,XO,NULL,NULL,80,40,NULL,Limousin oak,NULL,"Blend of approximately 30 eaux-de-vie aged over 10 years; light, floral and elegant with notes of apricot, orange, butterscotch and delicate spice.",https://www.cognac-expert.com/xo-cognac/tesseron-passion-xo; https://lavinotheque.com/spirits/2988-tesseron-cognac-xo-passion-750ml.html,2026-06-15,https://static.cognac-expert.com/9362-thickbox_default/tesseron-passion-xo.webp,cognac_france
Cognac,Tesseron,"Châteauneuf-sur-Charente, France",Tesseron,blended,NULL,FALSE,FALSE,Grande Champagne; Hors d'Âge; Trésor,NULL,NULL,NULL,80,40,NULL,Tierçons (old Limousin oak),NULL,"Rich attack with cooked fruits, toasted almonds, cocoa, soft floral lift and rancio; blend of approximately 100 eaux-de-vie aged over two generations; stocks harvested end of the 1800s.",https://www.cognac-expert.com/xo-cognac/tesseron-tresor-cognac; https://www.thewhiskyexchange.com/p/31636/tesseron-tresor-cognac,2026-06-15,https://static.cognac-expert.com/10405-thickbox_default/tesseron-tresor-cognac.webp,cognac_france
Cognac,Tesseron,"Châteauneuf-sur-Charente, France",Tesseron,blended,NULL,FALSE,FALSE,Grande Champagne; Hors d'Âge; Royal,NULL,NULL,NULL,80,40,NULL,Tierçons (old Limousin oak),NULL,"Multi-layered and rounded with floral aromas, apricots, almonds and dry walnuts; extremely old Grande Champagne stocks aged 50–100 years; only 1,000 bottles produced.",https://www.caskers.com/tesseron-royal-blend-rare-cognac/; https://wnfdiary.com/santa-claus-brought-me-cognac-tesseron-royal-blend/,2026-06-15,https://cdn.caskers.com/catalog/product/cache/4f6989790ecdd0e389055fabaf312a4d/t/e/tesseron-cognac-rare-royal-blend-1.jpg,cognac_france
Cognac,Tesseron,"Châteauneuf-sur-Charente, France",Tesseron,blended,NULL,FALSE,FALSE,Grande Champagne; Hors d'Âge; Extrême,NULL,NULL,NULL,80,40,NULL,Dame-jeanne (large glass demijohn storage),NULL,"Blend of 10 eaux-de-vie including stocks from 1853; over 100 years old; oak spice, toffee, juicy pear and rancio; velvety and complex; made from Ugni Blanc, Folle Blanche and Colombard.",https://www.masterofmalt.com/cognac/tesseron/tesseron-extreme-cognac/; https://www.cognac-expert.com/hors-d-age-cognac/tesseron-extreme-cognac; https://www.thewhiskyexchange.com/p/65406/tesseron-extreme-cognac,2026-06-15,https://cdn11.bigcommerce.com/s-e8lbekfe7c/images/stencil/1024w/attribute_rule_images/13541_source_1758883627.jpg,cognac_france
Cognac,Tesseron,"Châteauneuf-sur-Charente, France",Tesseron,blended,NULL,FALSE,FALSE,Grande Champagne; Hors d'Âge; Master Blend 88's,NULL,NULL,Master Blend 88's,80,40,NULL,NULL,NULL,Prestige blend of 88 different Grande Champagne Cognacs from stocks dating to the 19th century; limited to 286 bottles.,https://www.masterofmalt.com/cognac/tesseron/tesseron-master-blend-88s-cognac/,2026-06-15,https://cdn11.bigcommerce.com/s-e8lbekfe7c/images/stencil/1024w/attribute_rule_images/13533_source_1758883627.jpg,cognac_france
Cognac,Camus,"Cognac, France",Camus,own_make,NULL,FALSE,FALSE,Cognac; VS; Élégance,VS,NULL,NULL,80,40,NULL,French oak,NULL,Intense summer fruit aromas with subtle spices; distilled with lees in small fine-grain oak casks for high ester concentration.,https://camus.fr/en-eu/products/camus-very-special-40; https://www.cognac-expert.com/vs-cognac/hardy-vs-tradition-cognac,2026-06-15,http://camus.fr/cdn/shop/products/VerySpecialsansetui.png,cognac_france
Cognac,Camus,"Cognac, France",Camus,own_make,NULL,FALSE,FALSE,Cognac; VSOP; Élégance,VSOP,NULL,NULL,80,40,NULL,French oak,NULL,"Fruity and floral with oak, spice and vanilla; distilled using fine-grain casks with low tannin, French light-toasting method.",https://camus.fr/en-eu/products/camus-vsop-40; https://www.masterofmalt.com/cognac/camus/camus-vsop-elegance-cognac/,2026-06-15,http://camus.fr/cdn/shop/files/Captured_ecran2024-05-22a11.37.48.png,cognac_france
Cognac,Camus,"Cognac, France",Camus,own_make,NULL,FALSE,FALSE,Cognac; VSOP; Intensely Aromatic,VSOP,NULL,NULL,80,40,NULL,French oak,NULL,Sweet vanilla and rich amber; eaux-de-vie distilled with the most aromatic heads from the second distillation for heightened intensity.,https://www.cognac-expert.com/vsop-cognac/camus-aromatic-intensely-vsop; https://www.totalwine.com/spirits/brandy-cognac/cognac/camus-intensely-aromatic-vsop/p/98947750,2026-06-15,https://static.cognac-expert.com/7830-thickbox_default/camus-aromatic-intensely-vsop.webp,cognac_france
Cognac,Camus,"Cognac, France",Camus,own_make,NULL,FALSE,FALSE,Cognac; XO; Élégance,XO,NULL,NULL,80,40,NULL,French oak,NULL,"Puff pastry, orange, apricot, pear and white flowers; aged minimum 10 years from all six cognac crus.",https://www.cognac-expert.com/xo-cognac/camus-xo-elegance-cognac; https://www.htfw.com/camus-xo-elegance-cognac,2026-06-15,https://static.cognac-expert.com/1928-thickbox_default/camus-xo-elegance-cognac.webp,cognac_france
Cognac,Camus,"Cognac, France",Camus,own_make,NULL,FALSE,FALSE,Borderies; VSOP; VSOP Borderies Single Estate,VSOP,NULL,NULL,80,40,NULL,French oak,NULL,Vanilla pods and orange zest on a bed of soft spice and florals; single-estate eaux-de-vie exclusively from Camus family vineyards in Borderies.,https://camus.fr/en-eu/products/camus-vsop-borderies-single-estate-3; https://www.masterofmalt.com/cognac/camus/camus-vsop-borderies-single-estate-cognac/,2026-06-15,http://camus.fr/cdn/shop/products/camus-cognac-cognac-camus-cognac-vsop-borderies-single-estate-28003203448921.jpg,cognac_france
Cognac,Camus,"Cognac, France",Camus,own_make,NULL,FALSE,FALSE,Borderies; XO; XO Borderies Single Estate,XO,NULL,NULL,80,40,NULL,French oak,NULL,"Single-estate XO from the Borderies cru; aged many years in oak, showing the region's distinctive minerality and matured aromatic character.",https://camus.fr/en-eu/products/camus-xo-borderies-single-estate-3; https://www.masterofmalt.com/cognac/camus/camus-borderies-xo-cognac/,2026-06-15,http://camus.fr/cdn/shop/products/CarafeCoffretNouvelXO.jpg,cognac_france
Cognac,Camus,"Cognac, France",Camus,own_make,NULL,FALSE,FALSE,Borderies; XO; Borderies Family Reserve,XO,NULL,NULL,80,40,NULL,French oak,NULL,"Premium XO single-estate Borderies expression from the Camus family's own vineyards, a step above the standard XO Borderies.",https://www.cognac-expert.com/xo-cognac/camus-xo-family-reserve-cognac; https://whwc.com/camus-xo-borderies-family-reserve-cognac/,2026-06-15,https://static.cognac-expert.com/8116-thickbox_default/camus-xo-family-reserve-cognac.webp,cognac_france
Cognac,Camus,"Cognac, France",Camus,own_make,NULL,FALSE,FALSE,Bois Ordinaires; VS; Île de Ré Fine Island,VS,NULL,NULL,80,40,NULL,French oak,NULL,"Ugni Blanc from Île de Ré; notes of ripe apples, pears and refreshing sea salt with distinct maritime minerality.",https://camus.fr/en-eu/products/camus-ile-de-re-fine-island-70cl-40; https://cognac.com/ile-de-re-cognacs/,2026-06-15,http://camus.fr/cdn/shop/files/iledere3.png,cognac_france
Cognac,Camus,"Cognac, France",Camus,own_make,NULL,FALSE,FALSE,Bois Ordinaires; Napoléon; Île de Ré Double Matured,NULL,NULL,NULL,80,40,NULL,French oak,Re-toasted French oak,First matured in a high-humidity cellar then finished in re-toasted barrels; maritime character with enriched complexity.,https://www.cognac-expert.com/napoleon-cognac/camus-napoleon-cognac-ile-de-re-double-matured-cognac; https://www.thewhiskyexchange.com/p/32613/camus-ile-de-re-double-matured,2026-06-15,https://static.cognac-expert.com/2280-thickbox_default/camus-napoleon-cognac-ile-de-re-double-matured-cognac.webp,cognac_france
Cognac,Camus,"Cognac, France",Camus,own_make,NULL,FALSE,FALSE,Bois Ordinaires; XO; Île de Ré Cliffside Cellar,XO,NULL,NULL,80,40,NULL,French oak,NULL,Matured in part in a cliffside cellar 10 metres from the Atlantic; intensely maritime character with pronounced sea-air salinity.,https://www.cognac-expert.com/xo-cognac/camus-ile-de-re-cliffside-cellar-cognac; https://www.thewhiskyexchange.com/p/32614/camus-ile-de-re-cliffside-cellar,2026-06-15,https://static.cognac-expert.com/2282-thickbox_default/camus-ile-de-re-cliffside-cellar-cognac.webp,cognac_france
Cognac,Camus,"Cognac, France",Camus,own_make,NULL,FALSE,FALSE,Cognac; Extra; Extra Élégance,Extra,NULL,NULL,80,40,NULL,French oak,NULL,"Eaux-de-vie aged 30–50 years in cool, damp cellars; complex with creamy vanilla, dried fruit and elegant wood integration.",https://camus.fr/en-eu/products/camus-extra-70cl-40; https://www.cognac-expert.com/extra-cognac/camus-cognac-extra-elegance,2026-06-15,http://camus.fr/cdn/shop/products/resize_visuels_0008_04_EXTRA_443fe72a-0591-45fe-824b-91c996c879fc.jpg,cognac_france
Cognac,Camus,"Cognac, France",Camus,own_make,NULL,FALSE,FALSE,Cognac; Extra; Extra Dark & Intense,Extra,NULL,NULL,80,40,NULL,French oak,Re-toasted French oak,"Blend of 30–50 year Fine Champagne and Borderies eaux-de-vie; Extra casks emptied, re-toasted and refilled for additional maturation, yielding toasty custard, rich spices and milk chocolate.",https://www.cognac-expert.com/extra-cognac/camus-extra-dark-and-intense-cognac; https://www.masterofmalt.com/cognac/camus/camus-extra-dark-and-intense-cognac/,2026-06-15,https://static.cognac-expert.com/8128-thickbox_default/camus-extra-dark-and-intense-cognac.webp,cognac_france
Cognac,Camus,"Cognac, France",Camus,own_make,NULL,FALSE,FALSE,Cognac; Limited Edition; Cuvée 5.150,NULL,NULL,1492 decanters,NULL,NULL,NULL,French oak,NULL,"Creamy vanilla with apricot, pear and tropical fruit; blend of five eaux-de-vie one from each cognac cru (Grande Champagne, Petite Champagne, Fins Bois, Bons Bois, Borderies) in Baccarat crystal decanter.",https://www.cognac-expert.com/cuvee-cognac/camus-cuvee-5-150-cognac; https://www.thespiritsbusiness.com/2013/02/camus-unveil-13500-cuvee-5-150-cognac/,2026-06-15,https://static.cognac-expert.com/1041-thickbox_default/camus-cuvee-5-150-cognac.webp,cognac_france
Cognac,Camus,"Cognac, France",Camus,own_make,NULL,FALSE,FALSE,Petite Champagne; Limited Edition; Cuvée 4.186 Electrum,NULL,NULL,315 bottles,83.4,41.7,NULL,French oak,NULL,"Single-estate Petite Champagne; four eaux-de-vie totalling 186 combined years (minimum 43 years each); floral, gourmet, fruity and spicy.",https://camus.fr/en-eu/products/camus-cognac-cuvee-4186-avec-coffret-1000520; https://www.cognac-expert.com/prestige-cognac/camus-cuvee-4186-electrum-cognac,2026-06-15,http://camus.fr/cdn/shop/products/01.jpg,cognac_france
Cognac,Camus,"Cognac, France",Camus,own_make,NULL,FALSE,FALSE,Cognac; Limited Edition; Cuvée 4.176,NULL,NULL,NULL,NULL,NULL,NULL,French oak,NULL,Four Petite Champagne single-vineyard eaux-de-vie totalling 176 combined years (minimum 43 years each); singular estate expression.,https://www.cognac-expert.com/prestige-cognac/camus-cuvee-4176,2026-06-15,https://static.cognac-expert.com/1039-thickbox_default/camus-cuvee-4176.webp,cognac_france
Cognac,Camus,"Cognac, France",Camus,own_make,NULL,FALSE,FALSE,Cognac; Limited Edition; Cuvée 3.140,NULL,NULL,NULL,84,42,NULL,French oak,NULL,"Blend of three crus: 65-year Grande Champagne, 39-year Petite Champagne and 36-year Bons Bois; total combined age 140 years.",https://cognac-ton.nl/en/homepage/most-expensive-bottles-introduction/camus-extravaganza-english/; https://barrelsandbeyondph.com/products/camus-cognac-cuvee-3-140-70cl,2026-06-28,NULL,cognac_france
Cognac,Camus,"Cognac, France",Camus,own_make,NULL,FALSE,FALSE,Cognac; Limited Edition; Caribbean Expedition,NULL,NULL,NULL,90.6,45.3,NULL,French oak,NULL,Limited edition matured in Caribbean humidity; maritime tropical character with heightened aromatic concentration at cask strength.,https://www.cognac-expert.com/limited-editions/camus-caribbean-expedition-cognac; https://www.htfw.com/camus-caribbean-expedition-cognac,2026-06-15,https://static.cognac-expert.com/7448-thickbox_default/camus-caribbean-expedition-cognac.webp,cognac_france
Cognac,Park,"Jarnac, France",Park,blended,NULL,FALSE,FALSE,Cognac; VS; Carte Blanche,VS,NULL,NULL,NULL,NULL,NULL,French oak,NULL,"Aged at least 3 years in French oak; floral with vibrant fruity notes, suited to cocktails and aperitif over ice.",https://www.park-cognac.com/en/vs-carte-blanche-2/,2026-06-28,NULL,cognac_france
Cognac,Park,"Jarnac, France",Park,blended,NULL,FALSE,FALSE,Cognac; VSOP; Reflet Cuivré,VSOP,NULL,NULL,NULL,NULL,NULL,French oak,NULL,"Aged at least 5 years; elegant with citrus, soft spice and dried apricot notes; savoured as an aperitif or in a tulip glass.",https://www.park-cognac.com/en/vsop-reflet-cuivre-2/,2026-06-15,https://www.park-cognac.com/wp-content/uploads/2024/09/PARK-VSOP-BOUTEILLE-DEGUSTATION.jpg,cognac_france
Cognac,Park,"Jarnac, France",Park,blended,NULL,FALSE,FALSE,Petite Champagne; VSOP; VSOP Organic,VSOP,NULL,NULL,NULL,NULL,NULL,French oak,NULL,Made from certified organic wines; no added colorants or sugars; aged minimum 4 years; floral and fruity reflecting Petite Champagne terroir.,https://www.park-cognac.com/en/vsop-organic-4/,2026-06-28,NULL,cognac_france
Cognac,Park,"Jarnac, France",Park,blended,NULL,FALSE,FALSE,Cognac; XO; Nectar Doré,XO,NULL,NULL,NULL,NULL,NULL,French oak,NULL,"Aged at least 10 years in the Chai Paradis; dried fruits, gingerbread, blonde tobacco and liquorice with soft intensity and aromatic complexity.",https://www.park-cognac.com/en/xo-nectar-dore-3/,2026-06-28,NULL,cognac_france
Cognac,Park,"Jarnac, France",Park,blended,NULL,FALSE,FALSE,Borderies; XO; XO Borderies Blossom,XO,NULL,NULL,NULL,NULL,NULL,French oak,NULL,Single-cru Borderies; eaux-de-vie aged at least 10 years; delicate violet and candied fruit aromas with stunning intensity on the finish.,https://www.park-cognac.com/en/xo-blossom-2/; https://www.cognac-expert.com/xo-cognac/park-xo-borderies-blossom-cognac,2026-06-15,https://static.cognac-expert.com/14737-thickbox_default/park-xo-borderies-blossom-cognac.webp,cognac_france
Cognac,Park,"Jarnac, France",Park,blended,NULL,FALSE,FALSE,Fine Champagne; XO; XO Fine Champagne Cigar Blend,XO,NULL,NULL,NULL,NULL,NULL,French oak,NULL,Grande and Petite Champagne eaux-de-vie aged at least 25 years in the Chai Paradis; extended humid-cellar ageing for exceptional aroma concentration.,https://www.park-cognac.com/en/xo-cigare-blend/; https://woodencork.com/products/cognac-park-xo-cigar-blend-vieille-fine-champagne-cognac,2026-06-15,NULL,cognac_france
Cognac,Park,"Jarnac, France",Park,blended,NULL,FALSE,FALSE,Borderies; VS; Mizunara 5 Years,5 Years,NULL,NULL,NULL,NULL,NULL,French oak,Mizunara Japanese oak,Aged 5 years in French oak then finished in Mizunara casks; fusion of floral Borderies character with spicy incense notes from Japanese wood.,https://www.park-cognac.com/en/mizunara-5-ans/,2026-06-15,https://www.park-cognac.com/wp-content/uploads/2024/09/PARK-MIZU-5-BOUTEILLE.jpg,cognac_france
Cognac,Park,"Jarnac, France",Park,blended,NULL,FALSE,FALSE,Borderies; VSOP; Mizunara 12 Years,12 Years,NULL,NULL,NULL,NULL,NULL,French oak,Mizunara Japanese oak,Aged 12 years in French oak then finished in Mizunara casks; velvety smoothness from aged Borderies eaux-de-vie with bold spicy and smoky Japanese wood undertones.,https://www.park-cognac.com/en/mizunara-12-ans/,2026-06-15,https://www.park-cognac.com/wp-content/uploads/2024/09/PARK-MIZU-12.jpg,cognac_france
Cognac,Hardy,"Cognac, France",Hardy,blended,NULL,FALSE,FALSE,Cognac; VS; Fier et Hardy,VS,NULL,NULL,80,40,NULL,Limousin oak,NULL,"Harmonious blend of Fins Bois and Bons Bois cognac crus; floral nose, invigorating palate and subtle fresh-smooth finish.",https://www.hardycognac.com/en/our-ranges/fier-et-hardy-1/vs-1,2026-06-15,NULL,cognac_france
Cognac,Hardy,"Cognac, France",Hardy,blended,NULL,FALSE,FALSE,Fine Champagne; VSOP; Fier et Hardy,VSOP,NULL,NULL,80,40,NULL,Limousin oak,NULL,"Blend of Grande and Petite Champagne; fresh pear and vanilla on the nose, walnut and cinnamon on the palate, velvety finish.",https://www.hardycognac.com/en/our-ranges/fier-et-hardy-1/vsop-1,2026-06-15,NULL,cognac_france
Cognac,Hardy,"Cognac, France",Hardy,blended,NULL,FALSE,FALSE,Fine Champagne; VSOP; Organic VSOP,VSOP,NULL,NULL,80,40,NULL,Limousin oak,NULL,Born from a close relationship with winegrowers; environmentally produced with respect at every step; fresh and aromatic Fine Champagne character.,https://www.hardycognac.com/en/our-ranges/fier-et-hardy-1/vsop-bio-1; https://www.cognac-expert.com/vsop-cognac/hardy-organic-vsop-cognac,2026-06-15,NULL,cognac_france
Cognac,Hardy,"Cognac, France",Hardy,blended,NULL,FALSE,FALSE,Fine Champagne; Napoléon; Legend 1863,NULL,NULL,NULL,80,40,NULL,Limousin oak,NULL,Successor to the Hardy Napoléon; pairs Petite Champagne elegance with Borderies finesse; eaux-de-vie aged 2–12 years.,https://www.hardycognac.com/en/our-ranges/fier-et-hardy-1/legend-1863-1; https://www.cognac-expert.com/vs-cognac/hardy-legend-1863-cognac,2026-06-15,NULL,cognac_france
Cognac,Hardy,"Cognac, France",Hardy,blended,NULL,FALSE,FALSE,Fine Champagne; XO; Fier et Hardy XO,XO,NULL,NULL,80,40,NULL,Limousin oak,NULL,"Grande and Petite Champagne eaux-de-vie aged around 15 years; rose petals, ripe date and cigar box on the nose with complex date notes and light tobacco on the finish.",https://www.hardycognac.com/en/our-ranges/fier-et-hardy-1/xo-1; https://www.cognac-expert.com/xo-cognac/hardy-xo-cognac,2026-06-15,NULL,cognac_france
Cognac,Hardy,"Cognac, France",Hardy,blended,NULL,FALSE,FALSE,Fine Champagne; XO; XO Rare,XO,NULL,NULL,80,40,NULL,Limousin oak,NULL,Harmonious Grande and Petite Champagne Fine Champagne; 15–25 years aging in Limousin oak; full and complex with exceptional finesse.,https://www.hardycognac.com/en/our-ranges/fier-et-hardy-1/xo-rare-3; https://flaviar.com/collections/hardy-cognac,2026-06-15,NULL,cognac_france
Cognac,Hardy,"Cognac, France",Hardy,blended,NULL,FALSE,FALSE,Fine Champagne; Hors d'Âge; Noces d'Argent,25 Years,NULL,NULL,80,40,NULL,French oak,NULL,Fine Champagne made of 25-year-old eaux-de-vie; rich and complex in a sophisticated crystal decanter.,https://www.hardycognac.com/en/our-ranges/noces-1/noces-d-argent-1; https://www.cognac-expert.com/xo-cognac/hardy-noces-argent-fine-champagne-cognac,2026-06-15,https://static.cognac-expert.com/14526-thickbox_default/hardy-noces-argent-fine-champagne-cognac.webp,cognac_france
Cognac,Hardy,"Cognac, France",Hardy,blended,NULL,FALSE,FALSE,Grande Champagne; Hors d'Âge; Noces d'Or Sublime,NULL,NULL,NULL,80,40,NULL,French oak,NULL,"Blend of 40 Grande Champagne cognacs each aged at least 50 years; deep amber-bronze with honey, dark caramel, oloroso sherry and candied walnut.",https://www.hardycognac.com/en/our-ranges/noces-1/noces-d-or-sublime-1; https://www.thewhiskyexchange.com/p/24002/hardy-noces-dor-sublime-cognac,2026-06-15,https://img.thewhiskyexchange.com/540/cognc_har16.jpg,cognac_france
Cognac,Hardy,"Cognac, France",Hardy,blended,NULL,FALSE,FALSE,Grande Champagne; Hors d'Âge; Noces de Perle,30 Years,NULL,NULL,80,40,NULL,French oak,NULL,30-year Grande Champagne in Art Nouveau crystal carafe; foremost prestige expression of the wedding anniversary series.,https://www.hardycognac.com/en/our-ranges/noces-1/noces-de-perle-1; https://www.cognac-expert.com/xo-cognac/hardy-noces-de-perle-cognac,2026-06-15,https://static.cognac-expert.com/12690-thickbox_default/hardy-noces-de-perle-cognac.webp,cognac_france
Cognac,Hardy,"Cognac, France",Hardy,blended,NULL,FALSE,FALSE,Grande Champagne; Hors d'Âge; Noces de Diamant,60 Years,NULL,NULL,80,40,NULL,French oak,NULL,60-year Grande Champagne in crystal decanter; named best spirit in the world 2003; exceptionally long finish.,https://www.hardycognac.com/en/our-ranges/noces-1/noces-de-diamant-1; https://www.cognac-expert.com/prestige-cognac/hardy-noces-de-diamant-prestige,2026-06-15,https://static.cognac-expert.com/9860-thickbox_default/hardy-noces-de-diamant-prestige.webp,cognac_france
Cognac,Hardy,"Cognac, France",Hardy,blended,NULL,FALSE,FALSE,Grande Champagne; Millésime; Millésime 1989,NULL,1989,NULL,NULL,NULL,NULL,French oak,NULL,Unique expression of the 1989 Grande Champagne vintage year.,https://www.hardycognac.com/en/our-ranges/millesime_1/millesime89-1,2026-06-15,NULL,cognac_france
Cognac,Hardy,"Cognac, France",Hardy,blended,NULL,FALSE,FALSE,Grande Champagne; Millésime; Millésime 1990,NULL,1990,NULL,NULL,NULL,NULL,French oak,NULL,Unique expression of the 1990 Grande Champagne vintage year.,https://www.hardycognac.com/en/our-ranges/millesime_1/millesime90-1,2026-06-15,NULL,cognac_france
Cognac,Hardy,"Cognac, France",Hardy,blended,NULL,FALSE,FALSE,Grande Champagne; Millésime; Millésime 1995,NULL,1995,NULL,NULL,NULL,NULL,French oak,NULL,Unique expression of the 1995 Grande Champagne vintage year.,https://www.hardycognac.com/en/our-ranges/millesime_1/millesime95-1,2026-06-15,NULL,cognac_france
Cognac,Hardy,"Cognac, France",Hardy,blended,NULL,FALSE,FALSE,Grande Champagne; Hors d'Âge; Hardy Privilège (Lalique Caryota),NULL,NULL,333 decanters,80,40,NULL,French oak,NULL,"First Hardy-Lalique collaboration; Grande Champagne from exceptional 1906, 1908 and 1914 eaux-de-vie; only cognac authenticated before World War I.",https://www.hardycognac.com/en/our-ranges/hardy-lalique-1/hardy-privilege-1; https://www.cognac-expert.com/prestige-cognac/hardy-lalique-cuvee-benedicte-grande-champagne-cognac,2026-06-15,NULL,cognac_france
Cognac,Hardy,"Cognac, France",Hardy,blended,NULL,FALSE,FALSE,Grande Champagne; Hors d'Âge; Quatre Saisons Printemps (Lalique),NULL,NULL,NULL,80,40,NULL,French oak,NULL,Selected exceptional Grande Champagne eaux-de-vie from between the two World Wars; vibrant floral notes; first of the Four Seasons Lalique collection.,https://www.hardycognac.com/en/our-ranges/hardy-lalique-1/printemps-1; https://www.frootbat.com/p/176453/hardy-le-printemps-lalique-crystal-decanter-grande-champagne-cognac,2026-06-15,NULL,cognac_france
Cognac,Hardy,"Cognac, France",Hardy,blended,NULL,FALSE,FALSE,Grande Champagne; Hors d'Âge; Quatre Saisons Été (Lalique),NULL,NULL,NULL,NULL,NULL,NULL,French oak,NULL,Second of the Lalique Four Seasons; exceptional Grande Champagne batches aged through the inter-war years; gourmet notes of honey and apricot.,https://www.hardycognac.com/en/our-ranges/hardy-lalique-1/ete-1,2026-06-15,NULL,cognac_france
Cognac,Hardy,"Cognac, France",Hardy,blended,NULL,FALSE,FALSE,Grande Champagne; Hors d'Âge; Quatre Saisons Automne (Lalique),NULL,NULL,NULL,82,41,NULL,French oak,NULL,Third of the Lalique Four Seasons; exceptional blend of rare Grande Champagne eaux-de-vie; citrus and candied fruit notes.,https://www.hardycognac.com/en/our-ranges/hardy-lalique-1/automne-1; https://www.unclefossil.com/hardy-cognac-lautomne-by-lalique-autumn-collection.html,2026-06-15,NULL,cognac_france
Cognac,Hardy,"Cognac, France",Hardy,blended,NULL,FALSE,FALSE,Grande Champagne; Hors d'Âge; Quatre Saisons Hiver (Lalique),NULL,NULL,NULL,82,41,NULL,French oak,NULL,"Climax of the Lalique Four Seasons; century-old Grande Champagne cognacs; oak, candied orange, cardamom and cloves.",https://www.hardycognac.com/en/our-ranges/hardy-lalique-1/hiver-1; https://www.premiumgrandscrus.com/en/cognac/2704-hardy-l-hiver-lalique-cognac-grande-champagne.html,2026-06-15,NULL,cognac_france
Cognac,Bache-Gabrielsen,"Cognac, France",Bache-Gabrielsen,blended,NULL,FALSE,FALSE,Cognac; VS; Tre Kors,2,NULL,NULL,80,40,NULL,Limousin oak,NULL,"Aromas of vanilla and citrus on the nose with a subtle, fruity palate and long fresh finish.",https://bache-gabrielsen.com/en/vs-tre-kors/; https://bache-gabrielsen.com/en/collection-cognac/,2026-06-15,https://bache-gabrielsen.com/wp-content/uploads/2021/10/BG-packshot-trekorsvs-5582-vignette-1.png,cognac_france
Cognac,Bache-Gabrielsen,"Cognac, France",Bache-Gabrielsen,blended,NULL,FALSE,FALSE,Cognac; VSOP; Triple Cask,4,NULL,NULL,80,40,NULL,Limousin oak,NULL,"Aromas of ripe wood, vanilla and dried fruit; fruity Fins Bois elegance with banana and oriental spice on the finish.",https://bache-gabrielsen.com/en/vsop-triple-cask/; https://bache-gabrielsen.com/en/collection-cognac/,2026-06-15,https://bache-gabrielsen.com/wp-content/uploads/2022/01/Design-sans-titre-4.png,cognac_france
Cognac,Bache-Gabrielsen,"Cognac, France",Bache-Gabrielsen,blended,NULL,FALSE,FALSE,Cognac; VSOP; 5 Organic,5,NULL,NULL,80,40,NULL,Limousin oak,NULL,Fresh nose of citrus and muscat; round and supple palate with eucalyptus and mocha on a long silky finish.,https://bache-gabrielsen.com/en/5-vsop-organic-eco-designed/; https://bache-gabrielsen.com/en/collection-cognac/,2026-06-28,NULL,cognac_france
Cognac,Bache-Gabrielsen,"Cognac, France",Bache-Gabrielsen,blended,NULL,FALSE,FALSE,Cognac; VSOP; American Oak,NULL,NULL,NULL,80,40,NULL,Limousin oak,"American oak (new, Alba casks)",Tropical coconut and pineapple on the nose blending with vanilla and cocoa; fruity and gourmet on the palate.,https://bache-gabrielsen.com/en/american-oak/; https://bache-gabrielsen.com/en/collection-cognac/,2026-06-15,https://bache-gabrielsen.com/wp-content/uploads/2021/10/American-Oak-bache-gabrielsen-vignette.png,cognac_france
Cognac,Bache-Gabrielsen,"Cognac, France",Bache-Gabrielsen,blended,NULL,FALSE,FALSE,Fine Champagne; XO; XO Fine Champagne,10,NULL,NULL,80,40,NULL,Limousin oak,NULL,"Exceptionally floral nose with cinnamon, vanilla, honey and cigar; balanced palate of dried fruit and chocolate with a long spiced finish.",https://bache-gabrielsen.com/en/xo-fine-champagne/; https://bache-gabrielsen.com/en/collection-cognac/,2026-06-15,https://bache-gabrielsen.com/wp-content/uploads/2021/10/cognac-xo-fine-champagne-old-bache-gabrielsen-vignette-1.png,cognac_france
Cognac,Bache-Gabrielsen,"Cognac, France",Bache-Gabrielsen,blended,NULL,FALSE,FALSE,Cognac; XO; XO Premium,NULL,NULL,NULL,80,40,NULL,Limousin oak,NULL,"Jasmin and iris with banana, prunes and toasted hazelnuts on the nose; generous rancio palate with cut hay and honey on the finish.",https://bache-gabrielsen.com/en/xo-premium/; https://bache-gabrielsen.com/en/collection-cognac/,2026-06-15,https://bache-gabrielsen.com/wp-content/uploads/2021/10/cognac-xo-premium-bache-gabrielsen-vignette.png,cognac_france
Cognac,Bache-Gabrielsen,"Cognac, France",Bache-Gabrielsen,blended,NULL,FALSE,FALSE,Grande Champagne; Extra; Sérénité Extra Grande Champagne,NULL,NULL,NULL,80,40,NULL,Limousin oak,NULL,"Elegant nose of mocha and bitter orange marmalade; superbly rounded palate of coffee, vanilla and florals with a rich, very long finish.",https://bache-gabrielsen.com/en/cognac-extra/; https://bache-gabrielsen.com/en/collection-cognac/,2026-06-15,https://bache-gabrielsen.com/wp-content/uploads/2021/10/serenite-extra-bache-gabrielsen-vignette.png,cognac_france
Cognac,Bache-Gabrielsen,"Cognac, France",Bache-Gabrielsen,blended,NULL,FALSE,FALSE,Grande Champagne; Hors d'Âge; Hors d'Âge Grande Champagne,50,NULL,NULL,80,40,NULL,Limousin oak,NULL,"Rich and generous nose of honey, blackberry and wood spices; oily, powerful attack with perfect fruit-floral-spice balance and superb long finish.",https://bache-gabrielsen.com/en/hors-dage-grande-champagne/; https://bache-gabrielsen.com/en/collection-cognac/,2026-06-15,https://bache-gabrielsen.com/wp-content/uploads/2021/10/cognac-hors-dage-bache-gabrielsen-vignette-1.png,cognac_france
Cognac,Bache-Gabrielsen,"Cognac, France",Bache-Gabrielsen,blended,NULL,FALSE,FALSE,Grande Champagne; Limited Edition; Liberté,NULL,NULL,NULL,90,45,NULL,Limousin oak,NULL,"Elegant mocha and tangy orange marmalade nose; silky with great length, a blend of Grande Champagne eaux-de-vie distilled during WWII.",https://bache-gabrielsen.com/en/liberte/; https://bache-gabrielsen.com/en/collection-cognac/,2026-06-28,NULL,cognac_france
Cognac,Bache-Gabrielsen,"Cognac, France",Bache-Gabrielsen,blended,NULL,FALSE,FALSE,Grande Champagne; Limited Edition; Cask Collection Pineau Cask,NULL,NULL,NULL,94,47,NULL,French oak,Ex-Very Old Pineau des Charentes cask,"Velvety nose of roasted apricot; mirabelle plum, honey and lime blossom on palate with candied fruit and gingerbread finish.",https://bache-gabrielsen.com/en/cask-collection-double-maturation-pineau-cask/; https://bache-gabrielsen.com/en/collection-cognac/,2026-06-15,https://bache-gabrielsen.com/wp-content/uploads/2022/03/Post_03.03.2022.jpg,cognac_france
Cognac,Bache-Gabrielsen,"Cognac, France",Bache-Gabrielsen,blended,NULL,FALSE,FALSE,Cognac; Single Cask; Aged 11 Years Petite Champagne,11,2011,F-IV-28,84.6,42.3,NULL,Limousin oak,NULL,"Intense nose of green almonds, orgeat and silky ginger; pomelo and bitter orange on the palate with a straight, delightful structure.",https://bache-gabrielsen.com/en/aged-11-years/; https://bache-gabrielsen.com/en/collection-cognac/,2026-06-15,https://bache-gabrielsen.com/wp-content/uploads/2024/07/11-ans-683x1024.png,cognac_france
Cognac,Bache-Gabrielsen,"Cognac, France",Bache-Gabrielsen,blended,NULL,FALSE,FALSE,Grande Champagne; Single Cask; Aged 19 Years 2002 Vintage,19,2002,F-III-28,94.4,47.2,NULL,Limousin oak,NULL,"Fresh spring bouquet with hazelnuts on the nose; white pepper, grilled almond and milk chocolate on the palate.",https://bache-gabrielsen.com/en/aged-19-years/; https://bache-gabrielsen.com/en/collection-cognac/,2026-06-15,https://bache-gabrielsen.com/wp-content/uploads/2022/05/Vintage19.png,cognac_france
Cognac,Bache-Gabrielsen,"Cognac, France",Bache-Gabrielsen,blended,NULL,FALSE,FALSE,Cognac; Single Cask; Aged 21 Years 2001 Vintage,21,2001,F-IV-26,92.8,46.4,NULL,Limousin oak,NULL,Spicy notes underlined by hazelnuts and bay leaves on the nose; roasted coffee and nuts on the palate with deep aromatic richness.,https://bache-gabrielsen.com/en/vintage-cognac/; https://bache-gabrielsen.com/en/collection-cognac/,2026-06-15,https://bache-gabrielsen.com/wp-content/uploads/2024/07/Vintage21.png,cognac_france
Cognac,Bache-Gabrielsen,"Cognac, France",Bache-Gabrielsen,blended,NULL,FALSE,FALSE,Grande Champagne; Single Cask; Aged 22 Years 1999 Vintage,22,1999,F-IV-24,93.8,46.9,NULL,Limousin oak,NULL,"Spices, cigar box and cloves on the nose; Brazilian coffee, gingerbread and dark chocolate on the palate.",https://bache-gabrielsen.com/en/aged-22-years/; https://bache-gabrielsen.com/en/collection-cognac/,2026-06-15,https://bache-gabrielsen.com/wp-content/uploads/2022/05/Vintage22.png,cognac_france
Cognac,Bache-Gabrielsen,"Cognac, France",Bache-Gabrielsen,blended,NULL,FALSE,FALSE,Cognac; Single Cask; Aged 24 Years 1988 Vintage,24,1988,BN-81,81.6,40.8,NULL,Limousin oak,NULL,"Madagascar vanilla, nougat and old leather on the nose; currant and linden on the palate, then held in demijohn since 2013.",https://bache-gabrielsen.com/en/aged-24-years/; https://bache-gabrielsen.com/en/collection-cognac/,2026-06-15,https://bache-gabrielsen.com/wp-content/uploads/2022/05/Vintage24.png,cognac_france
Cognac,Bache-Gabrielsen,"Cognac, France",Bache-Gabrielsen,blended,NULL,FALSE,FALSE,Borderies; Single Cask; Aged 30 Years 1993 Vintage,30,1993,NULL,90.4,45.2,NULL,Limousin oak,NULL,"Delicate fresh flowers, crushed almonds and apricot on the nose; hazelnut, fresh vanilla and old leather on the palate from single estate Chérac-Borderies.",https://bache-gabrielsen.com/en/aged-30-years-vintage-1993/; https://bache-gabrielsen.com/en/collection-cognac/,2026-06-15,https://bache-gabrielsen.com/wp-content/uploads/2025/02/Design-sans-titre-2.png,cognac_france
Cognac,Bache-Gabrielsen,"Cognac, France",Bache-Gabrielsen,blended,NULL,FALSE,FALSE,Cognac; Single Cask; Aged 37 Years 1973 Vintage,37,1973,CI-39,82.4,41.2,NULL,Limousin oak,NULL,"Sparkling rose and passion fruit on the nose; coconut and toffee on the palate, then held in demijohn from 2011.",https://bache-gabrielsen.com/en/aged-37-years/; https://bache-gabrielsen.com/en/collection-cognac/,2026-06-15,https://bache-gabrielsen.com/wp-content/uploads/2022/05/Vintage37.png,cognac_france
Cognac,De Luze,"Cognac, France",De Luze,blended,NULL,FALSE,FALSE,Fine Champagne; VS; VS Fine Champagne,2,NULL,NULL,80,40,NULL,French oak,NULL,"Fresh and tasty with citrus and orange notes; lively and fruity, ideal for cocktails or light dishes.",https://cognacdeluze.com/cognac/vs/; https://cognacdeluze.com/our-cognacs/,2026-06-15,NULL,cognac_france
Cognac,De Luze,"Cognac, France",De Luze,blended,NULL,FALSE,FALSE,Fine Champagne; VSOP; VSOP Fine Champagne,4,NULL,NULL,80,40,NULL,French oak,NULL,"Dried apricot, toasted almond and vanilla on the nose; notes of dried orange zest, dried flowers, cedarwood, rancio and gray pepper on the palate.",https://cognacdeluze.com/cognac/vsop/; https://cognacdeluze.com/our-cognacs/; https://www.cognac-expert.com/xo-cognac/de-luze-xo-cognac-fine-champagne,2026-06-15,https://static.cognac-expert.com/10856-thickbox_default/de-luze-xo-cognac-fine-champagne.webp,cognac_france
Cognac,De Luze,"Cognac, France",De Luze,blended,NULL,FALSE,FALSE,Fine Champagne; VSOP; Gentry,NULL,NULL,NULL,80,40,NULL,French oak,NULL,Lively and subtle Fine Champagne cognac with fig and candied orange notes; delicate and versatile for casual sipping or cocktails.,https://cognacdeluze.com/cognac/gentry/; https://cognacdeluze.com/our-cognacs/,2026-06-15,https://cognacdeluze.com/wp-content/uploads/2024/07/design-sans-titre-10-1920x2880.png,cognac_france
Cognac,De Luze,"Cognac, France",De Luze,blended,NULL,FALSE,FALSE,Fine Champagne; XO; XO Fine Champagne,10,NULL,NULL,80,40,NULL,French oak,NULL,"Nose of candied lemon, crystallized tangerine, quince and kumquat with caramel and vanilla; cinnamon, prunes, nutmeg and toasted oak on the palate.",https://cognacdeluze.com/cognac/xo/; https://www.cognac-expert.com/xo-cognac/de-luze-xo-cognac-fine-champagne; https://cognacdeluze.com/our-cognacs/,2026-06-15,https://static.cognac-expert.com/10856-thickbox_default/de-luze-xo-cognac-fine-champagne.webp,cognac_france
Cognac,De Luze,"Cognac, France",De Luze,blended,NULL,FALSE,FALSE,Fine Champagne; Extra; Extra Fine Champagne,NULL,NULL,NULL,80,40,NULL,French oak,NULL,"Maple syrup, saffron, candied fruit and powerful oak; a harmonious blend of Grande and Petite Champagne eaux-de-vie matured to peak of flavor.",https://cognacdeluze.com/cognac/extra/; https://cognacdeluze.com/our-cognacs/,2026-06-15,https://cognacdeluze.com/wp-content/uploads/2021/10/extra.png,cognac_france
Cognac,De Luze,"Cognac, France",De Luze,blended,NULL,FALSE,FALSE,Fine Champagne; Napoléon; Napoléon Fine Champagne,6,NULL,NULL,80,40,NULL,French oak,NULL,"Fine Champagne Napoléon-age expression from Grande and Petite Champagne; warm dried fruit and spice with a rounded, smooth character.",https://whiskyauctioneer.com/learn/explore-whisky/bottles/de-luze-napoleon-cognac; https://cognac.com/guide/de-luze/,2026-06-15,https://assets.whiskyauctioneer.com/styles/xlarge_16_9/s3/6115203-001.JPG,cognac_france
Cognac,De Luze,"Cognac, France",De Luze,blended,NULL,FALSE,FALSE,Fine Champagne; XO; XO Très Vieille Réserve,10,NULL,NULL,80,40,NULL,French oak,NULL,"Wild herbs and dried fruit on the nose with cinnamon, prunes and glacé cherry; spicy palate with orange peel, nuts, honey and soft vanilla.",https://www.berevita.com/en/cognac-de-luze-xo; https://www.wine-searcher.com/find/de+luze+x+o+tres+vieilles+rsrv+cognac+france,2026-06-15,NULL,cognac_france
Cognac,De Luze,"Cognac, France",De Luze,blended,NULL,FALSE,FALSE,Fine Champagne; Extra; Extra Delight,NULL,NULL,NULL,80,40,NULL,French oak,NULL,"Narcissus, honeysuckle and jasmine on the nose with candied citrus and ripe fig; hazelnut, oak, eucalyptus and cigar box on the palate with a very long finish.",https://www.cognac-expert.com/extra-cognac/de-luze-extra-delight-cognac; https://www.totalwine.com/spirits/brandy-cognac/cognac/de-luze-extra-delight-cognac/p/216363750,2026-06-15,https://static.cognac-expert.com/1901-thickbox_default/de-luze-extra-delight-cognac.webp,cognac_france
Cognac,De Luze,"Cognac, France",De Luze,blended,NULL,FALSE,FALSE,Grande Champagne; Extra; Single Barrel Extra,50,NULL,NULL,80,40,NULL,French oak,NULL,"Limited edition of 500 bottles; 100% Grande Champagne eaux-de-vie over 50 years old from Domaine Boinaud, oldest stocks from 1980 harvest, single 350-litre barrel.",https://www.cognac-expert.com/extra-cognac/de-luze-single-barrel-extra-cognac; https://cognac.com/guide/de-luze/,2026-06-15,https://static.cognac-expert.com/534-thickbox_default/de-luze-single-barrel-extra-cognac.webp,cognac_france
Cognac,De Luze,"Cognac, France",De Luze,blended,NULL,FALSE,FALSE,Fine Champagne; VSOP; Monsieur Alfred Fine Champagne,NULL,NULL,NULL,86,43,NULL,French oak,NULL,"Homage to founder Alfred De Luze; Fine Champagne cuvée bottled at 43% with dried fruit, floral and spice character from the Boinaud estate.",https://www.cognac-expert.com/vsop-cognac/de-luze-monsieur-alfred-fine-champagne-cognac; https://www.donsliquorsandwine.com/products/de-luze-1822,2026-06-15,https://static.cognac-expert.com/8469-thickbox_default/de-luze-monsieur-alfred-fine-champagne-cognac.webp,cognac_france
Cognac,De Luze,"Cognac, France",De Luze,blended,NULL,FALSE,FALSE,Grande Champagne; Extra; Infini,NULL,NULL,NULL,80,40,NULL,French oak,NULL,"Honeysuckle, jasmine, apricot and fig on the nose; cinnamon, cigar box, saffron and nutmeg with chocolate, aged port wine and cedar on the palate; finish exceeds 30 minutes.",https://www.cognac-expert.com/prestige-cognac/de-luze-infini-cognac; https://cognac.com/guide/de-luze/,2026-06-15,https://static.cognac-expert.com/10901-thickbox_default/de-luze-infini-cognac.webp,cognac_france
Cognac,De Luze,"Cognac, France",De Luze,blended,NULL,FALSE,FALSE,Fine Champagne; Limited Edition; 24th Generation,NULL,NULL,NULL,80,40,NULL,French oak,NULL,Limited edition commemorating the 24th generation of the Boinaud family; Fine Champagne expression at 40% with complex long-aged character.,https://www.cognac-expert.com/limited-editions/de-luze-24th-generation-limited-edition-cognac; https://cognac.com/guide/de-luze/,2026-06-28,NULL,cognac_france
Cognac,A. de Fussigny,"Cognac, France",A. de Fussigny,blended,NULL,FALSE,FALSE,Cognac; VS; Sélection,NULL,NULL,NULL,80,40,NULL,Limousin and Tronçais oak,NULL,"Delicate aromas of honey, praline and dried fruit with a hint of citrus; blended from four growing areas with an average 8 years in cask.",https://www.thewhiskyexchange.com/p/48187/a-de-fussigny-selection-cognac; https://www.cognac-expert.com/brands/a-de-fussigny-cognac,2026-06-15,https://img.thewhiskyexchange.com/540/cognc_fus14.jpg,cognac_france
Cognac,A. de Fussigny,"Cognac, France",A. de Fussigny,blended,NULL,FALSE,FALSE,Fine Champagne; VSOP; Supérieur Fine Champagne,NULL,NULL,NULL,80,40,NULL,French oak,NULL,"Vanilla and fruit-rich blend of roughly 50% Grande Champagne and 50% Petite Champagne, with eaux-de-vie averaging around 15 years of age.",https://www.thewhiskyexchange.com/p/27082/a-de-fussigny-superieur; https://www.cognac-expert.com/vsop-cognac/a-de-fussigny-vsop-cognac-creation-superieur-fine-champagne,2026-06-15,https://img.thewhiskyexchange.com/540/cognc_fus10.jpg,cognac_france
Cognac,A. de Fussigny,"Cognac, France",A. de Fussigny,blended,NULL,FALSE,FALSE,Fine Champagne; XO; XO Fine Champagne,NULL,NULL,NULL,80,40,NULL,French oak,NULL,"Black cherries, marmalade, vanilla and toffee with almonds, black pepper and sweet spices; eaux-de-vie aged 10 to 25 years from Grande and Petite Champagne.",https://www.thewhiskyexchange.com/p/1718/a-de-fussigny-xo-creation-cognac; https://www.thewhiskyexchange.com/p/48332/a-de-fussigny-xo-cognac,2026-06-15,https://img.thewhiskyexchange.com/540/cognc_fus4.jpg,cognac_france
Cognac,A. de Fussigny,"Cognac, France",A. de Fussigny,blended,NULL,FALSE,FALSE,Grande Champagne; Extra; Extra Très Vieille Réserve,NULL,NULL,NULL,80,40,NULL,French oak,NULL,Stunning complexity with subtle nutty rancio; aged longer than the XO with eaux-de-vie from 10 to over 35 years from the Grande Champagne region.,https://www.thewhiskyexchange.com/p/1717/a-de-fussigny-extra-cognac; https://www.cognac-expert.com/brands/a-de-fussigny-cognac,2026-06-15,https://img.thewhiskyexchange.com/540/cognc_fus3.jpg,cognac_france
Cognac,A. de Fussigny,"Cognac, France",A. de Fussigny,blended,NULL,FALSE,FALSE,Grande Champagne; VSOP; Collection VSOP Grande Champagne,NULL,NULL,NULL,80,40,NULL,French oak,NULL,"Indulgent aromas of orange peel, prune, licorice and chocolate with exotic lime and coconut; warming vanilla and sweet tea on the finish.",https://www.premiumgrandscrus.com/en/cognac-vsop/681-a-de-fussigny-collection-vsop-cognac-grande-champagne.html; https://www.cognac-expert.com/brands/a-de-fussigny-cognac,2026-06-15,https://cdn.premiumgrandscrus.com/9348-large_default/a-de-fussigny-collection-vsop-cognac-grande-champagne.jpg,cognac_france
Cognac,A. de Fussigny,"Cognac, France",A. de Fussigny,blended,NULL,FALSE,FALSE,Petite Champagne; VSOP; Collection VSOP Petite Champagne,NULL,NULL,NULL,80,40,NULL,French oak,NULL,"Candied prune, warm pastry, licorice, vanilla, melted oak and nuts on the nose; balanced, long and round on the palate with spices and chocolate.",https://www.cognac-expert.com/vsop-cognac/a-de-fussigny-petite-champagne-vsop-cognac; https://shop.cognatheque.com/en/cognac-a-de-fussigny-online/2206-vsop-petite-champagne-cognac-a-de-fussigny.html,2026-06-15,https://static.cognac-expert.com/6515-thickbox_default/a-de-fussigny-petite-champagne-vsop-cognac.webp,cognac_france
Cognac,A. de Fussigny,"Cognac, France",A. de Fussigny,blended,NULL,FALSE,FALSE,Borderies; VSOP; Collection VSOP Borderies,NULL,NULL,NULL,80,40,NULL,French oak,NULL,"Single-cru Borderies VSOP showcasing the characteristic violet, walnut and round floral character unique to this smallest premier cru.",https://www.cognac-expert.com/cognac-gift-tasting-sets/a-de-fussigny-coffret-vsop-collection-cognac; https://www.cognac-expert.com/brands/a-de-fussigny-cognac,2026-06-15,https://static.cognac-expert.com/4211-thickbox_default/a-de-fussigny-coffret-vsop-collection-cognac.webp,cognac_france
Cognac,A. de Fussigny,"Cognac, France",A. de Fussigny,blended,NULL,FALSE,FALSE,Fins Bois; VSOP; Collection VSOP Fins Bois,NULL,NULL,NULL,80,40,NULL,French oak,NULL,"Single-cru Fins Bois VSOP with the characteristic fresh, fruity and early-developing style typical of this large growing area.",https://www.cognac-expert.com/cognac-gift-tasting-sets/a-de-fussigny-coffret-vsop-collection-cognac; https://www.cognac-expert.com/brands/a-de-fussigny-cognac,2026-06-15,https://static.cognac-expert.com/4211-thickbox_default/a-de-fussigny-coffret-vsop-collection-cognac.webp,cognac_france
Cognac,A. de Fussigny,"Cognac, France",A. de Fussigny,blended,NULL,FALSE,FALSE,Cognac; VSOP; Collection VSOP Organic,NULL,NULL,NULL,80,40,NULL,French oak,NULL,"Organic VSOP rounding off the Collection series, integrating certified-organic eaux-de-vie with fresh and clean aromatic profile.",https://www.cognac-expert.com/vsop-cognac/a-de-fussigny-vsop-organic-cognac; https://shop.cognatheque.com/en/cognac-a-de-fussigny-online/2203-pure-organic-vsop-cognac-a-de-fussigny.html; https://www.thespiritsbusiness.com/2022/02/a-de-fussigny-debuts-organic-range/,2026-06-15,https://static.cognac-expert.com/10862-thickbox_default/a-de-fussigny-vsop-organic-cognac.webp,cognac_france
Cognac,A. de Fussigny,"Cognac, France",A. de Fussigny,blended,NULL,FALSE,FALSE,Cognac; Millésime; Millésime 1969,NULL,1969,NULL,86,43,NULL,French oak,NULL,Entirely from Petite Champagne eaux-de-vie; the 1969 harvest had variable conditions yielding higher acid levels ideal for long-aged Cognac.,https://www.cognac-expert.com/vintage-cognac/a-de-fussigny-millesime-1969-cognac; https://www.thewhiskyexchange.com/p/35010/a-de-fussigny-1970-cognac,2026-06-15,https://static.cognac-expert.com/1054-thickbox_default/a-de-fussigny-millesime-1969-cognac.webp,cognac_france
Cognac,A. de Fussigny,"Cognac, France",A. de Fussigny,blended,NULL,FALSE,FALSE,Fins Bois; Millésime; Millésime 1988,NULL,1988,NULL,86,43,NULL,French oak,NULL,Single-cru Fins Bois 1988 vintage noted for powerful aroma and structure despite difficult rainfall conditions that year.,https://www.cognac-expert.com/vintage-cognac/a-de-fussigny-millesime-1988-cognac; https://www.thewhiskyexchange.com/p/35011/a-de-fussigny-1988-cognac,2026-06-15,https://static.cognac-expert.com/6532-thickbox_default/a-de-fussigny-millesime-1988-cognac.webp,cognac_france
Cognac,Bisquit Dubouché,"Rouillac, France",Bisquit Dubouché,blended,NULL,FALSE,FALSE,Cognac; VS; VS Very Special,2,NULL,NULL,80,40,NULL,French oak,NULL,Core of fresh pear and plum with delicate florals and rich cinnamon and oak notes; fresh and lively thanks to Fins Bois base aged 3 to 5 years.,https://www.bisquitdubouche.com/collection/vs/; https://www.masterofmalt.com/distilleries/bisquit-dubouche-cognac-distillery/,2026-06-15,NULL,cognac_france
Cognac,Bisquit Dubouché,"Rouillac, France",Bisquit Dubouché,blended,NULL,FALSE,FALSE,Cognac; VSOP; VSOP Very Superior Old Pale,4,NULL,NULL,80,40,NULL,French oak,NULL,"Dried apricot, honey, cinnamon and cloves on the nose; smooth and mellow palate with honeysuckle, citrus and mango on a long everlasting finish.",https://www.bisquitdubouche.com/collection/vsop/; https://www.thewhiskyexchange.com/p/59729/bisquit-dubouche-vsop-cognac; https://www.cognac-expert.com/vsop-cognac/bisquit-dubouche-cognac-vsop,2026-06-15,https://img.thewhiskyexchange.com/540/cognc_bis47.jpg,cognac_france
Cognac,Bisquit Dubouché,"Rouillac, France",Bisquit Dubouché,blended,NULL,FALSE,FALSE,Cognac; XO; XO Extra Old,10,NULL,NULL,80,40,NULL,French oak,NULL,"Velvety dried fruits, hints of sweet spice and a lingering touch of toasted oak; silky and sumptuous with Grande and Petite Champagne eaux-de-vie.",https://www.bisquitdubouche.com/en-us/collection/xo/; https://www.cognac-expert.com/xo-cognac/bisquit-dubouche-xo-cognac; https://www.masterofmalt.com/distilleries/bisquit-dubouche-cognac-distillery/,2026-06-15,https://static.cognac-expert.com/118-thickbox_default/bisquit-dubouche-xo-cognac.webp,cognac_france
Cognac,Bisquit Dubouché,"Rouillac, France",Bisquit Dubouché,blended,NULL,FALSE,FALSE,Cognac; Napoléon; Prestige,NULL,NULL,NULL,80,40,NULL,French oak,NULL,"Dried and candied fruits, raisins, honey, licorice, cinnamon and vanilla on the nose; smooth fruit cake, gingerbread, caramel and tea palate with nutmeg and coffee.",https://www.cognac-expert.com/napoleon-cognac/bisquit-dubouche-prestige-cognac; https://www.cognac-expert.com/brands/bisquit-and-dubouche-cognac,2026-06-15,https://static.cognac-expert.com/3184-thickbox_default/bisquit-dubouche-prestige-cognac.webp,cognac_france
Cognac,Bisquit Dubouché,"Rouillac, France",Bisquit Dubouché,blended,NULL,FALSE,FALSE,Cognac; VSOP; Légende,NULL,NULL,NULL,80,40,NULL,French oak,NULL,"Rich and round with vanilla, caramel, toasted almond, rose petals, dried apricot, elegant oak, clove and cinnamon; longer distillation produces generous bouquet.",https://www.cognac-expert.com/vsop-cognac/bisquit-dubouche-legende-cognac; https://www.cognac-expert.com/brands/bisquit-and-dubouche-cognac,2026-06-15,https://static.cognac-expert.com/4438-thickbox_default/bisquit-dubouche-legende-cognac.webp,cognac_france
Cognac,Bisquit Dubouché,"Rouillac, France",Bisquit Dubouché,blended,NULL,FALSE,FALSE,Fine Champagne; Hors d'Âge; Interlude,NULL,NULL,NULL,80,40,NULL,French oak,NULL,"Rare Fine Champagne blend of 77% Grande Champagne and 23% Petite Champagne from long-aged stocks; limited edition of 1,000 bottles per year.",https://www.cognac-expert.com/hors-d-age-cognac/bisquit-dubouche-interlude-limited-edition-cognac; https://www.masterofmalt.com/cognac/bisquit-dubouche-et-cie/bisquit-interlude-cask-0079-cognac/; https://www.cognatheque.com/en/cognac-bisquit/1060-cognac-bisquit-interlude-first-expression.html,2026-06-15,https://static.cognac-expert.com/3176-thickbox_default/bisquit-dubouche-interlude-limited-edition-cognac.webp,cognac_france
Cognac,Bisquit Dubouché,"Rouillac, France",Bisquit Dubouché,blended,NULL,FALSE,FALSE,Cognac; Extra; Bisquit 1819,NULL,NULL,NULL,80,40,NULL,French oak,NULL,"Complex prestige cuvée blending cognacs aged up to 50 years with notes of vanilla, honey and spices.",https://www.bisquitdubouche.com/en-us/collection/; https://www.vintage-liquors.com/en/31-bisquit-dubouche-cognac; https://www.cognac-expert.com/brands/bisquit-and-dubouche-cognac,2026-06-15,NULL,cognac_france
Cognac,Bisquit Dubouché,"Rouillac, France",Bisquit Dubouché,blended,NULL,FALSE,FALSE,Grande Champagne; Extra; Extra Vieille Grande Champagne,NULL,NULL,NULL,80,40,NULL,French oak,NULL,Old expression of Extra Vieille Grande Champagne from historical stock; deep complexity with long-aged rancio character.,https://www.thewhiskyexchange.com/p/16969/bisquit-dubouche-extra-vieille-cognac-bot1960s; https://www.thewhiskyexchange.com/b/351/bisquit-dubouche-cognac,2026-06-15,https://img.thewhiskyexchange.com/540/cognc_bis18.jpg,cognac_france
Cognac,Bisquit Dubouché,"Rouillac, France",Bisquit Dubouché,blended,NULL,FALSE,FALSE,Grande Champagne; Millésime; Bisquit 1865 Grande Champagne,NULL,1865,NULL,80,40,NULL,French oak,NULL,Extremely rare vintage Grande Champagne bottled in the 1930s; historical collector expression from the house's earliest documented stocks.,https://www.thewhiskyexchange.com/p/8247/bisquit-dubouche-1865-cognac-grande-champagne-bot1930s; https://www.thewhiskyexchange.com/b/351/bisquit-dubouche-cognac,2026-06-15,https://img.thewhiskyexchange.com/540/cognc_bis9.jpg,cognac_france
Cognac,Bisquit Dubouché,"Rouillac, France",Bisquit Dubouché,blended,NULL,FALSE,FALSE,Grande Champagne; Millésime; Bisquit 1858 Grande Champagne,NULL,1858,NULL,80,40,NULL,French oak,NULL,Extremely rare vintage Grande Champagne bottled in the 1930s; collector expression from the house's early stocks predating the Pernod Ricard era.,https://www.thewhiskyexchange.com/p/39814/bisquit-dubouche-1858-cognac-grande-champagne-bot1930s; https://www.thewhiskyexchange.com/b/351/bisquit-dubouche-cognac,2026-06-15,https://img.thewhiskyexchange.com/540/cognc_bis1858.jpg,cognac_france
Cognac,Bisquit Dubouché,"Rouillac, France",Bisquit Dubouché,blended,NULL,FALSE,FALSE,Grande Champagne; Millésime; Bisquit 1811 Grande Champagne,NULL,1811,NULL,80,40,NULL,French oak,NULL,Extraordinarily rare pre-phylloxera vintage Grande Champagne bottled in the 1930s; among the earliest documented bottlings from the house.,https://www.thewhiskyexchange.com/p/24586/bisquit-dubouche-1811-cognac-grande-champagne-bot1930s; https://www.thewhiskyexchange.com/b/351/bisquit-dubouche-cognac,2026-06-15,https://img.thewhiskyexchange.com/540/cognc_bis25.jpg,cognac_france
Cognac,Maison Brillet,"Graves-Saint-Amant, France",Maison Brillet,own_make,NULL,FALSE,FALSE,Petite Champagne; VS; Signature,NULL,NULL,NULL,80,40,NULL,NULL,NULL,"Light and fruity young VS from Petite Champagne, fresh floral and citrus notes.",https://www.cognac-expert.com/vs-cognac/brillet-jr-signature-vs-cognac; https://www.thewhiskyexchange.com/b/351/brillet-cognac,2026-06-15,https://static.cognac-expert.com/160-thickbox_default/brillet-jr-signature-vs-cognac.webp,cognac_france
Cognac,Maison Brillet,"Graves-Saint-Amant, France",Maison Brillet,own_make,NULL,FALSE,FALSE,Petite Champagne; VSOP; Réserve Extra,VSOP,NULL,NULL,80,40,NULL,NULL,NULL,"Round and fruity Petite Champagne VSOP, aged 5-10 years in Limousin oak with balanced notes of dried fruit and vanilla.",https://www.cognac-expert.com/vsop-cognac/brillet-reserve-extra-petite-champagne; https://www.thewhiskyexchange.com/p/5765/brillet-tres-vielle-reserve-xo-cognac,2026-06-15,https://static.cognac-expert.com/6792-thickbox_default/brillet-reserve-extra-petite-champagne.webp,cognac_france
Cognac,Maison Brillet,"Graves-Saint-Amant, France",Maison Brillet,own_make,NULL,FALSE,FALSE,Grande Champagne; Napoléon; Grande Réserve,Napoléon,NULL,NULL,80,40,NULL,NULL,NULL,"Single-cru Grande Champagne Napoléon aged approximately 10 years in new then old Limousin oak, with warm fruit and wood notes.",https://www.cognac-expert.com/napoleon-cognac/brillet-grande-reserve-napoleon-cognac; https://www.thewhiskyexchange.com/b/351/brillet-cognac,2026-06-15,https://static.cognac-expert.com/159-thickbox_default/brillet-grande-reserve-napoleon-cognac.webp,cognac_france
Cognac,Maison Brillet,"Graves-Saint-Amant, France",Maison Brillet,own_make,NULL,FALSE,FALSE,Grande Champagne; XO; Extra Old XO,XO,NULL,NULL,80,40,NULL,NULL,NULL,"Beautifully mature 100% Grande Champagne XO, matured a full generation in small oak casks with caramel, chocolate and spice complexity.",https://www.cognac-expert.com/xo-cognac/brillet-extra-old-xo-cognac; https://www.thewhiskyexchange.com/b/351/brillet-cognac,2026-06-15,https://static.cognac-expert.com/7895-thickbox_default/brillet-extra-old-xo-cognac.webp,cognac_france
Cognac,Maison Brillet,"Graves-Saint-Amant, France",Maison Brillet,own_make,NULL,FALSE,FALSE,Grande Champagne; XO; Très Vieille Réserve XO,XO,NULL,NULL,80,40,NULL,NULL,NULL,"Single-cru Grande Champagne Très Vieille Réserve, deep amber with rich rancio and dried fruit character.",https://www.thewhiskyexchange.com/p/5765/brillet-tres-vielle-reserve-xo-cognac; https://www.klwines.com/p/i?i=1000839; https://www.wine-searcher.com/find/maison+j+r+brillet+tres+vieilles+rsrv+x+o+grand+champagne+cognac+france,2026-06-15,https://img.thewhiskyexchange.com/540/cognc_bri3.jpg,cognac_france
Cognac,Maison Brillet,"Graves-Saint-Amant, France",Maison Brillet,own_make,NULL,FALSE,FALSE,Grande Champagne; Hors d'Âge; Hors d'Age,Hors d'Âge,NULL,NULL,80,40,NULL,NULL,NULL,"Grande Champagne aged 30 years in new then old Limousin oak, complex with dried fruit and rancio.",https://www.cognac-expert.com/hors-d-age-cognac/brillet-jr-hors-d-age-cognac-grande-champagne; https://www.thewhiskyexchange.com/b/351/brillet-cognac,2026-06-15,https://static.cognac-expert.com/357-thickbox_default/brillet-jr-hors-d-age-cognac-grande-champagne.webp,cognac_france
Cognac,Maison Brillet,"Graves-Saint-Amant, France",Maison Brillet,own_make,NULL,FALSE,FALSE,Grande Champagne; Hors d'Âge; Très Rare,Hors d'Âge,NULL,NULL,82,41,NULL,NULL,NULL,"Incredibly rare single Grande Champagne aged in Limousin oak then stored in 25-litre demijohns, with great depth and length.",https://www.cognac-expert.com/hors-d-age-cognac/brillet-tres-rare; https://www.thewhiskyexchange.com/b/351/brillet-cognac,2026-06-15,https://static.cognac-expert.com/5979-thickbox_default/brillet-tres-rare.webp,cognac_france
Cognac,Maison Brillet,"Graves-Saint-Amant, France",Maison Brillet,own_make,NULL,FALSE,FALSE,Grande Champagne; Hors d'Âge; Héritage Très Rare,Hors d'Âge,NULL,NULL,90,45,NULL,NULL,NULL,"Single Grande Champagne brut de fût expression, robust and aromatic with great concentration.",https://www.cabinet7.com/private-collector-bottles/heritage-tres-rare-1er-cru-single-4459; http://www.saq.com/page/en/saqcom/xo-cognac/brillet-heritage-tres-rare-cognac-grande-champagne/12114259,2026-06-15,NULL,cognac_france
Cognac,Maison Brillet,"Graves-Saint-Amant, France",Maison Brillet,own_make,NULL,FALSE,FALSE,Grande Champagne; Hors d'Âge; Réserve Limitée Ancestrale,Hors d'Âge,NULL,NULL,84,42,NULL,NULL,NULL,"Very mature, very rare limited single Grande Champagne blend bottled at 42%, rich and complex.",https://www.cognac-expert.com/ancestrale-cognac/brillet-reserve-limitee-rare-cognac-ancestrale-vip; https://www.thewhiskyexchange.com/b/351/brillet-cognac,2026-06-15,https://static.cognac-expert.com/359-thickbox_default/brillet-reserve-limitee-rare-cognac-ancestrale-vip.webp,cognac_france
Cognac,Maison Brillet,"Graves-Saint-Amant, France",Maison Brillet,own_make,NULL,FALSE,FALSE,Grande Champagne; Hors d'Âge; Héritage 1er Cru,Hors d'Âge,NULL,NULL,80,40,NULL,NULL,NULL,"Rare Grande Champagne heritage blend drawing on century-old stocks, deep and spiced.",https://www.cabinet7.com/private-collector-bottles/heritage-1er-cru-5541; https://www.cognac-expert.com/hors-d-age-cognac/brillet-jr-hors-d-age-cognac-grande-champagne,2026-06-15,https://static.cognac-expert.com/357-thickbox_default/brillet-jr-hors-d-age-cognac-grande-champagne.webp,cognac_france
Cognac,Maison Brillet,"Graves-Saint-Amant, France",Maison Brillet,own_make,NULL,FALSE,FALSE,Petite Champagne; VS; Seltz VS,NULL,NULL,NULL,80,40,NULL,NULL,NULL,"Young VS expression from Petite Champagne, fresh and vibrant.",https://www.cognac-expert.com/vs-cognac/brillet-jr-cognac-seltz-vs; https://www.premiumgrandscrus.com/en/221_brillet,2026-06-15,https://static.cognac-expert.com/669-thickbox_default/brillet-jr-cognac-seltz-vs.webp,cognac_france
Cognac,Vallein-Tercinier,"Chez Richon, France",Vallein-Tercinier,own_make,NULL,FALSE,FALSE,Fine Champagne; VSOP; VSOP Premium Selection,VSOP,NULL,NULL,80,40,NULL,NULL,NULL,"Award-winning Fine Champagne VSOP with youngest eau-de-vie aged 7-10 years, notes of dried fruit and spice.",https://www.thewhiskyexchange.com/p/42798/vallein-tercinier-vsop-premium-selection-cognac; https://www.cognac-expert.com/vsop-cognac/vallein-tercinier-vsop-premium-selection-cognac,2026-06-15,https://img.thewhiskyexchange.com/540/cognc_ter3.jpg,cognac_france
Cognac,Vallein-Tercinier,"Chez Richon, France",Vallein-Tercinier,own_make,NULL,FALSE,FALSE,Fine Champagne; Napoléon; Vieille Réserve Napoléon,Napoléon,NULL,NULL,80,40,NULL,NULL,NULL,"Fine Champagne blend with youngest component 15 years old, rich fruit and floral complexity.",https://www.thewhiskyexchange.com/p/42799/vallein-tercinier-napoleon-cognac; https://www.cognac-expert.com/napoleon-cognac/vallein-tercinier-vieille-reserve-napoleon-cognac,2026-06-15,https://img.thewhiskyexchange.com/540/cognc_ter4.jpg,cognac_france
Cognac,Vallein-Tercinier,"Chez Richon, France",Vallein-Tercinier,own_make,NULL,FALSE,FALSE,Fine Champagne; XO; Vieille Réserve XO,XO,NULL,NULL,80,40,NULL,NULL,NULL,"Fine Champagne XO with youngest eau-de-vie at minimum 35 years, rich and deeply complex with rancio character.",https://www.thewhiskyexchange.com/p/42801/vallein-tercinier-vieille-reserve-xo-cognac; https://www.cognac-expert.com/xo-cognac/vallein-tercinier-xo-vieille-reserve-cognac,2026-06-15,https://img.thewhiskyexchange.com/540/cognc_ter6.jpg,cognac_france
Cognac,Vallein-Tercinier,"Chez Richon, France",Vallein-Tercinier,own_make,NULL,FALSE,FALSE,Fine Champagne; Hors d'Âge; Hors d'Age,Hors d'Âge,NULL,NULL,84,42,NULL,NULL,NULL,"Fine Champagne blend of 20+ different Grande and Petite Champagne eaux-de-vie, youngest 40 years old, extraordinarily complex.",https://www.cognac-expert.com/hors-d-age-cognac/vallein-tercinier-hors-d-age-cognac; https://www.diffordsguide.com/beer-wine-spirits/948/famille-vallein-tercinier-hors-d-age-fine,2026-06-15,https://static.cognac-expert.com/16570-thickbox_default/vallein-tercinier-hors-d-age-cognac.webp,cognac_france
Cognac,Vallein-Tercinier,"Chez Richon, France",Vallein-Tercinier,own_make,NULL,FALSE,FALSE,Petite Champagne; Millésime; Lot 66,NULL,1966,Lot 66,NULL,NULL,NULL,NULL,NULL,"Single barrel 1966 vintage Petite Champagne, limited to 500 bottles, floral and fruit-forward with aged oak depth.",https://www.cognac-expert.com/vintage-cognac/vallein-tercinier-lot-66-petite-champagne-cognac; https://singlecaskrum.com/2021/10/14/vallein-tercinier/,2026-06-15,https://static.cognac-expert.com/4237-thickbox_default/vallein-tercinier-lot-66-petite-champagne-cognac.webp,cognac_france
Cognac,Vallein-Tercinier,"Chez Richon, France",Vallein-Tercinier,own_make,NULL,FALSE,FALSE,Petite Champagne; Millésime; Lot 70,NULL,1970,Lot 70,104,52,NULL,NULL,NULL,"1970 vintage Petite Champagne bottled at cask strength 52%, with floral, fruit and spiced oak notes from 49 years aging.",https://whiskyrific.com/2025/03/02/cognac-vallein-tercinier-lot-70-petite-champagne-52/; https://whiskyauctioneer.com/learn/explore-whisky/bottles/famille-vallein-tercinier-lot-65-50-year-old-grande-champagne-cognac,2026-06-15,https://i0.wp.com/whiskyrific.com/wp-content/uploads/2025/03/vt-lot-70.jpg,cognac_france
Cognac,Vallein-Tercinier,"Chez Richon, France",Vallein-Tercinier,own_make,NULL,FALSE,FALSE,Grande Champagne; Millésime; Lot 65,50 Years,1965,Lot 65,NULL,NULL,NULL,NULL,NULL,"50-year-old Grande Champagne single cask bottled 2015, extraordinarily dense and fruity, rated 94 points.",https://whiskyauctioneer.com/learn/explore-whisky/bottles/famille-vallein-tercinier-lot-65-50-year-old-grande-champagne-cognac; https://www.whisky-online.com/products/famille-vallein-tercinier-50-year-old-lot-65-grande-champagne-cognac,2026-06-15,https://assets.whiskyauctioneer.com/styles/xlarge_16_9/s3/6161890-001.JPG,cognac_france
Cognac,Guillon-Painturaud,"Segonzac, France",Guillon-Painturaud,own_make,NULL,FALSE,FALSE,Grande Champagne; VSOP; VSOP,VSOP,NULL,NULL,80,40,NULL,NULL,NULL,"Pure Grande Champagne VSOP aged on average 15 years, aromas of ripe orange, plum, candied walnuts and baking spice.",https://www.thewhiskyexchange.com/p/54809/guillon-painturaud-vsop-grande-champagne-cognac; https://www.cognac-expert.com/vsop-cognac/guillon-painturaud-vsop-cognac,2026-06-15,https://img.thewhiskyexchange.com/540/cognc_gui6.jpg,cognac_france
Cognac,Guillon-Painturaud,"Segonzac, France",Guillon-Painturaud,own_make,NULL,FALSE,FALSE,Grande Champagne; XO; Vieille Réserve,XO,NULL,NULL,80,40,NULL,NULL,NULL,"Elegant and feminine Grande Champagne aged at least 20 years, delicate with ripe raisin, fig and floral notes.",https://www.thewhiskyexchange.com/p/9317/guillon-painturaud-xo-vieille-reserve-cognac; https://www.cognac-expert.com/reserve-cognac/guillon-painturaud-vieille-reserve,2026-06-15,https://img.thewhiskyexchange.com/540/cognc_gui2.jpg,cognac_france
Cognac,Guillon-Painturaud,"Segonzac, France",Guillon-Painturaud,own_make,NULL,FALSE,FALSE,Grande Champagne; Hors d'Âge; XO Hors d'Age,Hors d'Âge,NULL,NULL,80,40,NULL,NULL,NULL,"Grande Champagne aged approximately 30 years, vibrantly fruity with pronounced spice at great age.",https://www.thewhiskyexchange.com/p/9316/guillon-painturaud-xo-hors-dage-cognac; https://www.cognac-expert.com/brands/guillon-painturaud-cognac,2026-06-15,https://img.thewhiskyexchange.com/540/cognc_gui1.jpg,cognac_france
Cognac,Guillon-Painturaud,"Segonzac, France",Guillon-Painturaud,own_make,NULL,FALSE,FALSE,Grande Champagne; Hors d'Âge; Renaissance,Hors d'Âge,NULL,NULL,80,40,NULL,NULL,NULL,"Top expression with each eau-de-vie aged approximately 40 years, deep copper-colored elixir of great depth and complexity.",https://www.cognac-expert.com/hors-d-age-cognac/guillon-painturaud-renaissance-cognac; https://www.cognac-expert.com/cognac-gift-tasting-sets/guillon-painturaud-discovery-set-vsop-vieille-reserve-hors-d-age-cognac,2026-06-15,https://static.cognac-expert.com/13148-thickbox_default/guillon-painturaud-renaissance-cognac.webp,cognac_france
Cognac,Guillon-Painturaud,"Segonzac, France",Guillon-Painturaud,own_make,NULL,FALSE,FALSE,Grande Champagne; Hors d'Âge; Très Vieux,Hors d'Âge,NULL,NULL,80,40,NULL,NULL,NULL,"Very old Grande Champagne expression from estate vineyards in Segonzac, rich and contemplative.",https://www.cognac-guillon-painturaud.fr/en/; https://www.cognac-expert.com/brands/guillon-painturaud-cognac,2026-06-15,NULL,cognac_france
Cognac,Château de Montifaud,"Jarnac-Champagne, France",Château de Montifaud,own_make,NULL,FALSE,FALSE,Petite Champagne; VS; VS,VS,NULL,NULL,80,40,NULL,NULL,NULL,"Young and fresh Petite Champagne VS aged 5-8 years, light with floral and citrus character.",https://www.thewhiskyexchange.com/p/36567/chateau-de-montifaud-vs-fine-petite-champagne-cognac; https://www.cognac-expert.com/vs-cognac/chateau-de-montifaud-vs-cognac,2026-06-15,https://img.thewhiskyexchange.com/540/cognc_mon6.jpg,cognac_france
Cognac,Château de Montifaud,"Jarnac-Champagne, France",Château de Montifaud,own_make,NULL,FALSE,FALSE,Petite Champagne; VSOP; VSOP,VSOP,NULL,NULL,80,40,NULL,NULL,NULL,"Best-selling Château Montifaud expression aged 8-10 years, notes of vineyard flowers, dried fruits and balance.",https://www.cognac-expert.com/vsop-cognac/chateau-de-montifaud-vsop-cognac; https://www.thewhiskyexchange.com/b/351/chateau-de-montifaud-cognac,2026-06-15,https://static.cognac-expert.com/12893-thickbox_default/chateau-de-montifaud-vsop-cognac.webp,cognac_france
Cognac,Château de Montifaud,"Jarnac-Champagne, France",Château de Montifaud,own_make,NULL,FALSE,FALSE,Petite Champagne; Napoléon; Napoléon,Napoléon,NULL,NULL,80,40,NULL,NULL,NULL,"Blend of 10+ Petite Champagne eaux-de-vie aged 15-18 years, well-structured and smooth.",https://www.cognac-expert.com/napoleon-cognac/chateau-de-montifaud-napoleon-cognac; https://distiller.com/spirits/chateau-de-montifaud-napoleon-fine-petite-champagne,2026-06-15,https://static.cognac-expert.com/12911-thickbox_default/chateau-de-montifaud-napoleon-cognac.webp,cognac_france
Cognac,Château de Montifaud,"Jarnac-Champagne, France",Château de Montifaud,own_make,NULL,FALSE,FALSE,Petite Champagne; XO; XO,XO,NULL,NULL,80,40,NULL,NULL,NULL,"Petite Champagne XO aged 30-35 years, complex aromas of dried flowers, fruits, nuts and spices.",https://www.cognac-expert.com/xo-cognac/chateau-de-montifaud-xo-cognac; https://www.thewhiskyexchange.com/b/351/chateau-de-montifaud-cognac,2026-06-15,https://static.cognac-expert.com/10462-thickbox_default/chateau-de-montifaud-xo-cognac.webp,cognac_france
Cognac,Château de Montifaud,"Jarnac-Champagne, France",Château de Montifaud,own_make,NULL,FALSE,FALSE,Petite Champagne; XO; XO Majestic,XO,NULL,NULL,80,40,NULL,NULL,NULL,"Petite Champagne XO presented in a prestige decanter, exceptional depth and elegance.",https://www.cognac-expert.com/xo-cognac/chateau-de-montifaud-xo-majestic; https://www.chateaumontifaud.com/en/collection.html,2026-06-15,https://static.cognac-expert.com/12913-thickbox_default/chateau-de-montifaud-xo-majestic.webp,cognac_france
Cognac,Château de Montifaud,"Jarnac-Champagne, France",Château de Montifaud,own_make,NULL,FALSE,FALSE,Petite Champagne; Très Vieux; 20 Year Old,20 Years,NULL,NULL,80,40,NULL,NULL,NULL,"Petite Champagne aged 20 years, silky and complex with honeyed fruit and oak character.",https://www.finedrams.com/chateau-montifaud-20-year-old-cognac.html; https://www.cognac-expert.com/brands/chateau-de-montifaud,2026-06-15,NULL,cognac_france
Cognac,Château de Montifaud,"Jarnac-Champagne, France",Château de Montifaud,own_make,NULL,FALSE,FALSE,Petite Champagne; Très Vieux; 30 Year Old,30 Years,NULL,NULL,80,40,NULL,NULL,NULL,"Petite Champagne aged 30 years, presented in a hand-blown rustic bottle with wooden box, deeply complex and refined.",https://www.shawbury.wine/products/chateau-montifaud-30-year-old-cognac; https://www.cognac-expert.com/brands/chateau-de-montifaud,2026-06-15,http://www.shawbury.wine/cdn/shop/files/30_year_old_cognac_in_box_grande.png,cognac_france
Cognac,Château de Montifaud,"Jarnac-Champagne, France",Château de Montifaud,own_make,NULL,FALSE,FALSE,Petite Champagne; Millésime; Vintage 2003,NULL,2003,NULL,80,40,NULL,NULL,NULL,"Single vintage 2003 Petite Champagne, showing the character of a warm harvest year.",https://www.cognac-expert.com/vintage-cognac/chateau-de-montifaud-vintage-2003-petite-champagne; https://www.brandyclassics.com/product-category/vintage-cognac/chateau-montifaud/,2026-06-15,https://static.cognac-expert.com/12789-thickbox_default/chateau-de-montifaud-vintage-2003-petite-champagne.webp,cognac_france
Cognac,Château de Montifaud,"Jarnac-Champagne, France",Château de Montifaud,own_make,NULL,FALSE,FALSE,Petite Champagne; Hors d'Âge; Héritage Louis Vallet L50,Hors d'Âge,NULL,NULL,80,40,NULL,NULL,NULL,"Rare blend of Petite Champagne eaux-de-vie from 1935–1982, first distilled by Louis Vallet, naturally reduced to 50% then diluted over 2 years.",https://www.cognac-expert.com/hors-d-age-cognac/chateau-de-montifaud-heritage-louis-vallet-l50; https://www.cognac-expert.com/hors-d-age-cognac/montifaud-heritage-maurice-vallet-cognac,2026-06-15,https://static.cognac-expert.com/7798-thickbox_default/chateau-de-montifaud-heritage-louis-vallet-l50.webp,cognac_france
Cognac,Château de Montifaud,"Jarnac-Champagne, France",Château de Montifaud,own_make,NULL,FALSE,FALSE,Petite Champagne; Hors d'Âge; Héritage Maurice Vallet,Hors d'Âge,NULL,NULL,80,40,NULL,NULL,NULL,"Ultra-rare blend with youngest eau-de-vie from the 1925 harvest, only 140 numbered decanters available.",https://www.cognac-expert.com/hors-d-age-cognac/chateau-de-montifaud-heritage-maurice-vallet-cognac; https://blog.cognac-expert.com/chateau-de-montifaud-150th-anniversary-cognac/,2026-06-15,https://static.cognac-expert.com/15188-thickbox_default/chateau-de-montifaud-heritage-maurice-vallet-cognac.webp,cognac_france
Cognac,Léopold Gourmel,"Genté, France",Léopold Gourmel,own_make,NULL,FALSE,FALSE,Fins Bois; VSOP; Premières Saveurs 6 Carats,NULL,NULL,NULL,80,40,NULL,NULL,NULL,"Fins Bois VSOP aged 6 years in un-toasted fine-grain French oak, distilled with lees, no additives, fresh and expressive.",https://www.cognac-expert.com/vsop-cognac/leopold-gourmel-vsop-premieres-saveurs-6-carats-cognac; https://shop.cognatheque.com/en/cognac-leopold-gourmel/397-cognac-leopold-gourmel-vsop-premieres-saveurs-6-carats.html,2026-06-15,https://static.cognac-expert.com/16114-thickbox_default/leopold-gourmel-vsop-premieres-saveurs-6-carats-cognac.webp,cognac_france
Cognac,Léopold Gourmel,"Genté, France",Léopold Gourmel,own_make,NULL,FALSE,FALSE,Fins Bois; XO; Âge du Fruit 10 Carats,NULL,NULL,NULL,80,40,NULL,NULL,NULL,"Fins Bois XO 10 Carats, celebration of fruit in all its forms from candied to fresh to dried, no additives.",https://www.cognac-expert.com/xo-cognac/leopold-gourmel-xo-cognac-10-carats-decanter-age-du-fruit; https://blog.cognac-expert.com/leopold-gourmel-cognac-attitude/,2026-06-15,https://static.cognac-expert.com/1854-thickbox_default/leopold-gourmel-xo-cognac-10-carats-decanter-age-du-fruit.webp,cognac_france
Cognac,Léopold Gourmel,"Genté, France",Léopold Gourmel,own_make,NULL,FALSE,FALSE,Fins Bois; XO; Âge des Fleurs 15 Carats,NULL,NULL,NULL,80,40,NULL,NULL,NULL,"Warm, delicate and elegant Fins Bois with floral vanilla, white flowers (rose, jasmine, lily) and a silky honeysuckle finish.",https://www.thewhiskyexchange.com/p/22713/leopold-gourmel-age-des-fleurs-15-carats-cognac; https://www.cognac-expert.com/extra-cognac/leopold-gourmel-extra-cognac-age-des-fleurs-15-carats; https://shop.cognatheque.com/en/cognac-leopold-gourmel-online/282-cognac-leopold-gourmel-xo-age-des-fleurs-15-carats.html,2026-06-15,https://img.thewhiskyexchange.com/540/cognc_leo4.jpg,cognac_france
Cognac,Léopold Gourmel,"Genté, France",Léopold Gourmel,own_make,NULL,FALSE,FALSE,Fins Bois; Hors d'Âge; Âge des Épices 20 Carats,Hors d'Âge,NULL,NULL,80,40,NULL,NULL,NULL,"Hors d'Age Fins Bois aged 20-25 years, never chill-filtered, rich with pepper, coriander, cloves and ginger.",https://shop.cognatheque.com/en/cognac-leopold-gourmel-online/284-cognac-leopold-gourmel-age-des-epices-20-carats.html; https://flaskfinewines.com/products/leopold-gourmel-age-des-epices-20-carats-cognac-original-carafe,2026-06-15,https://shop.cognatheque.com/1371-large_default/cognac-leopold-gourmel-age-des-epices-20-carats.jpg,cognac_france
Cognac,Léopold Gourmel,"Genté, France",Léopold Gourmel,own_make,NULL,FALSE,FALSE,Fins Bois; Hors d'Âge; Quintessence 30 Carats,Hors d'Âge,NULL,NULL,80,40,NULL,NULL,NULL,"Top-of-range Fins Bois blend, components aged minimum 25 years then further 10 years in younger oak; extraordinary complexity.",https://www.cognac-expert.com/hors-d-age-cognac/leopold-gourmel-hors-d-age-quintessence-30-carats; https://www.wineenthusiast.com/buying-guide/leopold-gourmel-quintessence-fins-bois-cognac/,2026-06-15,https://static.cognac-expert.com/1729-thickbox_default/leopold-gourmel-hors-d-age-quintessence-30-carats.webp,cognac_france
Cognac,Ragnaud-Sabourin,"Ambleville, France",Ragnaud-Sabourin,own_make,NULL,FALSE,FALSE,Grande Champagne; VS; Alliance No.4,NULL,NULL,NULL,80,40,NULL,NULL,NULL,"VS-level Grande Champagne aged 4 years in French oak, jasmine and lime blossom nose with apple and citrus palate.",https://www.skurnik.com/sku/cognac-vs-no-4-ragnaud-sabourin/; https://www.masterofmalt.com/distilleries/ragnaud_sabourin-cognac-distillery/,2026-06-15,https://www.skurnik.com/wp-content/uploads/1980/06/cognac-vs-no-2-ragnaud-sabourin.jpg,cognac_france
Cognac,Ragnaud-Sabourin,"Ambleville, France",Ragnaud-Sabourin,own_make,NULL,FALSE,FALSE,Grande Champagne; VSOP; Alliance No.10,10 Years,NULL,NULL,80,40,NULL,NULL,NULL,"VSOP-equivalent Grande Champagne aged 10 years, house style of expressive Ugni Blanc and Folle Blanche blend.",https://www.diffordsguide.com/beer-wine-spirits/2066/ragnaud-sabourin-no-10; https://www.masterofmalt.com/distilleries/ragnaud_sabourin-cognac-distillery/,2026-06-15,https://cdn.diffordsguide.com/bws/NWJwpD/product-image/0/512x.webp,cognac_france
Cognac,Ragnaud-Sabourin,"Ambleville, France",Ragnaud-Sabourin,own_make,NULL,FALSE,FALSE,Grande Champagne; XO; Réserve Spéciale Alliance No.20,20 Years,NULL,NULL,86,43,NULL,NULL,NULL,"Grande Champagne aged minimum 20 years at 43% ABV, floral nose with balsamic and toasted oak, dried fruit and baking spice palate.",https://www.thewhiskyexchange.com/p/1769/ragnaud-sabourin-cognac-no20-reserve-speciale; https://www.cognac-expert.com/reserve-cognac/ragnaud-sabourin-reserve-speciale-alliance-20-cognac; https://hedonism.co.uk/product/ragnaud-sabourin-alliance-20-reserve-speciale-cognac,2026-06-15,https://img.thewhiskyexchange.com/540/cognc_rag9.jpg,cognac_france
Cognac,Ragnaud-Sabourin,"Ambleville, France",Ragnaud-Sabourin,own_make,NULL,FALSE,FALSE,Grande Champagne; XO; Fontvieille Alliance No.35,35 Years,NULL,NULL,80,40,NULL,NULL,NULL,"35-year-old Grande Champagne from oldest estate vines (60% Ugni Blanc, 40% Folle Blanche and Colombard), rich dried fruit, honey and vanilla.",https://shop.klwines.com/products/details/1137469; https://www.cognac-expert.com/xo-cognac/ragnaud-sabourin-fontvieille-alliance-35-cognac; https://distiller.com/spirits/ragnaud-sabourin-fontvieille-no-35-grande-champagne-cognac,2026-06-15,https://static.cognac-expert.com/7740-thickbox_default/ragnaud-sabourin-fontvieille-alliance-35-cognac.webp,cognac_france
Cognac,Ragnaud-Sabourin,"Ambleville, France",Ragnaud-Sabourin,own_make,NULL,FALSE,FALSE,Grande Champagne; Hors d'Âge; Florilège Alliance No.45,Hors d'Âge,NULL,NULL,92,46,NULL,NULL,NULL,"Grande Champagne aged approximately 45 years naturally to 46% ABV, marked rancio Charentais character, fruit, honey, caramel and vanilla.",https://www.cognac-expert.com/collection-cognac/ragnaud-sabourin-florilege-alliance-45-cognac; https://farehamwinecellar.co.uk/Products/spirit/cognac/prestige-cognac/cognac-ragnaud-sabourin-florilege/; https://www.premiumgrandscrus.com/en/cognac-hors-d-age/460-ragnaud-sabourin-florilege-cognac-grande-champagne.html,2026-06-15,https://static.cognac-expert.com/7728-thickbox_default/ragnaud-sabourin-florilege-alliance-45-cognac.webp,cognac_france
Cognac,Ragnaud-Sabourin,"Ambleville, France",Ragnaud-Sabourin,own_make,NULL,FALSE,FALSE,Grande Champagne; Hors d'Âge; Héritage Ragnaud,Hors d'Âge,NULL,NULL,80,40,NULL,NULL,NULL,Rare bottling from parcel of very old Grande Champagne eaux-de-vie inherited from early 20th century by Marcel Ragnaud.,https://www.cognac-expert.com/hors-d-age-cognac/ragnaud-sabourin-heritage-ragnaud-cognac; https://www.vintage-liquors.com/en/80-ragnaud-sabourin-cognac,2026-06-15,https://static.cognac-expert.com/380-thickbox_default/ragnaud-sabourin-heritage-ragnaud-cognac.webp,cognac_france
Cognac,Ragnaud-Sabourin,"Ambleville, France",Ragnaud-Sabourin,own_make,NULL,FALSE,FALSE,Grande Champagne; Hors d'Âge; Le Paradis Héritage Gaston Briand,Hors d'Âge,NULL,NULL,82,41,NULL,NULL,NULL,"Assemblage of pre-phylloxera Grande Champagne reserves (90% early 20th century, 10% pre-1870), extraordinarily rare and historical.",https://www.cognac-expert.com/hors-d-age-cognac/ragnaud-sabourin-heritage-gaston-briand-cognac; https://www.bonhams.com/auction/27497/lot/434/ragnaud-sabourin-le-paradis-heritage-gaston-briand-grande-champagne-cognac-1/; https://www.wine-searcher.com/find/ragnaud+sabourin+le+paradis+heritage+gaston+briand+grand+champagne+cognac+france,2026-06-15,https://static.cognac-expert.com/15882-thickbox_default/ragnaud-sabourin-heritage-gaston-briand-cognac.webp,cognac_france
Cognac,Paul Giraud,"Bouteville, France",Paul Giraud,own_make,NULL,FALSE,FALSE,Grande Champagne; VSOP; VSOP,VSOP,NULL,NULL,80,40,NULL,NULL,NULL,"Grande Champagne VSOP with eaux-de-vie averaging 8 years, bright gold with baked apple, golden raisin and caramel notes.",https://www.cognac-expert.com/vsop-cognac/paul-giraud-vsop-cognac; https://www.klwines.com/p/i?i=1199773,2026-06-15,https://static.cognac-expert.com/12687-thickbox_default/paul-giraud-vsop-cognac.webp,cognac_france
Cognac,Paul Giraud,"Bouteville, France",Paul Giraud,own_make,NULL,FALSE,FALSE,Grande Champagne; Napoléon; Napoléon,15 Years,NULL,NULL,80,40,NULL,NULL,NULL,"Grande Champagne Napoléon aged approximately 15 years, rich and deep with leathery notes, dried apple and brandied prune.",https://www.cognac-expert.com/napoleon-cognac/paul-giraud-napoleon-cognac; https://spiritsoffrance.com.au/products/paul-giraud-cognac-napoleon-15yrs-grande-champagne-40-700ml; https://www.drinkhacker.com/2015/10/25/review-cognac-paul-giraud-vsop-napoleon-and-tres-rare/,2026-06-15,https://static.cognac-expert.com/12681-thickbox_default/paul-giraud-napoleon-cognac.webp,cognac_france
Cognac,Paul Giraud,"Bouteville, France",Paul Giraud,own_make,NULL,FALSE,FALSE,Grande Champagne; XO; Vieille Réserve 25 Ans,25 Years,NULL,NULL,80,40,NULL,NULL,NULL,"Grande Champagne XO aged over 25 years in Limousin oak with classic rancio character, apricot, peach and caramelised plum.",https://www.cognac-expert.com/xo-cognac/paul-giraud-vieille-reserve-cognac; https://frenchydelish.com/product/paul-giraud-xo-cognac-vieille-reserve-25yrs-grande-champagne/,2026-06-15,https://static.cognac-expert.com/12685-thickbox_default/paul-giraud-vieille-reserve-cognac.webp,cognac_france
Cognac,Paul Giraud,"Bouteville, France",Paul Giraud,own_make,NULL,FALSE,FALSE,Grande Champagne; Hors d'Âge; Très Rare,40 Years,NULL,NULL,80,40,NULL,NULL,NULL,"Grande Champagne minimum 40 years with average above 50 years, second oldest in the range, intensely complex.",https://www.cognac-expert.com/hors-d-age-cognac/paul-giraud-tres-rare-cognac; https://shop.klwines.com/products/details/1134418; https://frenchydelish.com/product/paul-giraud-cognac-tres-rare-40yrs-grande-champagne-700ml/,2026-06-15,https://static.cognac-expert.com/1450-thickbox_default/paul-giraud-tres-rare-cognac.webp,cognac_france
Cognac,Paul Giraud,"Bouteville, France",Paul Giraud,own_make,NULL,FALSE,FALSE,Grande Champagne; Hors d'Âge; Héritage,Hors d'Âge,NULL,NULL,80,40,NULL,NULL,NULL,"Oldest expression in the range, aged minimum 60 years in Limousin oak in humid cellars, marriage of three exceptional vintages from the estate.",https://www.cognac-expert.com/hors-d-age-cognac/paul-giraud-heritage-cognac; https://www.premiumgrandscrus.com/en/cognac-hors-d-age/636-paul-giraud-heritage-cognac-grande-champagne.html; https://frenchydelish.com/product/paul-giraud-cognac-heritage-60yrs-grande-champagne-700ml/,2026-06-15,https://static.cognac-expert.com/1947-thickbox_default/paul-giraud-heritage-cognac.webp,cognac_france
Cognac,Paul Giraud,"Bouteville, France",Paul Giraud,own_make,NULL,FALSE,FALSE,Grande Champagne; Millésime; Vintage 1999,NULL,1999,NULL,80,40,NULL,NULL,NULL,"Single-vintage 1999 Grande Champagne aged over 20 years, classic floral and light fruit character of the cru.",https://www.cognac-expert.com/vintage-cognac/paul-giraud-1999-vintage; https://www.premiumgrandscrus.com/en/vintage-cognac/1690-paul-giraud-millesime-1999-cognac-grande-champagne.html,2026-06-15,https://static.cognac-expert.com/12689-thickbox_default/paul-giraud-1999-vintage.webp,cognac_france
Cognac,Jean Fillioux,"Juillac-le-Coq, France",Jean Fillioux,own_make,NULL,FALSE,FALSE,Grande Champagne; VS; Coq,NULL,NULL,NULL,80,40,NULL,NULL,NULL,"Light and zesty Grande Champagne VS, minimum 4 years old, with vine blossom, lime tree and fresh citrus peel notes.",https://www.cognac-expert.com/vs-cognac/jean-fillioux-coq-grande-champagne-cognac; https://vosselections.com/product/le-coq-4-years/; https://cognac-jeanfillioux.fr/les-cognacs/coq-en/,2026-06-15,https://static.cognac-expert.com/14370-thickbox_default/jean-fillioux-coq-grande-champagne-cognac.webp,cognac_france
Cognac,Jean Fillioux,"Juillac-le-Coq, France",Jean Fillioux,own_make,NULL,FALSE,FALSE,Grande Champagne; VSOP; La Pouyade,8 Years,NULL,NULL,80,40,NULL,NULL,NULL,"Young fruity Grande Champagne named for the estate, floral with apricot, plum and almond notes.",https://vosselections.com/product/la-pouyade-8-years/; https://www.heavenlyspirits.com/jean-fillioux,2026-06-28,NULL,cognac_france
Cognac,Jean Fillioux,"Juillac-le-Coq, France",Jean Fillioux,own_make,NULL,FALSE,FALSE,Grande Champagne; XO; Cep d'Or,12 Years,NULL,NULL,80,40,NULL,NULL,NULL,"Grande Champagne 1er Cru XO aged 12 years, vivacious aromas of lilac, jasmine, ripe and dried fruit with spicy finish.",https://vosselections.com/product/cep-dor-12-years/; https://www.cognac-expert.com/brands/jean-fillioux-cognac; https://www.wine-searcher.com/find/jean+fillioux+ceps+d+or+tres+vieilles+grand+champagne+cognac+france,2026-06-15,NULL,cognac_france
Cognac,Jean Fillioux,"Juillac-le-Coq, France",Jean Fillioux,own_make,NULL,FALSE,FALSE,Grande Champagne; Très Vieux; Très Vieux XO Extra,25 Years,NULL,NULL,80,40,NULL,NULL,NULL,"Grande Champagne flagship aged 25 years, very pastry-like and powerful with candied orange, quince, pear, vanilla and praline.",https://vosselections.com/product/tres-vieux-25-years/; https://shop.cognatheque.com/en/cognac-jean-fillioux-online/268-cognac-jean-filloux-tres-vieux-xo-extra.html,2026-06-15,https://shop.cognatheque.com/4492-large_default/cognac-jean-filloux-tres-vieux-xo-extra.jpg,cognac_france
Cognac,Jean Fillioux,"Juillac-le-Coq, France",Jean Fillioux,own_make,NULL,FALSE,FALSE,Grande Champagne; Hors d'Âge; XO Grande Réserve,30 Years,NULL,NULL,88,44,NULL,NULL,NULL,"Grande Champagne over 30 years old at 44% ABV, deep aromas of vanilla, honey, cinnamon, exotic fruit and rich spiced chocolate finish.",https://vosselections.com/product/xo-grande-reserve-32-years/; https://www.thewhiskyexchange.com/p/32268/jean-fillioux-grande-reserve-xo-cognac; https://www.cognac-expert.com/xo-cognac/jean-fillioux-xo-grande-reserve-cognac,2026-06-15,https://img.thewhiskyexchange.com/540/cognc_fil11.jpg,cognac_france
Cognac,Jean Fillioux,"Juillac-le-Coq, France",Jean Fillioux,own_make,NULL,FALSE,FALSE,Grande Champagne; Hors d'Âge; Réserve Familiale,50 Years,NULL,NULL,80,40,NULL,NULL,NULL,"House flagship at 50 years old, powerful, elegant and noble with jammy fruit, orange marmalade, quince, pear and vanilla.",https://vosselections.com/product/cognac-grande-champagne-reserve-familiale/; https://cognac-jeanfillioux.fr/les-cognacs/reserve-familiale-jean-fillioux/; https://www.moraswines.com/product/jean-fillioux-tres-vieux/,2026-06-15,NULL,cognac_france
Cognac,Jean Fillioux,"Juillac-le-Coq, France",Jean Fillioux,own_make,NULL,FALSE,FALSE,Grande Champagne; Hors d'Âge; Cognac N°1,Hors d'Âge,NULL,NULL,80,40,NULL,NULL,NULL,"Extra rare Grande Champagne expression from the house, deep and contemplative with extraordinary refinement.",https://www.vintage-liquors.com/en/jean-fillioux-cognac/2550-jean-fillioux-cognac-n1.html; https://www.heavenlyspirits.com/jean-fillioux,2026-06-15,NULL,cognac_france
Cognac,Daniel Bouju,"Saint-Preuil, France",Daniel Bouju,own_make,NULL,FALSE,FALSE,Grande Champagne; VSOP; VSOP,VSOP,NULL,NULL,80,40,NULL,NULL,NULL,"Grande Champagne VSOP from artisanal estate founded 1805, no coloring or boisé, clean and pure Ugni Blanc character.",https://distiller.com/spirits/daniel-bouju-vsop-grande-champagne-cognac; https://www.masterofmalt.com/cognac/daniel-bouju/daniel-bouju-vsop-grande-champagne-cognac/,2026-06-15,https://cdn11.bigcommerce.com/s-e8lbekfe7c/images/stencil/1024w/attribute_rule_images/32174_source_1758882963.jpg,cognac_france
Cognac,Daniel Bouju,"Saint-Preuil, France",Daniel Bouju,own_make,NULL,FALSE,FALSE,Grande Champagne; Napoléon; Napoléon,Napoléon,NULL,NULL,80,40,NULL,NULL,NULL,"Grande Champagne blend aged minimum 15 years, nutty and fruity with walnuts, dark chocolate, dried fruit and mushroom notes.",https://www.cognac-expert.com/napoleon-cognac/daniel-bouju-napoleon-cognac; https://www.cognac-daniel-bouju.com/en/napoleons/,2026-06-15,https://static.cognac-expert.com/4440-thickbox_default/daniel-bouju-napoleon-cognac.webp,cognac_france
Cognac,Daniel Bouju,"Saint-Preuil, France",Daniel Bouju,own_make,NULL,FALSE,FALSE,Grande Champagne; Cask Strength; Royal Brut de Fût,NULL,NULL,NULL,120,60,NULL,NULL,NULL,"Unfiltered Grande Champagne at 60% ABV, aged 15 years, first commercially available Cognac at this strength; cigar box, cherry, vanilla and peppery spice.",https://www.cognac-expert.com/xo-cognac/daniel-bouju-royal-brut-de-fut-cognac; https://shop.klwines.com/products/details/996293; https://shop.cognatheque.com/en/cognac-daniel-bouju-online/567-cognac-daniel-bouju-royal-brut-de-fut.html,2026-06-15,https://static.cognac-expert.com/4446-thickbox_default/daniel-bouju-royal-brut-de-fut-cognac.webp,cognac_france
Cognac,Daniel Bouju,"Saint-Preuil, France",Daniel Bouju,own_make,NULL,FALSE,FALSE,Grande Champagne; XO; Empereur XO,25 Years,NULL,NULL,80,40,NULL,NULL,NULL,"Icon of the Daniel Bouju house, Grande Champagne 1er Cru aged minimum 25 years in new then old barrels, nutmeg, cloves, cinnamon, vanilla and prune.",https://www.cognac-expert.com/xo-cognac/daniel-bouju-xo-empereur; https://shop.cognatheque.com/en/cognac-daniel-bouju-online/576-cognac-daniel-bouju-xo-empereur.html; https://www.cognac-daniel-bouju.com/en/empereur-x-o-2/,2026-06-15,https://static.cognac-expert.com/4445-thickbox_default/daniel-bouju-xo-empereur.webp,cognac_france
Cognac,Daniel Bouju,"Saint-Preuil, France",Daniel Bouju,own_make,NULL,FALSE,FALSE,Grande Champagne; Très Vieux; Très Vieux,Hors d'Âge,NULL,NULL,80,40,NULL,NULL,NULL,"Grande Champagne aged minimum 40 years in Limousin oak, rich with exceptional rancio Charentais character.",https://www.cognac-expert.com/xo-cognac/daniel-bouju-tres-vieux-cognac; https://www.masterofmalt.com/cognac/daniel-bouju/daniel-bouju-tres-vieux-grande-champagne-cognac/; https://www.premiumgrandscrus.com/en/cognac-xo/422-daniel-bouju-tres-vieux-cognac-grande-champagne.html,2026-06-15,https://static.cognac-expert.com/10703-thickbox_default/daniel-bouju-tres-vieux-cognac.webp,cognac_france
Cognac,Daniel Bouju,"Saint-Preuil, France",Daniel Bouju,own_make,NULL,FALSE,FALSE,Grande Champagne; Cask Strength; Très Vieux Brut de Fût,Hors d'Âge,NULL,NULL,100,50,NULL,NULL,NULL,"Cask-strength Grande Champagne over 40 years old at 50% ABV, non-filtered, wonderful rancio Charantais character and impressive freshness.",https://www.klwines.com/p/i?i=1333601; https://flaskfinewines.com/products/daniel-bouju-brut-de-fut-grande-champagne-cognac-70cl,2026-06-15,http://flaskfinewines.com/cdn/shop/products/9f31155e649a8235a5b836a2ff23d4e2.jpg,cognac_france
Cognac,Daniel Bouju,"Saint-Preuil, France",Daniel Bouju,own_make,NULL,FALSE,FALSE,Grande Champagne; Extra; Extra,Hors d'Âge,NULL,NULL,80,40,NULL,NULL,NULL,"Pure Grande Champagne Extra expression with long aging, deeply complex and refined.",https://www.cognac-expert.com/extra-cognac/daniel-bouju-extra-cognac; https://www.premiumgrandscrus.com/en/74_daniel-bouju,2026-06-15,https://static.cognac-expert.com/4450-thickbox_default/daniel-bouju-extra-cognac.webp,cognac_france
Cognac,Pasquet,"Saint-Même-les-Carrières, France",Pasquet,own_make,NULL,FALSE,FALSE,Grande Champagne; VSOP; L'Organic 04,VSOP,NULL,NULL,80,40,NULL,NULL,NULL,"Certified organic Grande Champagne VSOP aged 4 years, no additives, no chill-filtration; fresh and expressive.",https://www.premiumgrandscrus.com/en/cognac-vsop/1177-jean-luc-pasquet-l-organic-04-cognac-grande-champagne.html; https://www.skurnik.com/sku/cognac-grande-champagne-lorganic-04-pasquet-2/,2026-06-15,https://cdn.premiumgrandscrus.com/4166-large_default/jean-luc-pasquet-l-organic-04-cognac-grande-champagne.jpg,cognac_france
Cognac,Pasquet,"Saint-Même-les-Carrières, France",Pasquet,own_make,NULL,FALSE,FALSE,Grande Champagne; VSOP; L'Organic 07,VSOP,NULL,NULL,80,40,NULL,NULL,NULL,"Organic Grande Champagne VSOP aged 7 years, matured 12 months in 1-year-old 400L Limousin casks then older barrels, no additives.",https://www.cognac-expert.com/vsop-cognac/pasquet-organic-vsop-grande-champagne-cognac; https://www.skurnik.com/sku/cognac-grande-champagne-lorganic-07-pasquet-2/,2026-06-15,https://static.cognac-expert.com/6396-thickbox_default/pasquet-organic-vsop-grande-champagne-cognac.webp,cognac_france
Cognac,Pasquet,"Saint-Même-les-Carrières, France",Pasquet,own_make,NULL,FALSE,FALSE,Grande Champagne; XO; L'Organic 10,XO,NULL,NULL,80,40,NULL,NULL,NULL,"Certified organic Grande Champagne XO aged 10 years in French oak, perfect balance of fruit, spice and wood.",https://www.cognac-expert.com/xo-cognac/pasquet-organic-10-grande-champagne-cognac; https://www.premiumgrandscrus.com/en/cognac-xo/1179-jean-luc-pasquet-l-organic-10-cognac-grande-champagne.html,2026-06-15,https://static.cognac-expert.com/6398-thickbox_default/pasquet-organic-10-grande-champagne-cognac.webp,cognac_france
Cognac,Pasquet,"Saint-Même-les-Carrières, France",Pasquet,own_make,NULL,FALSE,FALSE,Grande Champagne; Single Cask; L'Organic Folle Blanche LXIV,10 Years,2014,L.XIV,97.2,48.6,NULL,NULL,NULL,"100% organic Folle Blanche from Grande Champagne, rare 3-barrel annual production, bottled April 2025 at 48.6% ABV.",https://www.cognac-expert.com/xo-cognac/pasquet-l-organic-folle-blanche-lxiv-cognac; https://shop.cognatheque.com/en/cognac-pasquet-jean-luc-online/2681-cognac-jean-luc-pasquet-folle-blanche-organic-xo-lot-13-grande-champagne.html,2026-06-28,https://static.cognac-expert.com/15386-thickbox_default/pasquet-l-organic-folle-blanche-lxiv-cognac.webp,cognac_france
Cognac,Pasquet,"Saint-Même-les-Carrières, France",Pasquet,own_make,NULL,FALSE,FALSE,Grande Champagne; Single Cask; L'Organic Folle Blanche LXIII,10 Years,2013,L.XIII,NULL,NULL,NULL,NULL,NULL,"100% organic Folle Blanche Grande Champagne, limited edition single vintage 2013, organically certified.",https://www.cognac-expert.com/xo-cognac/pasquet-organic-folle-blanche-lxiii-cognac; https://www.divinecellar.com/en/cognac/2283-jean-luc-pasquet-l-organic-folle-blanche-lxiii-cognac.html,2026-06-15,https://static.cognac-expert.com/14141-thickbox_default/pasquet-organic-folle-blanche-lxiii-cognac.webp,cognac_france
Cognac,Pasquet,"Saint-Même-les-Carrières, France",Pasquet,own_make,NULL,FALSE,FALSE,Petite Champagne; Single Cask; Lot 62 Cask 1,Hors d'Âge,1962,Lot 62 Cask 1,80,40,NULL,NULL,NULL,"Single cask single vintage 1962 Petite Champagne, selected and bottled by Pasquet, extraordinarily aged.",https://www.cognac-expert.com/vintage-cognac/pasquet-lot-62-cask-1-cognac; https://www.cognac-expert.com/brands/pasquet-cognac,2026-06-15,https://static.cognac-expert.com/7338-thickbox_default/pasquet-lot-62-cask-1-cognac.webp,cognac_france
Cognac,Undisclosed (Cognac),"Verrières, Grande Champagne",Grosperrin,sourced,Grosperrin,TRUE,FALSE,Grande Champagne; Millésime; N°90 Grande Champagne Lot N°932,NULL,NULL,N°932,109.6,54.8,NULL,NULL,NULL,"Cherries, plums, blackcurrant, old oak, toffee, apricot, vanilla, leather, tobacco, dark chocolate.",https://www.finedrams.com/grosperrin-no90-grande-champagne-cognac-lot-no932.html; https://www.bouchon.com.au/products/cer-grosno90gc700ml; https://www.closdesmillesimes.com/30422-cognac-cognac-grosperrin---n-90---grande-champagne---lot-n-932---548-en.html,2026-06-15,https://d1wd5rt8ssn8ry.cloudfront.net/image/74521-large-1698952902/grosperrin-no90-grande-champagne-cognac-lot-no932.jpg,cognac_france
Cognac,Undisclosed (Cognac),"Salles-d'Angles, Grande Champagne",Grosperrin,sourced,Grosperrin,TRUE,FALSE,Grande Champagne; Millésime; N°67 Grande Champagne Lot N°643,NULL,1967,N°643,95.0,47.5,NULL,NULL,NULL,"Dried flowers, prunes, cinnamon, allspice, dark chocolate, forest floor, rich oak, rancio, dried fruits, citrus rind.",https://www.cognac-expert.com/hors-d-age-cognac/grosperrin-no67-grande-champagne; https://www.finedrams.com/grosperrin-no67-grande-champagne-cognac-lot-no643.html; https://shop.klwines.com/products/details/1613474,2026-06-15,https://static.cognac-expert.com/4737-thickbox_default/grosperrin-no67-grande-champagne.webp,cognac_france
Cognac,Undisclosed (Cognac),Borderies,Grosperrin,sourced,Grosperrin,TRUE,FALSE,Borderies; Millésime; N°64 Borderies Lot N°843,NULL,1964,N°843,106.6,53.3,NULL,NULL,NULL,"Old Borderies cru cognac, rich and complex with notes of violets and rancio after decades in cask.",https://www.finedrams.com/grosperrin-no64-borderies-cognac-lot-no843.html; https://maisonvillevert.com/en/products/cognac-grosperrin-heritage-borderies-ndeg64; https://www.closdesspiritueux.com/26014-cognac-cognac-grosperrin---borderies-1964---n-64---lot-n--843---533.html,2026-06-15,http://maisonvillevert.com/cdn/shop/files/cognac-grosperrin-heritage-borderies-ndeg64-cognac-maison-villevert-604231.jpg,cognac_france
Cognac,Undisclosed (Cognac),Borderies,Grosperrin,sourced,Grosperrin,TRUE,FALSE,Borderies; Millésime; N°64 Borderies Lot N°562,NULL,1964,N°562,104.2,52.1,NULL,NULL,NULL,Second separate lot of 1964 Borderies vintage bottled at slightly different ABV.,https://www.finedrams.com/grosperrin-no64-borderies-cognac-lot-no562.html; https://www.cognac-expert.com/xo-cognac/grosperrin-no64-borderies,2026-06-15,https://static.cognac-expert.com/12923-thickbox_default/grosperrin-no64-borderies.webp,cognac_france
Cognac,Undisclosed (Cognac),Borderies,Grosperrin,sourced,Grosperrin,TRUE,FALSE,Borderies; Hors d'Âge; N°48 Borderies,NULL,NULL,NULL,93.6,46.8,NULL,NULL,NULL,"Very old Borderies cru, complete and embracing its many years in oak casks.",https://www.cognac-expert.com/hors-d-age-cognac/grosperrin-no48-borderies,2026-06-15,https://static.cognac-expert.com/4734-thickbox_default/grosperrin-no48-borderies.webp,cognac_france
Cognac,Undisclosed (Cognac),Borderies,Grosperrin,sourced,Grosperrin,TRUE,FALSE,Borderies; Hors d'Âge; 18 Year Old Borderies,18,NULL,NULL,98.8,49.4,NULL,NULL,NULL,"18-year-old Borderies expression from the small, prized Borderies cru.",https://www.bouchon.com.au/products/cer-gros18yobo,2026-06-15,http://www.bouchon.com.au/cdn/shop/files/grosperrin-18-years-bois-ordinaries-cognac-515-700ml-315290.jpg,cognac_france
Cognac,Undisclosed (Cognac),Petite Champagne,Grosperrin,sourced,Grosperrin,TRUE,FALSE,Petite Champagne; Millésime; N°71 Petite Champagne Lot N°642,NULL,1971,N°642,97.0,48.5,NULL,NULL,NULL,Single vintage Petite Champagne 1971 aged in casks under state control.,https://www.cognac-expert.com/hors-d-age-cognac/grosperrin-n71-petite-champagne; https://www.finedrams.com/grosperrin-no71-petite-champagne-cognac-lot-no642.html,2026-06-15,https://static.cognac-expert.com/4690-thickbox_default/grosperrin-n71-petite-champagne.webp,cognac_france
Cognac,Undisclosed (Cognac),Grande Champagne,Grosperrin,blended,Grosperrin,TRUE,FALSE,Grande Champagne; Millésime; N°72 Grande Champagne,NULL,1972,NULL,NULL,NULL,NULL,NULL,NULL,Blend of two 1972 Grande Champagne eaux-de-vie from St Fort Sur le Né and Merpins farms.,https://www.cognac-expert.com/special-cognac/grosperrin-n72-grande-champagne-cognac; https://www.finedrams.com/grosperrin-n-72-grande-champagne-cognac-aficionados-x-fine-drams.html,2026-06-15,https://static.cognac-expert.com/11869-thickbox_default/grosperrin-n72-grande-champagne-cognac.webp,cognac_france
Cognac,Undisclosed (Cognac),Grande Champagne,Grosperrin,sourced,Grosperrin,TRUE,FALSE,Grande Champagne; Millésime; N°76 Grande Champagne,NULL,1976,NULL,100.2,50.1,NULL,NULL,NULL,"Dried oranges, orange peel, spices, pepper, cinnamon, nutmeg, woody balsamic notes, dried prunes and rosewood.",https://www.cognac-expert.com/limited-editions/grosperrin-n76-grande-champagne-cognac; https://moredramslessdrama.com/2024/12/22/grosperrin-n76-grande-champagne-cognac/,2026-06-15,https://static.cognac-expert.com/14830-thickbox_default/grosperrin-n76-grande-champagne-cognac.webp,cognac_france
Cognac,Undisclosed (Cognac),Grande Champagne,Grosperrin,sourced,Grosperrin,TRUE,FALSE,Grande Champagne; Millésime; 1970 Grande Champagne,NULL,1970,NULL,94.2,47.1,NULL,NULL,NULL,From new oak casks in the dampest cellar area; matured and acquired from estate stock via recently widowed owner.,https://www.cognac-expert.com/vintage-cognac/grosperrin-millesime-1970-grande-champagne-cognac; https://www.thewhiskyexchange.com/p/14256/grosperrin-1970-grande-champagne-cognac; https://www.cognac-only.com/en/products/246-cognac-vintage-1970-grande-champagne-grosperrin.html,2026-06-15,NULL,cognac_france
Cognac,Undisclosed (Cognac),Grande Champagne,Grosperrin,sourced,Grosperrin,TRUE,FALSE,Grande Champagne; Millésime; 1980 Grande Champagne,NULL,1980,NULL,NULL,NULL,NULL,NULL,NULL,1980 Grande Champagne single-vintage bottling.,https://www.thewhiskyexchange.com/p/36283/grosperrin-1980-grande-champagne-cognac,2026-06-15,https://img.thewhiskyexchange.com/540/cognc_gro19.jpg,cognac_france
Cognac,Undisclosed (Cognac),"Angeac-Champagne, Grande Champagne",Grosperrin,blended,Grosperrin,TRUE,FALSE,Grande Champagne; Millésime; N°33-39 Grande Champagne Lot N°1064,NULL,NULL,N°1064,94.6,47.3,NULL,NULL,NULL,"Assemblage of very old Grande Champagne stock from a family of winemakers in Angeac-Champagne, rarely sold publicly.",https://www.finedrams.com/grosperrin-no33-39-grande-champagne-cognac-lot-no1064.html; https://www.closdesmillesimes.com/29211-cognac-cognac-grosperrin---n-33-39-grande-champagne---lot-n-1064---4730-en.html,2026-06-15,https://d1wd5rt8ssn8ry.cloudfront.net/image/73169-large-1688591490/grosperrin-no33-39-grande-champagne-cognac-lot-no1064.jpg,cognac_france
Cognac,Undisclosed (Cognac),Grande Champagne,Grosperrin,sourced,Grosperrin,TRUE,FALSE,Grande Champagne; Hors d'Âge; N°25 Grande Champagne Lot N°685,NULL,NULL,N°685,84.2,42.1,NULL,NULL,NULL,"Very old single 400-liter cask, held for decades before discovery and bottling in 2019 just above 40% ABV.",https://www.finedrams.com/grosperrin-no25-grande-champagne-cognac-lot-no685.html; https://www.cognac-expert.com/hors-d-age-cognac/grosperrin-tresor-no25-grande-champagne,2026-06-15,https://static.cognac-expert.com/6825-thickbox_default/grosperrin-tresor-no25-grande-champagne.webp,cognac_france
Cognac,Undisclosed (Cognac),Grande Champagne,Grosperrin,sourced,Grosperrin,TRUE,FALSE,Grande Champagne; Hors d'Âge; Trésor N°34 Grande Champagne,NULL,NULL,NULL,90.2,45.1,NULL,NULL,NULL,Rare treasure aged for a very long time in a large paved cellar at origin; tall bottle in wooden box.,https://www.cognac-expert.com/hors-d-age-cognac/grosperrin-tresor-no34-grande-champagne; https://shop.cognatheque.com/en/cognac-de-collection-grosperrin/1381-cognac-grosperrin-34-tresor-grande-champagne.html,2026-06-15,https://static.cognac-expert.com/6813-thickbox_default/grosperrin-tresor-no34-grande-champagne.webp,cognac_france
Cognac,Undisclosed (Cognac),Grande Champagne,Grosperrin,sourced,Grosperrin,TRUE,FALSE,Grande Champagne; Hors d'Âge; Trésor N°39 Grande Champagne,NULL,NULL,NULL,88.6,44.3,NULL,NULL,NULL,From a Grande Champagne farm with barrels stored in clay basement; very small quantity.,https://www.cognac-expert.com/hors-d-age-cognac/grosperrin-tresor-no39-grande-champagne; https://www.cognac-expert.com/xo-cognac/grosperrin-n39-grande-champagne-cognac,2026-06-15,https://static.cognac-expert.com/5006-thickbox_default/grosperrin-tresor-no39-grande-champagne.webp,cognac_france
Cognac,Undisclosed (Cognac),Grande Champagne,Grosperrin,sourced,Grosperrin,TRUE,FALSE,Grande Champagne; Hors d'Âge; Trésor N°24 Grande Champagne,NULL,1924,NULL,87.2,43.6,NULL,NULL,NULL,"Very deep amber; old Madeira and old Port with prune finish; round and creamy palate with rancio, cinnamon and leather.",https://www.cognac-expert.com/special-cognac/grosperrin-tresor-n24-grande-champagne-cognac; https://shop.cognatheque.com/en/cognac-grosperrin-online/1042-cognac-grosperrin-24-tresor-grande-champagne.html,2026-06-15,https://static.cognac-expert.com/13324-thickbox_default/grosperrin-tresor-n24-grande-champagne-cognac.webp,cognac_france
Cognac,Undisclosed (Cognac),Grande Champagne,Grosperrin,blended,Grosperrin,TRUE,FALSE,Grande Champagne; Hors d'Âge; Trésor N°22 Grande Champagne,NULL,1922,NULL,80.0,40.0,NULL,NULL,NULL,"1922 Grande Champagne blended with 1924 stock to reach 40% ABV; fresh, complex, perfectly balanced.",https://www.cognac-expert.com/hors-d-age-cognac/grosperrin-n22-grande-champagne-cognac; https://www.cognatheque.com/en/cognac-de-collection-grosperrin/1043-cognac-grosperrin-22-tresor-grande-champagne.html,2026-06-15,https://static.cognac-expert.com/6818-thickbox_default/grosperrin-n22-grande-champagne-cognac.webp,cognac_france
Cognac,Undisclosed (Cognac),Grande Champagne,Grosperrin,sourced,Grosperrin,TRUE,FALSE,Grande Champagne; Millésime; 1944 Grande Champagne,NULL,1944,NULL,NULL,NULL,NULL,NULL,NULL,"Intense WWII-era Grande Champagne; deep tobacco, rancio and complex flavors; from a château occupied by the German Army.",https://www.cellartracker.com/wine.asp?iWine=1579028; https://www.drinkspirits.com/cognac/cognac-jean-grosperrin-exploring-regions-vintages-cognac/,2026-06-28,NULL,cognac_france
Cognac,Undisclosed (Cognac),Grande Champagne,Grosperrin,sourced,Grosperrin,TRUE,FALSE,Grande Champagne; Millésime; N°34 Grande Champagne Héritage Lot N°845,NULL,1934,N°845,NULL,NULL,NULL,NULL,NULL,1934 vintage Heritage Grande Champagne; extremely rare pre-war stock.,https://shop.klwines.com/products/details/1613484,2026-06-15,https://cdn.klwines.com/images/skus/1613484x.jpg,cognac_france
Cognac,Undisclosed (Cognac),Grande Champagne,Grosperrin,sourced,Grosperrin,TRUE,FALSE,Grande Champagne; Millésime; 1974 Grande Champagne,NULL,1974,NULL,NULL,NULL,NULL,NULL,NULL,Single vintage 1974 Grande Champagne.,https://www.scotchwhiskyauctions.com/auctions/117-the-79th-auction/179403-jean-grosperrin-1974-grande-champagne-cognac/,2026-06-15,https://d3suvtcq00dftb.cloudfront.net/products/469874-zoom.jpg,cognac_france
Cognac,Undisclosed (Cognac),Grande Champagne,Grosperrin,sourced,Grosperrin,TRUE,FALSE,Grande Champagne; Millésime; La Gabare 1971 Grande Champagne,NULL,1971,NULL,91.8,45.9,NULL,NULL,NULL,La Gabare Grande Champagne 1971 distilled the first days of the year following harvest.,https://www.whiskytrades.com/lot-jean-grosperrin--la-gabare-1971-45-9--cognac-grande-champagne--1697,2026-06-15,https://www.whiskytrades.com/pics/lots/9915.jpg,cognac_france
Cognac,Undisclosed (Cognac),Grande Champagne,Grosperrin,sourced,Grosperrin,TRUE,FALSE,Grande Champagne; Millésime; La Gabare 1972 Grande Champagne,NULL,1972,NULL,NULL,NULL,NULL,NULL,NULL,La Gabare N°72 Grande Champagne 1972 vintage.,https://www.idealwine.com/en/buy-a-wine/B2238849-354-1-bottle-Cognac-Grande-Champagne-n72-La-Gabare-Grosperrin-1972-Amber,2026-06-15,https://www.idealwine.com/media/cache/product_variant_medium/00-migrated-variant-photos/B2623377_1792.jpg,cognac_france
Cognac,Undisclosed (Cognac),Grande Champagne,Grosperrin,sourced,Grosperrin,TRUE,FALSE,Grande Champagne; Hors d'Âge; La Gabare No.24 Grande Champagne,NULL,NULL,NULL,NULL,NULL,NULL,NULL,NULL,"La Gabare No.24 Grande Champagne, Heritage series.",https://www.bouchon.com.au/products/cer-grosno24gc700ml; https://whiskyauctioneer.com/learn/explore-whisky/bottles/jean-grosperrin-la-gabare-no24-grande-champagne-cognac; https://www.premiumgrandscrus.com/en/cognac-hors-d-age/879-jean-grosperrin-la-gabare-no24-grande-champagne.html,2026-06-15,https://assets.whiskyauctioneer.com/styles/xlarge_16_9/s3/6108695-001.JPG,cognac_france
Cognac,Undisclosed (Cognac),Grande Champagne,Grosperrin,sourced,Grosperrin,TRUE,FALSE,Grande Champagne; Hors d'Âge; La Gabare No.25 Grande Champagne,NULL,NULL,NULL,NULL,NULL,NULL,NULL,NULL,"La Gabare No.25 Grande Champagne, Heritage series.",https://www.premiumgrandscrus.com/en/cognac-hors-d-age/2075-jean-grosperrin-la-gabare-no25-grande-champagne.html,2026-06-15,https://cdn.premiumgrandscrus.com/6914-large_default/jean-grosperrin-la-gabare-no25-grande-champagne.jpg,cognac_france
Cognac,Undisclosed (Cognac),Grande Champagne,Grosperrin,sourced,Grosperrin,TRUE,FALSE,Grande Champagne; Hors d'Âge; 15 Year Old Grande Champagne,15,NULL,NULL,98.4,49.2,NULL,NULL,NULL,15-year-old Grande Champagne expression.,https://www.cognac-expert.com/xo-cognac/grosperrin-15-year-old-grande-champagne-cognac; https://www.divinecellar.com/en/cognac/2597-grosperrin-15-ans-grande-champagne-cognac.html,2026-06-15,https://static.cognac-expert.com/14831-thickbox_default/grosperrin-15-year-old-grande-champagne-cognac.webp,cognac_france
Cognac,Undisclosed (Cognac),Grande Champagne,Grosperrin,blended,Grosperrin,TRUE,FALSE,Grande Champagne; Hors d'Âge; Gold Nectar Grande Champagne,NULL,NULL,NULL,87.4,43.7,NULL,NULL,NULL,Blend of Grosperrin's oldest Grande Champagne eaux-de-vie; representative of the best of the cru.,https://www.whisky.fr/en/grosperrin-grande-champagne-gold-nectar.html,2026-06-15,https://cdn.prod2.whisky.fr/media/lmdw/lmdw_large/66029_4_m84708___1ebdfe236b6b67ba.webp,cognac_france
Cognac,Undisclosed (Cognac),Grande Champagne,Grosperrin,blended,Grosperrin,TRUE,FALSE,Grande Champagne; Hors d'Âge; Cépages Grande Champagne,NULL,NULL,NULL,84.0,42.0,NULL,NULL,NULL,"Blend of Folle Blanche, Colombard and Ugni Blanc from 2011, 2012, 2013 and 2014 harvests in Grande Champagne.",https://www.cognac-expert.com/vsop-cognac/grosperrin-cepages-grande-champagne; https://shop.cognatheque.com/en/cognac-grosperrin-online/1577-cognac-grosperrin-grande-champagne-cepages.html; https://thewhiskylibrary.com/products/grande-champagne-cepages-70cl-42-jean-grosperrin-cognac-1,2026-06-15,https://static.cognac-expert.com/5966-thickbox_default/grosperrin-cepages-grande-champagne.webp,cognac_france
Cognac,Undisclosed (Cognac),Grande Champagne,Grosperrin,blended,Grosperrin,TRUE,FALSE,Grande Champagne; Hors d'Âge; Folle Blanche Grande Champagne,NULL,NULL,NULL,86.0,43.0,NULL,NULL,NULL,"Blend of 2009 (10%), 2010 (40%), 2011 (50%) Grande Champagne Folle Blanche harvests.",https://www.cognac-expert.com/vintage-cognac/grosperrin-folle-blanche-grande-champagne-cognac,2026-06-15,https://static.cognac-expert.com/3016-thickbox_default/grosperrin-folle-blanche-grande-champagne-cognac.webp,cognac_france
Cognac,Undisclosed (Cognac),Fins Bois,Grosperrin,sourced,Grosperrin,TRUE,FALSE,Fins Bois; Millésime; N°45 Fins Bois Héritage Lot N°816,NULL,1945,N°816,104.2,52.1,NULL,NULL,NULL,Extremely small lot of two casks originally distilled by a famous Cognac house in Jarnac; exclusively Fins Bois grapes.,https://www.finedrams.com/grosperrin-no45-fins-bois-heritages-cognac-lot-no816.html; https://shop.klwines.com/products/details/1613475; https://maisonvillevert.com/en/products/cognac-grosperrin-heritage-fins-bois-ndeg45,2026-06-15,http://maisonvillevert.com/cdn/shop/files/cognac-grosperrin-heritage-fins-bois-ndeg45-cognac-maison-villevert-553025.jpg,cognac_france
Cognac,Undisclosed (Cognac),Fins Bois,Grosperrin,sourced,Grosperrin,TRUE,FALSE,Fins Bois; Millésime; N°58 Fins Bois Lot N°563,NULL,NULL,N°563,84.4,42.2,NULL,NULL,NULL,Acquired in 1999 from the son of a deceased winegrower; matured in Grosperrin cellars until bottling in 2017; subtle and complex.,https://www.finedrams.com/grosperrin-no58-fins-bois-cognac-lot-no563.html; https://www.cognac-expert.com/xo-cognac/grosperrin-no58-fins-bois,2026-06-15,https://static.cognac-expert.com/9745-thickbox_default/grosperrin-no58-fins-bois.webp,cognac_france
Cognac,Undisclosed (Cognac),Fins Bois,Grosperrin,sourced,Grosperrin,TRUE,FALSE,Fins Bois; Millésime; N°58 Fins Bois Lot N°844,NULL,NULL,N°844,89.0,44.5,NULL,NULL,NULL,"A lot of shades, very subtle and carried by a perfect ABV; bottled 2021.",https://www.horsdage.fr/grosperrin-fins-bois-n58/; https://shop.klwines.com/products/details/1612731,2026-06-15,NULL,cognac_france
Cognac,Undisclosed (Cognac),Fins Bois,Grosperrin,sourced,Grosperrin,TRUE,FALSE,Fins Bois; Millésime; N°61 Fins Bois Lot N°728,NULL,1961,N°728,87.6,43.8,NULL,NULL,NULL,"Heritage series 1961 Fins Bois; blackcurrant, cherry, black pepper, leather, sandalwood, cigar boxes.",https://www.cognac-expert.com/special-cognac/grosperrin-n61-fins-bois-cognac; https://www.klwines.com/p/i?i=1613506,2026-06-15,https://static.cognac-expert.com/16172-thickbox_default/grosperrin-n61-fins-bois-cognac.webp,cognac_france
Cognac,Undisclosed (Cognac),"Vars, Fins Bois",Grosperrin,sourced,Grosperrin,TRUE,FALSE,Fins Bois; Millésime; N°68 Fins Bois Lot N°842,NULL,1968,N°842,113.4,56.7,NULL,NULL,NULL,"Saline and mineral, fine waxes, old honey, delicate candied fruits; superb texture; extremely long, harmonious finish.",https://www.finedrams.com/grosperrin-no68-fins-bois-cognac-lot-no842.html; https://maisonvillevert.com/en/products/cognac-grosperrin-heritage-fins-bois-ndeg68; https://www.whiskynotes.be/2021/cognac/grosperrin-1968-petite-champagne-1969-fins-bois-cognac-sponge/,2026-06-15,http://maisonvillevert.com/cdn/shop/files/cognac-grosperrin-heritage-fins-bois-ndeg68-cognac-maison-villevert-358760.jpg,cognac_france
Cognac,Undisclosed (Cognac),Fins Bois,Grosperrin,sourced,Grosperrin,TRUE,FALSE,Fins Bois; Millésime; N°68 Fins Bois Lot N°641,NULL,1968,N°641,111.6,55.8,NULL,NULL,NULL,"Second lot of 1968 Fins Bois, bottled at slightly different ABV from Lot N°842.",https://www.finedrams.com/grosperrin-no68-fins-bois-cognac-lot-no641.html,2026-06-15,https://d1wd5rt8ssn8ry.cloudfront.net/image/54770-large-1604627123/grosperrin-no68-fins-bois-cognac-lot-no641.jpg,cognac_france
Cognac,Undisclosed (Cognac),Fins Bois,Grosperrin,sourced,Grosperrin,TRUE,FALSE,Fins Bois; Millésime; N°68 Fins Bois Brut de Fût Emb.01-2021,NULL,1968,NULL,112.8,56.4,NULL,NULL,NULL,"Third distinct lot of N°68 1968 Fins Bois, bottled January 2021 at 56.4%.",https://www.rhumattitude.com/en/cave/grosperrin-n68-fins-bois-brut-de-fut-emb-01-2021-564/,2026-06-15,https://cdn.rhumattitude.com/wp-content/uploads/2022/02/grosperrin-n68-fins-bois-brut-de-fut-emb-01-2021-564.jpg,cognac_france
Cognac,Undisclosed (Cognac),Fins Bois,Grosperrin,sourced,Grosperrin,TRUE,FALSE,Fins Bois; Millésime; 1975 Fins Bois,NULL,1975,NULL,NULL,NULL,NULL,NULL,NULL,Single vintage 1975 Fins Bois; two TWE listings confirm this release.,https://www.thewhiskyexchange.com/p/14253/grosperrin-1975-fin-bois-cognac; https://www.thewhiskyexchange.com/p/31790/grosperrin-1975-fins-bois-cognac,2026-06-15,https://img.thewhiskyexchange.com/540/cognc_gro10.jpg,cognac_france
Cognac,Undisclosed (Cognac),Fins Bois,Grosperrin,sourced,Grosperrin,TRUE,FALSE,Fins Bois; Millésime; 1983 Fins Bois,NULL,1983,NULL,NULL,NULL,NULL,NULL,NULL,Single vintage 1983 Fins Bois.,https://www.allstarwine.com/spirits/Jean-Grosperrin-Fins-Bois-Cognac-1983-Jean-Grosperrin-Fins-Bois-Cognac-1983-1983-w3277694rk,2026-06-15,https://cityhive-production-cdn.cityhive.net/products/6a173761ed0d63000146e316/large.png,cognac_france
Cognac,Undisclosed (Cognac),Fins Bois,Grosperrin,sourced,Grosperrin,TRUE,FALSE,Fins Bois; Millésime; 1986 Fins Bois Lot N°636,NULL,1986,N°636,95.6,47.8,NULL,NULL,NULL,"Complex and densely flavoured, typical of the chalky limestone-rich Fins Bois soil.",https://www.finedrams.com/grosperrin-1986-fins-bois-cognac-lot-no636.html; https://www.cognac-expert.com/vintage-cognac/grosperrin-millesime-1986-fins-bois-cognac,2026-06-15,https://static.cognac-expert.com/3215-thickbox_default/grosperrin-millesime-1986-fins-bois-cognac.webp,cognac_france
Cognac,Undisclosed (Cognac),Fins Bois,Grosperrin,sourced,Grosperrin,TRUE,FALSE,Fins Bois; Millésime; 1988 Fins Bois,NULL,1988,NULL,NULL,NULL,NULL,NULL,NULL,Single vintage 1988 Fins Bois.,https://www.brandyclassics.com/product/cognac-grosperrin-1988-fins-bois/,2026-06-15,NULL,cognac_france
Cognac,Undisclosed (Cognac),"Brie-sous-Matha, Fins Bois",Grosperrin,sourced,Grosperrin,TRUE,FALSE,Fins Bois; Millésime; 1989 Fins Bois Lot N°865,31,1989,N°865,NULL,NULL,NULL,NULL,NULL,31-year-old 1989 Fins Bois from Brie-sous-Matha on clay-limestone soils.,https://shop.klwines.com/products/details/1613486,2026-06-15,https://cdn.klwines.com/images/skus/1613486x.jpg,cognac_france
Cognac,Undisclosed (Cognac),"La Brousse, Fins Bois",Grosperrin,blended,Grosperrin,TRUE,FALSE,Fins Bois; Hors d'Âge; N°52-22 Fins Bois Lot N°869,NULL,NULL,N°869,93.0,46.5,NULL,NULL,NULL,"Blend of two Fins Bois batches from La Brousse, blended over 20 years ago by the winemaker.",https://www.closdesmillesimes.com/28244-cognac-cognac-grosperrin---n-52-22---fins-bois---lot-n-869---465-en.html; https://shop.klwines.com/products/details/1613449; https://www.thewhiskyexchange.com/p/84270/grosperrin-fins-bois-heritage-cognac-n52-22,2026-06-15,https://img.thewhiskyexchange.com/540/cognc_gro29.jpg,cognac_france
Cognac,Undisclosed (Cognac),Fins Bois,Grosperrin,sourced,Grosperrin,TRUE,FALSE,Fins Bois; Millésime; 33 Years Fins Bois,33,NULL,NULL,NULL,NULL,NULL,NULL,NULL,33-year-old Fins Bois age-stated expression.,https://www.divinecellar.com/en/cognac/2346-grosperrin-33-years-fins-bois-cognac.html,2026-06-15,https://www.divinecellar.com/4522-large_default/grosperrin-33-years-fins-bois-cognac.jpg,cognac_france
Cognac,Undisclosed (Cognac),Fins Bois,Grosperrin,sourced,Grosperrin,TRUE,FALSE,Fins Bois; Millésime; 2001 Fins Bois Bio Lot N°786,20,2001,N°786,99.4,49.7,NULL,NULL,NULL,"Organic single-vintage 2001 Fins Bois, 20 years old at bottling.",https://www.finedrams.com/grosperrin-2001-fins-bois-organic-cognac-lot-no786.html; https://www.bouchon.com.au/products/cer-gros200120ansfb350mlorg; https://www.thewhiskyexchange.com/p/84275/grosperrin-fins-bois-20-year-old,2026-06-15,https://img.thewhiskyexchange.com/540/cognc_gro20yo.jpg,cognac_france
Cognac,Undisclosed (Cognac),Fins Bois,Grosperrin,sourced,Grosperrin,TRUE,FALSE,Fins Bois; Millésime; 2010 Folle Blanche Fins Bois Bio,NULL,2010,NULL,93.6,46.8,NULL,NULL,NULL,Organic single-vintage 2010 Folle Blanche Fins Bois at cask strength.,https://www.cognac-expert.com/vintage-cognac/grosperrin-2010-folle-blanche-fins-bois-organic-cognac,2026-06-15,NULL,cognac_france
Cognac,Undisclosed (Cognac),Fins Bois,Grosperrin,sourced,Grosperrin,TRUE,FALSE,Fins Bois; Hors d'Âge; Fins Bois 20 Year Old (TWE),20,NULL,NULL,NULL,NULL,NULL,NULL,NULL,Fins Bois 20 Year Old from The Whisky Exchange listing.,https://www.thewhiskyexchange.com/p/84275/grosperrin-fins-bois-20-year-old,2026-06-15,https://img.thewhiskyexchange.com/540/cognc_gro20yo.jpg,cognac_france
Cognac,Undisclosed (Cognac),Petite Champagne,Grosperrin,sourced,Grosperrin,TRUE,FALSE,Petite Champagne; Millésime; 1973 Petite Champagne Brut de Fût,NULL,1973,NULL,120.6,60.3,NULL,NULL,NULL,"Extremely generous cask-strength 1973 Petite Champagne, bottled without reduction.",https://www.cognac-expert.com/vintage-cognac/grosperrin-1973-petite-champagne-brut-de-fut,2026-06-15,https://static.cognac-expert.com/4692-thickbox_default/grosperrin-1973-petite-champagne-brut-de-fut.webp,cognac_france
Cognac,Undisclosed (Cognac),Petite Champagne,Grosperrin,sourced,Grosperrin,TRUE,FALSE,Petite Champagne; Millésime; 1973 Petite Champagne Lot N°1062,NULL,1973,N°1062,102.4,51.2,NULL,NULL,NULL,Aged more than 45 years in casks; Petite Champagne known to take 20-30 years to fully develop.,https://www.finedrams.com/grosperrin-1973-petite-champagne-cognac-lot-no1062.html; https://www.cognac-expert.com/vintage-cognac/grosperrin-vintage-1973-petite-champagne,2026-06-15,https://static.cognac-expert.com/4692-thickbox_default/grosperrin-1973-petite-champagne-brut-de-fut.webp,cognac_france
Cognac,Undisclosed (Cognac),Petite Champagne,Grosperrin,sourced,Grosperrin,TRUE,FALSE,Petite Champagne; Millésime; 1973 Petite Champagne Lot N°474,NULL,1973,N°474,103.4,51.7,NULL,NULL,NULL,Second separate lot of 1973 Petite Champagne bottled at slightly different ABV.,https://www.finedrams.com/grosperrin-1973-petite-champagne-cognac-lot-no474.html,2026-06-15,https://d1wd5rt8ssn8ry.cloudfront.net/image/54740-large-1604626969/grosperrin-1973-petite-champagne-cognac-lot-no474.jpg,cognac_france
Cognac,Undisclosed (Cognac),Petite Champagne,Grosperrin,sourced,Grosperrin,TRUE,FALSE,Petite Champagne; Millésime; 1974 Petite Champagne,NULL,1974,NULL,95.0,47.5,NULL,NULL,NULL,"Spicy with blackcurrant buds, smooth creamy attack, black pepper, exotic wood, chocolate, clove, and candied fruits.",https://www.cognac-expert.com/vintage-cognac/grosperrin-millesime-1974-petite-champagne-cognac; https://shop.cognatheque.com/fr/cognac-grosperrin-online/967-cognac-grosperrin-1974-millesime-petite-champagne.html,2026-06-15,https://static.cognac-expert.com/9737-thickbox_default/grosperrin-millesime-1974-petite-champagne-cognac.webp,cognac_france
Cognac,Undisclosed (Cognac),Petite Champagne,Grosperrin,sourced,Grosperrin,TRUE,FALSE,Petite Champagne; Millésime; 1976 Petite Champagne,NULL,1976,NULL,87.8,43.9,NULL,NULL,NULL,Single vintage 1976 Petite Champagne.,https://www.vinsbrunin.com/cognac-2/cognac-grosperrin-1976-petite-champagne-43-9.html,2026-06-15,https://media.cdnws.com/_i/44805/fb%7B630%7D-5076/2046/76/5705005.jpeg,cognac_france
Cognac,Undisclosed (Cognac),Petite Champagne,Grosperrin,sourced,Grosperrin,TRUE,FALSE,Petite Champagne; Millésime; 1970 Petite Champagne Lot N°936,NULL,1970,N°936,101.6,50.8,NULL,NULL,NULL,Single vintage Petite Champagne 1970; estate lot acquired in April 1970.,https://www.finedrams.com/grosperrin-1970-petite-champagne-cognac-lot-no936.html; https://www.divinecellar.com/en/cognac/1609-grosperrin-1970-petite-champagne-cognac.html,2026-06-15,https://www.divinecellar.com/3020-large_default/grosperrin-1970-petite-champagne-cognac.jpg,cognac_france
Cognac,Undisclosed (Cognac),Petite Champagne,Grosperrin,sourced,Grosperrin,TRUE,FALSE,Petite Champagne; Millésime; 1969 Petite Champagne Lot N°568,NULL,1969,N°568,92.8,46.4,NULL,NULL,NULL,"Dense burnt oak, sultanas, dried apricot, orange rind, nutmeg, cloves, cinnamon, lime leaves, fresh flowers, rancio, tobacco smoke.",https://www.finedrams.com/grosperrin-1969-petite-champagne-cognac-lot-no568.html; https://shop.klwines.com/products/details/1941053,2026-06-15,https://d1wd5rt8ssn8ry.cloudfront.net/image/54739-large-1604626964/grosperrin-1969-petite-champagne-cognac-lot-no568.jpg,cognac_france
Cognac,Undisclosed (Cognac),Petite Champagne,Grosperrin,sourced,Grosperrin,TRUE,FALSE,Petite Champagne; Millésime; La Gabare 1969 Petite Champagne,NULL,1969,NULL,NULL,NULL,NULL,NULL,NULL,La Gabare range 1969 Petite Champagne vintage.,https://shop.klwines.com/products/details/1941053,2026-06-15,https://cdn.klwines.com/images/skus/generated_639112720212776985_1941053x.jpg,cognac_france
Cognac,Jacques Esteves,Petite Champagne,Grosperrin,sourced,Grosperrin,TRUE,FALSE,Petite Champagne; Millésime; 1967 Petite Champagne Jacques Esteves,NULL,1967,NULL,NULL,NULL,NULL,NULL,NULL,"Single-grower Petite Champagne from the named Jacques Esteves estate, vintage 1967.",https://thecellardor.com/cognac-grosperrin-jacques-esteves-petite-champagne-cognac-1967-700ml/; https://www.saratogawine.com/product/jean-grosperrin-cognac-petit-champagne-jacques-esteves-1967-700ml/,2026-06-15,https://cdn11.bigcommerce.com/s-2ozph3dkpy/products/599519/images/542630/FR-XJG-07-67__16168.1746095532.386.513.jpg,cognac_france
Cognac,Undisclosed (Cognac),Petite Champagne,Grosperrin,sourced,Grosperrin,TRUE,FALSE,Petite Champagne; Millésime; 1982 Petite Champagne Lot N°570,NULL,1982,N°570,92.6,46.3,NULL,NULL,NULL,"Medium golden, hints of grapes, yellow fruit, almond and wood; rich and warm palate.",https://www.finedrams.com/grosperrin-1982-petite-champagne-cognac-lot-no570.html; https://www.cognac-expert.com/vintage-cognac/grosperrin-vintage-1982-petite-champagne,2026-06-15,https://static.cognac-expert.com/4694-thickbox_default/grosperrin-vintage-1982-petite-champagne.webp,cognac_france
Cognac,Undisclosed (Cognac),Petite Champagne,Grosperrin,sourced,Grosperrin,TRUE,FALSE,Petite Champagne; Millésime; 1992 Petite Champagne Lot N°748,NULL,1992,N°748,94.8,47.4,NULL,NULL,NULL,"Balanced snapshot of Champagne terroir; no color, no caramel, no chill-filtration.",https://www.finedrams.com/grosperrin-1992-petite-champagne-cognac-lot-no748.html; https://www.cognac-expert.com/vintage-cognac/grosperrin-vintage-1992-petite-champagne,2026-06-15,https://static.cognac-expert.com/11195-thickbox_default/grosperrin-vintage-1992-petite-champagne.webp,cognac_france
Cognac,Undisclosed (Cognac),Petite Champagne,Grosperrin,sourced,Grosperrin,TRUE,FALSE,Petite Champagne; Millésime; 12 Year Old Petite Champagne Lot N°1066,12,NULL,N°1066,101.8,50.9,NULL,NULL,NULL,12-year-old Petite Champagne at high cask strength.,https://www.finedrams.com/grosperrin-12-year-old-petite-champagne-cognac-lot-no1066.html; https://www.closdesmillesimes.com/29215-clos-des-millesimes-cognac-grosperrin---petite-champagne---12-ans---lot-n-1066---5090.html,2026-06-15,https://d1wd5rt8ssn8ry.cloudfront.net/image/73157-large-1688591582/grosperrin-12-year-old-petite-champagne-cognac-lot-no1066.jpg,cognac_france
Cognac,Undisclosed (Cognac),Petite Champagne,Grosperrin,sourced,Grosperrin,TRUE,FALSE,Petite Champagne; Hors d'Âge; La Gabare VSOP Petite Champagne,NULL,NULL,NULL,NULL,NULL,NULL,NULL,NULL,"Caramel, butterscotch on the nose; baked apple and pear, vanilla, then bracingly spicy finish with ginger, cinnamon and lemon.",https://www.wine-searcher.com/find/jean+gros+perrin+la+gabarre+v+s+o+p+petit+champagne+cognac+france; https://www.thewhiskyexchange.com/p/14246/grosperrin-vsop-petite-champagne-cognac,2026-06-15,https://img.thewhiskyexchange.com/540/cognc_gro3.jpg,cognac_france
Cognac,Undisclosed (Cognac),Petite Champagne,Grosperrin,sourced,Grosperrin,TRUE,FALSE,Petite Champagne; Millésime; La Gabare 1975 Petite Champagne,NULL,1975,NULL,NULL,NULL,NULL,NULL,NULL,La Gabare range 1975 Petite Champagne vintage.,https://www.wine-searcher.com/find/jean+gros+perrin+la+gabarre+petit+champagne+vintage+cognac+france/1975,2026-06-15,NULL,cognac_france
Cognac,Undisclosed (Cognac),Petite Champagne,Grosperrin,sourced,Grosperrin,TRUE,FALSE,Petite Champagne; Millésime; 47 Year Old Petite Champagne Lot N°803,47,1973,N°803,NULL,NULL,NULL,NULL,NULL,"47-year-old Petite Champagne from 1973, individual lot designation.",https://www.klwines.com/p/i?i=1613487,2026-06-15,https://cdn.klwines.com/images/skus/1613487x.jpg,cognac_france
Cognac,Undisclosed (Cognac),Bons Bois,Grosperrin,sourced,Grosperrin,TRUE,FALSE,Bons Bois; Millésime; 1944 Bons Bois,NULL,1944,NULL,NULL,NULL,NULL,NULL,NULL,Almost port-like quality with a fresh fruit note; paired release with the 1944 Grande Champagne.,https://www.cognac-only.com/en/products/409-cognac-vintage-1944-bons-bois-grosperrin.html; https://www.drinkspirits.com/cognac/cognac-jean-grosperrin-exploring-regions-vintages-cognac/,2026-06-15,NULL,cognac_france
Cognac,Undisclosed (Cognac),Bons Bois,Grosperrin,sourced,Grosperrin,TRUE,FALSE,Bons Bois; Millésime; 1992 Bons Bois Lot N°678,NULL,1992,N°678,103.6,51.8,NULL,NULL,NULL,Single vintage Bons Bois 1992 from a fruit farming estate in western Saintonge.,https://www.finedrams.com/grosperrin-1992-bons-bois-cognac-lot-no678.html; https://www.cognac-expert.com/vintage-cognac/grosperrin-vintage-1992-bons-bois,2026-06-15,https://static.cognac-expert.com/9735-thickbox_default/grosperrin-vintage-1992-bons-bois.webp,cognac_france
Cognac,Undisclosed (Cognac),Bons Bois,Grosperrin,sourced,Grosperrin,TRUE,FALSE,Bons Bois; Millésime; 1992 Bons Bois Lot N°679 35cl,NULL,1992,N°679,NULL,NULL,NULL,NULL,NULL,Second lot of 1992 Bons Bois; 35cl half-bottle format.,https://www.finedrams.com/grosperrin-1992-bons-bois-cognac-lot-no679-35-cl.html,2026-06-15,https://d1wd5rt8ssn8ry.cloudfront.net/image/54749-large-1604627010/grosperrin-1992-bons-bois-cognac-lot-no679-35-cl.jpg,cognac_france
Cognac,Undisclosed (Cognac),Bons Bois,Grosperrin,sourced,Grosperrin,TRUE,FALSE,Bons Bois; Hors d'Âge; Bons Bois 27 Years Old,27,NULL,NULL,104.8,52.4,NULL,NULL,NULL,"From private stock of a sworn broker; aged under state control; candied fruit, salty finish.",https://maisonvillevert.com/en/products/cognac-grosperrin-bons-bois-27-ans; https://www.cognac-expert.com/special-cognac/grosperrin-27-year-old-bons-bois-cognac,2026-06-15,http://maisonvillevert.com/cdn/shop/files/cognac-grosperrin-bons-bois-27-ans-cognac-maison-villevert-470699.jpg,cognac_france
Cognac,Undisclosed (Cognac),"Saint-Pierre d'Oléron, Bois Ordinaires",Grosperrin,sourced,Grosperrin,TRUE,FALSE,Bois Ordinaires; Hors d'Âge; 10 Ans Bois Ordinaire Île d'Oléron,10,NULL,NULL,113.2,56.6,NULL,NULL,NULL,"5 years in red barrels in dry cellar, then 5 years in damp cellar; from Saint-Pierre d'Oléron commune.",https://www.whisky.fr/en/grosperrin-10-ans-bois-ordinaire-ile-oleron.html; https://maisonvillevert.com/en/products/cognac-grosperrin-bois-ordinaires-10-ans,2026-06-15,https://cdn.prod2.whisky.fr/media/lmdw/lmdw_large/66027_4_mf84b9___e225e7845fb0556d.webp,cognac_france
Cognac,Undisclosed (Cognac),"Île d'Oléron, Bois Ordinaires",Grosperrin,sourced,Grosperrin,TRUE,FALSE,Bois Ordinaires; Hors d'Âge; 18 Year Old Bois Ordinaires Île d'Oléron Lot N°1014,18,NULL,N°1014,100.2,50.1,NULL,NULL,NULL,"18-year-old Île d'Oléron Bois Ordinaires, bottled 2024.",https://www.finedrams.com/grosperrin-18-year-old-bois-ordinaires-ile-doleron-cognac-lot-no1014.html; https://www.cognac-expert.com/xo-cognac/grosperrin-18-years-bois-ordinaire-de-l-ile-d-oleron-cognac,2026-06-15,https://static.cognac-expert.com/12830-thickbox_default/grosperrin-18-years-bois-ordinaire-de-l-ile-d-oleron-cognac.webp,cognac_france
Cognac,Undisclosed (Cognac),"Île d'Oléron, Bois Ordinaires",Grosperrin,sourced,Grosperrin,TRUE,FALSE,Bois Ordinaires; Hors d'Âge; N°90 Bois Ordinaires Île d'Oléron Lot N°1065,NULL,NULL,N°1065,NULL,NULL,NULL,NULL,NULL,"Small lot Bois Ordinaires from Île d'Oléron, Heritage series release.",https://www.finedrams.com/grosperrin-no90-bois-ordinaires-ile-doleron-cognac-lot-no1065.html; https://www.thewhiskyexchange.com/p/84264/grosperrin-bois-ordinaire-cognac-n90,2026-06-15,https://img.thewhiskyexchange.com/540/cognc_gro23.jpg,cognac_france
Cognac,Undisclosed (Cognac),"Saintes, France",Grosperrin,blended,Grosperrin,TRUE,FALSE,Cognac; Hors d'Âge; Orange d'Or Liqueur Cognac,NULL,NULL,NULL,NULL,NULL,NULL,NULL,NULL,Cognac-based orange liqueur.,https://www.cognac-expert.com/liqueur-cognac/grosperrin-orange-liqueur-cognac,2026-06-15,https://static.cognac-expert.com/7267-thickbox_default/grosperrin-orange-liqueur-cognac.webp,cognac_france
Cognac,Frapin,"Segonzac, Grande Champagne",Berry Bros & Rudd,sourced,Berry Bros & Rudd,TRUE,FALSE,Grande Champagne; Millésime; F.L.B. Grande Champagne Cognac,NULL,NULL,NULL,80,40,NULL,NULL,NULL,Mellow and floral with deep fruit character and notable complexity from long Frapin maturation.,https://www.bbr.com/products-10001516931-berry-bros-and-rudd-f-l-b-grande-champagne-cognac-frapin-40%25; https://www.cognac-expert.com/special-cognac/berry-bros-rudd-flb-grande-champagne-cognac,2026-06-15,https://static.cognac-expert.com/8850-thickbox_default/berry-bros-rudd-flb-grande-champagne-cognac.webp,cognac_france
Cognac,Jean-Luc Pasquet,"Angeac-Champagne, Petite Champagne",Berry Bros & Rudd,sourced,Berry Bros & Rudd,TRUE,FALSE,Petite Champagne; Millésime; Single Cask,NULL,2017,Cask Ref. 72,80,40,NULL,Limousin oak,NULL,"Luscious aged Sauternes and fruit sorbet aromas building into crisp minerality; 421 bottles, non-chill filtered.",https://www.bbr.com/products-20178171579-2017-berry-bros-and-rudd-petite-champagne-cognac-collective-no-1-cask-ref-72-jean-luc-pasquet-40%25; https://caskcartel.com/products/jean-luc-pasquet-2017-bottled-2023-cask-72-collective-1-the-pioneers-berry-bros-rudd-cognac-700ml,2026-06-15,http://caskcartel.com/cdn/shop/products/jean-luc-pasquet-2017-bottled-2023-cask-72-collective-1-the-pioneers-berry-bros-and-rudd-cognac.jpg,cognac_france
Cognac,Hine,"Jarnac, Grande Champagne",Berry Bros & Rudd,sourced,Berry Bros & Rudd,TRUE,FALSE,Grande Champagne; Single Cask; Bonneuil Grande Champagne,NULL,2010,Lot No. 3117 / Cask Ref. D07017,90.6,45.3,NULL,NULL,NULL,"Supremely elegant and delicate with notes of peach, citrus and white flowers; BBR exclusive selected with Hine cellarmaster Eric Forget.",https://www.bbr.com/products-20108153645-2010-hine-single-cask-selection-lot-no-3117-cask-ref-d07017-bonneuil-grande-champagne-cognac-45-3%25,2026-06-15,NULL,cognac_france
Cognac,Tiffon,"Chateau de Triac, Fins Bois / Grande Champagne",Berry Bros & Rudd,sourced,Berry Bros & Rudd,TRUE,FALSE,Cognac; XO; Cognac of Superior Quality,NULL,NULL,NULL,80,40,NULL,Limousin oak,NULL,Abundant fruit on the palate with finesse and balance typifying a mature aged Cognac.,https://www.bbr.com/products-10008010393-berry-bros-and-rudd-cognac-of-superior-quality-tiffon-40%25; https://www.bbr.com/own-selection-cognac-armagnac,2026-06-15,NULL,cognac_france
Cognac,Distillerie Charpentier,"Petite Champagne, Cognac",Cadenhead's,sourced,Cadenhead's,TRUE,FALSE,Petite Champagne; Single Cask; Cask Strength,35,1984,NULL,108.4,54.2,NULL,NULL,NULL,"Distilled 1984, bottled November 2019; 270 bottles; no colour added, not chill filtered.",https://www.cadenhead.scot/bottlings/cognac-charpentier-35yo-54-2/; https://tabaccheriatoto13.com/en/1964-cognac-cadenhead-s-35-yo-from-charpentier-vol542-cl70.html,2026-06-15,NULL,cognac_france
Cognac,Distillerie Charpentier,"Petite Champagne, Cognac",Cadenhead's,sourced,Cadenhead's,TRUE,FALSE,Petite Champagne; Single Cask; Cask Strength,40,NULL,NULL,123.2,61.6,NULL,NULL,NULL,"Faint whiff of smoke and bacon jam on nose; toffee, butterscotch and cinnamon buns on palate; vanilla, chorizo and cigar boxes on finish.",https://www.cadenhead.scot/bottlings/cognac-charpentier-40yo-61-6/,2026-06-15,NULL,cognac_france
Cognac,Distillerie Charpentier,"Petite Champagne, Cognac",Cadenhead's,sourced,Cadenhead's,TRUE,FALSE,Petite Champagne; Single Cask; Cask Strength,45,NULL,NULL,123.2,61.6,NULL,NULL,NULL,"Sultanas, apricots and pineapple on nose; Christmas cake and orange marmalade on palate; plums and chocolate orange sponge on finish; bottled September 2019.",https://www.cadenhead.scot/bottlings/cognac-charpentier-45yo-61-6/,2026-06-15,NULL,cognac_france
Cognac,Distillerie Charpentier,"Petite Champagne, Cognac",Cadenhead's,sourced,Cadenhead's,TRUE,FALSE,Petite Champagne; Single Cask; Cask Strength,50,NULL,NULL,124.8,62.4,NULL,NULL,NULL,Creamy brown sugar and florals on nose; orange zest and figs on palate; cinnamon and caramel on finish; bottled September 2019.,https://www.cadenhead.scot/bottlings/cognac-charpentier-50yo-62-4/; https://malt-review.com/2021/02/07/cadenheads-cognac-distillerie-charpentier-50-years-old/,2026-06-15,NULL,cognac_france
Cognac,Distillerie Charpentier,"Petite Champagne, Cognac",Cadenhead's,sourced,Cadenhead's,TRUE,FALSE,Petite Champagne; Single Cask; Cask Strength,50,NULL,Vienna Shop,109.6,54.8,NULL,NULL,NULL,Petite Champagne single cask bottled for Cadenhead's Vienna shop November 2018; 258 bottles.,https://www.cadenhead.scot/bottlings/cognac-50yo-54-8-vienna-shop/; https://www.whiskyantique.com/en/cognac-charpentier-petite-champagne-50yo-bot-2018-70cl-54-8-cadenhead-s-whisky-shop-vienna-co0681i,2026-06-15,NULL,cognac_france
Cognac,Distillerie Charpentier,"Petite Champagne, Cognac",Cadenhead's,sourced,Cadenhead's,TRUE,FALSE,Petite Champagne; Single Cask; Cask Strength,30,NULL,NULL,104.8,52.4,NULL,NULL,NULL,Single cask Petite Champagne from Charpentier; multiple releases at various cask strengths ~52-53% ABV.,https://www.cadenhead.scot/bottlings/distillerie-charpentier-30yo/; https://www.rowspirits.fr/en/old-collector/1970-cadenhead-s-cognac-charpentier-30yo-524.html,2026-06-15,NULL,cognac_france
Cognac,Undisclosed (Cognac),"Cognac, France",Cadenhead's,sourced,Cadenhead's,TRUE,FALSE,Cognac; Single Cask; Cask Strength,45,NULL,NULL,NULL,NULL,NULL,NULL,NULL,"Sweet, vanilla, brown sugar, coconut and peaches on nose; thick and syrupy chocolate and toffee palate; dried spices and oak finish.",https://www.cadenhead.scot/bottlings/cognac-45yo/,2026-06-15,NULL,cognac_france
Cognac,Paul Marie & Fils,"Borderies, Cognac",K&L Wine Merchants,sourced,K&L Wine Merchants,TRUE,FALSE,Borderies; Single Cask; Cask Strength,NULL,NULL,SKU 1076184,122,61,NULL,NULL,NULL,"Spicy, vibrant and bold with rich caramel, baked fruits, toffee and toasted wood; unfiltered XO-maturity Borderies; 200 bottles sourced by Nicolas Palazzi.",https://www.klwines.com/p/i?i=1076184; https://shop.klwines.com/products/details/1076184,2026-06-15,https://cdn.klwines.com/images/skus/1076184x.jpg,cognac_france
Cognac,Vallein-Tercinier,"Domaine de Forges, Fins Bois",K&L Wine Merchants,sourced,K&L Wine Merchants,TRUE,FALSE,Fins Bois; Single Cask; Cask Strength,NULL,1988,SKU 1384111,NULL,NULL,NULL,NULL,NULL,Single cask 1988 Fins Bois; voluptuous fruit and deep leathery rancio; bottled unfiltered and unreduced at cask strength via Through the Grapevine / LMDW for K&L.,https://shop.klwines.com/products/details/1384111; https://www.klwines.com/p/i?i=1384111,2026-06-15,https://cdn.klwines.com/images/skus/shiner_spirits_x.jpg,cognac_france
Cognac,Vallein-Tercinier,"Domaine de Forges, Fins Bois",La Maison du Whisky,sourced,La Maison du Whisky,TRUE,FALSE,Petite Champagne; Single Cask; Cask Strength,NULL,1938,Lot 38,85.2,42.6,NULL,Limousin oak,NULL,Pre-WWII Petite Champagne distilled 1938; matured 60+ years in cask then stored in dame-jeanne 20 years; bottled September 2022 without reduction.,https://www.whisky.fr/en/through-the-grapevine; https://www.lmdw.com/en/portfolio/through-the-grapevine/,2026-06-15,NULL,cognac_france
Cognac,Vallein-Tercinier,"Domaine de Forges, Bons Bois",La Maison du Whisky,sourced,La Maison du Whisky,TRUE,FALSE,Bons Bois; Single Cask; Cask Strength,NULL,1987,TTG 3.0,98.2,49.1,NULL,NULL,NULL,"Mandarin, peony, nutmeg, ginger and salted caramel; lingering finish of walnuts, dates and apricot; 30 years old at release.",https://www.thewhiskyexchange.com/p/48329/vallein-tercinier-1987-single-cask-cognac-ttg-30; https://whiskyauctioneer.com/lot/325908/vallein-tercinier-1987-through-grapevine-cognac,2026-06-15,https://img.thewhiskyexchange.com/540/cognc_ter1987.jpg,cognac_france
Cognac,Maison Prunier,"Saint-Jean-d'Angély, Grande Champagne",La Maison du Whisky,sourced,La Maison du Whisky,TRUE,FALSE,Grande Champagne; Single Cask; Cask Strength,NULL,1947,Lot 47,115.6,57.8,NULL,Limousin oak,NULL,Astonishing fruity complexity with unalterable freshness; aged 70 years in humid cellar then 5 years dame-jeanne; bottled September 2022 cask strength.,https://www.whisky.fr/en/through-the-grapevine,2026-06-15,NULL,cognac_france
Cognac,Jean Fillioux,"Juillac-le-Coq, Grande Champagne",La Maison du Whisky,sourced,La Maison du Whisky,TRUE,FALSE,Grande Champagne; Single Cask; Millésime,NULL,1963,Lot 63,88,44,NULL,Limousin oak (coarse grain),NULL,Fruity and floral sequences across a complex aromatic palette; aged in temperate cellar and slowly reduced before bottling September 2022.,https://www.whisky.fr/en/through-the-grapevine; https://www.thewhiskyexchange.com/p/41571/jean-fillioux-cognac-cask-75-through-the-grapevine-lmdw,2026-06-15,https://img.thewhiskyexchange.com/540/cognc_fil17.jpg,cognac_france
Cognac,Jean Fillioux,"Juillac-le-Coq, Grande Champagne",La Maison du Whisky,sourced,La Maison du Whisky,TRUE,FALSE,Grande Champagne; Single Cask; Millésime,NULL,NULL,Cask 75,NULL,NULL,NULL,NULL,NULL,Grande Champagne single cask through TTG series; listed on The Whisky Exchange.,https://www.thewhiskyexchange.com/p/41571/jean-fillioux-cognac-cask-75-through-the-grapevine-lmdw,2026-06-15,https://img.thewhiskyexchange.com/540/cognc_fil17.jpg,cognac_france
Cognac,Pierre Vaudon,"Fins Bois, Cognac",La Maison du Whisky,sourced,La Maison du Whisky,TRUE,FALSE,Fins Bois; Single Cask; Cask Strength,NULL,1975,Lot 75,99,49.5,NULL,NULL,NULL,"Fruity, vanilla and herbaceous flavours of great complexity; aged alternately in wet and dry cellar; bottled cask strength.",https://www.whisky.fr/en/through-the-grapevine; https://www.cognac-expert.com/vintage-cognac/vaudon-cask-7880-through-the-grapevine-cognac,2026-06-15,https://static.cognac-expert.com/13587-thickbox_default/vaudon-cask-7880-through-the-grapevine-cognac.webp,cognac_france
Cognac,Remi Landier,"Fins Bois, Cognac",La Maison du Whisky,sourced,La Maison du Whisky,TRUE,FALSE,Fins Bois; Single Cask; Millésime,NULL,2005,Lot 2005,NULL,NULL,NULL,red oak (450-litre),NULL,Fruity and floral nose with tropical notes on the palate; aged in 450-litre red oak cask.,https://www.thewhiskyexchange.com/p/41574/remi-landier-lot-2005-through-the-grapevine-cognac-lmdw,2026-06-15,https://img.thewhiskyexchange.com/540/cognc_lan2.jpg,cognac_france
Cognac,Michel Forgeron,"Segonzac, Grande Champagne",La Maison du Whisky,sourced,La Maison du Whisky,TRUE,FALSE,Grande Champagne; Single Cask; Millésime,30,1992,Lot 92,94,47,NULL,French oak,NULL,"Remarkable complexity of medicinal, fruity, herbaceous, floral, spicy and woody sequences; patiently reduced and bottled September 2022.",https://www.whisky.fr/en/through-the-grapevine,2026-06-15,NULL,cognac_france
Cognac,Chateau de Beaulon,"Saint-Dizant-du-Gua, Fins Bois",La Maison du Whisky,sourced,La Maison du Whisky,TRUE,FALSE,Fins Bois; Single Cask; Cask Strength,NULL,1988,NULL,110.4,55.2,NULL,Tronçais oak,NULL,Solely Colombard grape; late harvest for optimal maturity; aged in Tronçais oak in humid cellar; bottled September without reduction.,https://www.whisky.fr/en/through-the-grapevine,2026-06-15,NULL,cognac_france
Cognac,Bernard Boutinet,"Fins Bois, Cognac",Maison Boutinet,sourced,Maison Boutinet,TRUE,FALSE,Fins Bois; Millésime; VSOP,NULL,NULL,NULL,80,40,NULL,NULL,NULL,7-year-old Fins Bois VSOP with fruity and nutty aromas; estate-grown Ugni Blanc and Colombard; production ceased January 2022.,https://www.cognac-expert.com/vsop-cognac/bernard-boutinet-vsop-cognac-pierre; https://www.cognac-expert.com/cognac-brands/bernard-boutinet-cognac,2026-06-15,https://static.cognac-expert.com/459-thickbox_default/bernard-boutinet-vsop-cognac-pierre.webp,cognac_france
Cognac,Bernard Boutinet,"Fins Bois, Cognac",Maison Boutinet,sourced,Maison Boutinet,TRUE,FALSE,Fins Bois; XO; Très Vieux,NULL,NULL,NULL,80,40,NULL,NULL,NULL,Blend of 15-20 year-old eaux-de-vie from estate Fins Bois vineyard; spicy vanilla and cinnamon; Très Vieille XO expression.,https://www.cognac-expert.com/xo-cognac/bernard-boutinet-xo-pierre-cognac; https://www.cognac-expert.com/cognac-brands/bernard-boutinet-cognac,2026-06-15,https://static.cognac-expert.com/485-thickbox_default/bernard-boutinet-xo-pierre-cognac.webp,cognac_france
Cognac,Bernard Boutinet,"Fins Bois, Cognac",Maison Boutinet,sourced,Maison Boutinet,TRUE,FALSE,Fins Bois; Extra; Hors d'Âge,NULL,NULL,NULL,80,40,NULL,NULL,NULL,Estate Fins Bois Extra aged over 20 years in oak; estate grown Ugni Blanc and Colombard.,https://www.cognac-expert.com/extra-cognac/bernard-boutinet-extra-cognac; https://www.cognac-expert.com/cognac-brands/bernard-boutinet-cognac,2026-06-15,https://static.cognac-expert.com/1076-thickbox_default/bernard-boutinet-extra-cognac.webp,cognac_france
Cognac,Bernard Boutinet,"Fins Bois, Cognac",Maison Boutinet,sourced,Maison Boutinet,TRUE,FALSE,Fins Bois; Millésime; Coeur de Fins Bois,NULL,1988,NULL,NULL,NULL,NULL,NULL,NULL,"Single vintage estate Fins Bois; aged in very old casks for minimal wood extraction; very light colour; millesime range includes 1988, 1990, 1993, 1995.",https://www.cognac-expert.com/collection-cognac/bernard-boutinet-coeur-de-fins-bois-cognac; https://cognac-ton.nl/en/homepage/brands-and-producers/home-page-general/brand-information/pages-a-b/boutinet/,2026-06-15,https://static.cognac-expert.com/460-thickbox_default/bernard-boutinet-coeur-de-fins-bois-cognac.webp,cognac_france
Cognac,Bernard Boutinet,"Fins Bois, Cognac",Maison Boutinet,sourced,Maison Boutinet,TRUE,FALSE,Fins Bois; Millésime; Coeur de Fins Bois,NULL,1990,NULL,NULL,NULL,NULL,NULL,NULL,Single vintage estate Fins Bois; aged in very old casks for minimal wood extraction; very light colour.,https://www.cognac-expert.com/collection-cognac/bernard-boutinet-coeur-de-fins-bois-cognac; https://cognac-ton.nl/en/homepage/brands-and-producers/home-page-general/brand-information/pages-a-b/boutinet/,2026-06-15,https://static.cognac-expert.com/460-thickbox_default/bernard-boutinet-coeur-de-fins-bois-cognac.webp,cognac_france
Cognac,Bernard Boutinet,"Fins Bois, Cognac",Maison Boutinet,sourced,Maison Boutinet,TRUE,FALSE,Fins Bois; Millésime; Coeur de Fins Bois,NULL,1993,NULL,NULL,NULL,NULL,NULL,NULL,Single vintage estate Fins Bois; aged in very old casks for minimal wood extraction; very light colour.,https://www.cognac-expert.com/collection-cognac/bernard-boutinet-coeur-de-fins-bois-cognac; https://cognac-ton.nl/en/homepage/brands-and-producers/home-page-general/brand-information/pages-a-b/boutinet/,2026-06-15,https://static.cognac-expert.com/460-thickbox_default/bernard-boutinet-coeur-de-fins-bois-cognac.webp,cognac_france
Cognac,Bernard Boutinet,"Fins Bois, Cognac",Maison Boutinet,sourced,Maison Boutinet,TRUE,FALSE,Fins Bois; Millésime; Coeur de Fins Bois,NULL,1995,NULL,NULL,NULL,NULL,NULL,NULL,Single vintage estate Fins Bois; aged in very old casks for minimal wood extraction; very light colour.,https://www.cognac-expert.com/collection-cognac/bernard-boutinet-coeur-de-fins-bois-cognac; https://cognac-ton.nl/en/homepage/brands-and-producers/home-page-general/brand-information/pages-a-b/boutinet/,2026-06-15,https://static.cognac-expert.com/460-thickbox_default/bernard-boutinet-coeur-de-fins-bois-cognac.webp,cognac_france
Cognac,Undisclosed single estate,"Grande Champagne, Cognac",Hermitage,sourced,Hermitage,TRUE,FALSE,Grande Champagne; Limited Edition; Cigar 15,15,NULL,NULL,82,41,NULL,new Limousin then old French oak,NULL,"Refined notes of tobacco, almond and saffron; first in new Limousin oak then transferred to older casks; no colour or sugar added.",https://www.brandyclassics.com/product/the-trilogy/; https://www.hermitagecognac.com/product/hermitage-cognac-cigar-15/; https://88bamboo.co/blogs/everything-nice/hermitage-cognac-grande-champagne-trilogy-range-cigar-15-cafe-20-cacao-25,2026-06-28,NULL,cognac_france
Cognac,Undisclosed single estate,"Grande Champagne, Cognac",Hermitage,sourced,Hermitage,TRUE,FALSE,Grande Champagne; XO; Café 20,20,NULL,NULL,84,42,NULL,new Limousin then old French oak,NULL,"Mocha, roasted walnut and vanilla; Gold Award winner; no colour or sugar added.",https://www.brandyclassics.com/product/the-trilogy/; https://www.cognac-expert.com/xo-cognac/hermitage-cafe-20-cognac,2026-06-15,https://static.cognac-expert.com/14421-thickbox_default/hermitage-cafe-20-cognac.webp,cognac_france
Cognac,Undisclosed single estate,"Grande Champagne, Cognac",Hermitage,sourced,Hermitage,TRUE,FALSE,Grande Champagne; XO; Cacao 25,25,NULL,NULL,86,43,NULL,new Limousin then old French oak,NULL,"Dark chocolate, wild cherry and ginger; luxurious XO maturity; no colour or sugar added.",https://www.brandyclassics.com/product/the-trilogy/; https://www.cognac-expert.com/xo-cognac/hermitage-cacao-25-cognac,2026-06-15,https://static.cognac-expert.com/14422-thickbox_default/hermitage-cacao-25-cognac.webp,cognac_france
Cognac,Undisclosed single estate,"Grande Champagne, Cognac",Hermitage,sourced,Hermitage,TRUE,FALSE,Grande Champagne; Hors d'Âge; 30 Year Old,30,NULL,NULL,86,43,NULL,French oak,NULL,Dark toffee aromas with sweet spices and tropical fruit; single estate Grande Champagne.,https://www.hermitagecognac.com/product/hermitage-30-year-old-grand-champagne-cognac/; https://www.htfw.com/hermitage-single-estate-grande-champagne-30-year-old-cognac,2026-06-15,https://www.htfw.com/media/catalog/product/cache/51223aefd935e9442ebd0868a3d13ae4/l/p/lp_16102_1771242677_1.jpg,cognac_france
Cognac,Undisclosed single estate,"Grande Champagne, Cognac",Hermitage,sourced,Hermitage,TRUE,FALSE,Grande Champagne; Hors d'Âge; 50 Year Old,50,NULL,NULL,88,44,NULL,French oak,NULL,"Freshly-baked fruit cake, sultanas, plums and rich rancio; IWSC 2021 Cognac Trophy and Gold Outstanding Award.",https://www.thewhiskyexchange.com/p/70527/hermitage-50-year-old-grande-champagne-cognac; https://www.cognac-expert.com/hors-d-age-cognac/hermitage-50-year-old-grande-champagne-cognac,2026-06-15,https://img.thewhiskyexchange.com/540/cognc_her50yo.jpg,cognac_france
Cognac,Undisclosed single estate,"Grande Champagne, Cognac",Hermitage,sourced,Hermitage,TRUE,FALSE,Grande Champagne; Hors d'Âge; 60 Year Old,60,NULL,NULL,81,40.5,NULL,French oak,NULL,Six decades in damp Grande Champagne cellars; rich rancio character.,https://www.htfw.com/hermitage-grande-champagne-60-year-old-cognac; https://www.hermitagecognac.com/product/hermitage-60-year-old-grande-champagne-cognac/,2026-06-28,NULL,cognac_france
Cognac,Undisclosed single estate,"Grande Champagne, Cognac",Hermitage,sourced,Hermitage,TRUE,FALSE,Grande Champagne; Hors d'Âge; Marie Louise 70 Year Old,70,NULL,NULL,86,43,NULL,French oak,NULL,Named after Napoleon's second wife; 70-year-old Grande Champagne; only 50 bottles; presented in 1-litre crystal decanter.,https://www.brandyclassics.com/product/hermitage-cognac-marie-louise-crystal-decanter/; https://88bamboo.co/blogs/everything-nice/hermitage-grande-champagne-through-the-ages-10-yo-20-yo-30-yo-50-yo-70-yo-marie-louise,2026-06-15,https://www.brandyclassics.com/wp-content/uploads/2025/10/Hermitage20Marie20Louise207020Year20Old20Grande20Champagne20Cognac20Crystal20Decanter.jpg,cognac_france
Cognac,Undisclosed single estate,"Grande Champagne, Cognac",Hermitage,sourced,Hermitage,TRUE,FALSE,Grande Champagne; Hors d'Âge; Siècle d'Or 100 Year Old,100,NULL,NULL,81,40.5,NULL,Limousin oak,NULL,"Believed world's oldest barrel-aged Cognac; cocoa, burnt toffee, mushroom, ginger, candied fruit and kumquat with intensely rich rancio; 68 one-litre Cumbria Crystal decanters.",https://www.hermitagecognac.com/product/hermitage-siecle-dor-100-year-old-cognac/; https://www.brandyclassics.com/product/hermitage-siecle-dor-100-year-old-cognac/; https://www.decanter.com/wine-news/hermitage-cognac-launches-100-year-old-siecle-dor-532486/,2026-06-15,https://www.hermitagecognac.com/wp-content/uploads/2024/06/Siecle-Dor-100-yo-GC-Hero.jpg,cognac_france
Cognac,Undisclosed single estate,"Grande Champagne, Cognac",Hermitage,sourced,Hermitage,TRUE,FALSE,Grande Champagne; Millésime; Chez Richon 2008,NULL,2008,Chez Richon,90,45,NULL,NULL,NULL,"Single barrel single estate; dates, cinnamon, toffee, pistachio, mango and passion fruit; fewer than 200 bottles.",https://www.brandyclassics.com/product/hermitage-2008-chez-richon-grande-champagne-cognac/; https://www.hermitagecognac.com/product/hermitage-2008-grande-champagne-cognac/,2026-06-15,https://www.brandyclassics.com/wp-content/uploads/2025/10/Hermitage20200820Grande20Champagne20Cognac.jpg,cognac_france
Cognac,Undisclosed single estate,"Grande Champagne, Cognac",Hermitage,sourced,Hermitage,TRUE,FALSE,Grande Champagne; Millésime; Chez Richon 1989,NULL,1989,Chez Richon,88,44,NULL,NULL,NULL,Youthful pineapple and grapefruit aromas with drier citrus and herbal flavours.,https://www.brandyclassics.com/product/hermitage-1989-chez-richon-grande-champagne-cognac/,2026-06-15,https://www.brandyclassics.com/wp-content/uploads/2025/10/Hermitage20198920Grande20Champagne20Cognac.jpg,cognac_france
Cognac,Undisclosed single estate,"St Preuil, Grande Champagne",Hermitage,sourced,Hermitage,TRUE,FALSE,Grande Champagne; Millésime; 1975 Grande Champagne,NULL,1975,NULL,86,43,NULL,NULL,NULL,"Clove, turmeric and blackberry complemented by thyme, rosemary, pork crackle with white truffle and kumquats; bottled 2021.",https://www.brandyclassics.com/product/hermitage-1975-grande-champagne-cognac/; https://hedonism.co.uk/product/hermitage-grande-champagne-1975-cognac,2026-06-15,https://www.brandyclassics.com/wp-content/uploads/2025/10/Hermitage20197520Grande20Champagne20Cognac.jpg,cognac_france
Cognac,Undisclosed single estate,"Grande Champagne, Cognac",Hermitage,sourced,Hermitage,TRUE,FALSE,Grande Champagne; Millésime; 1950 Grande Champagne,NULL,1950,NULL,83,41.5,NULL,NULL,NULL,"Ginger, allspice and cloves with bay leaves, white truffle, plum crumble and blood orange peel; surprisingly light in colour; heavy rancio.",https://www.brandyclassics.com/product/hermitage-1950-grande-champagne-cognac/; https://www.masterofmalt.com/cognac/hermitage/hermitage-1950-grande-champagne-cognac/,2026-06-15,https://www.brandyclassics.com/wp-content/uploads/2025/10/Hermitage20195020Grande20Champagne20Cognac.jpg,cognac_france
Cognac,Undisclosed single estate,"Lignières, Grande Champagne",Hermitage,sourced,Hermitage,TRUE,FALSE,Grande Champagne; Millésime; 1923 Grande Champagne,NULL,1923,NULL,86,43,NULL,French oak,NULL,"Passion fruit, damsons, macadamia nuts and dried mandarin peel; fine intense rancio after 60+ years in oak; southern Grande Champagne around Lignières.",https://www.brandyclassics.com/product/hermitage-1923-grande-champagne-cognac/; https://www.masterofmalt.com/cognac/hermitage/hermitage-1923-grande-champagne-cognac/,2026-06-15,https://www.brandyclassics.com/wp-content/uploads/2025/10/Hermitage20192320Grande20Champagne20Cognac.jpg,cognac_france
Cognac,Undisclosed single estate,"Réaux, Petite Champagne",Hermitage,sourced,Hermitage,TRUE,FALSE,Petite Champagne; Millésime; 1965 Petite Champagne,NULL,1965,NULL,85,42.5,NULL,Limousin oak,NULL,"Rich intense bitter chocolate, cardamom and roasted almonds; from Réaux, top growing area of Petite Champagne; almost 50 years in cask.",https://www.brandyclassics.com/news/2015/07/another-new-vintage-cognac-in-stock/; https://caskcartel.com/products/hermitage-1965-petite-champagne-cognac-700ml,2026-06-15,http://caskcartel.com/cdn/shop/products/hermitage-1965-petite-champagne-cognac.jpg,cognac_france
Cognac,Undisclosed single estate,"Réaux, Petite Champagne",Hermitage,sourced,Hermitage,TRUE,FALSE,Petite Champagne; Millésime; 1967 Petite Champagne,NULL,1967,NULL,82,41,NULL,NULL,NULL,"Wild cherry, mangosteen, toast, muscat, dried fig, allspice; mature yet youthful; Gold Award Cognac Masters 2017.",https://www.brandyclassics.com/product/hermitage-1967-petite-champagne-cognac/; https://www.masterofmalt.com/cognac/hermitage/hermitage-1967-petite-champagne-cognac/,2026-06-15,https://www.brandyclassics.com/wp-content/uploads/2025/10/Hermitage20196720Petite20Champagne20Cognac.jpg,cognac_france
Cognac,Undisclosed single estate,"Borderies, Cognac",Hermitage,sourced,Hermitage,TRUE,FALSE,Borderies; Millésime; 1914 Borderies,NULL,1914,NULL,86,43,NULL,Limousin oak,NULL,Burnt sugar and toffee with chocolate and brazil nuts; intense rancio; sourced from old cellar north of Cognac; bottled 2016.,https://www.brandyclassics.com/product/hermitage-1914-borderies-very-old-cognac/; https://www.masterofmalt.com/cognac/hermitage/hermitage-1914-borderies-cognac/,2026-06-15,https://www.brandyclassics.com/wp-content/uploads/2025/10/Hermitage20191420Borderies20Cognac.jpg,cognac_france
Cognac,Vallein-Tercinier,"Domaine de Forges, Petite Champagne",Vallein-Tercinier,sourced,Vallein-Tercinier,TRUE,FALSE,Petite Champagne; Single Cask; Brut de Fût,50,1972,Lot 72,102.6,51.3,NULL,NULL,NULL,Distilled 1972; 50 years in oak; 657 bottles; limited edition; natural cask strength at time of bottling 2022.,https://www.cognac-expert.com/limited-editions/vallein-tercinier-brut-de-fut-lot-72-single-cask-cognac; https://www.divinecellar.com/en/cognac/1071-vallein-tercinier-single-cask-lot-72-petite-champagne-cognac.html,2026-06-15,https://static.cognac-expert.com/10693-thickbox_default/vallein-tercinier-brut-de-fut-lot-72-single-cask-cognac.webp,cognac_france
Cognac,Vallein-Tercinier,"Domaine de Forges, Bons Bois",Vallein-Tercinier,sourced,Vallein-Tercinier,TRUE,FALSE,Bons Bois; Single Cask; Brut de Fût,NULL,1988,Lot 88,96.6,48.3,NULL,NULL,NULL,Distilled 1988; aged to 2023; 500 bottles; unchill-filtered; natural colour.,https://www.divinecellar.com/en/cognac/2074-vallein-tercinier-single-cask-lot-88-bons-bois-cognac-3477950000881.html; https://www.thewhiskyexchange.com/b/351/vallein-tercinier-cognac,2026-06-15,https://www.divinecellar.com/3958-large_default/vallein-tercinier-single-cask-lot-88-bons-bois-cognac.jpg,cognac_france
Cognac,Vallein-Tercinier,"Domaine de Forges, Fins Bois",Vallein-Tercinier,sourced,Vallein-Tercinier,TRUE,FALSE,Fins Bois; Single Cask; Brut de Fût,NULL,NULL,Lot 96,97.4,48.7,NULL,NULL,NULL,Exuberant Fins Bois with zesty aromas; 435 bottles bottled June 2021 from barrel 138.,https://www.cognac-expert.com/limited-editions/vallein-tercinier-brut-de-fut-lot-96-single-cask-cognac; https://moredramslessdrama.com/2025/12/06/vallein-tercinier-lot-96-cognac/,2026-06-15,https://static.cognac-expert.com/9187-thickbox_default/vallein-tercinier-brut-de-fut-lot-96-single-cask-cognac.webp,cognac_france
Cognac,Vallein-Tercinier,"Domaine de Forges, Grande Champagne",Vallein-Tercinier,sourced,Vallein-Tercinier,TRUE,FALSE,Grande Champagne; Single Cask; Brut de Fût,27,NULL,Lot 96 Grande Champagne / Cask #218,99.4,49.7,NULL,French oak medium toast,NULL,Distilled from Ugni Blanc with lees in 24-hectolitre still; 27 years in cask #218; 614 bottles; bottled 2023 without additives.,https://www.cognac-expert.com/limited-editions/vallein-tercinier-brut-de-fut-lot-96-grande-champagne,2026-06-15,https://static.cognac-expert.com/16565-thickbox_default/vallein-tercinier-brut-de-fut-lot-96-grande-champagne.webp,cognac_france
Cognac,Vallein-Tercinier,"Domaine de Forges, Petite Champagne",Vallein-Tercinier,sourced,Vallein-Tercinier,TRUE,FALSE,Petite Champagne; Single Cask; Hors d'Âge,65,NULL,Lot 30,81.2,40.6,NULL,NULL,NULL,65 years old Petite Champagne; cask N°030 then housed in dame-jeanne; bottled 1995.,https://www.premiumgrandscrus.com/en/cognac-hors-d-age/5024-vallein-tercinier-lot-30.html,2026-06-15,https://cdn.premiumgrandscrus.com/8410-large_default/vallein-tercinier-lot-30.jpg,cognac_france
Cognac,Coopérative de Saint-Sornin,"Saint-Sornin, France",Jules Gautret,blended,NULL,FALSE,FALSE,Petite Champagne; VS,NULL,NULL,NULL,80,40,NULL,Limousin oak,NULL,"Fresh and mellow with white-fleshed fruits, dried fruits, floral notes and a soft touch of oak.",https://www.cognac-expert.com/vs-cognac/jules-gautret-vs-cognac; https://www.julesgautret.fr/en/collection-en/our-cognacs/; https://www.emporiabrands.com/jules-gautret-vs-cognac,2026-06-15,https://static.cognac-expert.com/15227-thickbox_default/jules-gautret-vs-cognac.webp,cognac_france
Cognac,Coopérative de Saint-Sornin,"Saint-Sornin, France",Jules Gautret,blended,NULL,FALSE,FALSE,Petite Champagne; VSOP,NULL,NULL,NULL,80,40,NULL,Limousin oak,NULL,"Vibrant fruit core with kumquat, honey, stewed citrus, kaffir lime and a fresh lightly spiced finish.",https://www.cognac-expert.com/vsop-cognac/jules-gautret-vsop-cognac; https://www.julesgautret.fr/en/collection-en/our-cognacs/vsop-cognac/; https://www.emporiabrands.com/jules-gautret-vsop-cognac,2026-06-15,https://static.cognac-expert.com/15231-thickbox_default/jules-gautret-vsop-cognac.webp,cognac_france
Cognac,Coopérative de Saint-Sornin,"Saint-Sornin, France",Jules Gautret,blended,NULL,FALSE,FALSE,Petite Champagne; XO; 3ème Millénaire,10,NULL,NULL,80,40,NULL,NULL,NULL,"Chestnut amber with hazelnut, woody and dried fruit aromas; candied fruit and cinnamon on the palate with a long finish.",https://www.cognac-expert.com/xo-cognac/jules-gautret-3eme-millenaire-cognac; https://www.julesgautret.fr/en/collection-en/our-cognacs/3eme-millenaire-xo-cognac/; https://www.quick-spirits.com/en/cognac-jules-gautret-xo-3-millenaire-vol-40-70cl,2026-06-15,https://static.cognac-expert.com/15235-thickbox_default/jules-gautret-3eme-millenaire-cognac.webp,cognac_france
Cognac,Unicognac,"Jonzac, France",Larsen,blended,NULL,FALSE,FALSE,Cognac; VS,NULL,NULL,NULL,80,40,NULL,NULL,NULL,"Fruity and fresh with dried apricots, orange blossom and a hint of vanilla; long harmonious finish.",https://www.larsencognac.com/our-cognacs/1-larsen-vs; https://www.cognac-expert.com/vs-cognac/larsen-vs-very-special-vikings-cognac,2026-06-28,NULL,cognac_france
Cognac,Unicognac,"Jonzac, France",Larsen,blended,NULL,FALSE,FALSE,Cognac; VSOP,NULL,NULL,NULL,80,40,NULL,NULL,NULL,"Intense crystallised fruits and spices, dry fig, cinnamon and vanilla on the nose; fresh and fruity palate balanced with oak.",https://www.larsencognac.com/our-cognacs/2-laren-vsop; https://www.cognac-expert.com/vsop-cognac/larsen-vsop-cognac,2026-06-15,https://static.cognac-expert.com/5358-thickbox_default/larsen-vsop-cognac.webp,cognac_france
Cognac,Unicognac,"Jonzac, France",Larsen,blended,NULL,FALSE,FALSE,Cognac; XO,NULL,NULL,NULL,80,40,NULL,French oak,NULL,"Dark amber; ripe fruits, prunes, walnuts, cinnamon and pepper on the nose; concentrated rancio on the palate with a long elegant finish.",https://www.larsencognac.com/our-cognacs/3-larsen-xo; https://www.cognac-expert.com/xo-cognac/larsen-xo-cognac; https://www.berevita.com/en/larsen-xo-cognac,2026-06-28,NULL,cognac_france
Cognac,Unicognac,"Jonzac, France",Larsen,blended,NULL,FALSE,FALSE,Cognac; XO; XO Reserve,NULL,NULL,NULL,80,40,NULL,Tronçais French oak,NULL,"Deep amber; ripe fruits, prunes, nuts, grilled cocoa beans, liquorice and mocha; soft and silky with a very long aromatic finish.",https://www.larsencognac.com/our-cognacs/7-larsen-xo-reserve; https://www.cognac-expert.com/xo-cognac/larsen-xo-reserve; https://www.tyndrumwhisky.com/larsen-xo-reserve-cognac.html,2026-06-15,https://www.larsencognac.com/assets/000/000/035/Larsen-XO-reserve_Found_shareable.jpg,cognac_france
Cognac,Unicognac,"Jonzac, France",Larsen,blended,NULL,FALSE,FALSE,Fine Champagne; XO; XO Extra d'Or,NULL,NULL,NULL,80,40,NULL,NULL,NULL,Mellow and generous with rich velvety honeyed aroma; well-rounded Charentais rancio with trace of port and old tobacco.,https://www.cognac-expert.com/xo-cognac/larsen-xo-extra-dor-cognac; https://www.luxify.com/blogs/fine-wine-spirits/larsen-xo-extra-d-or-cognac,2026-06-15,https://static.cognac-expert.com/556-thickbox_default/larsen-xo-extra-dor-cognac.webp,cognac_france
Cognac,Unicognac,"Jonzac, France",Larsen,blended,NULL,FALSE,FALSE,Fine Champagne; VSOP; VSOP Fine Champagne Limited Edition,NULL,NULL,NULL,80,40,NULL,NULL,NULL,"Baked apples, orange zest, dried apricots, iris and hawthorn on the nose; velvety and silky palate with a refreshing finish.",https://www.cognac-expert.com/vsop-cognac/larsen-vsop-fine-champagne-limited-edition-cognac; https://shop.cognatheque.com/en/cognac-larsen-viking/2393-cognac-larsen-vsop-fine-champagne.html,2026-06-15,https://static.cognac-expert.com/12993-thickbox_default/larsen-vsop-fine-champagne-limited-edition-cognac.webp,cognac_france
Cognac,Unicognac,"Jonzac, France",Larsen,blended,NULL,FALSE,FALSE,Fine Champagne; Hors d'Âge; Viking Ship,NULL,NULL,NULL,80,40,NULL,NULL,NULL,"Fruity and floral with passion fruit, lychee, vanilla and lilac; unforgettable elegance with a very smooth long finish.",https://www.larsencognac.com/our-cognacs/5-larsen-viking-ship; https://shop.cognatheque.com/en/cognac-larsen-viking/69-cognac-larsen-vsop-viking.html,2026-06-15,https://www.larsencognac.com/assets/000/000/037/larsen-viking-ship_0_shareable.jpg,cognac_france
Cognac,Unicognac,"Jonzac, France",Larsen,blended,NULL,FALSE,FALSE,Fine Champagne; Extra; Extra Reserve,NULL,NULL,NULL,80,40,NULL,oak,NULL,Oldest expression in the Larsen range; complex aromas from over 40 years ageing; served neat with coffee or a cigar.,https://www.cognac-expert.com/reserve-cognac/larsen-extra-reserve-cognac; https://www.frootbat.com/p/126453/larsen-extra-reserve-cognac-fine-champagne,2026-06-15,https://static.cognac-expert.com/560-thickbox_default/larsen-extra-reserve-cognac.webp,cognac_france
Cognac,Unicognac,"Jonzac, France",Le Réviseur,blended,NULL,FALSE,FALSE,Petite Champagne; VS; Single Estate,NULL,NULL,NULL,80,40,NULL,Limousin oak,NULL,"Golden colour; fresh plum, almond, leather, sugar cookie and honeysuckle on the nose; sweet yellow fruit with vanilla and oak on the palate.",https://www.cognac-expert.com/vs-cognac/le-reviseur-vs-single-estate-petite-champagne-cognac; https://www.thewhiskyexchange.com/p/14215/domaine-le-reviseur-vs-petite-champagne-cognac; https://farehamwinecellar.co.uk/Products/spirit/cognac/vs-cognac-cognac/cognac-le-reviseur-vs-petite-champagne/,2026-06-15,https://static.cognac-expert.com/5506-thickbox_default/le-reviseur-vs-single-estate-petite-champagne-cognac.webp,cognac_france
Cognac,Unicognac,"Jonzac, France",Le Réviseur,blended,NULL,FALSE,FALSE,Petite Champagne; VSOP; Single Estate,NULL,NULL,NULL,80,40,NULL,Limousin oak,NULL,"Old gold with amber highlights; spicy and woody nose with orange peel, candied and dried fruits; expressive and supple palate with vanilla, wood and liquorice.",https://www.cognac-expert.com/vsop-cognac/le-reviseur-vsop-cognac-single-estate; https://www.thewhiskyexchange.com/p/14216/domaine-le-reviseur-vsop-petite-champagne-cognac; https://farehamwinecellar.co.uk/Products/spirit/cognac/vsop-cognac/cognac-le-reviseur-vsop-petite-champagne/,2026-06-15,https://static.cognac-expert.com/5505-thickbox_default/le-reviseur-vsop-cognac-single-estate.webp,cognac_france
Cognac,Unicognac,"Jonzac, France",Le Réviseur,blended,NULL,FALSE,FALSE,Petite Champagne; XO; Single Estate,NULL,NULL,NULL,80,40,NULL,Limousin oak,NULL,"Old gold with amber highlights; dark plums, jammy cherries, raisins and rancio on the nose; marzipan, caramel, chocolate fudge and pipe tobacco on the palate.",https://www.cognac-expert.com/xo-cognac/le-reviseur-xo-cognac-single-estate; https://www.thewhiskyexchange.com/p/24552/domaine-le-reviseur-xo-petite-champagne-cognac; https://farehamwinecellar.co.uk/Products/spirit/cognac/xo-cognac/cognac-le-reviseur-xo-petite-champagne/,2026-06-15,https://static.cognac-expert.com/5504-thickbox_default/le-reviseur-xo-cognac-single-estate.webp,cognac_france
Cognac,Unicognac,"Jonzac, France",Le Réviseur,blended,NULL,FALSE,FALSE,Petite Champagne; XO; XO Platinum Single Estate,NULL,NULL,NULL,80,40,NULL,Limousin oak,NULL,"Walnut, oiled leather, baked cherry and anise; round and vibrant with milk chocolate, vanilla, cherry syrup, leather and black tea.",https://www.cognac-expert.com/xo-cognac/le-reviseur-xo-platinum; https://bevbrands.com.sg/product/reviseur-cognac-xo-platinum-single-estate-cognac-singapore-700ml-40-abv/; https://www.tastings.com/Spirits-Review/Reviseur-Single-Estate-Platinum-XO-Cognac-Petite-Champagne-France-France-700-ml-09-01-2023.aspx,2026-06-15,https://static.cognac-expert.com/5499-thickbox_default/le-reviseur-xo-platinum.webp,cognac_france
Cognac,Unicognac,"Jonzac, France",Le Réviseur,blended,NULL,FALSE,FALSE,Petite Champagne; Extra; Extra Origin,NULL,NULL,NULL,90,45,NULL,NULL,NULL,"Golden amber; powerful spice and honey nose evolving to pepper, cinnamon and buttery richness; supple palate with peach, apricot and an impressive honey finish.",https://www.cognac-expert.com/extra-cognac/le-reviseur-extra-origin-cognac; https://shop.cognatheque.com/en/cognac-reviseur-online/327-cognac-le-reviseur-extra-origin.html; https://boutique.abecassis-cognac.com/en/reviseur-cognac/47-reviseur-xo.html,2026-06-15,https://static.cognac-expert.com/5501-thickbox_default/le-reviseur-extra-origin-cognac.webp,cognac_france
Cognac,Park,"Jarnac, France",Park,blended,NULL,FALSE,FALSE,Grande Champagne; XO; XO Grande Champagne Traditional Reserve,XO,NULL,NULL,80,40,NULL,NULL,NULL,"Dried apricots, vanilla and cedarwood with a full-bodied rounded palate and tangy fruit finish.",https://www.masterofmalt.com/cognac/distillerie-tessendier-and-fils/cognac-park-xo-grande-champagne-cognac/; https://www.thewhiskyexchange.com/p/62792/cognac-park-xo-grande-champagne,2026-06-15,https://cdn11.bigcommerce.com/s-e8lbekfe7c/images/stencil/1024w/attribute_rule_images/42571_source_1762497630.jpg,cognac_france
Cognac,Park,"Jarnac, France",Park,blended,NULL,FALSE,FALSE,Grande Champagne; Extra; Extra Grande Champagne,30-60 Years,NULL,NULL,80,40,NULL,NULL,NULL,"Park's most treasured collection of 30-60 year old Grande Champagne eaux-de-vie, presented in a crystal decanter.",https://www.masterofmalt.com/cognac/distillerie-tessendier-and-fils/cognac-park-grande-champagne-extra-cognac/; https://www.thewhiskyexchange.com/p/62796/cognac-park-extra; https://www.wine-searcher.com/find/park+extra+x+o+cognac+grand+champagne+france,2026-06-15,https://cdn11.bigcommerce.com/s-e8lbekfe7c/images/stencil/1024w/attribute_rule_images/42588_source_1772715033.jpg,cognac_france
Cognac,Park,"Jarnac, France",Park,blended,NULL,FALSE,FALSE,Borderies; XO; Borderies Single Vineyard,15 Years,NULL,NULL,80,40,NULL,NULL,NULL,"Single-vineyard Borderies expression aged 15 years, first in new Limousin oak then older casks, from Tessendier family estate.",https://distiller.com/spirits/cognac-park-borderies-single-vineyard; https://www.cognac-expert.com/brands/park-cognac,2026-06-15,NULL,cognac_france
Cognac,Park,"Jarnac, France",Park,blended,NULL,FALSE,FALSE,Borderies; XO; Borderies Mizunara 10 Year Old,10 Years,NULL,NULL,88,44,NULL,NULL,Mizunara Oak,"Matured 10 years in French oak then finished 9 months in virgin Japanese Mizunara oak; mango, quince, white pepper and oaky vanilla.",https://www.masterofmalt.com/cognac/distillerie-tessendier-and-fils/cognac-park-10-year-old-borderies-mizunara-cognac/; https://www.thewhiskyexchange.com/p/62789/cognac-park-10-year-old-mizunara-cask,2026-06-15,https://cdn11.bigcommerce.com/s-e8lbekfe7c/images/stencil/1024w/attribute_rule_images/42621_source_1781954445.jpg,cognac_france
Cognac,Park,"Jarnac, France",Park,blended,NULL,FALSE,FALSE,Borderies; Single Cask; Borderies Mizunara Single Cask 2004,NULL,2004,NULL,88,44,NULL,NULL,Mizunara Oak,"Single-vintage 2004 Borderies distillate finished in virgin Mizunara Japanese oak; violet, plum, orange, coffee, nutmeg and dried fruit.",https://www.thewhiskyexchange.com/p/62791/cognac-park-2004-mizunara-cask; https://www.skurnik.com/sku/cognac-borderies-mizunara-single-cask-2004-cognac-park/,2026-06-15,https://img.thewhiskyexchange.com/540/cognc_par2004.jpg,cognac_france
Cognac,Park,"Jarnac, France",Park,blended,NULL,FALSE,FALSE,Borderies; Napoléon; Napoléon Borderies,Napoléon,NULL,NULL,80,40,NULL,NULL,NULL,"100% Ugni Blanc from Borderies, award-winning Napoléon expression with spice and floral notes.",https://www.cognac-expert.com/napoleon-cognac/park-napoleon-borderies-cognac; https://www.thewhiskyexchange.com/p/62787/cognac-park-borderies,2026-06-15,https://static.cognac-expert.com/6964-thickbox_default/park-napoleon-borderies-cognac.webp,cognac_france
Cognac,Park,"Jarnac, France",Park,blended,NULL,FALSE,FALSE,Petite Champagne; VSOP; VSOP Organic Petite Champagne,VSOP,NULL,NULL,80,40,NULL,NULL,NULL,"Entirely organic Petite Champagne eaux-de-vie, no added sugars or colouring, reflecting pure terroir character.",https://www.park-cognac.com/en/vsop-organic-4/; https://cognac-select.com/products/park-vsop-organic-cognac; https://www.masterofmalt.com/cognac/distillerie-tessendier-and-fils/,2026-06-15,http://cognac-select.com/cdn/shop/files/park-vsop-organic-cognac.webp,cognac_france
Cognac,Maison Ferrand,"Grande Champagne, France",Berry Bros & Rudd,sourced,Berry Bros & Rudd,TRUE,FALSE,Grande Champagne; Single Cask; Ferrand 32 Year Old BB&R Exclusive,32 Years,NULL,NULL,120.8,60.4,NULL,NULL,NULL,Voluptuous intensity; stewed and dried citrus fruits with fig puddings; Berry Bros & Rudd exclusive single cask at cask strength.,https://www.bbr.com/products-10008236968-ferrand-bbandr-exclusive-single-cask-32-year-old-grande-champagne-cognac-60-4%25,2026-06-15,NULL,cognac_france
Cognac,Maison Ferrand,"Grande Champagne, France",Berry Bros & Rudd,sourced,Berry Bros & Rudd,TRUE,FALSE,Grande Champagne; Single Cask; Ferrand 2020 Single Ex-Chardonnay Cask,NULL,2020,NULL,92.4,46.2,NULL,NULL,Chardonnay Cask,"Berry Bros & Rudd exclusive single ex-Chardonnay cask from Maison Ferrand Grande Champagne, 2020 distillation.",https://www.bbr.com/offers-own-selection-cognac; https://www.cognac-expert.com/brands/berry-bros--rudd,2026-06-15,NULL,cognac_france
Cognac,Tiffon,"Jarnac, France",Berry Bros & Rudd,sourced,Berry Bros & Rudd,TRUE,FALSE,Petite Champagne; Single Cask; Tiffon Lot 19:22 Petite Champagne,NULL,1922,Lot 19:22,82.4,41.2,NULL,NULL,NULL,"Century-old Petite Champagne cognac from Tiffon, bottled 2022 exclusively for Kirsch Import by Berry Bros & Rudd; only 29 bottles.",https://www.maltism.com/products/tiffon-cognac-lot-19-22-berry-bros-rudd; https://www.whiskynotes.be/2023/cognac/3x-cognac-tiffon-lot-1922-kirsch-exclusives/,2026-06-15,http://www.maltism.com/cdn/shop/files/CognacTiffon_Lot1922_BerryBros_Rudd41.2_700ml-3000x3000.jpg,cognac_france
Cognac,Tiffon,"Jarnac, France",Berry Bros & Rudd,sourced,Berry Bros & Rudd,TRUE,FALSE,Fins Bois; Single Cask; Tiffon Lot 19:22 Fins Bois,NULL,1922,Lot 19:22,86,43,NULL,NULL,NULL,"Century-old Fins Bois cognac from Tiffon, bottled 2022 exclusively for Kirsch Import by Berry Bros & Rudd; only 29 bottles.",https://premium-malts.com/products/tiffon-cognac-fins-bois-lot-19-22-berry-bros-rudd-kirsch-43-vol; https://www.whiskynotes.be/2023/cognac/3x-cognac-tiffon-lot-1922-kirsch-exclusives/,2026-06-15,http://premium-malts.com/cdn/shop/files/25084_10.jpg,cognac_france
Cognac,Tiffon,"Jarnac, France",Berry Bros & Rudd,sourced,Berry Bros & Rudd,TRUE,FALSE,Borderies; Single Cask; Tiffon Lot 19:22 Borderies,NULL,1922,Lot 19:22,NULL,NULL,NULL,NULL,NULL,"Century-old Borderies cognac from Tiffon, bottled 2022 exclusively for Kirsch Import by Berry Bros & Rudd; only 29 bottles per cru.",https://www.passionforwhisky.com/en/spirits/cognac/36108-tiffon-lot-19-22-cognac-borderie-broken-wax-seal.html; https://www.whiskynotes.be/2023/cognac/3x-cognac-tiffon-lot-1922-kirsch-exclusives/,2026-06-15,https://www.passionforwhisky.com/323845-large_default/tiffon-lot-19-22-cognac-borderie-broken-wax-seal.jpg,cognac_france
Cognac,Undisclosed (Cognac),"Grande Champagne, France",Berry Bros & Rudd,blended,Berry Bros & Rudd,TRUE,FALSE,Grande Champagne; XO; Berrys Own Selection Grande Champagne,NULL,NULL,NULL,NULL,NULL,NULL,NULL,NULL,"Berry Bros & Rudd blended own-label Grande Champagne Cognac, selected through long-standing producer relationships.",https://www.wine-searcher.com/find/berry+brothers+rudd+select+grand+champagne+cognac+france; https://www.bbr.com/offers-own-selection-cognac,2026-06-15,NULL,cognac_france
Cognac,Paul Marie & Fils,"Cognac, France",K&L Wine Merchants,sourced,K&L Wine Merchants,TRUE,FALSE,Grande Champagne; Single Cask; Paul-Marie Devant La Porte 58 Year,58 Years,1951,SKU 1061885,102,51,NULL,NULL,NULL,"Distilled 1951, bottled August 2009 by Nicolas Palazzi unfiltered at cask strength; 257 bottles; bold fruit and rancio depth.",https://www.klwines.com/Products/i?i=1061885; https://www.scotchwhiskyauctions.com/auctions/112-the-74th-auction/154762-paul-marie--fils-1951-58-year-old-devant-la-porte-grande-champagne-cognac/,2026-06-15,https://d3suvtcq00dftb.cloudfront.net/products/391111-zoom.jpg,cognac_france
Cognac,Jean Grosperrin,"Petite Champagne, France",K&L Wine Merchants,sourced,K&L Wine Merchants,TRUE,FALSE,Petite Champagne; Millésime; Collection 1974 Petite Champagne,NULL,1974,SKU 1047351,95,47.5,NULL,NULL,NULL,"Jean Grosperrin 1974 Collection Petite Champagne, naturally aged at cask strength; sourced and bottled for K&L Wine Merchants.",https://shop.klwines.com/products/details/1047351; https://www.cognac-expert.com/vintage-cognac/grosperrin-millesime-1974-petite-champagne-cognac,2026-06-15,https://static.cognac-expert.com/9737-thickbox_default/grosperrin-millesime-1974-petite-champagne-cognac.webp,cognac_france
Cognac,Jean Grosperrin,"Grande Champagne, France",K&L Wine Merchants,sourced,K&L Wine Merchants,TRUE,FALSE,Grande Champagne; Millésime; Grosperrin #67 L'Héritage Lot 643,NULL,1967,Lot No. 643,NULL,NULL,NULL,NULL,NULL,"1967 vintage Grande Champagne from Jean Grosperrin's Héritage series, K&L exclusive bottling.",https://shop.klwines.com/products/details/1613474,2026-06-15,https://cdn.klwines.com/images/skus/1613474x.jpg,cognac_france
Cognac,Jean Grosperrin,"Petite Champagne, France",K&L Wine Merchants,sourced,K&L Wine Merchants,TRUE,FALSE,Petite Champagne; Millésime; Grosperrin La Gabare 1969,NULL,1969,SKU 1941053,NULL,NULL,NULL,NULL,NULL,"Jean Grosperrin 1969 La Gabare Petite Champagne, K&L Wine Merchants exclusive bottling.",https://shop.klwines.com/products/details/1941053,2026-06-15,https://cdn.klwines.com/images/skus/generated_639112720212776985_1941053x.jpg,cognac_france
Cognac,Jean Grosperrin,"Fins Bois, France",K&L Wine Merchants,sourced,K&L Wine Merchants,TRUE,FALSE,Fins Bois; Millésime; Grosperrin #45 L'Héritage Lot 816,NULL,1945,Lot No. 816,101.6,50.8,NULL,NULL,NULL,"1945 Fins Bois from Jean Grosperrin Héritage series; pineapple, banana, balsamic, red wine, vanilla and dark chocolate; label marks V-J Day year.",https://shop.klwines.com/products/details/1613475; https://www.finedrams.com/grosperrin-no45-fins-bois-heritages-cognac-lot-no816.html,2026-06-15,https://d1wd5rt8ssn8ry.cloudfront.net/image/73170-large-1688591563/grosperrin-no45-fins-bois-heritages-cognac-lot-no816.jpg,cognac_france
Cognac,Comandon,"Petite Champagne, France",K&L Wine Merchants,sourced,K&L Wine Merchants,TRUE,FALSE,Petite Champagne; Hors d'Âge; Comandon XO 30 Year K&L Exclusive Single Barrel,30 Years,NULL,SKU 1085176,NULL,NULL,NULL,NULL,NULL,"K&L exclusive single barrel Comandon XO 30 Year Petite Champagne, bottled at cask strength without reduction; named Best Cognac at 2010 SF World Spirits Competition.",https://www.klwines.com/Products/i?i=1085176,2026-06-15,https://cdn.klwines.com/images/skus/shiner_spirits_x.jpg,cognac_france
Cognac,Comandon,"Grande Champagne, France",K&L Wine Merchants,sourced,K&L Wine Merchants,TRUE,FALSE,Grande Champagne; Hors d'Âge; Comandon XO 40 Year K&L Exclusive Single Barrel 179,40 Years,NULL,Barrel No. 179,NULL,NULL,NULL,NULL,NULL,"K&L exclusive single barrel #179 Comandon XO Grande Champagne 40 Year at cask strength; lush, rich and decadent expression of premier cru potential.",https://shop.klwines.com/products/details/1094858; https://www.klwines.com/Products/i?i=1094858,2026-06-15,https://cdn.klwines.com/images/skus/1094858x.jpg,cognac_france
Cognac,Jean Grosperrin,"Fins Bois, France",K&L Wine Merchants,sourced,K&L Wine Merchants,TRUE,FALSE,Fins Bois; Millésime; Grosperrin L'Héritage Lot 869 1952,NULL,1952,Lot No. 869,NULL,NULL,NULL,NULL,NULL,"Jean Grosperrin 1952 Fins Bois Héritage series, K&L Wine Merchants exclusive bottling.",https://shop.klwines.com/products/details/1613449,2026-06-15,https://cdn.klwines.com/images/skus/1613449x.jpg,cognac_france
Cognac,François Voyer,"Grande Champagne, France",La Maison du Whisky,sourced,La Maison du Whisky,TRUE,FALSE,Grande Champagne; Single Cask; Through the Grapevine Voyer Cask 88,NULL,1988,Cask 88,85.4,42.7,NULL,NULL,NULL,1988 vintage Grande Champagne single cask; strong flowers and spice on the nose opening to juicy tropical fruits and a creamy palate.,https://www.thewhiskyexchange.com/p/41569/francois-voyer-cask-88-through-the-grapevine-cognaclmdw; https://www.masterofmalt.com/cognac/francois-voyer/francois-voyer-cask-88-through-the-grapevine-la-maison-du-whisky-cognac/; https://whiskyauctioneer.com/lot/6121667/francois-voyer-cask-88-through-grapevine-grande-champagne-cognac,2026-06-15,NULL,cognac_france
Cognac,François Voyer,"Grande Champagne, France",La Maison du Whisky,sourced,La Maison du Whisky,TRUE,FALSE,Grande Champagne; Single Cask; Through the Grapevine Voyer Cask 71,NULL,1971,Cask 71,88,44,NULL,NULL,NULL,"Probable 1971 vintage Grande Champagne single cask aged in Limousin oak, bottled natural at 44% with no filtration.",https://www.passionforwhisky.com/en/cognac-distilleries/other-cognac/25146-Through-The-Grapevine-Francois-Voyer-Single-Cask-71-for-LMDW.html; https://www.quvee.fr/en/products/francois-voyer-single-cask-71-cognac-grande-champagne; http://plebyak.blogspot.com/2017/12/francios-voyer-single-cask-71-grande.html,2026-06-15,https://www.passionforwhisky.com/83731-large_default/Through-The-Grapevine-Francois-Voyer-Single-Cask-71-for-LMDW.jpg,cognac_france
Cognac,François Voyer,"Grande Champagne, France",La Maison du Whisky,sourced,La Maison du Whisky,TRUE,FALSE,Grande Champagne; Single Cask; Through the Grapevine Voyer Lot 89/92,NULL,NULL,Lot 89/92,NULL,NULL,NULL,NULL,NULL,"Blend of two Voyer Grande Champagne casks (1989 and 1992 vintages), bottled at cask strength by LMDW Through the Grapevine.",https://shop.klwines.com/products/details/1568474; https://mainstreetliquor.com/products/through-the-grapevine-cognac-francois-voyer-lot-89-92,2026-06-15,http://mainstreetliquor.com/cdn/shop/products/through-the-grapevine-cognac-francois-voyer-lot-8992-374836.jpg,cognac_france
Cognac,Pierre Vaudon,"Fins Bois, France",La Maison du Whisky,sourced,La Maison du Whisky,TRUE,FALSE,Fins Bois; Single Cask; Through the Grapevine Vaudon Casks 78+80,NULL,NULL,Casks 78+80,97,48.5,NULL,NULL,NULL,"Blend of two Fins Bois casks (1978 and 1980 vintages) from Vaudon Tardif; candied citrus peel, spice, vanilla and fresh orchard fruits.",https://www.thewhiskyexchange.com/p/41572/vaudon-cask-7880-through-the-grapevine-cognac-lmdw; https://www.cognac-expert.com/vintage-cognac/vaudon-cask-7880-through-the-grapevine-cognac; https://www.wine-searcher.com/find/la+maison+du+whisky+velieri+through+the+grape+vaudon+cask+78+80+fins+bois+cognac+france,2026-06-15,https://img.thewhiskyexchange.com/540/cognc_vau1.jpg,cognac_france
Cognac,Jean Fillioux,"Grande Champagne, France",La Maison du Whisky,sourced,La Maison du Whisky,TRUE,FALSE,Grande Champagne; Single Cask; Through the Grapevine Fillioux Cask 75,NULL,1975,Cask 75,83.4,41.7,NULL,NULL,NULL,"1975 vintage single cask Grande Champagne from Jean Fillioux, 571 bottles; tropical fruit, pine bark, clove, dark berries and honey.",https://www.thewhiskyexchange.com/p/41571/jean-fillioux-cognac-cask-75-through-the-grapevine-lmdw; https://www.masterofmalt.com/cognac/jean-fillioux/jean-fillioux-cask-75-through-the-grapevine-la-maison-du-whisky-cognac/; https://www.cellartracker.com/wine.asp?iWine=3334879,2026-06-15,https://cdn11.bigcommerce.com/s-e8lbekfe7c/images/stencil/1024w/attribute_rule_images/15214_source_1758883544.jpg,cognac_france
Cognac,Distillerie Charpentier,"Petite Champagne, France",Cadenhead's,sourced,Cadenhead's,TRUE,FALSE,Petite Champagne; Single Cask; Charpentier 30 Year Old (Sep 2016),30 Years,NULL,NULL,105.6,52.8,NULL,NULL,NULL,"September 2016 release; single cask Petite Champagne from Charpentier at cask strength, 270 bottles; no colouring or chill filtration.",https://www.rowspirits.fr/en/old-collector/1969-cadenhead-s-cognac-charpentier-30yo-528.html; https://www.wine-searcher.com/find/cadenhead+charpentier+thirty+old+petit+champagne+cognac+france,2026-06-15,https://www.rowspirits.fr/3201-extralarge_default/cadenhead-s-cognac-charpentier-30yo-528.jpg,cognac_france
Cognac,Distillerie Charpentier,"Petite Champagne, France",Cadenhead's,sourced,Cadenhead's,TRUE,FALSE,Petite Champagne; Single Cask; Charpentier 30 Year Old 175th Anniversary,30 Years,NULL,175th Anniversary,109.2,54.6,NULL,NULL,NULL,"Summer 2017 release for Cadenhead's 175th anniversary; single cask Petite Champagne Charpentier at cask strength, 222-252 bottles.",https://whiskyauctioneer.com/lot/6015797/charpentier-30-year-old-cadenheads-cognac-2017-175th-anniversary; https://www.rowspirits.fr/en/old-collector/1971-cadenhead-s-cognac-charpentier-30yo-175th-anniversary.html; https://www.whisky-online.com/products/charpentier-30-year-old-cognac-cadenhead-175th-anniversary,2026-06-15,https://www.rowspirits.fr/3200-extralarge_default/cadenhead-s-cognac-charpentier-30yo-175th-anniversary.jpg,cognac_france
Cognac,Distillerie Charpentier,"Petite Champagne, France",Cadenhead's,sourced,Cadenhead's,TRUE,FALSE,Petite Champagne; Single Cask; Charpentier 50 Year Old 175th Anniversary,50 Years,NULL,175th Anniversary,110.4,55.2,NULL,NULL,NULL,"Winter 2017 175th anniversary release; 50 year old single cask Petite Champagne Charpentier at cask strength, 250 bottles.",https://www.thewhiskybarrel.com/products/distillerie-charpentier-50-year-old-cognac-cadenhead-s-175th-anniversary-s2017; https://www.rowspirits.fr/en/old-collector/1973-cadenhead-s-cognac-charpentier-50yo-552.html; https://www.finespirits.auction/uk/acheter-spi/B2265140-52-1-Bottle-Charpentier-50-years-Cadenheads-One-of-250-bottled-2017-175th-Anniversary-Brown.jsp,2026-06-28,NULL,cognac_france
Cognac,Frérot,"Cognac, France",Frérot,blended,NULL,FALSE,FALSE,Cognac; Assemblage de Crus,NULL,NULL,NULL,84,42,NULL,French oak,NULL,NULL,https://www.benchmarkwineandspirits.com/products/9003515,2026-06-28,NULL,cognac_france
Cognac,Hennessy,"Cognac, France",Hennessy,blended,NULL,FALSE,FALSE,Cognac; VSOP; Privilege Collection No. 2,NULL,NULL,NULL,80,40,NULL,French oak,NULL,NULL,https://www.benchmarkwineandspirits.com/products/9003400,2026-06-28,NULL,cognac_france
Cognac,Hennessy,"Cognac, France",Hennessy,blended,NULL,FALSE,FALSE,Cognac; VSOP; Privilege Collection No. 3 Kyrios,NULL,NULL,NULL,80,40,NULL,French oak,NULL,NULL,https://www.benchmarkwineandspirits.com/products/9003401,2026-06-28,NULL,cognac_france
Cognac,Hennessy,"Cognac, France",Hennessy,blended,NULL,FALSE,FALSE,Cognac; VSOP; Privilege Collection No. 4,NULL,NULL,NULL,80,40,NULL,French oak,NULL,NULL,https://www.benchmarkwineandspirits.com/products/9003402,2026-06-28,NULL,cognac_france
Cognac,Hennessy,"Cognac, France",Hennessy,blended,NULL,FALSE,FALSE,Cognac; VSOP; Privilege Collection No. 5,NULL,NULL,NULL,80,40,NULL,French oak,NULL,NULL,https://www.benchmarkwineandspirits.com/products/9003403,2026-06-28,NULL,cognac_france
Cognac,Hennessy,"Cognac, France",Hennessy,blended,NULL,FALSE,FALSE,Cognac; VSOP; Privilege Collection No. 6,NULL,NULL,NULL,80,40,NULL,French oak,NULL,NULL,https://www.benchmarkwineandspirits.com/products/9003404,2026-06-28,NULL,cognac_france
Cognac,Hennessy,"Cognac, France",Hennessy,blended,NULL,FALSE,FALSE,Cognac; VSOP; Privilege Collection No. 7 Carnovsky,NULL,NULL,NULL,80,40,NULL,French oak,NULL,NULL,https://www.benchmarkwineandspirits.com/products/9003405,2026-06-28,NULL,cognac_france
Cognac,Kelt,"Cognac, France",Kelt,blended,NULL,FALSE,FALSE,Cognac; Tour du Monde; Petra,NULL,NULL,NULL,80,40,NULL,French oak,NULL,NULL,https://www.benchmarkwineandspirits.com/products/9003523,2026-06-28,NULL,cognac_france
Cognac,Pierre de Segonzac,"Segonzac, France",Pierre de Segonzac,own_make,NULL,FALSE,FALSE,Grande Champagne; XO,NULL,NULL,XO2021.1,80,40,NULL,French oak,NULL,NULL,https://www.benchmarkwineandspirits.com/products/9003542,2026-06-28,NULL,cognac_france
Cognac,Rémy Martin,"Cognac, France",Rémy Martin,blended,NULL,FALSE,FALSE,Fine Champagne; 250 Anniversary 1724-1974,NULL,1974,NULL,80,40,NULL,French oak,NULL,NULL,https://www.benchmarkwineandspirits.com/products/9003544,2026-06-28,http://www.benchmarkwineandspirits.com/cdn/shop/files/IMG_0280.jpg,cognac_france
