spirit_type,distillery,distillery_location,spirit_name,producer_type,producer_brand,is_ndp,is_template,special_designation,age_statement,vintage,batch_lot,proof,abv,mash_bill,barrel_type,cask_finish,source_urls,last_verified,label_image_url,cohort
Irish Whiskey,Roe & Co,"Dublin, Co. Dublin, Ireland",Roe & Co Signature Blend,own_make,,FALSE,FALSE,Blended Irish Whiskey,NAS,,,80,40,,Bourbon Cask,,https://www.roeandcowhiskey.com/our-whiskey,2026-06-27,https://images.ctfassets.net/h07fxpgu0eby/3VYGqOoEy9VTfL5gPv6Eoi/0d222c9f24d0b28766735b3baf4a9bbc/roe_and_co_logo.jpeg,irish_whiskey_new_craft
Irish Whiskey,Roe & Co,"Dublin, Co. Dublin, Ireland",Roe & Co Blended Irish Whiskey,sourced,,FALSE,FALSE,Blended Irish Whiskey,NAS,,,90,45,,Bourbon Cask,,https://www.roeandcowhiskey.com/our-whiskey,2026-06-27,https://images.ctfassets.net/h07fxpgu0eby/3VYGqOoEy9VTfL5gPv6Eoi/0d222c9f24d0b28766735b3baf4a9bbc/roe_and_co_logo.jpeg,irish_whiskey_new_craft
Irish Whiskey,Roe & Co,"Dublin, Co. Dublin, Ireland",Roe & Co Flor,own_make,,FALSE,FALSE,Single Grain,NAS,,,92,46,,,Solera (fortified-wine seasoned),https://www.roeandcowhiskey.com/our-whiskey,2026-06-27,https://images.ctfassets.net/h07fxpgu0eby/3VYGqOoEy9VTfL5gPv6Eoi/0d222c9f24d0b28766735b3baf4a9bbc/roe_and_co_logo.jpeg,irish_whiskey_new_craft
Irish Whiskey,Roe & Co,"Dublin, Co. Dublin, Ireland",Roe & Co Solera,own_make,,FALSE,FALSE,Single Malt; Triple Distilled,NAS,,No.1,92,46,,,Solera,https://www.roeandcowhiskey.com/our-whiskey,2026-06-27,https://images.ctfassets.net/h07fxpgu0eby/3VYGqOoEy9VTfL5gPv6Eoi/0d222c9f24d0b28766735b3baf4a9bbc/roe_and_co_logo.jpeg,irish_whiskey_new_craft
Irish Whiskey,Roe & Co,"Dublin, Co. Dublin, Ireland",Roe & Co Cask Strength,sourced,,FALSE,FALSE,Blended Irish Whiskey; Cask Strength,NAS,2019,2019 Edition,118.2,59.1,,,,https://www.irishmalts.com/blended/roe-co-cask-strength-2019-edition/;https://www.irishdrinkshop.com/Roe-and-Co-Cask-Strength,2026-06-27,https://www.irishmalts.com/wp-content/uploads/2020/08/Roe-Co-Cask-Strength-2019-Edition.webp,irish_whiskey_new_craft
Irish Whiskey,Roe & Co,"Dublin, Co. Dublin, Ireland",Roe & Co Cask Strength,sourced,,FALSE,FALSE,Single Malt; Cask Strength,13 Years,,2020 Release; 2020 Edition,116,58,,Port Cask,,https://distiller.com/spirits/roe-co-cask-strength-2020-edition;https://www.irishwhiskeymagazine.com/news/roe-co-launch-their-second-installment-of-the-cask-strength-series/,2026-10-02,NULL,irish_whiskey_new_craft
Irish Whiskey,Roe & Co,"Dublin, Co. Dublin, Ireland",Roe & Co Cask Strength,sourced,,FALSE,FALSE,Single Grain; Cask Strength,13 Years,,2021 Release; 2021 Edition,117.2,58.6,,,Alligator-char new oak,https://www.irishwhiskeymagazine.com/news/roe-co-launch-cask-strength-2021-edition/;https://www.irishdrinkshop.com/Roe-Co-Cask-Strength-2021,2026-10-02,https://www.irishwhiskeymagazine.com/wp-content/uploads/2021/10/Roe-co-Cask-Strength-2021-10.jpg,irish_whiskey_new_craft
Irish Whiskey,Roe & Co,"Dublin, Co. Dublin, Ireland",Roe & Co Cask Strength,sourced,,FALSE,FALSE,Blended Irish Whiskey; Cask Strength,NAS,2022,2022 Full Bourbon Matured,124.6,62.3,,Bourbon First Fill,,https://www.whisky.com/whisky-database/details/roe-co-cask-strength-limited-edition-2022-full-bourbon-matured.html,2026-06-06,https://www.whisky.com/fileadmin/_processed_/3/6/csm_Roe___Co_Cask_Strength_Limited_Edition_2022_Full_Bourbon_Matured_358a8d847e.jpg,irish_whiskey_new_craft
Irish Whiskey,Roe & Co,"Dublin, Co. Dublin, Ireland",Roe & Co Cask Strength,sourced,,FALSE,FALSE,Single Malt; Cask Strength,13 Years,,2022 Release; 2022 Full Port Cask Matured,113.8,56.9,,Port Cask,,https://www.whisky.com/whisky-database/details/roe-co-full-port-cask-matured-cask-strength-edition-2022.html,2026-06-06,https://www.whisky.com/fileadmin/_processed_/e/6/csm_Roe___Co_13_J_Cask_Strength_Limited_Edition_2022_Full_Port_Matured_a16e3ee8c5.jpg,irish_whiskey_new_craft
Irish Whiskey,Pearse Lyons,"Dublin, Co. Dublin, Ireland",Pearse Original,unknown,,,FALSE,Blended Irish Whiskey,5 Years,,,86,43,,Bourbon Cask,,https://pearselyonsdistillery.com/product/pearse-original/,2026-06-06,https://pearselyonsdistillery.com/wp-content/uploads/2022/07/Daniel-Rrell-Photography_Pearse-Lyons_Original.jpg,irish_whiskey_new_craft
Irish Whiskey,Pearse Lyons,"Dublin, Co. Dublin, Ireland",Pearse Distiller's Choice,unknown,,,FALSE,Blended Irish Whiskey,7 Years,,,86,43,,Bourbon Cask,Sherry Cask,https://pearselyonsdistillery.com/product/pearse-distillers-choice/,2026-06-27,https://pearselyonsdistillery.com/wp-content/uploads/2022/07/Daniel-Rrell-Photography_Pearse-Lyons_Distillers-Choice.png,irish_whiskey_new_craft
Irish Whiskey,Pearse Lyons,"Dublin, Co. Dublin, Ireland",Pearse Founder's Choice,unknown,,,FALSE,Single Malt,12 Years,,,86,43,,Bourbon Cask,,https://pearselyonsdistillery.com/product/pearse-founders-choice/,2026-06-06,https://pearselyonsdistillery.com/wp-content/uploads/2022/07/Daniel-Rrell-Photography_Pearse-Lyons_Founders-Choice.png,irish_whiskey_new_craft
Irish Whiskey,Pearse Lyons,"Dublin, Co. Dublin, Ireland",Ha'penny Original,unknown,,,FALSE,Blended Irish Whiskey,NAS,,,80,40,,,,https://shop.pearselyonsdistillery.com/collections/pearse-irish-whiskey/products/hapenny-original-irish-whiskey,2026-06-06,https://shop.pearselyonsdistillery.com/cdn/shop/files/HaPenny_Original_Irish_Whiskey_345x345@2x.png,irish_whiskey_new_craft
Irish Whiskey,Pearse Lyons,"Dublin, Co. Dublin, Ireland",Ha'penny Four Cask,unknown,,,FALSE,Blended Irish Whiskey,NAS,,,80,40,,,Four-cask,https://shop.pearselyonsdistillery.com/collections/pearse-irish-whiskey/products/hapenny-four-cask,2026-06-06,https://shop.pearselyonsdistillery.com/cdn/shop/products/HapennyFourCaskTransparentWeb_345x345@2x.png,irish_whiskey_new_craft
Irish Whiskey,The Dublin Liberties,"Dublin, Co. Dublin, Ireland",Dubliner Bourbon Cask,unknown,,,FALSE,Blended Irish Whiskey,3 Years,,,80,40,,Bourbon Cask,,https://thedld.com/our-whiskeys/;https://dublinerwhiskey.com/whiskeys/bourbon-cask/,2026-06-28,NULL,irish_whiskey_new_craft
Irish Whiskey,The Dublin Liberties,"Dublin, Co. Dublin, Ireland",Dubliner Old Fashioned Beer Cask,own_make,,FALSE,FALSE,Blended Irish Whiskey,3 Years,,,80,40,,Bourbon Cask,Blonde-ale beer cask,https://thedld.com/our-whiskeys/,2026-06-06,,irish_whiskey_new_craft
Irish Whiskey,The Dublin Liberties,"Dublin, Co. Dublin, Ireland",Dubliner Smoked Stout Beer Cask,own_make,,FALSE,FALSE,Blended Irish Whiskey,3 Years,,,80,40,,Bourbon Cask,Smoked-stout beer cask,https://thedld.com/our-whiskeys/,2026-06-06,,irish_whiskey_new_craft
Irish Whiskey,The Dublin Liberties,"Dublin, Co. Dublin, Ireland",Liberties Oak Devil,own_make,,FALSE,FALSE,Single Malt,5 Years,,,92,46,,Bourbon Cask,,https://thedld.com/our-whiskeys/,2026-06-06,,irish_whiskey_new_craft
Irish Whiskey,The Dublin Liberties,"Dublin, Co. Dublin, Ireland",Liberties Copper Alley,unknown,,,FALSE,Single Malt,10 Years,,,92,46,,Bourbon Cask,Oloroso Sherry,https://thedld.com/our-whiskeys/,2026-06-06,,irish_whiskey_new_craft
Irish Whiskey,The Dublin Liberties,"Dublin, Co. Dublin, Ireland",Liberties Murder Lane,sourced,,FALSE,FALSE,Single Malt,13 Years,,Batch 2,92,46,,Bourbon Cask,Tokaji-seasoned Hungarian oak,https://thedld.com/our-whiskeys/,2026-06-06,,irish_whiskey_new_craft
Irish Whiskey,The Dublin Liberties,"Dublin, Co. Dublin, Ireland",Liberties Keeper's Coin,sourced,,FALSE,FALSE,Single Malt,16 Years,,Batch 2,92,46,,Bourbon Cask,Pedro Ximénez,https://thedld.com/our-whiskeys/,2026-06-06,,irish_whiskey_new_craft
Irish Whiskey,The Dublin Liberties,"Dublin, Co. Dublin, Ireland",Liberties King of Hell,sourced,,FALSE,FALSE,Single Malt; Double Distilled,27 Years,,Batch 2,92,46,,Bourbon Cask,Bordeaux Premier Cru,https://thedld.com/our-whiskeys/,2026-06-06,,irish_whiskey_new_craft
Irish Whiskey,The Dublin Liberties,"Dublin, Co. Dublin, Ireland",Dead Rabbit Irish Whiskey,unknown,,,FALSE,Blended Irish Whiskey,5 Years,,,88,44,,Bourbon Cask,Virgin American oak,https://thedld.com/our-whiskeys/;https://thedld.com/drink/dead-rabbit-irish-whiskey/,2026-06-27,https://thedld.com/wp-content/uploads/2025/05/dead-rabbit-bottle.webp,irish_whiskey_new_craft
Irish Whiskey,Undisclosed (Ireland),"Newtownmountkennedy, Co. Wicklow, Ireland",Glendalough Double Barrel,sourced,Glendalough,TRUE,FALSE,Single Grain,NAS,,,84,42,,Bourbon Cask,Oloroso Sherry,https://www.masterofmalt.com/whiskies/glendalough/glendalough-double-barrel-irish-whiskey/;https://www.irishdrinkshop.com/glendalough-distillery/Glendalough-Double-Barrel-Single-Grain,2026-06-27,https://cdn11.bigcommerce.com/s-e8lbekfe7c/images/stencil/1024w/attribute_rule_images/25741_source_1782327029.jpg,irish_whiskey_new_craft
Irish Whiskey,Undisclosed (Ireland),"Newtownmountkennedy, Co. Wicklow, Ireland",Glendalough Double Barrel Cask Strength,sourced,Glendalough,TRUE,FALSE,Single Grain; Cask Strength,NAS,,,122.6,61.3,,Bourbon Cask,First-fill Oloroso (Montilla),https://www.irishdrinkshop.com/glendalough-distillery/glendalough-double-barrel-cask-strength; https://jamesfox.ie/products/glendalough-double-barrel-cask-strength,2026-10-03,https://www.irishdrinkshop.com/image/cache/catalog/A%20LEAH/IDS%20Product%20Template%20(12)-600x315w.jpg,irish_whiskey_new_craft
Irish Whiskey,Undisclosed (Ireland),"Newtownmountkennedy, Co. Wicklow, Ireland",Glendalough Triple Barrel,sourced,Glendalough,TRUE,FALSE,Single Grain,NAS,,,96,48,,Bourbon Cask,Canteiro-aged Madeira,https://www.irishdrinkshop.com/glendalough-distillery?product_id=3888,2026-06-27,https://www.irishdrinkshop.com/image/cache/catalog/Irish%20Whiskey/Glendalough%20Triple%20Barrel%20Single%20Grain%20(1)-600x315w.jpg,irish_whiskey_new_craft
Irish Whiskey,Undisclosed (Ireland),"Newtownmountkennedy, Co. Wicklow, Ireland",Glendalough Pot Still,sourced,Glendalough,TRUE,FALSE,Single Pot Still,NAS,,,86,43,1:2 malted:unmalted Irish barley,Bourbon Cask,Virgin Irish oak,https://www.masterofmalt.com/whiskies/glendalough/glendalough-pot-still-irish-whiskey/;https://www.irishdrinkshop.com/glendalough-distillery/Glendalough-Pot-Still,2026-06-27,https://cdn11.bigcommerce.com/s-e8lbekfe7c/images/stencil/1024w/attribute_rule_images/1646_source_1781178639.jpg,irish_whiskey_new_craft
Irish Whiskey,Undisclosed (Ireland),"Newtownmountkennedy, Co. Wicklow, Ireland",Glendalough Peated Pot Still,sourced,Glendalough,TRUE,FALSE,Single Pot Still; Peated,7 Years,,,92,46.0,,Bourbon Cask,,https://www.irishdrinkshop.com/glendalough-distillery/glendalough-peated-pot-still-whiskey; https://jamesfox.ie/products/glendalough-peated-pot-still,2026-10-03,https://www.irishdrinkshop.com/image/cache/catalog/A%20LEAH/OBrotherBookends%20(3)-600x315w.jpg,irish_whiskey_new_craft
Irish Whiskey,Undisclosed (Ireland),"Newtownmountkennedy, Co. Wicklow, Ireland",Glendalough,sourced,Glendalough,TRUE,FALSE,Single Malt,7 Years,,,92,46,,Bourbon Cask,Mizunara Oak,https://www.masterofmalt.com/whiskies/glendalough/glendalough-7-year-old-mizunara-finish-whiskey/;https://www.irishdrinkshop.com/glendalough-distillery/Glendalough-7-Year-Old-Mizunara-Cask,2026-06-27,https://cdn11.bigcommerce.com/s-e8lbekfe7c/images/stencil/1024w/attribute_rule_images/44971_source_1780575135.jpg,irish_whiskey_new_craft
Irish Whiskey,Undisclosed (Ireland),"Newtownmountkennedy, Co. Wicklow, Ireland",Glendalough,sourced,Glendalough,TRUE,FALSE,Single Malt; Peated,7 Years,,,92,46,,Bourbon Cask,Porter beer barrel,https://www.masterofmalt.com/whiskies/glendalough/glendalough-7-year-old-irish-whiskey-porter-barrel-finish-whiskey/,2026-06-27,https://cdn11.bigcommerce.com/s-e8lbekfe7c/images/stencil/1024w/attribute_rule_images/11329_source_1758883685.jpg,irish_whiskey_new_craft
Irish Whiskey,Undisclosed (Ireland),"Newtownmountkennedy, Co. Wicklow, Ireland",Glendalough,sourced,Glendalough,TRUE,FALSE,Single Malt,13 Years,,,92,46,,Bourbon Cask,,https://www.masterofmalt.com/whiskies/glendalough/glendalough-13-year-old-irish-whiskey/,2026-06-27,https://cdn11.bigcommerce.com/s-e8lbekfe7c/images/stencil/1024w/attribute_rule_images/24642_source_1758883194.jpg,irish_whiskey_new_craft
Irish Whiskey,Undisclosed (Ireland),"Newtownmountkennedy, Co. Wicklow, Ireland",Glendalough,sourced,Glendalough,TRUE,FALSE,Single Malt; Mizunara Oak Finish,13 Years,,,92,46,,Bourbon Cask,Mizunara Oak,https://www.masterofmalt.com/whiskies/glendalough/glendalough-13-year-old-irish-whiskey-mizunara-oak-finish-whiskey/,2026-06-27,https://cdn11.bigcommerce.com/s-e8lbekfe7c/images/stencil/1024w/attribute_rule_images/14720_source_1758883586.jpg,irish_whiskey_new_craft
Irish Whiskey,Undisclosed (Ireland),"Newtownmountkennedy, Co. Wicklow, Ireland",Glendalough,sourced,Glendalough,TRUE,FALSE,Single Malt,17 Years,,,92,46,,Bourbon Cask,Mizunara Oak,https://www.masterofmalt.com/whiskies/glendalough/glendalough-17-year-old-irish-whiskey-mizunara-oak-finish-whiskey/; https://glendaloughdistillery.com/products/glendalough-17-year-old-mizunara-finish,2026-10-03,https://cdn11.bigcommerce.com/s-e8lbekfe7c/images/stencil/1024w/attribute_rule_images/377_source_1758884020.jpg,irish_whiskey_new_craft
Irish Whiskey,Undisclosed (Ireland),"Newtownmountkennedy, Co. Wicklow, Ireland",Glendalough,sourced,Glendalough,TRUE,FALSE,Single Malt,25 Years,,,92,46,,Bourbon Cask,Oloroso Sherry,https://www.masterofmalt.com/whiskies/glendalough/glendalough-25-year-old-whiskey/;https://www.irishdrinkshop.com/glendalough-distillery/Glendalough-25-Year-Old,2026-06-27,https://cdn11.bigcommerce.com/s-e8lbekfe7c/images/stencil/1024w/attribute_rule_images/44986_source_1761853838.jpg,irish_whiskey_new_craft
Irish Whiskey,Undisclosed (Ireland),"Newtownmountkennedy, Co. Wicklow, Ireland",Glendalough Grand Cru Burgundy Cask Finish,sourced,Glendalough,TRUE,FALSE,Single Grain,NAS,,,84,42,,Bourbon Cask,Grand Cru Burgundy (Pinot Noir),https://www.masterofmalt.com/whiskies/glendalough/glendalough-grand-cru-burgundy-cask-finish-whisky/;https://www.irishdrinkshop.com/glendalough-distillery/Glendalough-Grand-Cru-Burgundy-Single-Cask,2026-06-27,https://cdn11.bigcommerce.com/s-e8lbekfe7c/images/stencil/1024w/attribute_rule_images/36591_source_1759133460.jpg,irish_whiskey_new_craft
Irish Whiskey,Undisclosed (Ireland),"Newtownmountkennedy, Co. Wicklow, Ireland",Glendalough Calvados XO Cask Finish,sourced,Glendalough,TRUE,FALSE,Single Grain,NAS,,,84,42,,Bourbon Cask,Calvados XO (French oak),https://www.masterofmalt.com/whiskies/glendalough/glendalough-calvados-xo-cask-finish-single-cask-whiskey/;https://www.irishdrinkshop.com/glendalough-distillery/Glendalough-Calvados-XO-Single-Cask,2026-06-27,https://cdn11.bigcommerce.com/s-e8lbekfe7c/images/stencil/1024w/attribute_rule_images/59193_source_1761839428.jpg,irish_whiskey_new_craft
Irish Whiskey,Undisclosed (Ireland),"Newtownmountkennedy, Co. Wicklow, Ireland",Glendalough Madeira Finish Single Cask,sourced,Glendalough,TRUE,FALSE,Single Grain,NAS,,,84,42,,Bourbon Cask,Canteiro-aged Madeira,https://www.masterofmalt.com/whiskies/glendalough/glendalough-madeira-finish-single-cask-whiskey/;https://www.irishdrinkshop.com/glendalough-distillery/Glendalough-Triple-Barrel,2026-06-27,https://cdn11.bigcommerce.com/s-e8lbekfe7c/images/stencil/1024w/attribute_rule_images/59198_source_1761839429.jpg,irish_whiskey_new_craft
Irish Whiskey,Powerscourt Distillery,"Enniskerry, Co. Wicklow, Ireland",Fercullen Falls,own_make,,FALSE,FALSE,Blended Irish Whiskey,NAS,,,86,43,50/50 malt/grain,Bourbon Cask,,https://powerscourtdistillery.com/whiskey/fercullen-falls/,2026-06-06,https://powerscourtdistillery.com/wp-content/uploads/2022/11/fer-falls-bottle-1-440x1024.webp,irish_whiskey_new_craft
Irish Whiskey,Powerscourt Distillery,"Enniskerry, Co. Wicklow, Ireland",Fercullen Single Malt,own_make,,FALSE,FALSE,Single Malt,NAS,,,92,46,100% malted barley,Bourbon Cask,,https://powerscourtdistillery.com/product/fercullen-single-malt/,2026-06-06,https://powerscourtdistillery.com/wp-content/uploads/2023/04/Fer-single-malt-Shop1.webp,irish_whiskey_new_craft
Irish Whiskey,Powerscourt Distillery,"Enniskerry, Co. Wicklow, Ireland",Fercullen Single Malt Cask Strength,own_make,,FALSE,FALSE,Single Malt; Cask Strength,NAS,2024,,,,100% malted barley,Bourbon Cask,,https://powerscourtdistillery.com/product/fercullen-cask-strength-2024/,2026-06-06,https://powerscourtdistillery.com/wp-content/uploads/2024/06/Fercullen-Cask-Strength-Single-Malt-430x555.webp,irish_whiskey_new_craft
Irish Whiskey,Powerscourt Distillery,"Enniskerry, Co. Wicklow, Ireland",Fercullen Estate Series 3 The Gates,own_make,,FALSE,FALSE,Single Malt,NAS,,,92,46.0,100% malted barley,Bourbon Cask,,https://powerscourtdistillery.com/product/fercullen-estate-series-3/,2026-10-03,https://powerscourtdistillery.com/wp-content/uploads/2023/06/Fercullen-Estate-Series-3-430x555.webp,irish_whiskey_new_craft
Irish Whiskey,Undisclosed (Ireland),"Enniskerry, Co. Wicklow, Ireland",Fercullen 15 Year Old,sourced,Fercullen,TRUE,FALSE,Single Grain,15 Years,,,83,41.5,,Bourbon Cask,,https://powerscourtdistillery.com/whiskey/fercullen-15-year-old/,2026-10-03,https://powerscourtdistillery.com/wp-content/uploads/2023/08/Fer-15yr-Shop1-430x555.webp,irish_whiskey_new_craft
Irish Whiskey,Undisclosed (Ireland),"Enniskerry, Co. Wicklow, Ireland",Fercullen 18 Year Old,sourced,Fercullen,TRUE,FALSE,Single Malt,18 Years,,,86,43.0,,Bourbon Cask,,https://powerscourtdistillery.com/product/fercullen-18-year-old-single-malt-irish-whiskey/; https://www.masterofmalt.com/whiskies/fercullen/fercullen-18-year-old-whisky/,2026-10-03,https://powerscourtdistillery.com/wp-content/uploads/2022/01/20181001-Powerscourt-Distillery-18-bottle-430x555.webp,irish_whiskey_new_craft
Irish Whiskey,Undisclosed (Ireland),"Enniskerry, Co. Wicklow, Ireland",Fercullen 21 Year Old,sourced,Fercullen,TRUE,FALSE,Single Malt,21 Years,,2022 Release,92,46.0,,Bourbon Cask,,https://powerscourtdistillery.com/product/fercullen-21-year-old-2022/; https://jamesfox.ie/products/fercullen-21-year-old,2026-10-03,https://powerscourtdistillery.com/wp-content/uploads/2022/10/Fercullen-21YO-2022-430x555.webp,irish_whiskey_new_craft
Irish Whiskey,Undisclosed (Ireland),"Enniskerry, Co. Wicklow, Ireland",Fercullen 21 Year Old,sourced,Fercullen,TRUE,FALSE,Single Malt,21 Years,,2023 Release,,,,Bourbon Cask,,https://powerscourtdistillery.com/product/fercullen-21-year-old-2023/,2026-10-02,https://powerscourtdistillery.com/wp-content/uploads/2023/09/Fercullen-21YO-2023-430x555.webp,irish_whiskey_new_craft
Irish Whiskey,Dingle,"Dingle, Co. Kerry, Ireland",Dingle Single Malt,own_make,,FALSE,FALSE,Single Malt; Triple Distilled,NAS,,,93,46.5,Malted Irish barley,"Bourbon, Pedro Ximénez, Oloroso; Solera-married",,https://dingledistillery.ie/our-spirits/whiskey/single-malt/,2026-06-06,https://dingledistillery.ie/wp-content/uploads/2025/09/Dingle-Single-Malt-Irish-Whiskey.jpg,irish_whiskey_new_craft
Irish Whiskey,Dingle,"Dingle, Co. Kerry, Ireland",Dingle Single Malt,own_make,,FALSE,FALSE,Single Malt; Triple Distilled,10 Years,,,93,46.5,Malted Irish barley,"Bourbon, Port, Pedro Ximénez",,https://dingledistillery.ie/our-spirits/whiskey/10-year-old-single-malt-irish-whiskey/,2026-06-06,https://dingledistillery.ie/wp-content/uploads/2025/09/Dingle-10-Year-Old-Single-Malt-Irish-Whiskey.jpg,irish_whiskey_new_craft
Irish Whiskey,Dingle,"Dingle, Co. Kerry, Ireland",Dingle Single Pot Still,own_make,,FALSE,FALSE,Single Pot Still; Triple Distilled,NAS,,,93,46.5,Malted and unmalted barley,"Bourbon, Oloroso, Pedro Ximénez, Red Wine",,https://dingledistillery.ie/our-spirits/whiskey/single-pot-still-irish-whiskey/,2026-06-06,https://dingledistillery.ie/wp-content/uploads/2025/09/Dingle-Single-Pot-Still-Irish-Whiskey.jpg,irish_whiskey_new_craft
Irish Whiskey,West Cork,"Skibbereen, Co. Cork, Ireland",West Cork Bourbon Cask,own_make,,FALSE,FALSE,Blended Irish Whiskey; Triple Distilled,NAS,,,80,40,,Bourbon cask,,https://www.westcorkirishwhiskey.com/product/west-cork-bourbon-cask/,2026-06-06,,irish_whiskey_new_craft
Irish Whiskey,West Cork,"Skibbereen, Co. Cork, Ireland",West Cork Black Cask,own_make,,FALSE,FALSE,Blended Irish Whiskey; Triple Distilled,NAS,,,80,40,,Charred bourbon cask,,https://www.westcorkirishwhiskey.com/product/west-cork-black-cask/,2026-06-06,,irish_whiskey_new_craft
Irish Whiskey,West Cork,"Skibbereen, Co. Cork, Ireland",West Cork Cask Strength,own_make,,FALSE,FALSE,Blended Irish Whiskey; Cask Strength; Triple Distilled,NAS,,,124,62,,Bourbon cask,,https://www.westcorkirishwhiskey.com/product/west-cork-cask-strength-irish-whiskey/,2026-06-06,,irish_whiskey_new_craft
Irish Whiskey,West Cork,"Skibbereen, Co. Cork, Ireland",West Cork IPA Cask Matured,own_make,,FALSE,FALSE,Blended Irish Whiskey; Triple Distilled,NAS,,,80,40,,First-fill bourbon,Blacks of Kinsale IPA cask,https://www.westcorkirishwhiskey.com/product/west-cork-ipa-cask-matured/,2026-06-06,,irish_whiskey_new_craft
Irish Whiskey,West Cork,"Skibbereen, Co. Cork, Ireland",West Cork Irish Stout Cask Matured,own_make,,FALSE,FALSE,Blended Irish Whiskey; Triple Distilled,NAS,,,80,40,,First-fill bourbon,Blacks of Kinsale Stout cask,https://www.westcorkirishwhiskey.com/product/west-cork-irish-stout-cask-matured/,2026-06-06,,irish_whiskey_new_craft
Irish Whiskey,West Cork,"Skibbereen, Co. Cork, Ireland",West Cork Single Malt Bourbon Cask,own_make,,FALSE,FALSE,Single Malt; Triple Distilled,NAS,,,80,40,Malted Irish barley,Bourbon cask,,https://www.westcorkirishwhiskey.com/product/west-cork-single-malt-bourbon-cask-finished-irish-whiskey/,2026-06-06,,irish_whiskey_new_craft
Irish Whiskey,West Cork,"Skibbereen, Co. Cork, Ireland",West Cork 5 Year Old Single Pot Still,own_make,,FALSE,FALSE,Single Pot Still; Triple Distilled,5 Years,,,86,43,Malted and unmalted barley,Bourbon cask,,https://www.westcorkirishwhiskey.com/product/5-year-old-single-pot-still/,2026-06-06,,irish_whiskey_new_craft
Irish Whiskey,West Cork,"Skibbereen, Co. Cork, Ireland",West Cork 7 Year Old Single Malt,own_make,,FALSE,FALSE,Single Malt; Triple Distilled,7 Years,,,92,46,Malted Irish barley,Oloroso sherry then first-fill bourbon,,https://www.westcorkirishwhiskey.com/product/7-year-old-single-malt/,2026-06-06,https://www.westcorkirishwhiskey.com/wp-content/uploads/2023/04/West-Cork-7-Year-Old-Single-Pot-Still-Irish-Whiskey.jpg,irish_whiskey_new_craft
Irish Whiskey,West Cork,"Skibbereen, Co. Cork, Ireland",West Cork Glengarriff Series Peat Charred Cask,own_make,,FALSE,FALSE,Single Malt; Peated; Triple Distilled,NAS,,,86,43,Malted Irish barley,Sherry cask,Peat-charred cask,https://www.westcorkirishwhiskey.com/product/west-cork-glengarriff-series-peat-charred-cask/,2026-06-06,,irish_whiskey_new_craft
Irish Whiskey,West Cork,"Skibbereen, Co. Cork, Ireland",West Cork Glengarriff Series Bog Oak Charred Cask,own_make,,FALSE,FALSE,Single Malt; Triple Distilled,NAS,,,86,43,Malted Irish barley,Sherry cask,Bog oak charred cask,https://www.westcorkirishwhiskey.com/product/west-cork-glengarriff-series-bog-oak-charred-cask/,2026-06-06,,irish_whiskey_new_craft
Irish Whiskey,West Cork,"Skibbereen, Co. Cork, Ireland",West Cork Single Malt Rum Cask Finished,own_make,,FALSE,FALSE,Single Malt; Triple Distilled,NAS,,,86,43,Malted Irish barley,First-fill bourbon,Rum cask,https://www.westcorkirishwhiskey.com/product/west-cork-single-malt-rum-cask-finished/,2026-06-06,,irish_whiskey_new_craft
Irish Whiskey,West Cork,"Skibbereen, Co. Cork, Ireland",West Cork Single Malt Sherry Cask Finished,own_make,,FALSE,FALSE,Single Malt; Triple Distilled,NAS,,,86,43,Malted Irish barley,First-fill bourbon,Sherry cask,https://www.westcorkirishwhiskey.com/product/west-cork-single-malt-sherry-cask-finished/,2026-06-06,,irish_whiskey_new_craft
Irish Whiskey,West Cork,"Skibbereen, Co. Cork, Ireland",West Cork Single Malt Port Cask Finished,own_make,,FALSE,FALSE,Single Malt; Triple Distilled,NAS,,,86,43,Malted Irish barley,First-fill bourbon,Port cask,https://www.westcorkirishwhiskey.com/product/west-cork-single-malt-port-cask-finished/,2026-06-06,,irish_whiskey_new_craft
Irish Whiskey,West Cork,"Skibbereen, Co. Cork, Ireland",West Cork Single Malt Calvados Cask Finished,own_make,,FALSE,FALSE,Single Malt; Triple Distilled,NAS,,,86,43,Malted Irish barley,First-fill bourbon,Calvados cask,https://www.westcorkirishwhiskey.com/product/west-cork-single-malt-calvados-cask-finished/,2026-06-06,,irish_whiskey_new_craft
Irish Whiskey,West Cork,"Skibbereen, Co. Cork, Ireland",West Cork Single Malt Virgin Oak Cask Finished,own_make,,FALSE,FALSE,Single Malt; Triple Distilled,NAS,,,86,43,Malted Irish barley,First-fill bourbon,Virgin oak cask,https://www.westcorkirishwhiskey.com/product/west-cork-single-malt-virgin-oak-cask-finished/,2026-06-06,,irish_whiskey_new_craft
Irish Whiskey,West Cork,"Skibbereen, Co. Cork, Ireland",West Cork Maritime Rum Cask,own_make,,FALSE,FALSE,Single Malt; Triple Distilled,NAS,,,92,46,Malted Irish barley,First-fill bourbon,Rum cask,https://www.westcorkirishwhiskey.com/product/west-cork-rum-cask-irish-whiskey/,2026-06-06,,irish_whiskey_new_craft
Irish Whiskey,West Cork,"Skibbereen, Co. Cork, Ireland",West Cork Maritime Port Cask,own_make,,FALSE,FALSE,Single Malt; Triple Distilled,NAS,,,92,46,Malted Irish barley,First-fill bourbon,Port cask,https://www.westcorkirishwhiskey.com/product/west-cork-port-casked-finished-irish-whiskey/,2026-06-06,,irish_whiskey_new_craft
Irish Whiskey,West Cork,"Skibbereen, Co. Cork, Ireland",West Cork Maritime Sherry Cask,own_make,,FALSE,FALSE,Single Malt; Triple Distilled,NAS,,,92,46,Malted Irish barley,First-fill bourbon,Sherry cask,https://www.westcorkirishwhiskey.com/product/west-cork-sherry-cask-irish-whiskey/,2026-06-06,,irish_whiskey_new_craft
Irish Whiskey,West Cork,"Skibbereen, Co. Cork, Ireland",West Cork Maritime Calvados Cask,own_make,,FALSE,FALSE,Single Malt; Triple Distilled,NAS,,,92,46,Malted Irish barley,First-fill bourbon,Calvados cask,https://www.westcorkirishwhiskey.com/product/west-cork-calvados-irish-whiskey/,2026-06-06,,irish_whiskey_new_craft
Irish Whiskey,West Cork,"Skibbereen, Co. Cork, Ireland",West Cork Maritime Virgin Oak Cask,own_make,,FALSE,FALSE,Single Malt; Triple Distilled,NAS,,,92,46,Malted Irish barley,First-fill bourbon,Virgin oak cask,https://www.westcorkirishwhiskey.com/product/west-cork-virgin-oak-irish-whiskey/,2026-06-06,,irish_whiskey_new_craft
Irish Whiskey,Clonakilty Distillery,"Clonakilty, Co. Cork, Ireland",Clonakilty Single Pot Still,own_make,,FALSE,FALSE,Single Pot Still; Triple Distilled,NAS,,Batch 2,92,46,100% Cork-grown barley (malted and unmalted),Ex-bourbon and Amontillado casks,,https://shop.clonakiltydistillery.ie/collections/whiskey/products/clonakilty-single-pot-still-70cl,2026-06-06,https://shop.clonakiltydistillery.ie/cdn/shop/files/SPS.jpg,irish_whiskey_new_craft
Irish Whiskey,Clonakilty Distillery,"Clonakilty, Co. Cork, Ireland",Clonakilty Double Oak,own_make,,FALSE,FALSE,Blended Irish Whiskey; Triple Distilled,NAS,,,87.2,43.6,,"Ex-bourbon, virgin American oak, shaved re-toasted European oak red wine barrels",,https://shop.clonakiltydistillery.ie/collections/whiskey/products/double-oak-70cl,2026-06-06,https://shop.clonakiltydistillery.ie/cdn/shop/files/Double-Oak-Life-70clArtboard1.jpg,irish_whiskey_new_craft
Irish Whiskey,Undisclosed (Ireland),"Clonakilty, Co. Cork, Ireland",Clonakilty 21 Year Old Single Malt,sourced,Clonakilty,TRUE,FALSE,Single Malt; Single Cask,21 Years,,Cask 7883,92,46,,,,https://shop.clonakiltydistillery.ie/collections/whiskey/products/21-year-old-single-malt-46-70cl-cask-7883,2026-06-27,http://shop.clonakiltydistillery.ie/cdn/shop/files/21yoArtboard1.jpg,irish_whiskey_new_craft
Irish Whiskey,Undisclosed (Ireland),"Clonakilty, Co. Cork, Ireland",Clonakilty 34 Year Old Single Malt,sourced,Clonakilty,TRUE,FALSE,Single Malt; Single Cask,34 Years,,Cask 6785,87.4,43.7,,,,https://shop.clonakiltydistillery.ie/collections/whiskey/products/34-year-old-single-malt-43-1-70cl-5cl-cask-6811,2026-06-27,http://shop.clonakiltydistillery.ie/cdn/shop/files/Untitleddesign_19.png,irish_whiskey_new_craft
Irish Whiskey,Undisclosed (Ireland),"Clonakilty, Co. Cork, Ireland",Galley Head Single Malt,sourced,Clonakilty,TRUE,FALSE,Single Malt,NAS,,,80,40,,Ex-bourbon and ex-Rhum Agricole barrels,,https://shop.clonakiltydistillery.ie/collections/whiskey/products/galley-head-single-malt-70cl,2026-06-06,https://shop.clonakiltydistillery.ie/cdn/shop/files/Galley-Head-Single-maltArtboard1.jpg,irish_whiskey_new_craft
Irish Whiskey,Skellig Six18,"Cahersiveen, Co. Kerry, Ireland",Skellig Six18 Triple Cask Single Pot Still,own_make,,FALSE,FALSE,Single Pot Still; Peated; Triple Distilled,NAS,,,86,43.0,Malted and unmalted barley,"Ex-bourbon barrels, ex-peated Scotch casks",Pedro Ximénez sherry cask,https://skelligsix18distillery.ie/our-whiskey/single_pot_still/; https://drinkstore.ie/products/skellig-triple-cask-single-pot-still-six-18-step-collection-700ml; https://www.irishmalts.com/single-pot-still/skellig-triple-cask-single-pot-still-mini/,2026-10-03,https://skelligsix18distillery.ie/wp-content/uploads/2025/06/202301-Skellig-Single-Pot-Still-darksky-landscape-version-1.jpg,irish_whiskey_new_craft
Irish Whiskey,Skellig Six18,"Cahersiveen, Co. Kerry, Ireland",Skellig Small Batch,blended,,FALSE,FALSE,Blended Irish Whiskey,NAS,,,80,40.0,Pot still and grain,Ex-bourbon barrels,Pedro Ximénez sherry cask,https://skelligsix18distillery.ie/our-whiskey/smallbatch/; https://drinkstore.ie/products/skellig-small-batch-px-sherry-cask-finish-700ml; https://www.irishmalts.com/irish-whiskey/skellig-small-batch-whiskey-mini/,2026-10-03,https://skelligsix18distillery.ie/wp-content/uploads/2025/06/202301-Skellig-Small-Batch-seascape.jpg,irish_whiskey_new_craft
Irish Whiskey,Echlinville,"Kircubbin, Co. Down, Northern Ireland",Echlinville The Beginning,own_make,,FALSE,FALSE,Single Pot Still; Double Distilled,7 Years,,,92,46,100% home-grown floor-malted barley,,,https://echlinville.com/blog/old-comber-single-pot-still/;https://www.irishwhiskeymagazine.com/news/latest-news/old-comber-whiskey-bicentenary-single-pot-still-releases/,2026-06-27,https://echlinville.s3-assets.com/wp-content/uploads/2021/05/OC_SPS_7r_caskwarehouse-1-scaled.jpg,irish_whiskey_new_craft
Irish Whiskey,Echlinville,"Kircubbin, Co. Down, Northern Ireland",Echlinville The Beginning,own_make,,FALSE,FALSE,Single Malt; Double Distilled,7 Years,,,92,46,100% home-grown floor-malted barley,,,https://echlinville.com/blog/old-comber-single-pot-still/;https://www.irishwhiskeymagazine.com/news/latest-news/old-comber-whiskey-bicentenary-single-pot-still-releases/,2026-06-27,https://echlinville.s3-assets.com/wp-content/uploads/2021/05/OC_SPS_7r_caskwarehouse-1-scaled.jpg,irish_whiskey_new_craft
Irish Whiskey,Echlinville,"Kircubbin, Co. Down, Northern Ireland",Old Comber,own_make,,FALSE,FALSE,Single Pot Still,7 Years,,,92,46,home-grown floor-malted barley,,,https://echlinville.com/blog/old-comber-single-pot-still/;https://echlinville.com/shop/echlinville-distillery-shop/whiskey/old-comber-single-pot-still/,2026-06-27,https://echlinville.s3-assets.com/wp-content/uploads/2025/09/OC-SPS-web-800x500-1.png,irish_whiskey_new_craft
Irish Whiskey,Echlinville,"Kircubbin, Co. Down, Northern Ireland",Old Comber Bicentenary,own_make,,FALSE,FALSE,Single Pot Still; bicentenary special edition,7 Years,,,100,50,home-grown floor-malted barley,,,https://echlinville.com/blog/old-comber-single-pot-still/;https://www.irishwhiskeymagazine.com/news/latest-news/old-comber-whiskey-bicentenary-single-pot-still-releases/,2026-06-27,https://www.irishwhiskeymagazine.com/wp-content/uploads/2025/12/OLD-Comber-7-year-old-Single-Pot-Still.jpg,irish_whiskey_new_craft
Irish Whiskey,Echlinville,"Kircubbin, Co. Down, Northern Ireland",Dunville's PX,own_make,,FALSE,FALSE,Single Malt; PX Sherry Cask,10 Years,,,92,46,,Ex-bourbon,Pedro Ximenez Sherry,https://echlinville.com/shop/echlinville-distillery-shop/whiskey/dunvilles-px10-year-old-single-malt/;https://echlinville.com/brands/dunvilles/,2026-06-06,https://echlinville.s3-assets.com/wp-content/uploads/2021/04/dunville-whiskey-bottle.jpg,irish_whiskey_new_craft
Irish Whiskey,Echlinville,"Kircubbin, Co. Down, Northern Ireland",Dunville's PX,own_make,,FALSE,FALSE,Single Malt; PX Sherry Cask,12 Years,,,92,46,,Ex-bourbon,Pedro Ximenez Sherry,https://echlinville.com/shop/echlinville-distillery-shop/whiskey/dunvilles-px-12-year-old-single-malt/;https://echlinville.com/brands/dunvilles/,2026-06-27,https://echlinville.s3-assets.com/wp-content/uploads/2022/06/Dunville-PX12-750ml-RET-EDGES-HR-transp.png,irish_whiskey_new_craft
Irish Whiskey,Echlinville,"Kircubbin, Co. Down, Northern Ireland",Dunville's VR Palo Cortado,own_make,,FALSE,FALSE,Single Malt; Palo Cortado Sherry Cask,10 Years,,,92,46,,,Palo Cortado Sherry,https://echlinville.com/brands/dunvilles/,2026-06-27,https://echlinville.s3-assets.com/wp-content/uploads/2021/04/dunville-whiskey-bottle.jpg,irish_whiskey_new_craft
Irish Whiskey,Undisclosed (Ireland),,Dunville's VR Oloroso,sourced,Dunville's,TRUE,FALSE,Single Malt; Oloroso Sherry Cask,20 Years,,,92,46,,,Oloroso Sherry,https://echlinville.com/brands/dunvilles/; https://echlinville.com/our-story/,2026-10-02,https://echlinville.s3-assets.com/wp-content/uploads/2021/04/dunville-whiskey-bottle.jpg,irish_whiskey_new_craft
Irish Whiskey,Undisclosed (Ireland),,Dunville's VR Palo Cortado,sourced,Dunville's,TRUE,FALSE,Single Malt; Single Cask; Cask Strength; Palo Cortado Sherry Cask,21 Years,,Cask 1197,,,,,Palo Cortado Sherry,https://echlinville.com/brands/dunvilles/;https://echlinville.com/shop/echlinville-distillery-shop/whiskey/dunvilles-palo-cortado-21-year-old-single-malt-irish-whiskey/; https://echlinville.com/our-story/,2026-10-02,https://echlinville.s3-assets.com/wp-content/uploads/2024/11/PC-21-web-product-1200x300-1.png,irish_whiskey_new_craft
Irish Whiskey,Echlinville,"Kircubbin, Co. Down, Northern Ireland",Dunville's Three Crowns,own_make,,FALSE,FALSE,Blended Irish Whiskey; Oloroso Sherry Cask,NAS,,,87,43.5,,,Oloroso Sherry,https://echlinville.com/shop/echlinville-distillery-shop/whiskey/dunvilles-three-crowns-blended-irish-whiskey-shop/;https://echlinville.com/brands/dunvilles/,2026-10-03,https://echlinville.s3-assets.com/wp-content/uploads/2023/06/Three-Crowns-web-product-1200x300-1.png,irish_whiskey_new_craft
Irish Whiskey,Echlinville,"Kircubbin, Co. Down, Northern Ireland",Dunville's Three Crowns Peated,own_make,,FALSE,FALSE,Blended Irish Whiskey; Peated,NAS,,,87,43.5,,,,https://echlinville.com/echlinville-releases-dunvilles-three-crowns-peated-whiskey/; https://echlinville.com/brands/dunvilles/; https://echlinville.com/shop/echlinville-distillery-shop/whiskey/dunvilles-three-crowns-peated-irish-whiskey/,2026-10-03,https://echlinville.s3-assets.com/wp-content/uploads/2021/05/Dunvilles-Peated-Bottle-Tube-70cl.jpeg,irish_whiskey_new_craft
Irish Whiskey,Echlinville,"Kircubbin, Co. Down, Northern Ireland",Dunville's 1808,own_make,,FALSE,FALSE,Blended Irish Whiskey,NAS,,,80,40.0,"pot still, malt and grain whiskeys",,,https://echlinville.com/brands/dunvilles/; https://echlinville.com/shop/echlinville-distillery-shop/whiskey/dunvilles-1808-blended-irish-whiskey/,2026-10-03,https://echlinville.s3-assets.com/wp-content/uploads/2021/04/dunville-whiskey-bottle.jpg,irish_whiskey_new_craft
Irish Whiskey,Killowen,"Rostrevor, Co. Down, Northern Ireland",Killowen Barántúil,own_make,,FALSE,FALSE,Single Pot Still; Cask Strength; Single Cask,NAS,,Cask 002,121.4,60.7,"oat, rye, wheat, malted & unmalted barley",Ex-bourbon,,https://www.killowendistillery.com/whiskey/;https://www.celticwhiskeyshop.com/killowen-barantuil-cask-002,2026-06-28,NULL,irish_whiskey_new_craft
Irish Whiskey,Killowen,"Rostrevor, Co. Down, Northern Ireland",Killowen Rum & Raisin,sourced,,FALSE,FALSE,Single Malt; PX Sherry & Rum Cask,5 Years,,,110,55,,Ex-bourbon,Killowen dark rum casks & PX sherry butts,https://www.killowendistillery.com/whiskey/;https://www.celticwhiskeyshop.com/killowen-rum-and-raisin,2026-06-28,NULL,irish_whiskey_new_craft
Irish Whiskey,Killowen,"Rostrevor, Co. Down, Northern Ireland",Killowen Rum & Raisin,sourced,,FALSE,FALSE,Single Malt; Single Cask; PX Sherry & Rum Cask,6 Years,,Batch 5,,,,Ex-bourbon,Killowen dark rum casks & PX sherry butts,https://www.celticwhiskeyshop.com/Killowen-Rum-and-Raisin-Batch-5-6-Year-Old,2026-06-28,NULL,irish_whiskey_new_craft
Irish Whiskey,Killowen,"Rostrevor, Co. Down, Northern Ireland",Killowen Bonded Experimental Series,sourced,,FALSE,TRUE,Blended Irish Whiskey; Cask Strength,NAS,,,,,malt and grain whiskeys,,,https://www.killowendistillery.com/whiskey/;https://thewhiskeywash.com/whiskey-styles/irish-whiskey/irelands-killowen-distillery-releases-experimental-series-with-six-cask-finished-whiskeys/,2026-06-06,,irish_whiskey_new_craft
Irish Whiskey,Killowen,"Rostrevor, Co. Down, Northern Ireland",Killowen The Dalriadan,sourced,,FALSE,FALSE,Single Malt; Heavily Peated,NAS,,Part 2,,,60% double distilled peated malt,,,https://www.celticwhiskeyshop.com/Killowen-The-Dalriadan-Part-2-Of-2,2026-06-28,NULL,irish_whiskey_new_craft
Irish Whiskey,Killowen,"Rostrevor, Co. Down, Northern Ireland",Killowen Redacted Release 001,sourced,Redacted Independent Bottlers,TRUE,FALSE,Single Pot Still; Peated,NAS,,Release 001,125,62.5,pot still mash,Ex-GND peated cask,,https://www.celticwhiskeyshop.com/redacted-release-001-killowen-single-pot-still; https://redactedbottlers.com/products/bottle-001-killowen-single-pot-still,2026-10-03,https://cdn.shopify.com/s/files/1/0721/6719/4889/files/Redacted_LaunchImagery_2.jpg,irish_whiskey_new_craft
Irish Whiskey,Undisclosed (Ireland),"Ballynahinch, Co. Down, Northern Ireland",Hinch Small Batch Bourbon Cask,sourced,Hinch,TRUE,FALSE,Blended Irish Whiskey,NAS,,,86,43,~20% single malt / ~80% single grain,First-fill ex-bourbon,,https://hinchdistillery.com/products/small-batch,2026-06-06,https://hinchdistillery.com/cdn/shop/files/SMALL_BATCH_TRANSPARENT_1000x.png,irish_whiskey_new_craft
Irish Whiskey,Undisclosed (Ireland),"Ballynahinch, Co. Down, Northern Ireland",Hinch Peated Small Batch,sourced,Hinch,TRUE,FALSE,Blended Irish Whiskey; Peated,NAS,,,86,43,,Ex-bourbon,,https://hinchdistillery.com/products/peated-small-batch-46-4-vol,2026-06-27,http://hinchdistillery.com/cdn/shop/files/Artboard_1_copy_6_1200x1200.png,irish_whiskey_new_craft
Irish Whiskey,Undisclosed (Ireland),"Ballynahinch, Co. Down, Northern Ireland",Hinch Single Malt,sourced,Hinch,TRUE,FALSE,Single Malt,NAS,,,86,43,100% malted barley,,,https://hinchdistillery.com/products/hinch-single-malt-43,2026-06-27,http://hinchdistillery.com/cdn/shop/files/Untitled_design_12_1200x1200.png,irish_whiskey_new_craft
Irish Whiskey,Undisclosed (Ireland),"Ballynahinch, Co. Down, Northern Ireland",Hinch Peated Single Malt,sourced,Hinch,TRUE,FALSE,Single Malt; Peated,NAS,,,86,43,100% malted barley,,,https://hinchdistillery.com/products/hinch-peated-single-malt-43,2026-06-27,http://hinchdistillery.com/cdn/shop/files/psm_transparent_1200x1200.png,irish_whiskey_new_craft
Irish Whiskey,Undisclosed (Ireland),"Ballynahinch, Co. Down, Northern Ireland",Hinch Double Wood,sourced,Hinch,TRUE,FALSE,Blended Irish Whiskey,5 Years,,,86,43,,4yr ex-bourbon,1yr virgin American oak,https://hinchdistillery.com/products/5-year-old-double-wood,2026-06-27,http://hinchdistillery.com/cdn/shop/files/DOUBLEWOOD_TRANSPARENT_fd5282b2-cc9c-4726-978f-5c9372bcfbc7_1200x1200.png,irish_whiskey_new_craft
Irish Whiskey,Undisclosed (Ireland),"Ballynahinch, Co. Down, Northern Ireland",Hinch Connoisseur Collection,sourced,Hinch,TRUE,FALSE,Single Malt,5 Years,,,92,46,100% malted barley,Ex-bourbon,Madeira wine,https://hinchdistillery.com/products/connoisseur-collection-5-year-old-madeira-wine-cask-finish-46-vol,2026-06-27,http://hinchdistillery.com/cdn/shop/files/Artboard_1_copy_4_1200x1200.png,irish_whiskey_new_craft
Irish Whiskey,Undisclosed (Ireland),"Ballynahinch, Co. Down, Northern Ireland",Hinch,sourced,Hinch,TRUE,FALSE,Single Malt; Oloroso Sherry Cask,15 Years,,Batch 1,92,46,,Ex-bourbon,Oloroso Sherry,https://hinchdistillery.com/products/hinch-aged-15-years-olorosso-cask-finish,2026-06-27,http://hinchdistillery.com/cdn/shop/files/15YO_26_Award_1200x1200.png,irish_whiskey_new_craft
Irish Whiskey,Undisclosed (Ireland),"Donaghadee, Co. Down, Northern Ireland",Merchants' Quay Blue Label,sourced,Copeland,TRUE,FALSE,Blended Irish Whiskey,NAS,,,80,40,"grain, double distilled malt, triple distilled malt",Four cask types,,https://copelanddistillery.com/whiskey-collection/;https://www.masterofmalt.com/whiskies/copeland/copeland-merchants-quay-blended-irish-whiskey/,2026-06-27,https://cdn11.bigcommerce.com/s-e8lbekfe7c/images/stencil/1024w/attribute_rule_images/50106_source_1776595254.jpg,irish_whiskey_new_craft
Irish Whiskey,Undisclosed (Ireland),"Donaghadee, Co. Down, Northern Ireland",Merchants' Quay Single Grain,sourced,Copeland,TRUE,FALSE,Single Grain; Muscatel & PX Finish,5 Years,,,92,46.0,,American bourbon,Muscatel wine & PX sherry,https://copelanddistillery.com/whiskey-collection/;https://www.irishwhiskeymagazine.com/news/latest-news/copeland-distillery-5-year-old-single-grain-irish-whiskey/,2026-10-03,https://copelanddistillery.com/wp-content/uploads/2023/11/Copeland-Logo.webp,irish_whiskey_new_craft
Irish Whiskey,Undisclosed (Ireland),"Donaghadee, Co. Down, Northern Ireland",Merchants' Quay Green Label,sourced,Copeland,TRUE,FALSE,Blended Irish Whiskey; Banyuls & PX Finish,NAS,,,,,malt and grain,,Banyuls dessert wine & PX sherry,https://copelanddistillery.com/whiskey-collection/,2026-06-27,https://copelanddistillery.com/wp-content/uploads/2023/11/Copeland-Logo.webp,irish_whiskey_new_craft
Irish Whiskey,Copeland,"Donaghadee, Co. Down, Northern Ireland",Copeland 26.1,own_make,,FALSE,FALSE,Single Malt; Cask Strength,5 Years,,2026 Release; 26.1,115.6,57.8,100% malted barley,Ex-rum then ex-Pinot Noir & ex-Syrah barriques,,https://copelanddistillery.com/whiskey-collection/;https://copelanddistillery.com/product/26-1-cask-strength-single-malt-irish-whiskey-copy/,2026-10-02,https://copelanddistillery.com/wp-content/uploads/2023/11/Copeland-Logo.webp,irish_whiskey_new_craft
Irish Whiskey,Copeland,"Donaghadee, Co. Down, Northern Ireland",Copeland 26.2,own_make,,FALSE,FALSE,Single Malt; Cask Strength; Peated,5 Years,,2026 Release; 26.2 CS,115.2,57.6,100% peated malted barley,"First-fill American bourbon, PX, charred oak",,https://copelanddistillery.com/whiskey-collection/;https://copelanddistillery.com/product/26-2-cask-strength-peated-single-malt-irish-whiskey/,2026-10-02,https://copelanddistillery.com/wp-content/uploads/2023/11/Copeland-Logo.webp,irish_whiskey_new_craft
Irish Whiskey,Copeland,"Donaghadee, Co. Down, Northern Ireland",Copeland 26.2,own_make,,FALSE,FALSE,Single Malt; Peated,5 Years,,2026 Release; 26.2,92,46,100% peated malted barley,"First-fill American bourbon, PX, charred oak",,https://copelanddistillery.com/whiskey-collection/;https://copelanddistillery.com/product/26-2-peated-single-malt-irish-whiskey/,2026-10-02,https://copelanddistillery.com/wp-content/uploads/2023/11/Copeland-Logo.webp,irish_whiskey_new_craft
Irish Whiskey,Rademon Estate,"Crossgar, Co. Down, Northern Ireland",Shortcross Single Malt,own_make,,FALSE,FALSE,Single Malt; Inaugural Release,NAS,,,92,46.0,100% malted barley,,,https://rademonestatedistilleryshop.com/collections/shortcross-irish-whiskey;https://rademonestatedistilleryshop.com/collections/shortcross-irish-whiskey/products/reserve-best-irish-new-whiskey-2021,2026-10-03,https://rademonestatedistilleryshop.com/cdn/shop/files/SingleMalt_2_grande.jpg,irish_whiskey_new_craft
Irish Whiskey,Rademon Estate,"Crossgar, Co. Down, Northern Ireland",Shortcross Single Malt,own_make,,FALSE,FALSE,Single Malt; Cask Strength,NAS,,Belfast Whiskey Week 2025,116,58.0,100% malted barley,,,https://rademonestatedistilleryshop.com/collections/shortcross-irish-whiskey/products/shortcross-single-malt-cask-strength-x-belfast-whiskey-week-2025,2026-10-03,http://rademonestatedistilleryshop.com/cdn/shop/files/cask_strength_7_year_old_shortcross_single_malt_grande.png,irish_whiskey_new_craft
Irish Whiskey,Rademon Estate,"Crossgar, Co. Down, Northern Ireland",Shortcross Single Malt,own_make,,FALSE,FALSE,Single Malt,7 Years,,Belfast Whiskey Week 2025,92,46,100% malted barley,,,https://rademonestatedistilleryshop.com/collections/shortcross-irish-whiskey/products/shortcross-single-malt-x-belfast-whiskey-week-distillery-46-abv-copy,2026-06-27,http://rademonestatedistilleryshop.com/cdn/shop/files/instagram_shortcross_single_malt_1_grande.jpg,irish_whiskey_new_craft
Irish Whiskey,Rademon Estate,"Crossgar, Co. Down, Northern Ireland",Shortcross Peated Single Malt,own_make,,FALSE,FALSE,Single Malt; Peated,5 Years,,,92,46.0,100% peated malted barley,,,https://rademonestatedistilleryshop.com/collections/shortcross-irish-whiskey/products/shortcross-peated-single-malt-5-year-old,2026-10-03,http://rademonestatedistilleryshop.com/cdn/shop/files/5yearpeated-lifestyle-WEB_grande.jpg,irish_whiskey_new_craft
Irish Whiskey,Rademon Estate,"Crossgar, Co. Down, Northern Ireland",Shortcross Rye & Malt,own_make,,FALSE,FALSE,Single Pot Still,NAS,,,92,46.0,rye and malted barley,,,https://rademonestatedistilleryshop.com/collections/shortcross-irish-whiskey/products/shortcross-rye-malt-irish-whiskey-1,2026-10-03,http://rademonestatedistilleryshop.com/cdn/shop/files/Rye_Malt_2_grande.jpg,irish_whiskey_new_craft
Irish Whiskey,Rademon Estate,"Crossgar, Co. Down, Northern Ireland",Shortcross Rye & Malt,own_make,,FALSE,FALSE,Single Pot Still; Cask Strength,NAS,,,132,66,rye and malted barley,,,https://rademonestatedistilleryshop.com/collections/shortcross-irish-whiskey/products/cask-strength-shortcross-rye-malt-irish-whiskey,2026-06-27,http://rademonestatedistilleryshop.com/cdn/shop/products/swutnoeubcno3qoh120220401080103_c48144e2-31bf-4767-ae33-6f1145e24f67_grande.jpg,irish_whiskey_new_craft
Irish Whiskey,Rademon Estate,"Crossgar, Co. Down, Northern Ireland",Shortcross Distiller's Duo,own_make,,FALSE,FALSE,Blended Irish Whiskey,NAS,,,92,46.0,,,,https://rademonestatedistilleryshop.com/collections/shortcross-irish-whiskey/products/distillers-duo,2026-10-03,http://rademonestatedistilleryshop.com/cdn/shop/files/shortcross_cask_collective_launch_2_grande.jpg,irish_whiskey_new_craft
Irish Whiskey,Undisclosed (Ireland),"Carlow, Co. Carlow, Ireland",Writers' Tears Copper Pot,sourced,Writers' Tears,TRUE,FALSE,Blended Irish Whiskey; Triple Distilled,NAS,,,80,40,Malted and unmalted barley (single pot still + single malt blend),Flame-charred American oak ex-bourbon casks,,https://www.walshwhiskey.com/whiskey/copper-pot/;https://www.walshwhiskey.com/our-whiskeys/our-whiskeys-writers-tears/,2026-06-06,https://www.walshwhiskey.com/wp-content/uploads/2020/10/Bottle_Portfolio_350x740px_WT_CopperPot.png,irish_whiskey_new_craft
Irish Whiskey,Undisclosed (Ireland),"Carlow, Co. Carlow, Ireland",Writers' Tears Double Oak,sourced,Writers' Tears,TRUE,FALSE,Blended Irish Whiskey; Triple Distilled,NAS,,,92,46,Malted and unmalted barley (single pot still + single malt blend),American oak ex-bourbon and French oak ex-cognac casks,French oak ex-cognac,https://www.walshwhiskey.com/our-whiskeys/our-whiskeys-writers-tears/;https://www.causewaycoastwhiskeyreviews.com/2022/08/writers-tears-tetralogy.html,2026-06-06,https://www.walshwhiskey.com/wp-content/uploads/2020/10/Bottle_Portfolio_350x740px_WT_DoubleOak.png,irish_whiskey_new_craft
Irish Whiskey,Undisclosed (Ireland),"Carlow, Co. Carlow, Ireland",Writers' Tears Red Head,sourced,Writers' Tears,TRUE,FALSE,Single Malt; Sherry Cask,NAS,,,92,46,100% malted barley,Oloroso sherry-seasoned Spanish oak butts,,https://www.walshwhiskey.com/our-whiskeys/our-whiskeys-writers-tears/;https://whiskyunplugged.com/2021/03/17/tasting-notes-writers-tears-red-head/,2026-06-06,https://www.walshwhiskey.com/wp-content/uploads/2020/10/Bottle_Portfolio_350x740px_WT_RedHead.png,irish_whiskey_new_craft
Irish Whiskey,Undisclosed (Ireland),"Carlow, Co. Carlow, Ireland",Writers' Tears Marsala Cask,sourced,Writers' Tears,TRUE,FALSE,Blended Irish Whiskey; Marsala Cask,NAS,,,90,45,,Ex-bourbon casks finished in Marsala casks (Florio),Marsala (Florio),https://www.walshwhiskey.com/whiskey/marsala-cask/;https://www.whiskynotes.be/2023/irish-whiskey/writers-tears-marsala-cask-finish/,2026-06-06,https://www.walshwhiskey.com/wp-content/uploads/2020/10/New-Project-6.png,irish_whiskey_new_craft
Irish Whiskey,Undisclosed (Ireland),"Carlow, Co. Carlow, Ireland",Writers' Tears Mizunara Cask,sourced,Writers' Tears,TRUE,FALSE,Blended Irish Whiskey; Cask Strength; Mizunara Cask,NAS,,,110,55,,Ex-bourbon casks finished in Japanese Mizunara oak,Japanese Mizunara oak,https://www.walshwhiskey.com/whiskey/japanese-cask/;https://www.finedrams.com/writers-tears-mizunara-cask-whiskey.html,2026-06-06,https://www.walshwhiskey.com/wp-content/uploads/2020/10/Bottle_Portfolio_350x740px_WT_Japanese.png,irish_whiskey_new_craft
Irish Whiskey,Undisclosed (Ireland),"Carlow, Co. Carlow, Ireland",Writers' Tears Inniskillin Icewine Cask,sourced,Writers' Tears,TRUE,FALSE,Blended Irish Whiskey; Icewine Cask,NAS,,,92,46.0,,Ex-bourbon casks finished in Inniskillin icewine casks,Inniskillin icewine,https://www.walshwhiskey.com/whiskey/ice-wine/;https://www.walshwhiskey.com/our-whiskeys/our-whiskeys-writers-tears/,2026-10-03,https://www.walshwhiskey.com/wp-content/uploads/2021/10/Untitled-design-2021-10-08T120122.488.png,irish_whiskey_new_craft
Irish Whiskey,Undisclosed (Ireland),"Carlow, Co. Carlow, Ireland",Writers' Tears Cask Strength,sourced,Writers' Tears,TRUE,FALSE,Blended Irish Whiskey; Cask Strength,NAS,2019,,106,53,Malted and unmalted barley (single pot still + single malt blend),Ex-bourbon casks,,https://www.causewaycoastwhiskeyreviews.com/2022/08/writers-tears-tetralogy.html;https://www.walshwhiskey.com/whiskey/cask-strength/,2026-06-06,https://www.walshwhiskey.com/wp-content/uploads/2020/10/Untitled-design-27.png,irish_whiskey_new_craft
Irish Whiskey,Undisclosed (Ireland),"Carlow, Co. Carlow, Ireland",Writers' Tears Cask Strength,sourced,Writers' Tears,TRUE,FALSE,Blended Irish Whiskey; Cask Strength,NAS,2022,12th vintage,109.2,54.6,Malted and unmalted barley (single pot still + single malt blend),Ex-bourbon casks,,https://thewhiskeywash.com/whiskey-styles/irish-whiskey/writers-tears-releases-12th-vintage-of-its-cask-strength-whiskey/;https://www.fredminnick.com/2023/03/14/walsh-whiskey-releases-writers-tears-cask-strength/,2026-06-06,,irish_whiskey_new_craft
Irish Whiskey,Royal Oak Distillery,"Royal Oak, Co. Carlow, Ireland",Writers' Tears Single Pot Still,own_make,,FALSE,FALSE,Single Pot Still; Triple Distilled,NAS,,,92,46.0,Malted and unmalted barley,Ex-bourbon casks with PX and Marsala finish,PX and Marsala,https://www.walshwhiskey.com/1317/writers-tears-organic-single-pot-still/; https://www.drinkhacker.com/2023/07/30/review-writers-tears-single-pot-still-irish-whiskey-2023-px-and-marsala/; https://www.masterofmalt.com/whiskies/walsh/writers-tears-single-pot-still-whiskey/,2026-10-03,https://www.walshwhiskey.com/wp-content/uploads/2020/10/Untitled-design-2021-10-08T110716.788.png,irish_whiskey_new_craft
Irish Whiskey,Undisclosed (Ireland),"Carlow, Co. Carlow, Ireland",The Irishman The Harvest,sourced,The Irishman,TRUE,FALSE,Blended Irish Whiskey; Triple Distilled,NAS,,,80,40,70% single malt / 30% single pot still,American oak ex-bourbon barrels,,https://www.walshwhiskey.com/our-whiskeys/our-whiskeys-the-irishman/;https://www.celticwhiskeyshop.com/Irishman-The-Harvest,2026-06-06,https://www.walshwhiskey.com/wp-content/uploads/2020/10/Harvest-1.png,irish_whiskey_new_craft
Irish Whiskey,Undisclosed (Ireland),"Carlow, Co. Carlow, Ireland",The Irishman Single Malt,sourced,The Irishman,TRUE,FALSE,Single Malt; Triple Distilled,NAS,,,80,40,100% malted barley,Ex-bourbon and Oloroso sherry casks,,https://www.walshwhiskey.com/whiskey/single-malt/;https://www.walshwhiskey.com/our-whiskeys/our-whiskeys-the-irishman/,2026-06-06,https://www.walshwhiskey.com/wp-content/uploads/2020/10/Single-Malt.png,irish_whiskey_new_craft
Irish Whiskey,Undisclosed (Ireland),"Carlow, Co. Carlow, Ireland",The Irishman Caribbean Cask Finish,sourced,The Irishman,TRUE,FALSE,Blended Irish Whiskey; Triple Distilled,NAS,,,92,46.0,70% single malt / 30% single pot still,Ex-bourbon barrels finished in Caribbean rum casks,Caribbean rum,https://www.walshwhiskey.com/whiskey/founders-reserve-caribbean-cask;https://www.walshwhiskey.com/our-whiskeys/our-whiskeys-the-irishman/,2026-10-03,https://www.walshwhiskey.com/wp-content/uploads/2020/10/Caribbean.png,irish_whiskey_new_craft
Irish Whiskey,Undisclosed (Ireland),"Carlow, Co. Carlow, Ireland",The Irishman Single Malt 12 Year Old,sourced,The Irishman,TRUE,FALSE,Single Malt; Triple Distilled,12 Years,,,86,43,100% Irish malted barley,First-fill flame-charred bourbon barrels,,https://www.walshwhiskey.com/whiskey/12-year-old/;https://whiskyunplugged.com/2024/03/17/tasting-notes-the-irishman-12-years-old/,2026-06-06,https://www.walshwhiskey.com/wp-content/uploads/2020/10/12-YO.png,irish_whiskey_new_craft
Irish Whiskey,Undisclosed (Ireland),"Carlow, Co. Carlow, Ireland",The Irishman Single Malt 17 Year Old,sourced,The Irishman,TRUE,FALSE,Single Malt; Cask Strength,17 Years,,,112,56,100% malted barley,Ex-bourbon and sherry casks,,https://www.walshwhiskey.com/whiskey/17-year-old/;https://thesinglemaltshop.com/2025/02/20/irishman-17-a-leading-light-in-the-new-wave-of-irish-super-premium-whiskey/,2026-06-06,https://www.walshwhiskey.com/wp-content/uploads/2020/10/17-YO.png,irish_whiskey_new_craft
Irish Whiskey,Undisclosed (Ireland),"Carlow, Co. Carlow, Ireland",The Irishman Cask Strength,sourced,The Irishman,TRUE,FALSE,Single Malt; Cask Strength,NAS,,,108,54,100% malted barley,Ex-bourbon and sherry casks,,https://www.walshwhiskey.com/whiskey/cask-strength-2/;https://www.walshwhiskey.com/our-whiskeys/our-whiskeys-the-irishman/,2026-06-06,https://www.walshwhiskey.com/wp-content/uploads/2020/10/Untitled-design-26.png,irish_whiskey_new_craft
Irish Whiskey,Undisclosed (Ireland),"Carlow, Co. Carlow, Ireland",The Irishman Vintage Cask,sourced,The Irishman,TRUE,FALSE,Single Malt; Cask Strength,NAS,2022,14th edition,109.8,54.9,100% malted barley,Ex-bourbon and sherry casks,,https://www.walshwhiskey.com/2035/walsh-whiskey-releases-the-2022-14th-edition-of-the-irishman-vintage-cask/,2026-10-03,https://www.walshwhiskey.com/wp-content/uploads/2022/03/The_Irishman_CASK_STRENGHTBOX2-2-e1648030014847.jpg,irish_whiskey_new_craft
Irish Whiskey,Royal Oak Distillery,"Royal Oak, Co. Carlow, Ireland",The Busker Single Grain,own_make,,FALSE,FALSE,Single Grain,NAS,,,88.6,44.3,Grain,Bourbon casks and Marsala casks (Cantine Florio 1833),Marsala,https://thebusker.com/en/single-collection/,2026-06-06,https://thebusker.com/wp-content/uploads/SINGLE-COLLECTION-SINGLE-GRAIN-V1.jpg,irish_whiskey_new_craft
Irish Whiskey,Royal Oak Distillery,"Royal Oak, Co. Carlow, Ireland",The Busker Single Malt,own_make,,FALSE,FALSE,Single Malt,NAS,,,88.6,44.3,100% malted barley,American oak bourbon and Oloroso sherry casks,,https://thebusker.com/en/single-collection/,2026-06-06,https://thebusker.com/wp-content/uploads/SINGLE-COLLECTION-SINGLE-MALT-V1.jpg,irish_whiskey_new_craft
Irish Whiskey,Royal Oak Distillery,"Royal Oak, Co. Carlow, Ireland",The Busker Single Pot Still,own_make,,FALSE,FALSE,Single Pot Still,NAS,,,88.6,44.3,Malted and unmalted barley,American oak bourbon and sherry casks,,https://thebusker.com/en/single-collection/,2026-06-06,https://thebusker.com/wp-content/uploads/SINGLE-COLLECTION-SINGLE-POT-STILL-V1.jpg,irish_whiskey_new_craft
Irish Whiskey,Royal Oak Distillery,"Royal Oak, Co. Carlow, Ireland",The Busker Triple Cask Triple Smooth,own_make,,FALSE,FALSE,Blended Irish Whiskey,NAS,,,80,40,Single grain / single malt / single pot still blend,"Bourbon, Marsala and sherry casks",,https://thebusker.com/en/the-busker-blend/,2026-06-28,NULL,irish_whiskey_new_craft
Irish Whiskey,Cooley Distillery,"Drogheda, Co. Meath, Ireland",The Whistler The Blue Note 7 Year Old,sourced,The Whistler,TRUE,FALSE,Single Malt; Sherry Cask,7 Years,,,92,46,100% malted barley,Ex-bourbon then Oloroso sherry casks,Oloroso sherry,https://whiskyadvocate.com/The-Whistler-7-year-old-The-Blue-Note-46;https://www.irishmalts.com/single-malt/the-whistler-7-year-old-single-malt-the-blue-note/,2026-06-27,https://www.irishmalts.com/wp-content/uploads/2019/05/311-thickbox_default-The-Whistler-7-Year-Old-Single-Malt-The-Blue-Note.jpg,irish_whiskey_new_craft
Irish Whiskey,Undisclosed (Ireland),"Drogheda, Co. Meath, Ireland",The Whistler P.X. I Love You Single Malt,sourced,The Whistler,TRUE,FALSE,Single Malt; Sherry Cask,NAS,,,92,46,100% malted barley,Finished at least 9 months in PX casks,Pedro Ximenez,https://www.boanndistillery.ie/product/the-whistler-p-x-i-love-you-single-malt/;https://www.masterofmalt.com/whiskies/boann/the-whistler-px-i-love-you-single-malt-irish-whiskey/,2026-06-27,https://www.boanndistillery.ie/wp-content/uploads/2025/11/The-Whistler-PX-I-Love-You-Single-Malt-Irish-Whiskey-Ireland.png,irish_whiskey_new_craft
Irish Whiskey,Undisclosed (Ireland),"Drogheda, Co. Meath, Ireland",The Whistler Oloroso Sherry Cask Blend,sourced,The Whistler,TRUE,FALSE,Blended Irish Whiskey; Sherry Cask,NAS,,,86,43.0,,Oloroso sherry casks,Oloroso sherry,https://www.boanndistillery.ie/product/the-whistler-oloroso-sherry-cask-blend/;https://www.boanndistillery.ie/our-spirits/the-whistler-range/,2026-10-03,https://www.boanndistillery.ie/wp-content/uploads/2025/11/oloroso_sherry.webp,irish_whiskey_new_craft
Irish Whiskey,Undisclosed (Ireland),"Drogheda, Co. Meath, Ireland",The Whistler Imperial Stout Cask Finish,sourced,The Whistler,TRUE,FALSE,Blended Irish Whiskey; Stout Cask,NAS,,Batch 003,86,43.0,Malt / wheat / grain whiskey blend,Casks seasoned with O'Hara's Imperial Stout,Imperial stout,https://www.boanndistillery.ie/product/the-whistler-imperial-stout-cask-finish-batch-003/;https://www.boanndistillery.ie/our-spirits/the-whistler-range/,2026-10-03,https://www.boanndistillery.ie/wp-content/uploads/2025/11/the_whistler-stout.webp,irish_whiskey_new_craft
Irish Whiskey,Undisclosed (Ireland),"Drogheda, Co. Meath, Ireland",The Whistler Calvados Cask Finish,sourced,The Whistler,TRUE,FALSE,Blended Irish Whiskey; Calvados Cask,NAS,,,86,43.0,,Calvados casks,Calvados,https://www.boanndistillery.ie/product/the-whistler-calvados-cask-finish/;https://www.boanndistillery.ie/our-spirits/the-whistler-range/,2026-10-03,https://www.boanndistillery.ie/wp-content/uploads/2025/11/the-_whistler_calvados-1.webp,irish_whiskey_new_craft
Irish Whiskey,Undisclosed (Ireland),"Drogheda, Co. Meath, Ireland",The Whistler Mosaic Marsala Cask,sourced,The Whistler,TRUE,FALSE,Single Grain; Marsala Cask,NAS,,,92,46.0,Grain,Marsala casks,Marsala,https://www.boanndistillery.ie/product/the-whistler-mosaic-marsala-cask/;https://www.boanndistillery.ie/our-spirits/the-whistler-range/,2026-10-03,https://www.boanndistillery.ie/wp-content/uploads/2025/11/The-Whistler-Mosaic-Marsala-Irish-Whiskey.png,irish_whiskey_new_craft
Irish Whiskey,Undisclosed (Ireland),"Drogheda, Co. Meath, Ireland",The Whistler Triple Oak,sourced,The Whistler,TRUE,FALSE,Blended Irish Whiskey; Triple Distilled,NAS,,,80,40,,Three oak cask types,,https://www.boanndistillery.ie/product/the-whistler-triple-oak/;https://www.boanndistillery.ie/our-spirits/the-whistler-range/,2026-06-27,https://www.boanndistillery.ie/wp-content/uploads/2025/11/whistler_triple_oak_bottle_hi.webp,irish_whiskey_new_craft
Irish Whiskey,Undisclosed (Ireland),"Drogheda, Co. Meath, Ireland",The Whistler 10 Year Old French Oak Finish Single Malt,sourced,The Whistler,TRUE,FALSE,Single Malt; French Oak Cask,10 Years,,,92,46.0,100% malted barley,American oak then N.E.O.C Premier Grand Cru Classe Bordeaux finish,Bordeaux French oak,https://www.boanndistillery.ie/product/the-whistler-10-year-old-french-oak-finish-single-malt/;https://www.boanndistillery.ie/our-spirits/the-whistler-range/,2026-10-03,https://www.boanndistillery.ie/wp-content/uploads/2025/11/TheWhistler-French-Oak-SBC-PNG-webres.png,irish_whiskey_new_craft
Irish Whiskey,Undisclosed (Ireland),"Drogheda, Co. Meath, Ireland",The Whistler 16 Year Old Palo Cortado Finish El Misterioso,sourced,The Whistler,TRUE,FALSE,Single Malt; Sherry Cask,16 Years,,,92,46.0,100% malted barley,Palo Cortado sherry finish,Palo Cortado sherry,https://www.boanndistillery.ie/product/the-whistler-16-year-old-palo-cortado-finish-el-misterioso/;https://www.boanndistillery.ie/our-spirits/the-whistler-range/,2026-10-03,https://www.boanndistillery.ie/wp-content/uploads/2025/11/TheWhistler-Palo-Cortado-16-PNG-webres.png,irish_whiskey_new_craft
Irish Whiskey,Undisclosed (Ireland),"Drogheda, Co. Meath, Ireland",The Whistler 21 Year Old Madeira Justino's Collaboration,sourced,The Whistler,TRUE,FALSE,Single Malt; Madeira Cask,21 Years,,,109,54.5,100% malted barley,Madeira finish (Justino's),Madeira,https://www.boanndistillery.ie/product/the-whistler-21-yo-madeira-justinos-collaboration/;https://www.boanndistillery.ie/our-spirits/the-whistler-range/,2026-10-03,https://www.boanndistillery.ie/wp-content/uploads/2025/11/TheWhistler-24-02-01-005-1800x1800.jpg,irish_whiskey_new_craft
Irish Whiskey,Boann Distillery,"Drogheda, Co. Meath, Ireland",Boann Single Pot Still Madeira Cask,own_make,,FALSE,FALSE,Single Pot Still,NAS,,,94,47,"Malted and unmalted barley, oats, wheat, rye",Madeira casks,Madeira,https://www.boanndistillery.ie/product/boann-single-pot-still-irish-whiskey-madeira-cask/;https://www.boanndistillery.ie/our-spirits/boann-whiskey-range/,2026-06-27,https://www.boanndistillery.ie/wp-content/uploads/2025/11/MadeiraCaskSBC-scaled.png,irish_whiskey_new_craft
Irish Whiskey,Boann Distillery,"Drogheda, Co. Meath, Ireland",Boann Single Pot Still PX Cask,own_make,,FALSE,FALSE,Single Pot Still,NAS,,,94,47,"Malted and unmalted barley, oats, wheat, rye",PX casks,Pedro Ximenez,https://www.boanndistillery.ie/product/boann-single-pot-still-irish-whiskey-px-cask/;https://www.boanndistillery.ie/our-spirits/boann-whiskey-range/,2026-06-27,https://www.boanndistillery.ie/wp-content/uploads/2025/11/PXCaskSBC-scaled.png,irish_whiskey_new_craft
Irish Whiskey,Boann Distillery,"Drogheda, Co. Meath, Ireland",Boann Single Pot Still Marsala Cask,own_make,,FALSE,FALSE,Single Pot Still,NAS,,,94,47,"Malted and unmalted barley, oats, wheat, rye",Marsala casks,Marsala,https://www.boanndistillery.ie/product/boann-single-pot-still-irish-whiskey-marsala-cask/;https://www.boanndistillery.ie/our-spirits/boann-whiskey-range/,2026-06-27,https://www.boanndistillery.ie/wp-content/uploads/2025/11/MarsalaCaskSBC-scaled.png,irish_whiskey_new_craft
Irish Whiskey,Slane Distillery,"Slane, Co. Meath, Ireland",Slane Triple Casked Blend,blended,,FALSE,FALSE,Blended Irish Whiskey; Triple Distilled,NAS,,,80,40,Malt and grain whiskey blend,"Virgin oak, seasoned ex-American whiskey, and Oloroso sherry casks",,https://www.slaneirishwhiskey.com/whiskey/;https://www.slaneirishwhiskey.com/whiskey/process/,2026-06-06,https://www.slaneirishwhiskey.com/wp-content/uploads/2023/03/AW700ml-SLANE-Triple-Casked-800px.png,irish_whiskey_new_craft
Irish Whiskey,Slane Distillery,"Slane, Co. Meath, Ireland",Slane Special Edition,blended,,FALSE,FALSE,Blended Irish Whiskey; Triple Distilled,NAS,,,90,45,Malt and grain whiskey blend,Triple cask blend with increased virgin oak,,https://www.slaneirishwhiskey.com/whiskey/special-edition/,2026-06-06,https://www.slaneirishwhiskey.com/wp-content/uploads/2023/03/AW700ml-SLANE-Specia-Edition-800px.png,irish_whiskey_new_craft
Irish Whiskey,Slane Distillery,"Slane, Co. Meath, Ireland",Slane Batch Strength,blended,,FALSE,FALSE,Blended Irish Whiskey; Cask Strength,NAS,,,124,62,Malt and grain whiskey blend,"Virgin oak, seasoned ex-American whiskey, and Oloroso sherry casks",,https://www.slaneirishwhiskey.com/whiskey/batch-strength/,2026-06-06,https://www.slaneirishwhiskey.com/wp-content/uploads/2023/03/AW700ml-SLANE-Batch-Strength-800px.png,irish_whiskey_new_craft
Irish Whiskey,Undisclosed (Ireland),"Lanesborough, Co. Longford, Ireland",Bart's Blended Irish Whiskey,sourced,Bart's,TRUE,FALSE,Blended Irish Whiskey; Triple Distilled,NAS,,,92,46,79% grain / 11% pot still / 5% malt / 3% malt / 2% peated malt,Bourbon casks with Rye and Oloroso finish,Rye and Oloroso sherry,https://www.irishwhiskeymagazine.com/magazine/tastings/tastings-issue-12-lough-ree-barts/;https://www.celticwhiskeyshop.com/Lough-Ree-Barts-Blended-Irish-Whiskey,2026-06-27,https://www.irishwhiskeymagazine.com/wp-content/uploads/2021/05/Irish-Whiskey-Magazine-Two-Stacks-Smoke-and-Mirrors.jpg,irish_whiskey_new_craft
Irish Whiskey,Undisclosed (Ireland),"Ahascragh, Co. Galway, Ireland",Clan Colla 7 Year Old Single Grain,sourced,Clan Colla,TRUE,FALSE,Single Grain; Rum Cask,7 Years,,,92,46.0,Grain,Panamanian rum cask finish,Panamanian rum,https://ahascraghdistillery.com/products/clann-colla-7-year-old-single-grain-panamanian-rum-finish;https://ahascraghdistillery.com/pages/clan-colla-irish-whiskey,2026-10-03,NULL,irish_whiskey_new_craft
Irish Whiskey,Undisclosed (Ireland),"Ahascragh, Co. Galway, Ireland",Clan Colla 9 Year Old,sourced,Clan Colla,TRUE,FALSE,Class TBD,9 Years,,,92,46.0,,,,https://ahascraghdistillery.com/products/clan-colla-irish-whiskey-9-yo;https://ahascraghdistillery.com/pages/clan-colla-irish-whiskey,2026-10-03,https://cdn.shopify.com/s/files/1/0843/9536/0539/files/2.jpg,irish_whiskey_new_craft
Irish Whiskey,Undisclosed (Ireland),"Ahascragh, Co. Galway, Ireland",Clan Colla 11 Year Old Blend,sourced,Clan Colla,TRUE,FALSE,Blended Irish Whiskey,11 Years,,,92,46.0,,,,https://ahascraghdistillery.com/products/clan-colla-11-year-old-blend;https://ahascraghdistillery.com/pages/clan-colla-irish-whiskey,2026-10-03,https://cdn.shopify.com/s/files/1/0843/9536/0539/files/4.jpg,irish_whiskey_new_craft
Irish Whiskey,Undisclosed (Ireland),"Ahascragh, Co. Galway, Ireland",Clan Colla 13 Year Old Blend,sourced,Clan Colla,TRUE,FALSE,Blended Irish Whiskey,13 Years,,,92,46.0,,,,https://ahascraghdistillery.com/products/clan-colla-13-year-old-blend;https://ahascraghdistillery.com/pages/clan-colla-irish-whiskey,2026-10-03,https://cdn.shopify.com/s/files/1/0843/9536/0539/files/1.jpg,irish_whiskey_new_craft
Irish Whiskey,Undisclosed (Ireland),"Sligo, Co. Sligo, Ireland",Athrú Annacoona,sourced,Athrú,TRUE,FALSE,Single Malt,14 Years,,6600 bottles,96,48,,ex-Bourbon,Pedro Ximénez and Oloroso Sherry,https://www.celticwhiskeyshop.com/Athrú-Annacoona,2026-06-28,NULL,irish_whiskey_new_craft
Irish Whiskey,Undisclosed (Ireland),"Sligo, Co. Sligo, Ireland",Athrú Knocknarea,sourced,Athrú,TRUE,FALSE,Single Malt,14 Years,,6600 bottles,96,48,,ex-Bourbon (11 yrs American oak),Oloroso Sherry (3 yrs),https://www.whiskynotes.be/2023/irish-whiskey/athru-keshcorran-athru-knocknarea/,2026-06-06,https://www.whiskynotes.be/wp-content/uploads/2023/03/athru-knocknarea-120x300.jpg,irish_whiskey_new_craft
Irish Whiskey,Undisclosed (Ireland),"Sligo, Co. Sligo, Ireland",Athrú Keshcorran,sourced,Athrú,TRUE,FALSE,Single Malt,14 Years,,6600 bottles,96,48,,American oak (11 yrs),Tokaji wine cask,https://www.whiskynotes.be/2023/irish-whiskey/athru-keshcorran-athru-knocknarea/,2026-06-06,https://www.whiskynotes.be/wp-content/uploads/2023/03/athru-keshcorran-14-years-irish-whiskey.jpg,irish_whiskey_new_craft
Irish Whiskey,Undisclosed (Ireland),"Sligo, Co. Sligo, Ireland",Athrú Oloroso Single Cask,sourced,Athrú,TRUE,FALSE,Single Malt; Single Cask,6 Years,,295 bottles,,,,,Oloroso Sherry,https://www.celticwhiskeyshop.com/Athru-Oloroso-Sherry-Single-Cask-Release,2026-06-28,NULL,irish_whiskey_new_craft
Irish Whiskey,Undisclosed (Ireland),"Sligo, Co. Sligo, Ireland",Athrú 16 Year Old PX Single Cask,sourced,Athrú,TRUE,FALSE,Single Malt; Single Cask,16 Years,,,,,,,Pedro Ximénez,https://www.celticwhiskeyshop.com/Athru-16-Year-Old-Px-Single-Cask-Release,2026-06-28,NULL,irish_whiskey_new_craft
Irish Whiskey,Undisclosed (Ireland),"Sligo, Co. Sligo, Ireland",Athrú 16 Year Old Tokaji Single Cask,sourced,Athrú,TRUE,FALSE,Single Malt; Single Cask,16 Years,,,,,,,ex-Tokaji wine cask,https://www.celticwhiskeyshop.com/Athru-16-Year-Old-Tokaji-Single-Cask-Release,2026-06-28,NULL,irish_whiskey_new_craft
Irish Whiskey,Undisclosed (Ireland),"Ardara, Co. Donegal, Ireland",The Legendary Silkie,sourced,The Legendary Silkie,TRUE,FALSE,Blended Irish Whiskey,NAS,,,92,46,,,,https://www.sliabhliagdistillers.com/the-silkie-irish-whiskey/,2026-06-06,,irish_whiskey_new_craft
Irish Whiskey,Undisclosed (Ireland),"Ardara, Co. Donegal, Ireland",The Legendary Dark Silkie,sourced,The Legendary Silkie,TRUE,FALSE,Blended Irish Whiskey; Peated,NAS,,,92,46,,"ex-Bourbon, virgin oak",Sherry casks,https://www.sliabhliagdistillers.com/the-silkie-irish-whiskey/,2026-06-06,,irish_whiskey_new_craft
Irish Whiskey,Undisclosed (Ireland),"Ardara, Co. Donegal, Ireland",The Legendary Midnight Silkie,sourced,The Legendary Silkie,TRUE,FALSE,Blended Irish Whiskey; Peated,NAS,,,92,46,,"ex-Bourbon, ex-Sherry, ex-Red Wine, ex-Imperial Stout, virgin oak",,https://shop.sliabhliagdistillers.com/product/the-legendary-midnight-silkie-whiskey/,2026-06-06,,irish_whiskey_new_craft
Irish Whiskey,Sliabh Liag Distillery,"Ardara, Co. Donegal, Ireland",Sliabh Liag The Kilcar Release,own_make,,FALSE,FALSE,Single Malt; Peated; Double Distilled,NAS,,100 bottles,92,46,Irish peated malt (Meath barley; peat from Mín na bhFachraín),first-fill ex-Bourbon American white oak,,https://www.ibec.ie/drinksireland/news-insights-and-events/members-news/2023/08/25/introducing-sliabh-liag-the-kilcar-release,2026-06-06,,irish_whiskey_new_craft
Irish Whiskey,Connacht Distillery,"Ballina, Co. Mayo, Ireland",Connacht Single Malt Spirit of the Atlantic,own_make,,FALSE,FALSE,Single Malt,4 Years,,Batch One,94,47,,ex-Bourbon,Oloroso Sherry,https://www.celticwhiskeyshop.com/Connacht-Batch-One,2026-06-28,NULL,irish_whiskey_new_craft
Irish Whiskey,Undisclosed (Ireland),"Ballina, Co. Mayo, Ireland",Spade & Bushel 10 Year Old,sourced,Spade & Bushel,TRUE,FALSE,Single Malt; Cask Strength,10 Years,,5000 bottles,115,57.5,,ex-Bourbon,,https://distiller.com/spirits/spade-bushel-10-year-cask-strength,2026-06-06,,irish_whiskey_new_craft
Irish Whiskey,Undisclosed (Ireland),"Galway, Co. Galway, Ireland",Micil Inverin Small Batch,sourced,Micil,TRUE,FALSE,Blended Irish Whiskey; Peated,NAS,,,92,46,,,"recharred ex-Bourbon quarter casks, Pedro Ximénez casks, Micil peated poitín octaves",https://micildistillery.com/our-spirits/micil-irish-whiskey/,2026-06-28,NULL,irish_whiskey_new_craft
Irish Whiskey,Undisclosed (Ireland),"Galway, Co. Galway, Ireland",Micil Earls Island,sourced,Micil,TRUE,FALSE,Single Pot Still,NAS,,,92,46,,,Bordeaux red wine casks; ex-peated whiskey casks,https://micildistillery.com/our-spirits/micil-irish-whiskey/,2026-06-28,NULL,irish_whiskey_new_craft
Irish Whiskey,Undisclosed (Ireland),"Galway, Co. Galway, Ireland",Micil Madeira Island,sourced,Micil,TRUE,FALSE,Single Pot Still,NAS,,,92,46,,,Madeira wine cask; ex-peated quarter casks,https://micildistillery.com/our-spirits/micil-irish-whiskey/,2026-06-28,NULL,irish_whiskey_new_craft
Irish Whiskey,Undisclosed (Ireland),"Galway, Co. Galway, Ireland",Micil Long Walk,sourced,Micil,TRUE,FALSE,Blended Irish Whiskey; Peated,NAS,,,86,43,,"port, bourbon, virgin oak",,https://micildistillery.com/our-spirits/micil-irish-whiskey/,2026-06-28,NULL,irish_whiskey_new_craft
Irish Whiskey,Undisclosed (Ireland),"Ballyduff Upper, Co. Waterford, Ireland",Velvet Cap Triple Cask,sourced,Blackwater,TRUE,FALSE,Blended Irish Whiskey,NAS,,,80,40,,"bourbon, port, stouted rye casks",,https://blackwaterdistillery.ie/product/velvet-cap-irish-whiskey/,2026-06-28,NULL,irish_whiskey_new_craft
Irish Whiskey,Blackwater Distillery,"Ballyduff Upper, Co. Waterford, Ireland",Dirtgrain Manifesto,own_make,,FALSE,TRUE,Single Grain,NAS,,,,,,,,https://blackwaterdistillery.ie/product/dirtgrain/,2026-06-06,,irish_whiskey_new_craft
Irish Whiskey,Blackwater Distillery,"Ballyduff Upper, Co. Waterford, Ireland",Velvet Cap Single Malt Bordeaux Cask,own_make,,FALSE,FALSE,Single Malt,5 Years,,,80,40.0,,,Bordeaux cask,https://blackwaterdistillery.ie/product/velvet-cap-irish-whiskey-bordeaux-cask-finish-5-year-old/; https://www.masterofmalt.com/whiskies/blackwater/velvet-cap-5-year-old-single-malt-irish-whiskey-bordeaux-wine-cask-finish-whiskey/,2026-10-03,https://blackwaterdistillery.ie/wp-content/uploads/2025/11/Velvet-Cap-Bordeaux-Cask-1.webp,irish_whiskey_new_craft
Irish Whiskey,Blackwater Distillery,"Ballyduff Upper, Co. Waterford, Ireland",Velvet Cap Peated Single Malt Sherry Cask,own_make,,FALSE,FALSE,Single Malt; Peated; Sherry Cask,NAS,,,80,40,,,Sherry cask,https://blackwaterdistillery.ie/product/velvet-cap-irish-single-malt-peated/,2026-06-27,https://blackwaterdistillery.ie/wp-content/uploads/2025/11/Velvet-Cap-Single-Malt-Sherry-Cask.webp,irish_whiskey_new_craft
Irish Whiskey,Burren Distillers,"Ballyvaughan, Co. Clare, Ireland",Burren Single Malt Core Range,own_make,,FALSE,FALSE,Single Malt,NAS,,,90,45,Irish heritage barley,Irish sessile oak,,https://burrendistillers.com/products/burren-single-malt-core-range/,2026-06-27,https://burrendistillers.com/wp-content/uploads/2026/02/BottleShotLifeStyleNoStickerAI.png,irish_whiskey_new_craft
Irish Whiskey,Burren Distillers,"Ballyvaughan, Co. Clare, Ireland",Burren Single Malt First Release Gift Box,own_make,,FALSE,FALSE,Single Malt; First Release,NAS,,hand-numbered,90,45,Irish heritage barley,Irish sessile oak,,https://burrendistillers.com/products/burren-single-malt-gift-box/,2026-06-27,https://burrendistillers.com/wp-content/uploads/2026/06/producttiles2-t8waA2.png.png,irish_whiskey_new_craft
Irish Whiskey,The Shed Distillery,"Drumshanbo, Co. Leitrim, Ireland",Drumshanbo,own_make,,FALSE,FALSE,Single Pot Still; Triple Distilled,NAS,,,86,43,"Malted Irish barley, unmalted Irish barley, Irish Barra oats",Kentucky bourbon and Oloroso sherry casks,,https://www.thesheddistillery.com/our-creations/drumshanbo-irish-whiskey/;https://www.masterofmalt.com/whiskies/the-shed-distillery/drumshanbo-single-pot-still-whiskey/,2026-06-06,https://cdn11.bigcommerce.com/s-e8lbekfe7c/images/stencil/1920w/attribute_rule_images/53495_source_1779285057.jpg,irish_whiskey_new_craft
Irish Whiskey,The Shed Distillery,"Drumshanbo, Co. Leitrim, Ireland",Drumshanbo,own_make,,FALSE,FALSE,Single Pot Still; Triple Distilled; Inaugural Release,4 Years,2014,,92,46,"Malted Irish barley, unmalted Irish barley, Irish Barra oats",Kentucky bourbon and Oloroso sherry casks,,https://www.htfw.com/the-shed-distillery-drumshanbo-single-pot-still-inaugural-release-irish-2014-4-year-old-whiskey;https://www.thewhiskyexchange.com/p/53565/drumshanbo-single-pot-still-inaugural-whisky,2026-06-27,https://www.htfw.com/media/catalog/product/cache/51223aefd935e9442ebd0868a3d13ae4/l/p/lp12086_2_1.jpg,irish_whiskey_new_craft
Irish Whiskey,The Shed Distillery,"Drumshanbo, Co. Leitrim, Ireland",Drumshanbo,own_make,,FALSE,FALSE,Single Pot Still; Triple Distilled,7 Years,,Marsala Cask Edition,86,43,"Malted Irish barley, unmalted Irish barley, Irish Barra oats",Marsala casks,,https://www.thesheddistillery.com/product/drumshanbo-single-pot-still-irish-whiskey-marsala-cask-edition-700ml/;https://www.irishwhiskeymagazine.com/news/latest-news/drumshanbo-single-pot-still-irish-whiskey-marsala-cask-edition/,2026-10-03,https://www.thesheddistillery.com/wp-content/uploads/2024/03/1853870426-SHED-DRUMSHANBO-MARSALA-CASK-WHISKEY-GIFT-BOX-AND-BOTTLE.jpg,irish_whiskey_new_craft
Irish Whiskey,The Shed Distillery,"Drumshanbo, Co. Leitrim, Ireland",Drumshanbo,own_make,,FALSE,FALSE,Single Pot Still; Triple Distilled,7 Years,,Tawny Port Cask Edition,86,43,"Malted Irish barley, unmalted Irish barley, Irish Barra oats",Tawny Port casks,,https://www.prnewswire.com/news-releases/the-shed-distillery-unveils-drumshanbo-tawny-port-cask-single-pot-still-irish-whiskey-302387408.html,2026-06-27,https://mma.prnewswire.com/media/2629137/EJ1eiZUW4AM595K_Logo.jpg,irish_whiskey_new_craft
Irish Whiskey,Waterford Distillery,"Waterford, Co. Waterford, Ireland",Waterford Bannow Island,own_make,,FALSE,FALSE,Single Malt; Single Farm Origin,NAS,2015,Edition 1.1,100,50,100% Irish malted barley (Overture),"First-fill bourbon, virgin American oak, French oak",,https://www.thewhiskyexchange.com/feature/waterfordsinglefarmorigin;https://wordsofwhisky.com/waterford-single-farm-origin-1-1-bannow-island-ballykilcavan-2020/,2026-06-27,https://wordsofwhisky.com/wp-content/uploads/2020/07/waterford-single-farm-origin-bannow-island-balllykilcavan.jpg,irish_whiskey_new_craft
Irish Whiskey,Waterford Distillery,"Waterford, Co. Waterford, Ireland",Waterford Bannow Island,own_make,,FALSE,FALSE,Single Malt; Single Farm Origin,NAS,,Edition 1.2,100,50,100% Irish malted barley,"First-fill bourbon, virgin American oak, French oak, VDN",,https://nickollsandperks.com/p/waterford-single-farm-origin-bannow-island-12-103374941211/;https://www.whiskynotes.be/2021/irish-whiskey/waterford-single-farm-origins-1-2/,2026-06-27,https://nickollsandperks-21644.kxcdn.com/wp-content/uploads/2023/11/10648485_square.jpg,irish_whiskey_new_craft
Irish Whiskey,Waterford Distillery,"Waterford, Co. Waterford, Ireland",Waterford Ballykilcavan,own_make,,FALSE,FALSE,Single Malt; Single Farm Origin,NAS,2015,Edition 1.1,100,50,100% Irish malted barley (Taberna),"First-fill bourbon, virgin American oak, French oak",,https://www.thewhiskyexchange.com/feature/waterfordsinglefarmorigin,2026-06-06,,irish_whiskey_new_craft
Irish Whiskey,Waterford Distillery,"Waterford, Co. Waterford, Ireland",Waterford Ballykilcavan,own_make,,FALSE,FALSE,Single Malt; Single Farm Origin,NAS,,Edition 1.2,100,50,100% Irish malted barley,"First-fill bourbon, virgin American oak, French oak, VDN",,https://www.stillspirit.com/en-us/products/waterford-ballykilcavan-edition-1-2-single-farm-origin;https://www.whiskynotes.be/2021/irish-whiskey/waterford-single-farm-origins-1-2/,2026-06-27,http://www.stillspirit.com/cdn/shop/files/waterford-ballykilcavan-edition-1-2-single-farm-origin-all-spirits-45518100168985.jpg,irish_whiskey_new_craft
Irish Whiskey,Waterford Distillery,"Waterford, Co. Waterford, Ireland",Waterford Ratheadon,own_make,,FALSE,FALSE,Single Malt; Single Farm Origin,NAS,,Edition 1.1,100,50,100% Irish malted barley,"First-fill bourbon, virgin American oak, French oak",,http://thewhiskeychaser.ie/review-waterford-whisky-bannow-island-ballykilcavin-ratheadon-single-farm-origins-1-1/,2026-06-06,,irish_whiskey_new_craft
Irish Whiskey,Waterford Distillery,"Waterford, Co. Waterford, Ireland",Waterford Ratheadon,own_make,,FALSE,FALSE,Single Malt; Single Farm Origin,NAS,,Edition 1.2,100,50,100% Irish malted barley,"First-fill bourbon, virgin American oak, French oak, VDN",,https://nutsaboutwine.ie/product/waterford-single-farm-origin-ratheadon-edition-1-2-70cl/;https://thesinglemaltshop.com/product/waterford-single-farm-origin-ratheadon-1-2/,2026-06-27,https://nutsaboutwine.ie/wp-content/uploads/2020/11/Waterford-Ratheadon-1-2.jpg,irish_whiskey_new_craft
Irish Whiskey,Waterford Distillery,"Waterford, Co. Waterford, Ireland",Waterford Sheestown,own_make,,FALSE,FALSE,Single Malt; Single Farm Origin,3 Years,2016,Edition 1.1,100,50,100% Irish malted barley,"First-fill bourbon, virgin American oak, French oak",,https://www.htfw.com/waterford-single-farm-origin-series-sheestown-1-1-irish-2016-3-year-old-whiskey;https://lochsofwhisky.com/waterford-single-farm-origin-sheestown-edition-11,2026-06-27,https://www.htfw.com/media/catalog/product/cache/51223aefd935e9442ebd0868a3d13ae4/l/p/lp12624_2_1.jpg,irish_whiskey_new_craft
Irish Whiskey,Waterford Distillery,"Waterford, Co. Waterford, Ireland",Waterford Sheestown,own_make,,FALSE,FALSE,Single Malt; Single Farm Origin,NAS,,Edition 1.2,100,50,100% Irish malted barley,"First-fill bourbon, virgin American oak, French oak, VDN",,https://www.whiskybase.com/whiskies/whisky/169013/waterford-sheestown-edition-12;https://www.caskers.com/waterford-single-farm-origin-sheestown-edition-1-2-irish-single-malt-whisky/,2026-06-27,https://cdn.caskers.com/catalog/product/cache/4f6989790ecdd0e389055fabaf312a4d/w/a/waterford-single-farm-origin-sheestown-edition-1.2-1.jpg,irish_whiskey_new_craft
Irish Whiskey,Waterford Distillery,"Waterford, Co. Waterford, Ireland",Waterford Hook Head,own_make,,FALSE,FALSE,Single Malt; Single Farm Origin,3 Years,2015,Edition 1.1,100,50,100% Irish malted barley (Propino),"First-fill bourbon, virgin American oak, French oak",,https://nickollsandperks.com/p/waterford-single-farm-origin-hook-head-11-103345041221/;https://spiriteddrinks.com/waterford-unveils-two-single-single-farm-origins-whiskeys-hook-head-and-lakefield/,2026-06-27,https://nickollsandperks-21644.kxcdn.com/wp-content/uploads/2023/11/10656468_square.jpg,irish_whiskey_new_craft
Irish Whiskey,Waterford Distillery,"Waterford, Co. Waterford, Ireland",Waterford Lakefield,own_make,,FALSE,FALSE,Single Malt; Single Farm Origin,NAS,,Edition 1.1,100,50,100% Irish malted barley,"First-fill bourbon, virgin American oak, French oak",,https://www.masterofmalt.com/whiskies/waterford-distillery/waterford-single-farm-origin-lakefield-1-1-whisky/;https://spiriteddrinks.com/waterford-unveils-two-single-single-farm-origins-whiskeys-hook-head-and-lakefield/,2026-06-27,https://cdn11.bigcommerce.com/s-e8lbekfe7c/images/stencil/1024w/attribute_rule_images/51202_source_1758884221.jpg,irish_whiskey_new_craft
Irish Whiskey,Waterford Distillery,"Waterford, Co. Waterford, Ireland",Waterford Dunmore,own_make,,FALSE,FALSE,Single Malt; Single Farm Origin,NAS,,Edition 1.1,100,50,100% Irish malted barley,"35% bourbon, 25% French oak, 20% new American oak, 20% VDN",,https://www.caskers.com/waterford-single-farm-origin-dunmore-edition-1-1-irish-single-malt-whisky/;https://distiller.com/spirits/waterford-dunmore-edition-1-1,2026-06-27,https://cdn.caskers.com/catalog/product/cache/4f6989790ecdd0e389055fabaf312a4d/w/a/waterford-single-farm-origin-dunmore-edition-1.1_1_2.jpg,irish_whiskey_new_craft
Irish Whiskey,Waterford Distillery,"Waterford, Co. Waterford, Ireland",Waterford Ballymorgan,own_make,,FALSE,FALSE,Single Malt; Single Farm Origin,4 Years,2016,Edition 1.1,100,50,100% Irish malted barley,"First-fill bourbon, virgin American oak, French oak",,https://www.htfw.com/waterford-ballymorgan-1-1-irish-single-malt-whisky,2026-06-06,,irish_whiskey_new_craft
Irish Whiskey,Waterford Distillery,"Waterford, Co. Waterford, Ireland",Waterford Broomlands,own_make,,FALSE,FALSE,Single Malt; Single Farm Origin,NAS,,Edition 1.2,100,50,100% Irish malted barley,"First-fill bourbon, virgin American oak, French oak, VDN",,https://www.galumbi.com/blog/2022/06/25/waterford-single-farm-origin-broomlands-edition-1-2-irish-single-malt-whisky-irish-affinity/,2026-06-06,,irish_whiskey_new_craft
Irish Whiskey,Waterford Distillery,"Waterford, Co. Waterford, Ireland",Waterford Grattansbrook,own_make,,FALSE,FALSE,Single Malt; Single Farm Origin,NAS,,Edition 1.1,100,50,100% Irish malted barley,"First-fill bourbon, virgin American oak, French oak",,https://www.malthound.co.uk/2021/03/waterford-irish-distillery-unveils-new-single-farm-origins-whiskies-for-spring/,2026-06-06,,irish_whiskey_new_craft
Irish Whiskey,Waterford Distillery,"Waterford, Co. Waterford, Ireland",Waterford Tinnashrule,own_make,,FALSE,FALSE,Single Malt; Single Farm Origin,NAS,,Edition 1.1,100,50,100% Irish malted barley,"First-fill bourbon, virgin American oak, French oak",,https://whiskyexperts.net/pr-alles-ueber-die-neuen-waterford-single-farm-origin-whiskys-im-fruehjahr-2021/;https://www.malthound.co.uk/2021/03/waterford-irish-distillery-unveils-new-single-farm-origins-whiskies-for-spring/,2026-06-06,,irish_whiskey_new_craft
Irish Whiskey,Waterford Distillery,"Waterford, Co. Waterford, Ireland",Waterford The Cuvée,own_make,,FALSE,FALSE,Single Malt,NAS,,,100,50,100% Irish malted barley,Premium American and French oak,,https://waterfordwhisky.com/waterford-whisky-unveils-the-cuvee/;https://distiller.com/spirits/waterford-the-cuvee,2026-06-06,,irish_whiskey_new_craft
Irish Whiskey,Waterford Distillery,"Waterford, Co. Waterford, Ireland",Waterford The Cuvée Koffi,own_make,,FALSE,FALSE,Single Malt,6 Years,,Koffi,100,50,100% Irish malted barley,Premium American and French oak,,https://www.whiskeys.ie/irish-whiskey/waterford-cuvee-koffi.php;https://www.irishwhiskeymagazine.com/news/latest-news/waterford-brings-together-a-cuvee-from-24-single-farm-origins/,2026-06-06,,irish_whiskey_new_craft
Irish Whiskey,Waterford Distillery,"Waterford, Co. Waterford, Ireland",Waterford Peated Fenniscourt,own_make,,FALSE,FALSE,Single Malt; Single Farm Origin; Peated,NAS,,Edition 1.1,100,50,100% Irish malted barley (38 ppm),"First-fill bourbon, virgin American oak, French oak",,https://malt-review.com/2023/03/23/waterford-peated-fenniscourt-1-1-and-ballybannon-1-1/;https://www.drinkhacker.com/2023/01/20/review-waterford-distillery-peated-fenniscourt-1-1-and-peated-ballybannon-1-1/,2026-06-27,https://www.drinkhacker.com/wp-content/uploads/2022/12/waterford_peated_202209_h-e1671663039452.jpg,irish_whiskey_new_craft
Irish Whiskey,Waterford Distillery,"Waterford, Co. Waterford, Ireland",Waterford Peated Ballybannon,own_make,,FALSE,FALSE,Single Malt; Single Farm Origin; Peated,NAS,,Edition 1.1,100,50,100% Irish malted barley (47 ppm),"First-fill bourbon, virgin American oak, French oak",,https://goodspiritsnews.wordpress.com/2022/10/07/gsn-review-waterford-peated-ballybannon/;https://malt-review.com/2023/03/23/waterford-peated-fenniscourt-1-1-and-ballybannon-1-1/,2026-06-27,https://goodspiritsnews.wordpress.com/wp-content/uploads/2022/09/wf-peated-ballybanon-bottlebox.png,irish_whiskey_new_craft
Irish Whiskey,Waterford Distillery,"Waterford, Co. Waterford, Ireland",Waterford Organic Gaia,own_make,,FALSE,FALSE,Single Malt; Organic,NAS,,Edition 1.1,100,50,100% Irish organic malted barley,"First-fill bourbon, virgin American oak, French oak",,https://www.drinkhacker.com/2024/03/18/review-waterford-distillery-heritage-hunter-and-organic-cuvee-gaia/,2026-06-27,https://www.drinkhacker.com/wp-content/uploads/2024/02/WD-Heritage-Hunter-Product-WEB-8-e1708995363351.jpg,irish_whiskey_new_craft
Irish Whiskey,Waterford Distillery,"Waterford, Co. Waterford, Ireland",Waterford Biodynamic Luna,own_make,,FALSE,FALSE,Single Malt; Biodynamic,3 Years,,Edition 1.1,100,50,100% Irish biodynamic malted barley (three farms),"First-fill, virgin, French oak, Vin Doux Naturel",,https://www.drinkhacker.com/2022/07/26/review-waterford-distillery-biodynamic-luna-1-1/,2026-06-27,https://www.drinkhacker.com/wp-content/uploads/2022/06/biodynamic_1024x1024@2x.png.webp,irish_whiskey_new_craft
Irish Whiskey,Killarney Brewing & Distilling,"Killarney, Co. Kerry, Ireland",Killarney 8 Year Old Inaugural,sourced,Killarney Brewing & Distilling,TRUE,FALSE,Blended Irish Whiskey; Imperial Stout Barrel Aged,8 Years,,Inaugural Release,92,46,,,Imperial stout barrels,https://www.irishmalts.com/blended/killarney-8-year-old-inaugural-whiskey-imperial-stout/;https://www.celticwhiskeyshop.com/Killarney-8-Year-Blend,2026-06-27,https://www.irishmalts.com/wp-content/uploads/2021/05/Killarney-8-Year-Old-Inaugural-Whiskey.jpg,irish_whiskey_new_craft
Irish Whiskey,Baoilleach Distillery,"Carrigart, Co. Donegal, Ireland",An Chéad,own_make,,FALSE,FALSE,Class TBD; Peated; Double Distilled; Cask Strength,NAS,,First Release,117.4,58.7,"Malted and unmalted barley, rye, oats","Bourbon quarter casks, Ruby Port hogshead",,https://www.baoilleachdistillery.ie/products/baoilleach-an-chead-irish-whiskey;https://www.irishwhiskeymagazine.com/news/new-releases/baoilleach-distillery-unveil-first-irish-whiskey-an-chead/,2026-06-06,https://www.baoilleachdistillery.ie/cdn/shop/files/ChatGPT-Image_Apr_28_2026_01_17_26_PM.png,irish_whiskey_new_craft
Irish Whiskey,Baoilleach Distillery,"Carrigart, Co. Donegal, Ireland",An Chéad,own_make,,FALSE,FALSE,Class TBD; Peated; Double Distilled,NAS,,First Release,95.8,47.9,"Malted and unmalted barley, rye, oats","Bourbon quarter casks, Ruby Port hogshead",,https://www.baoilleachdistillery.ie/products/an-chead-irish-whiskey-cask-strenght-47-9;https://www.irishwhiskeymagazine.com/news/new-releases/baoilleach-distillery-unveil-first-irish-whiskey-an-chead/,2026-06-28,NULL,irish_whiskey_new_craft
Irish Whiskey,The Ardara Distillery,"Ardara, Co. Donegal, Ireland",Ardara,own_make,,FALSE,FALSE,Single Malt; Heavily Peated; Triple Distilled,NAS,,2025 Edition,92,46,Irish malted barley (55 ppm),American bourbon and virgin oak; wooden soleras pre-maturation,,https://www.ardaradistillery.com/product/ardara-single-malt/;https://whiskymonkeys.com/en/news/ardara-distillery-unveils-a-heavily-peated-all-grain-whiskey,2026-06-06,https://www.ardaradistillery.com/wp-content/uploads/2025/10/Still1_2.jpg,irish_whiskey_new_craft
Irish Whiskey,The Ardara Distillery,"Ardara, Co. Donegal, Ireland",Ardara,own_make,,FALSE,FALSE,Single Malt; Heavily Peated; Triple Distilled; Cask Strength,NAS,,2025 Visitor Centre Exclusive,117,58.5,Irish malted barley (55 ppm),American bourbon and virgin oak,,https://whiskymonkeys.com/en/news/ardara-distillery-unveils-a-heavily-peated-all-grain-whiskey; https://drinkstore.ie/products/ardara-peated-cask-strength-single-malt-700ml; https://jamesfox.ie/products/ardara-single-malt-cask-strength,2026-10-03,https://r.testifier.nl/Acbs8526SDKI/resizing_type:fill/width:1200/height:630/plain/https%3A%2F%2Fs3-newsifier.ams3.digitaloceanspaces.com%2Fwhiskymonkeys.com%2Fimages%2F2025-08%2Fardara-irish-whiskey-2025-release.jpg,irish_whiskey_new_craft
Irish Whiskey,Undisclosed (Ireland),"Lakeview Estate, Killarney, Co. Kerry, Ireland",The Liberator Malt in Tawny Port Finish,sourced,Wayward Irish Spirits,TRUE,FALSE,Single Malt,NAS,,Batch 5,92,46,,First-fill American ex-bourbon,Tawny Port casks,https://www.waywardirishspirits.com/bio;https://thewateroflife.org/2023/04/17/wayward-irish-spirits-and-the-liberator-irish-whiskey-malt-x-moscatel/,2026-06-27,https://i0.wp.com/thewateroflife.org/wp-content/uploads/2023/04/340399461_252682707183203_4882256450253087894_n.jpg,irish_whiskey_new_craft
Irish Whiskey,Undisclosed (Ireland),"Lakeview Estate, Killarney, Co. Kerry, Ireland",The Liberator Double Port Finish,blended,Wayward Irish Spirits,TRUE,FALSE,Blended Irish Whiskey,NAS,,Batch 3,92,46,42% single malt / 58% single grain,Ex-bourbon,Tawny Port and Ruby Port casks,https://www.waywardirishspirits.com/bio,2026-06-06,,irish_whiskey_new_craft
Irish Whiskey,Undisclosed (Ireland),"Lakeview Estate, Killarney, Co. Kerry, Ireland",Lakeview Single Estate,sourced,Wayward Irish Spirits,TRUE,FALSE,Single Pot Still; Single Estate,5 Years,,Second Edition,92,46,Estate-grown barley,Ex Premier Grand Cru Bordeaux barrels,,https://www.waywardirishspirits.com/bio,2026-06-06,,irish_whiskey_new_craft
Irish Whiskey,Undisclosed (Ireland),"Lakeview Estate, Killarney, Co. Kerry, Ireland",The Liberator Storehouse Specials Port 'n' Peat,blended,Wayward Irish Spirits,TRUE,FALSE,Blended Irish Whiskey; Peated,NAS,,Port 'n' Peat,92,46.0,4% peated malt component,,Port casks,https://www.waywardirishspirits.com/bio; https://jamesfox.ie/products/the-liberator-port-n-peat-storehouse-special-batch-4; https://jamesfox.ie/products/the-liberator-port-n-peat-storehouse-special-batch-3,2026-10-03,,irish_whiskey_new_craft
Irish Whiskey,Undisclosed (Ireland),"Clonmel, Co. Tipperary, Ireland",Watershed,sourced,Tipperary Boutique Distillery,TRUE,FALSE,Single Malt,NAS,,,94,47,,Ex-bourbon (six first-fill casks per batch),,https://www.tipperarydistillery.ie/the-whiskey/watershed;https://www.masterofmalt.com/whiskies/tipperary/tipperary-watershed-whiskey/,2026-10-03,https://cdn11.bigcommerce.com/s-e8lbekfe7c/images/stencil/1024w/attribute_rule_images/17006_source_1758883483.jpg,irish_whiskey_new_craft
Irish Whiskey,Undisclosed (Ireland),"Clonmel, Co. Tipperary, Ireland",Knockmealdowns,sourced,Tipperary Boutique Distillery,TRUE,FALSE,Single Malt,10 Years,,,94,47,,Ex-bourbon (six casks),,https://www.tipperarydistillery.ie/the-whiskey/knockmealdowns,2026-06-06,,irish_whiskey_new_craft
Irish Whiskey,Undisclosed (Ireland),,Homegrown,sourced,Tipperary Boutique Distillery,TRUE,FALSE,Single Malt; Sherry Cask Finish,8 Years,,,92,46,Estate-grown Ballindoney barley,,Sherry casks,https://www.tipperarydistillery.ie/the-whiskey/homegrown-8-year-old-sherry-cask-finish-single-malt; https://www.tipperarydistillery.ie/the-whiskey/our-homegrown-single-malt; https://www.thetaste.ie/tipperary-boutique-distillery-barley/; https://www.irishexaminer.com/business/companies/arid-40190655.html,2026-10-02,,irish_whiskey_new_craft
Irish Whiskey,Undisclosed (Ireland),,Our Homegrown,sourced,Tipperary Boutique Distillery,TRUE,FALSE,Single Malt,NAS,,,100,50.0,Estate-grown Ballindoney barley,,,https://www.tipperarydistillery.ie/the-whiskey/our-homegrown-single-malt,2026-10-03,,irish_whiskey_new_craft
Irish Whiskey,Tipperary Boutique Distillery,"Clonmel, Co. Tipperary, Ireland",Home Grown Barley Single Malt Rioja Cask Sake Finish,own_make,,FALSE,FALSE,Single Malt,NAS,,,,,Estate-grown Ballindoney barley,Rioja casks,Sake casks,https://www.tipperarydistillery.ie/the-whiskey/home-grown-barley-single-malt-rioja-cask-sake-finish,2026-06-06,,irish_whiskey_new_craft
Irish Whiskey,Tipperary Boutique Distillery,"Clonmel, Co. Tipperary, Ireland",Home Grown Barley Single Malt Rioja Cask Mezcal Finish,own_make,,FALSE,FALSE,Single Malt,NAS,,,,,Estate-grown Ballindoney barley,Rioja casks,Mezcal casks,https://www.tipperarydistillery.ie/the-whiskey/home-grown-barley-single-malt-rioja-cask-mezcal-finish,2026-06-06,,irish_whiskey_new_craft
Irish Whiskey,Undisclosed (Ireland),,Port Wine Finish Single Cask,sourced,Tipperary Boutique Distillery,TRUE,FALSE,Single Malt; Single Cask,NAS,,258 bottles,101,50.5,Estate-grown Ballindoney barley,,Port wine cask,https://www.tipperarydistillery.ie/the-whiskey/port-wine-finish-single-cask; https://www.irishexaminer.com/business/companies/arid-40190655.html; https://www.thetaste.ie/tipperary-boutique-distillery-barley/,2026-10-03,,irish_whiskey_new_craft
Irish Whiskey,Dingle,"Dingle, Co. Kerry, Ireland",Dingle Single Malt,own_make,,FALSE,FALSE,Single Malt; Batch 6; Port Cask,NAS,,Batch 6,93,46.5,,,Port casks,https://www.irishwhiskeymagazine.com/news/dingle-single-malt-batch-6/,2026-10-03,https://www.irishwhiskeymagazine.com/wp-content/uploads/2021/05/Irish-Whiskey-Magazine-Dingle-Distillery-launch-core-expression.jpg,irish_whiskey_new_craft
Irish Whiskey,Dingle,"Dingle, Co. Kerry, Ireland",Dingle Single Malt,own_make,,FALSE,FALSE,Single Malt; Batch 6; Cask Strength; Port Cask,NAS,,Batch 6,120.8,60.4,,,Port casks,https://www.irishwhiskeymagazine.com/news/dingle-single-malt-batch-6/; https://drinkstore.ie/products/dingle-single-malt-cask-strength-batch-6,2026-10-03,https://www.irishwhiskeymagazine.com/wp-content/uploads/2021/05/Irish-Whiskey-Magazine-Dingle-Distillery-launch-core-expression.jpg,irish_whiskey_new_craft
Irish Whiskey,Dingle,"Dingle, Co. Kerry, Ireland",Dingle Single Pot Still,own_make,,FALSE,FALSE,Single Pot Still; Batch 5; Bourbon Cask,NAS,,Batch 5,93,46.5,,Ex-bourbon cask,,https://www.celticwhiskeyshop.com/Dingle-Single-Pot-Still-Batch-5-Cask-Strength; https://shop.dingledistillery.ie/products/batch-series-pot-still-fifth-release; https://www.masterofmalt.com/whiskies/the-dingle-distillery/dingle-fifth-single-pot-still-whiskey/,2026-10-03,https://shop.dingledistillery.ie/cdn/shop/files/DingleSinglePotStill5Shopify.jpg,irish_whiskey_new_craft
Irish Whiskey,Dingle,"Dingle, Co. Kerry, Ireland",Dingle Single Malt,own_make,,FALSE,FALSE,Single Malt; Limited Edition; Madeira Malvasia Cask Finish,13 Years,,,102.6,51.3,,Bourbon casks,Madeira Malvasia casks (18 months),https://shop.dingledistillery.ie/products/dingle-limited-edition-13-year-old-single-malt-irish-whiskey; https://www.vineyardbelfast.co.uk/products/dingle-13-year-old-513-abv-700ml,2026-10-02,https://shop.dingledistillery.ie/cdn/shop/files/Image_2fcc5a45-fbe2-4c06-bbf8-dd8c916cc083.png,irish_whiskey_new_craft
Irish Whiskey,Dingle,"Dingle, Co. Kerry, Ireland",Dingle Single Pot Still,own_make,,FALSE,FALSE,Single Pot Still; Limited Edition; Pedro Ximénez Cask,11 Years,,,103.4,51.7,Malted Barley / Unmalted Barley,Pedro Ximénez sherry casks (full maturation),,https://drinkstore.ie/products/dingle-11-year-old-single-pot-still-700ml; https://www.whisky.fr/en/dingle-11-ans-single-pot-still-pedro-ximenez.html; https://www.vineyardbelfast.co.uk/products/dingle-single-pot-still-irish-whiskey-11-year-old-px-cask-517-abv-70cl; https://www.spirituosen-journal.de/1523-flaschen-dingle-distillery-praesentiert-limited-2026-release-170774/,2026-10-02,https://drinkstore.ie/cdn/shop/files/Dingle-11-Year-Old-Single-Pot-Still-700ML-1486.jpg,irish_whiskey_new_craft
Irish Whiskey,Dingle,"Dingle, Co. Kerry, Ireland",Dingle Single Malt,own_make,,FALSE,FALSE,Single Malt; Single Cask; Cask Strength; Caribbean Rum Cask Finish; An Ghaeltacht GAA,NAS,,,117,58.5,,Bourbon cask,Caribbean rum cask,https://shop.dingledistillery.ie/products/dingle-single-cask-an-ghaeltacht-gaa,2026-10-02,https://shop.dingledistillery.ie/cdn/shop/files/Image_2e155bd6-b7a7-419d-b13d-e7764aeccda8.png,irish_whiskey_new_craft
Irish Whiskey,Dingle,"Dingle, Co. Kerry, Ireland",Dingle Single Malt,own_make,,FALSE,FALSE,Single Malt; Wheel of the Year; Samhain,NAS,,,101,50.5,,First-fill bourbon casks,Muscatel casks,https://shop.dingledistillery.ie/products/dingle-wheel-of-the-year-samhain-single-malt-1,2026-10-02,https://shop.dingledistillery.ie/cdn/shop/files/Screenshot_2026-04-03_at_22.06.31.png,irish_whiskey_new_craft
Irish Whiskey,Dingle,"Dingle, Co. Kerry, Ireland",Dingle Single Malt,own_make,,FALSE,FALSE,Single Malt; Wheel of the Year; Lá le Bríde,NAS,,,101,50.5,,First-fill bourbon casks,Rye casks,https://shop.dingledistillery.ie/products/dingle-wheel-of-the-year-bride-single-malt,2026-10-02,https://shop.dingledistillery.ie/cdn/shop/files/Screenshot_2026-04-03_at_22.07.36.png,irish_whiskey_new_craft
Irish Whiskey,Dingle,"Dingle, Co. Kerry, Ireland",Dingle Single Pot Still,own_make,,FALSE,FALSE,Single Pot Still; Wheel of the Year; Bealtaine,NAS,,,105,52.5,,First-fill bourbon casks,Shiraz casks,https://shop.dingledistillery.ie/products/dingle-wheel-of-the-year-samhain-single-malt,2026-10-02,https://shop.dingledistillery.ie/cdn/shop/files/Screenshot_2026-04-03_at_22.05.44.png,irish_whiskey_new_craft
Irish Whiskey,Dingle,"Dingle, Co. Kerry, Ireland",Dingle Single Malt,own_make,,FALSE,FALSE,Single Malt; Wheel of the Year; Lúnasa,NAS,,,101,50.5,,Bourbon casks,Widow Jane bourbon barrels,https://shop.dingledistillery.ie/products/woty-lunasa-single-malt,2026-10-02,https://shop.dingledistillery.ie/cdn/shop/files/LunasaSingleMalt-Shopify_eac92ad7-300f-4ee8-877b-d517858cb245.jpg,irish_whiskey_new_craft
Irish Whiskey,Dingle,"Dingle, Co. Kerry, Ireland",Dingle Single Malt,own_make,,FALSE,FALSE,Single Malt; Wheel of the Year; Grianstad an Gheimhridh,NAS,,,101,50.5,,Bourbon casks,Tawny Port casks,https://shop.dingledistillery.ie/products/woty-gheimhridh-pot-still,2026-10-02,https://shop.dingledistillery.ie/cdn/shop/files/GrianstadanGheimhridhSingleMalt-Shopify.jpg,irish_whiskey_new_craft
Irish Whiskey,Dingle,"Dingle, Co. Kerry, Ireland",Dingle Single Pot Still,own_make,,FALSE,FALSE,Single Pot Still; Wheel of the Year; Grianstad an tSamhraidh,NAS,,,101,50.5,,First-fill bourbon casks,Rye casks,https://shop.dingledistillery.ie/products/woty-tsamhraidh-pot-still,2026-10-02,https://shop.dingledistillery.ie/cdn/shop/files/GrianstadantSamhraidhSinglePotStillShopify.jpg,irish_whiskey_new_craft
Irish Whiskey,Dingle,"Dingle, Co. Kerry, Ireland",Dingle Single Malt,own_make,,FALSE,FALSE,Single Malt; Wheel of the Year; Cónocht an Fómhair,NAS,,,101,50.5,,,,https://shop.dingledistillery.ie/products/woty-fomhair-single-malt,2026-10-02,https://shop.dingledistillery.ie/cdn/shop/files/ConochtanFomhairSingleMalt-Shopify.jpg,irish_whiskey_new_craft
Irish Whiskey,Dingle,"Dingle, Co. Kerry, Ireland",Dingle Single Pot Still,own_make,,FALSE,FALSE,Single Pot Still; Wheel of the Year; Lá an Dreoilín,NAS,,,105,52.5,,Bourbon casks,Muscatel casks,https://shop.dingledistillery.ie/products/woty-dreoilin-pot-still,2026-10-02,https://shop.dingledistillery.ie/cdn/shop/files/LaanDreoilinSinglePotStillShopify.jpg,irish_whiskey_new_craft
Irish Whiskey,The Shed Distillery,"Drumshanbo, Co. Leitrim, Ireland",Drumshanbo,own_make,,FALSE,FALSE,Single Pot Still; Triple Distilled; Limited Release,10 Years,,,86,43.0,Malted Barley / Barley / Oats (Irish Barra),Kentucky bourbon and acacia casks,,https://www.irishwhiskeymagazine.com/news/new-releases/shed-distillery-10yo-drumshanbo-single-pot-still-irish-whiskey/; https://jamesfox.ie/products/drumshanbo-10-year-old-single-pot-still; https://diceys.com/onlinestore/shop/product/drumshanbo-single-pot-still-irish-whiskey-10-year-old-limited-release; https://www.irishtimes.com/food/drink/2026/05/09/four-new-whiskeys-to-try-including-one-you-can-only-buy-in-kerry/,2026-10-02,https://jamesfox.ie/cdn/shop/files/drumshanbo-10yo-sps_1200x1200.jpg,irish_whiskey_new_craft
Irish Whiskey,Copeland,"Donaghadee, Co. Down, Northern Ireland",Copeland 26.3,own_make,,FALSE,FALSE,Single Pot Still; Single Cask; Cask Strength; Distillery Exclusive,6 Years,2019,2026 Release; 26.3; Cask 66,114.8,57.4,,First-fill American bourbon quarter cask (140 L),,https://copelanddistillery.com/product/discover-26-3-copeland-distillery-irish-whiskey/,2026-10-02,https://copelanddistillery.com/wp-content/uploads/2026/07/4.webp,irish_whiskey_new_craft
Irish Whiskey,Copeland,"Donaghadee, Co. Down, Northern Ireland",Copeland 26.4,own_make,,FALSE,FALSE,Single Malt; Cask Strength; Chocolate Malt,5 Years,,2026 Release; 26.4 CS,115.2,57.6,Malted Barley 90% / Chocolate Malt 10%,First-fill American bourbon casks,Oloroso sherry casks,https://copelanddistillery.com/product/26-4-single-malt-irish-whiskey-cask-strength/,2026-10-02,https://copelanddistillery.com/wp-content/uploads/2026/09/copeland-september-26-full-res-45-scaled.webp,irish_whiskey_new_craft
Irish Whiskey,Copeland,"Donaghadee, Co. Down, Northern Ireland",Copeland 26.4,own_make,,FALSE,FALSE,Single Malt; Chocolate Malt,5 Years,,2026 Release; 26.4,92,46.0,Malted Barley 90% / Chocolate Malt 10%,First-fill American bourbon casks,Oloroso sherry casks,https://copelanddistillery.com/product/26-4-single-malt-irish-whiskey/,2026-10-02,https://copelanddistillery.com/wp-content/uploads/2026/09/copeland-september-26-full-res-36-2-scaled.webp,irish_whiskey_new_craft
Irish Whiskey,Rademon Estate,"Crossgar, Co. Down, Northern Ireland",Shortcross Single Malt,own_make,,FALSE,FALSE,Single Malt,7 Years,,2026 Release; Belfast Whiskey Week 2026,92,46.0,,First-fill Oloroso hogshead (full maturation),,https://rademonestatedistilleryshop.com/products/7-year-old-single-malt-x-belfast-whiskey-week-2026,2026-10-02,https://rademonestatedistilleryshop.com/cdn/shop/files/distilleryexclusive_shopify_grande.png,irish_whiskey_new_craft
Irish Whiskey,Baoilleach Distillery,"Carrigart, Co. Donegal, Ireland",An Dara,own_make,,FALSE,FALSE,Class TBD; Peated; Double Distilled,NAS,,Bottling No. 2,,,,"Bourbon quarter cask, Oloroso hogshead and Oloroso butt (vatting of three casks)",,https://baoilleachdistillery.ie/products/baoilleach-bottling-no-2-irish-whiskey-46,2026-10-02,https://www.baoilleachdistillery.ie/cdn/shop/files/AN_DARA_BOTTLE_9b896caa-4cf8-4294-98fd-d7d4c8fad35f.png,irish_whiskey_new_craft
Irish Whiskey,Baoilleach Distillery,"Carrigart, Co. Donegal, Ireland",An Dara,own_make,,FALSE,FALSE,Class TBD; Peated; Double Distilled; Cask Strength,NAS,,Bottling No. 2,113.8,56.9,,"Bourbon quarter cask, Oloroso hogshead and Oloroso butt (vatting of three casks)",,https://baoilleachdistillery.ie/products/pre-sale-baoilleach-bottling-no-2-irish-whiskey-cask-strength,2026-10-02,https://www.baoilleachdistillery.ie/cdn/shop/files/AN_DARA_BOTTLE.png,irish_whiskey_new_craft
Irish Whiskey,Undisclosed (Ireland),,Dunville's,sourced,Dunville's,TRUE,FALSE,Single Malt; Single Cask; Cask Strength; Armagnac Cask Finish,21 Years,,Cask 17,108.6,54.3,,,Domaine Grand Môle Armagnac cask (Cask 17),https://echlinville.com/shop/echlinville-distillery-shop/whiskey/dunvilles-armagnac-cask/; https://echlinville.com/our-story/,2026-10-02,https://echlinville.s3-assets.com/wp-content/uploads/2026/07/DSC06016-scaled.jpg,irish_whiskey_new_craft
Irish Whiskey,Echlinville,"Kircubbin, Co. Down, Northern Ireland",Dunville's 1808,unknown,,,FALSE,Blended Irish Whiskey; Casked In Bond; Ruby Port Cask Finish; Belfast Tradfest 2026,NAS,,2026 Release,92,46.0,,,Ruby Port cask,https://echlinville.com/shop/echlinville-distillery-shop/whiskey/__trashed/; https://echlinville.com/blog/dunvilles-belfast-tradfest-2026/,2026-10-02,https://echlinville.s3-assets.com/wp-content/uploads/2026/06/Tradfest-1808-CIB-2026-800x500-1.png,irish_whiskey_new_craft
Irish Whiskey,Clonakilty Distillery,"Clonakilty, Co. Cork, Ireland",Clonakilty Chronicles of the Coast,unknown,,,FALSE,Class TBD; Single Cask; Cask Strength; Apricot Brandy Cask Finish; The King of Spades,NAS,,,115.6,57.8,,,Apricot brandy cask,https://clonakiltydistillery.ie/join-the-clonakilty-crew-whiskey-club/; https://whiskymonkeys.com/en/news/clonakilty-shuffles-mythology-and-whiskey-in-a-new-limited-collection,2026-10-03,https://clonakiltydistillery.ie/wp-content/uploads/2026/06/Copy-of-Clon-Crew-FB-Group.png,irish_whiskey_new_craft
Irish Whiskey,Boann Distillery,"Drogheda, Co. Meath, Ireland",Boann Legacy Single Pot Still,own_make,,FALSE,FALSE,Single Pot Still,NAS,,,80,40.0,Malted Barley / Unmalted Barley / Oats / Rye,"Seven cask types: bourbon, Oloroso, Pedro Ximénez, Palo Cortado, Amontillado, Moscatel, French oak",,https://www.boanndistillery.ie/product/boann-legacy-single-pot-still-irish-whiskey-40-abv/; https://www.vineyardbelfast.co.uk/products/boann-legacy-single-pot-still-irish-whiskey-40-abv-70cl,2026-10-02,https://www.boanndistillery.ie/wp-content/uploads/2026/06/Boann-Legacy-Web-Res.png,irish_whiskey_new_craft
Irish Whiskey,Boann Distillery,"Drogheda, Co. Meath, Ireland",Boann Legacy Single Pot Still,own_make,,FALSE,FALSE,Single Pot Still; Cask Strength; Summer Solstice,NAS,,2026 Release,118.4,59.2,Malted Barley / Unmalted Barley / Oats / Rye,"Seven cask types: bourbon, Oloroso, Pedro Ximénez, Palo Cortado, Amontillado, Moscatel, French oak",,https://www.boanndistillery.ie/product/summer-solstice-boann-legacy-cask-strength-single-pot-still-irish-whiskey-59-2-abv/,2026-10-02,https://www.boanndistillery.ie/wp-content/uploads/2026/06/legacy-cask-strength-wbag.jpg,irish_whiskey_new_craft
Irish Whiskey,Boann Distillery,"Drogheda, Co. Meath, Ireland",The Heart Cut,sourced,The Heart Cut,TRUE,FALSE,Single Pot Still; Single Cask; Cask Strength; Moscatel de Setúbal Cask; #23 Boann Distillery,NAS,2021,#23,123.4,61.7,Malted Barley 40% / Unmalted Barley 55% / Oats 3.75% / Rye 1.25%,Moscatel de Setúbal cask (full maturation),,https://theheartcut.com/products/23-boann-distillery; https://thewhiskeywash.com/whiskey-news/the-heart-cut-launches-23-from-boann-distillery/,2026-10-02,https://cdn.shopify.com/s/files/1/0775/3868/9359/files/The_Heart_Cut_23_by_Boann_Distillery.jpg,irish_whiskey_new_craft
Irish Whiskey,Boann Distillery,"Drogheda, Co. Meath, Ireland",Redacted,sourced,Redacted Independent Bottlers,TRUE,FALSE,Single Pot Still; Single Cask; Rejuvenated French Oak Cask; 200ml Naggin,5 Years,,,85,42.5,Malted Barley 50% / Unmalted Barley 50%,"Premier Grand Cru Classé Bordeaux barrel, then rejuvenated Forêt de Tronçais French oak cask",,https://redactedbottlers.com/products/untitled-apr13_17-57; https://www.irishwhiskeymagazine.com/news/new-releases/redacted-independent-bottlers-5-year-old-single-pot-still/,2026-10-02,https://www.redactedbottlers.com/cdn/shop/files/1000294767.jpg,irish_whiskey_new_craft
Irish Whiskey,Killowen,"Rostrevor, Co. Down, Northern Ireland",Killowen Barántúil,own_make,,FALSE,FALSE,Class TBD; Single Cask; Cask Strength; Madeira Cask; Sagaland Part 4 Imbolc,5 Years,,Cask KD319,119.6,59.8,,Ex-peated single malt cask and Madeira cask,,https://www.killowendistillery.com/product/sagaland-part-iv-imbolc/; https://www.irishwhiskeymagazine.com/news/new-releases/killowen-barantuil-sagaland-chapter-4-imbolc-release/,2026-10-03,https://www.killowendistillery.com/wp-content/uploads/2026/02/IMG_5530.jpg,irish_whiskey_new_craft
Irish Whiskey,Pearse Lyons,"Dublin, Co. Dublin, Ireland",Pearse The Camino Collection,own_make,,FALSE,FALSE,Single Pot Still; Single Cask; Cask Strength; Oloroso Hogshead,NAS,,PS 21-118 O,118.2,59.1,Malted Barley / Unmalted Barley / adjunct grains,Oloroso hogshead (full maturation),,https://www.bevnet.com/pr/2026/07/23/pearse-lyons-distillery-launches-the-camino-collection-single-cask-programme; https://pearselyonsdistillery.com/the-camino-collection-single-pot-still/,2026-10-02,,irish_whiskey_new_craft
Irish Whiskey,Pearse Lyons,,Pearse The Camino Collection,own_make,,FALSE,FALSE,Single Malt; Single Cask; Cask Strength; Pedro Ximénez Hogshead,NAS,,M 19-043 PX,111.2,55.6,Malted Barley 100%,Pedro Ximénez hogshead (full maturation),,https://www.bevnet.com/pr/2026/07/23/pearse-lyons-distillery-launches-the-camino-collection-single-cask-programme; https://pearselyonsdistillery.com/the-camino-collection-single-malt/,2026-10-02,,irish_whiskey_new_craft
Irish Whiskey,Pearse Lyons,,Pearse The Camino Collection,own_make,,FALSE,FALSE,Single Malt; Single Cask; Cask Strength; Kentucky Bourbon Barrel Ale Barrels,NAS,,M 14-C398 KA,108.6,54.3,Malted Barley 100%,Kentucky Bourbon Barrel Ale barrels (full maturation),,https://www.bevnet.com/pr/2026/07/23/pearse-lyons-distillery-launches-the-camino-collection-single-cask-programme; https://pearselyonsdistillery.com/the-camino-collection-single-malt/,2026-10-02,,irish_whiskey_new_craft
Irish Whiskey,Crolly Distillery,"Crolly, Co. Donegal, Ireland",Croithlí Single Malt,own_make,,FALSE,FALSE,Single Malt; Double Distilled,NAS,,,80,40.0,,First-fill ex-bourbon casks,"Virgin oak (Sessile, Quercus robur, Quercus alba)",https://thecrollydistillery.com/product/croithli-single-malt-irish-whiskey/; https://www.spirituosen-journal.de/triple-cask-crolly-distillery-stellt-croithli-single-malt-vor-172357/,2026-10-02,https://thecrollydistillery.com/wp-content/uploads/2026/03/Single-malt-whiskey.jpg,irish_whiskey_new_craft
Irish Whiskey,Crolly Distillery,"Crolly, Co. Donegal, Ireland",Croithlí,own_make,,FALSE,FALSE,Single Malt; Double Distilled; Cask Strength; Oloroso Single Cask,NAS,,Batch 1,109.6,54.8,,European oak ex-Oloroso sherry hogsheads (full maturation),,https://thecrollydistillery.com/product/oloroso-single-cask-single-malt-irish-whiskey/; https://thewhiskeywash.com/whiskey-news/croithli-oloroso-single-cask-rare-irish-whiskey/,2026-10-02,https://thecrollydistillery.com/wp-content/uploads/2026/05/Oloroso-Single-Cask-featured.webp,irish_whiskey_new_craft
Irish Whiskey,Connacht Distillery,"Ballina, Co. Mayo, Ireland",Ballina,own_make,,FALSE,FALSE,Single Malt; Single Cask; Cask Strength; Sauternes Cask; Distillery Exclusive,7 Years,,,118.2,59.1,,Ex-Sauternes cask (full maturation),,https://ballinawhiskey.com/products/sauternes-distillery-exclusive; https://www.irishwhiskeymagazine.com/news/new-releases/ballina-7yo-sauternes-aged-irish-whiskey/,2026-10-02,https://ballinawhiskey.com/cdn/shop/files/image-1.png,irish_whiskey_new_craft
Irish Whiskey,Undisclosed (Ireland),,Clan Colla The Three Collas,sourced,Clan Colla,TRUE,FALSE,Class TBD,NAS,,,86,43.0,,American oak and European Oloroso sherry casks,,https://ahascraghdistillery.com/products/clan-colla-three-collas,2026-10-02,https://cdn.shopify.com/s/files/1/0843/9536/0539/files/Untitleddesign-13.png,irish_whiskey_new_craft
Irish Whiskey,Undisclosed (Ireland),,Garden County,sourced,Garden County,TRUE,FALSE,Single Pot Still; Limited Edition; Fortified Wine Cask Series; PX Cask Finish,9 Years,2016,,110,55.0,Malted Barley 62% / Unmalted Barley 38%,Bourbon casks,Pedro Ximénez sherry cask (9 months),https://www.irishmalts.com/single-pot-still-irish-whiskey/garden-county-limited-edition-9-year-old-px-cask/; https://www.irishtimes.com/food/drink/2026/05/09/four-new-whiskeys-to-try-including-one-you-can-only-buy-in-kerry/; https://gardencountyirishwhiskey.com/products/fortified-wine-series-release-spain-1-1; https://gardencountyirishwhiskey.com/pages/our-story; https://gardencountyirishwhiskey.com/products/7-year-old-single-pot-still-batch-01-2024,2026-10-03,https://www.irishmalts.com/wp-content/uploads/2026/05/Product-Images-26.jpg,irish_whiskey_new_craft
Irish Whiskey,Copeland,"Donaghadee, Co. Down, Northern Ireland",Copeland 25.1,own_make,,FALSE,FALSE,Single Malt; Chocolate Malt,5 Years,,25.1,92,46.0,Malted Barley 90% / Chocolate Malt 10%,"First-fill American bourbon casks, plus a first-fill Oloroso sherry quarter cask","Virgin American oak casks, char level 4 (5 months)",https://copelanddistillery.com/product/25-1-single-malt-irish-whiskey/,2026-10-03,https://copelanddistillery.com/wp-content/uploads/2025/06/25.1-single-malt-e1749555568852.webp,irish_whiskey_new_craft
Irish Whiskey,Copeland,"Donaghadee, Co. Down, Northern Ireland",Copeland 25.1,own_make,,FALSE,FALSE,Single Malt; Cask Strength; Chocolate Malt,5 Years,,25.1 CS,117.2,58.6,Malted Barley 90% / Chocolate Malt 10%,"First-fill American bourbon casks, plus a first-fill Oloroso sherry quarter cask","Virgin American oak casks, char level 4 (5 months)",https://copelanddistillery.com/product/25-1-cask-strength-single/,2026-10-03,,irish_whiskey_new_craft
Irish Whiskey,Copeland,"Donaghadee, Co. Down, Northern Ireland",Copeland 25.2,own_make,,FALSE,FALSE,Single Malt; Single Cask; Distillery Exclusive,5 Years,,25.2,114.6,57.3,Malted Barley 100%,"Pedro Ximénez sherry hogshead, 250 L (full maturation)",,https://copelanddistillery.com/product/25-2-single-cask-single-malt-irish-whiskey/,2026-10-03,https://copelanddistillery.com/wp-content/uploads/2025/07/copeland-15th-July-full-res-1-scaled.webp,irish_whiskey_new_craft
Irish Whiskey,Copeland,"Donaghadee, Co. Down, Northern Ireland",Copeland 25.3,own_make,,FALSE,FALSE,Single Malt,5 Years,,25.3,92,46.0,Malted Barley 100%,First-fill American bourbon barrels and one Oloroso sherry quarter cask (eight casks),Ex-California Pinot Noir cask previously used for the distillery's Smugglers' Reserve rum,https://copelanddistillery.com/product/25-3-single-malt-irish-whiskey/; https://www.masterofmalt.com/whiskies/copeland/copeland-25-3-single-malt-irish-whiskey/,2026-10-03,https://copelanddistillery.com/wp-content/uploads/2025/10/copeland-25.3-sep-25-full-res-70-scaled-e1762421200582.webp,irish_whiskey_new_craft
Irish Whiskey,Copeland,"Donaghadee, Co. Down, Northern Ireland",Copeland 25.3,own_make,,FALSE,FALSE,Single Malt; Cask Strength,5 Years,,25.3 CS,116.8,58.4,Malted Barley 100%,First-fill American bourbon barrels and one Oloroso sherry quarter cask (eight casks),Ex-California Pinot Noir cask previously used for the distillery's Smugglers' Reserve rum,https://copelanddistillery.com/product/25-3-cask-strength-single-malt-irish-whiskey/; https://www.masterofmalt.com/whiskies/copeland/copeland-25-3-cask-strength-single-malt-irish-whiskey/,2026-10-03,https://copelanddistillery.com/wp-content/uploads/2025/10/copeland-25.3-sep-25-full-res-12-scaled.webp,irish_whiskey_new_craft
Irish Whiskey,Copeland,"Donaghadee, Co. Down, Northern Ireland",Copeland 25.4,own_make,,FALSE,FALSE,Single Pot Still; Double Distilled,5 Years,,25.4,92,46.0,Malted Barley 50% / Unmalted Barley 50%,First-fill American bourbon cask (4 years 8 months),Ex-California Pinot Noir cask (4 months),https://copelanddistillery.com/product/25-4-pot-still-irish-whiskey/; https://www.masterofmalt.com/whiskies/copeland/copeland-5-year-old-limited-release-25-4-pot-still-irish-whisk/,2026-10-03,https://copelanddistillery.com/wp-content/uploads/2025/11/copeland-november-2025-full-res-176-scaled.webp,irish_whiskey_new_craft
Irish Whiskey,Copeland,"Donaghadee, Co. Down, Northern Ireland",Copeland 25.4,own_make,,FALSE,FALSE,Single Pot Still; Double Distilled; Cask Strength,5 Years,,25.4 CS,114.4,57.2,Malted Barley 50% / Unmalted Barley 50%,First-fill American bourbon cask (4 years 8 months),Ex-California Pinot Noir cask (4 months),https://copelanddistillery.com/product/25-4-cask-strength-pot-still-irish-whiskey/,2026-10-03,https://copelanddistillery.com/wp-content/uploads/2025/11/copeland-november-2025-full-res-175-scaled.webp,irish_whiskey_new_craft
Irish Whiskey,Connacht Distillery,"Ballina, Co. Mayo, Ireland",Ballina,own_make,,FALSE,FALSE,Single Malt; Double Distilled; Dúbailte,NAS,,,86,43.0,,Bourbon casks (55%) and Oloroso sherry casks (45%),,https://ballinawhiskey.com/products/ballina-dubailte-whiskey; https://jamesfox.ie/products/ballina-double-distilled-single-malt-bourbon-sherry; https://www.thewhiskyexchange.com/p/87864/ballina-dubailte-double-distilled-irish-single-malt,2026-10-03,https://ballinawhiskey.com/cdn/shop/files/BallinaTest01.png,irish_whiskey_new_craft
Irish Whiskey,Connacht Distillery,"Ballina, Co. Mayo, Ireland",Ballina,own_make,,FALSE,FALSE,Single Malt; Triple Distilled; Triarach,NAS,,,86,43.0,,"Bourbon casks (50%), Oloroso sherry casks (40%) and ruby port casks (10%)",,https://ballinawhiskey.com/products/ballina-triarach-whiskey; https://jamesfox.ie/products/ballina-triarach-triple-distilled-single-malt; https://www.thewhiskyexchange.com/p/87865/ballina-triarach-triple-distilled-irish-single-malt,2026-10-03,https://ballinawhiskey.com/cdn/shop/files/BallinaTriarachFlatLay.png,irish_whiskey_new_craft
Irish Whiskey,Royal Oak Distillery,"Royal Oak, Co. Carlow, Ireland",The Busker Small Batch Single Malt,own_make,,FALSE,FALSE,Single Malt; Small Batch; Triple Distilled,NAS,,,92.6,46.3,Malted Barley 100%,Bourbon barrels,Oloroso sherry casks,https://www.thespiritsbusiness.com/2026/03/the-busker-small-batch-single-malt-lands-in-uk/; https://www.thewhiskyexchange.com/p/86079/busker-small-batch-single-malt-irish-whiskey; https://thewhiskeywash.com/whiskey-news/the-busker-small-batch-single-malt-launches-in-the-uk/,2026-10-03,https://img.thewhiskyexchange.com/900/irish_bus89.jpg,irish_whiskey_new_craft
Irish Whiskey,Undisclosed (Ireland),,Clonakilty 18 Year Old Single Malt,sourced,Clonakilty,TRUE,FALSE,Single Malt; Single Cask,18 Years,,,92,46.0,,,,https://shop.clonakiltydistillery.ie/products/18-year-old-single-malt-46-70cl; https://clonakiltydistillery.ie/join-the-clonakilty-crew-whiskey-club/,2026-10-03,https://cdn.shopify.com/s/files/1/0691/3674/4674/files/8AA5D486-EFCD-46A6-8384-1776883E0C4D.png,irish_whiskey_new_craft
Irish Whiskey,Undisclosed (Ireland),,Dunville's PX,sourced,Dunville's,TRUE,FALSE,Single Malt; PX Sherry Cask,23 Years,,,92,46.0,,,Pedro Ximénez sherry hogsheads (almost six years),https://echlinville.com/shop/echlinville-distillery-shop/whiskey/dunvilles-px23-year-old-single-malt-irish-whiskey/; https://echlinville.com/our-story/,2026-10-03,https://echlinville.s3-assets.com/wp-content/uploads/2025/06/PX-23-500x800-1.png,irish_whiskey_new_craft
Irish Whiskey,Undisclosed (Ireland),,Dunville's VR Port Mourant,sourced,Dunville's,TRUE,FALSE,Single Malt; Port Mourant Rum Cask Finish,18 Years,,,114.2,57.1,,,Port Mourant Demerara rum casks,https://echlinville.com/shop/echlinville-distillery-shop/whiskey/dunvilles-vr-18-port-mourant-rum-finish-single-malt/; https://echlinville.com/our-story/,2026-10-03,https://echlinville.s3-assets.com/wp-content/uploads/2021/05/UNTITL1.png,irish_whiskey_new_craft
Irish Whiskey,Dingle,"Dingle, Co. Kerry, Ireland",Dingle Single Pot Still,own_make,,FALSE,FALSE,Single Pot Still; Batch 5; Cask Strength; Bourbon Cask,NAS,,Batch 5,119,59.5,,Bourbon casks (full maturation),,https://shop.dingledistillery.ie/products/batch-series-pot-still-fifth-release-cask-strength,2026-10-03,https://cdn.shopify.com/s/files/1/0896/7032/0461/files/DingleSinglePotStill5-CaskStrengthShopify.jpg,irish_whiskey_new_craft
Irish Whiskey,Dingle,"Dingle, Co. Kerry, Ireland",Dingle Single Malt,own_make,,FALSE,FALSE,Single Malt; Wheel of the Year; Cónocht an Earraigh,NAS,,,101,50.5,,First-fill bourbon casks,Cabernet Sauvignon wine casks,https://www.vineyardbelfast.co.uk/products/dingle-conocht-earraigh-cabernet-sauvignon-cask-finished-irish-single-malt-505-abv-70cl; https://drinkstore.ie/products/dingle-conocht-an-earraigh-700ml; https://jamesfox.ie/products/dingle-conocht-an-earraigh-single-malt,2026-10-03,https://cdn.shopify.com/s/files/1/0261/0721/5962/products/Dingle-Conocht-An-Earraigh-700ML-1406.jpg,irish_whiskey_new_craft
Irish Whiskey,The Shed Distillery,"Drumshanbo, Co. Leitrim, Ireland",Drumshanbo,own_make,,FALSE,FALSE,Single Pot Still; Triple Distilled; Oloroso Sherry Cask,NAS,,,,,Malted Barley / Unmalted Barley / Oats (Irish Barra),Oloroso sherry casks,,https://www.thesheddistillery.com/product/new-drumshanbo-single-pot-still-irish-whiskey-oloroso-sherry-cask-700ml/; https://jamesfox.ie/products/drumshanbo-single-pot-still-oloroso-sherry-cask,2026-10-03,https://www.thesheddistillery.com/wp-content/uploads/2026/06/Drumshanbo-OLOROSO-EXPRESSION-BOTH-scaled.png,irish_whiskey_new_craft
Irish Whiskey,Boann Distillery,"Drogheda, Co. Meath, Ireland",Two Stacks,sourced,Two Stacks,TRUE,FALSE,Class TBD; Single Cask; Polaris 4.1; Vintage Mash Bill No. 5,NAS,,,114,57.0,Oats 30% / Unmalted Barley 40% / Malted Barley 30%,Oloroso sherry hogshead (full maturation),,https://twostackswhiskey.com/products/two-stacks-polaris-4-1-vintage-mashbill-700ml-abv-57,2026-10-03,https://cdn.shopify.com/s/files/1/0863/2012/0084/files/Polaris_V4_Bottle.png,irish_whiskey_new_craft
Irish Whiskey,Boann Distillery,"Drogheda, Co. Meath, Ireland",Two Stacks,sourced,Two Stacks,TRUE,FALSE,Class TBD; Cask Strength; Polaris 4.2; Vintage Mash Bill No. 6,NAS,2020,,105,52.5,Barley 40% / Malted Barley 30% / Oats 15% / Wheat 15%,Planteray Barbados rum cask,"Pedro Ximénez cask, Ximénez-Spínola (nine months)",https://twostackswhiskey.com/products/polaris-4-2-vintage-mash-bill-dram-in-a-can-100ml-abv-52-5,2026-10-03,https://cdn.shopify.com/s/files/1/0863/2012/0084/files/Polaris4.2_Can.jpg,irish_whiskey_new_craft
Irish Whiskey,Blackwater Distillery,"Ballyduff Upper, Co. Waterford, Ireland",Master of Malt,sourced,Master of Malt,TRUE,FALSE,Single Malt; Single Cask; Blackwater Hunter Barley,3 Years,2021,,110,55.0,Malted Barley 100% (Hunter),First-fill bourbon barrel,,https://www.masterofmalt.com/whiskies/blackwater/blackwater-3-year-old-2021-hunter-barley-single-cask-master-of-malt-whiskey/,2026-10-03,https://cdn11.bigcommerce.com/s-e8lbekfe7c/images/stencil/1024w/attribute_rule_images/97640_source_1783324960.jpg,irish_whiskey_new_craft
Irish Whiskey,Undisclosed (Ireland),,The Whistler Dark Symphony,sourced,The Whistler,TRUE,FALSE,Blended Irish Whiskey; Triple Distilled; Cognac Cask Finish,NAS,,,86.2,43.1,,First-fill bourbon casks (3 to 4 years),"Cognac VSOP casks, N.E.O.C. (12 months minimum)",https://www.boanndistillery.ie/product/the-whistler-dark-symphony/; https://www.irishmalts.com/irish-whiskey/the-whistler-dark-symphony/,2026-10-03,https://www.boanndistillery.ie/wp-content/uploads/2025/11/TheWhistler-Dark-Symphony-SBC-webres-email.png,irish_whiskey_new_craft
Irish Whiskey,Crolly Distillery,"Crolly, Co. Donegal, Ireland",Croithlí Coillín Darach,unknown,,,FALSE,Single Malt; Coillín Darach Oak Series; Sessile Oak Finish,NAS,,,92,46.0,,Ex-bourbon barrels,"Virgin Quercus petraea (sessile oak) casks, Slovenian wood",https://thecrollydistillery.com/product/quercus-petraea/; https://www.irishmalts.com/irish-whiskey/croithli-quercus-petraea-sessile-oak-cask-finish/; https://jamesfox.ie/products/croithli-sessile-oak-cask-finish-single-malt,2026-10-03,https://thecrollydistillery.com/wp-content/uploads/2025/09/sessd-2.jpg,irish_whiskey_new_craft
Irish Whiskey,Crolly Distillery,"Crolly, Co. Donegal, Ireland",Croithlí Coillín Darach,unknown,,,FALSE,Single Malt; Coillín Darach Oak Series; Quercus Alba Finish,NAS,,,92,46.0,,Ex-bourbon barrels,Virgin Quercus alba (American white oak) casks,https://thecrollydistillery.com/product/quercus-alba/; https://jamesfox.ie/products/croithli-quercus-alba-american-oak-finish-single-malt; https://www.vineyardbelfast.co.uk/products/croithi-quercus-alba-single-malt-70cl-46abv,2026-10-03,https://thecrollydistillery.com/wp-content/uploads/2025/09/alba-irish-whiskey-24.jpg,irish_whiskey_new_craft
Irish Whiskey,Crolly Distillery,"Crolly, Co. Donegal, Ireland",Croithlí Coillín Darach,unknown,,,FALSE,Single Malt; Coillín Darach Oak Series; Quercus Robur Finish,NAS,,,92,46.0,,Ex-bourbon barrels,"Virgin Quercus robur casks, Slavonian oak (Lužnjak)",https://thecrollydistillery.com/product/quercus-robur/; https://jamesfox.ie/products/croithli-quercus-robur-european-oak-finish-single-malt; https://www.vineyardbelfast.co.uk/products/croithli-single-malt-oak-series-quercus-robur46-abv-700ml,2026-10-03,https://thecrollydistillery.com/wp-content/uploads/2025/09/robur-4-badge.jpg,irish_whiskey_new_craft
Irish Whiskey,Crolly Distillery,"Crolly, Co. Donegal, Ireland",Croithlí Distillery Reserve,unknown,,,FALSE,Single Malt; Peated; Double Distilled,NAS,,,96.6,48.3,,Ex-bourbon casks,Virgin oak casks (three years),https://thecrollydistillery.com/product/distillery-reserve-70cl/,2026-10-03,https://thecrollydistillery.com/wp-content/uploads/2023/01/Distillery-Reserve-image.webp,irish_whiskey_new_craft
Irish Whiskey,Crolly Distillery,"Crolly, Co. Donegal, Ireland",Croithlí,own_make,,FALSE,FALSE,Single Malt; Double Distilled; Cask Strength; PX Single Cask,NAS,,Batch 1,117.6,58.8,,"Pedro Ximénez-seasoned Spanish oak butt, 500 L (full maturation)",,https://thecrollydistillery.com/product/px-single-cask-single-malt-irish-whiskey/,2026-10-03,https://thecrollydistillery.com/wp-content/uploads/2025/12/PX-Cask-Product.jpg,irish_whiskey_new_craft
Irish Whiskey,Crolly Distillery,"Crolly, Co. Donegal, Ireland",Croithlí,own_make,,FALSE,FALSE,Single Malt; Cask 2 Release,4 Years,,Cask 2,,,,,,https://thecrollydistillery.com/product/cask-2-release/,2026-10-03,https://thecrollydistillery.com/wp-content/uploads/2022/11/Cask-2-bottle.jpeg,irish_whiskey_new_craft
Irish Whiskey,Undisclosed (Ireland),,Croithlí,sourced,Croithlí,TRUE,FALSE,Blended Irish Whiskey; Triple Distilled; Sherry Cask Finish; Farewell Release,10 Years,,,92,46.0,,American bourbon casks,Oloroso sherry casks,https://thecrollydistillery.com/product/10-year-old-sherry-cask-finish/; https://thecrollydistillery.com/product/cask-2-release/,2026-10-03,https://thecrollydistillery.com/wp-content/uploads/2025/10/Crolly-10-YO-Box-1080x1080-1-1024x1024-1.jpg,irish_whiskey_new_craft
Irish Whiskey,Undisclosed (Ireland),,Croithlí,sourced,Croithlí,TRUE,FALSE,Class TBD; Triple Distilled; Jamaican Rum Finish,12 Years,,,92,46.0,,American bourbon casks,Jamaican rum casks,https://thecrollydistillery.com/product/croithli-12-year-old-jamaican-rum-finish/; https://thecrollydistillery.com/product/cask-2-release/,2026-10-03,https://thecrollydistillery.com/wp-content/uploads/2025/10/croithli-12-Year-whiskey-sq.jpg,irish_whiskey_new_craft
Irish Whiskey,Undisclosed (Ireland),"Ahascragh, Co. Galway, Ireland",Clan Colla 19 Year Old,sourced,Clan Colla,TRUE,FALSE,Single Malt; Oloroso Sherry Cask Finish,19 Years,2001,,92,46.0,,First-fill American white oak bourbon casks (19 years),Oloroso sherry butts,https://ahascraghdistillery.com/products/clan-colla-single-malt-irish-whiskey-19-year-old,2026-10-03,https://cdn.shopify.com/s/files/1/0843/9536/0539/files/91_c91dc47c-1314-4b45-97ac-1f991dc4a50d.png,irish_whiskey_new_craft
Irish Whiskey,Undisclosed (Ireland),"Ahascragh, Co. Galway, Ireland",Clan Colla 20 Year Old Amarone,sourced,Clan Colla,TRUE,FALSE,Single Malt; Double Distilled; Amarone Cask Finish,20 Years,2001,,92,46.0,,American bourbon barrels (19 years),Amarone casks (one year),https://ahascraghdistillery.com/products/clan-colla-single-malt-irish-whiskey-20-year-old-amarone,2026-10-03,https://cdn.shopify.com/s/files/1/0843/9536/0539/files/93_5a61fb13-4c32-48cf-8fb8-eab92c1258aa.png,irish_whiskey_new_craft
Irish Whiskey,Undisclosed (Ireland),"Ahascragh, Co. Galway, Ireland",Clan Colla 20 Year Old Amarone Cask Strength,sourced,Clan Colla,TRUE,FALSE,Single Malt; Double Distilled; Single Cask; Cask Strength; Amarone Cask Finish,20 Years,2001,,110,55.0,,American bourbon barrels (19 years),Amarone cask (one year),https://ahascraghdistillery.com/products/clan-colla-single-malt-irish-whiskey-20-year-old-amarone-cask-strength,2026-10-03,https://cdn.shopify.com/s/files/1/0843/9536/0539/files/45.png,irish_whiskey_new_craft
Irish Whiskey,Undisclosed (Ireland),"Ahascragh, Co. Galway, Ireland",Clan Colla 20 Year Old Pedro Ximénez,sourced,Clan Colla,TRUE,FALSE,Single Malt; PX Sherry Cask Finish,20 Years,2001,,92,46.0,,First-fill American white oak bourbon casks (19 years),Pedro Ximénez casks,https://ahascraghdistillery.com/products/clan-colla-single-malt-irish-whiskey-20-year-old-pedro-ximenez,2026-10-03,https://cdn.shopify.com/s/files/1/0843/9536/0539/files/ADL-eCommerceImages_2.png,irish_whiskey_new_craft
Irish Whiskey,Undisclosed (Ireland),"Ahascragh, Co. Galway, Ireland",UAIS The Triple Blend,sourced,UAIS,TRUE,FALSE,Blended Irish Whiskey,NAS,,,86,43.0,Pot Still 25% / Single Malt 25% / Single Grain 50%,Ex-bourbon and virgin oak casks,,https://ahascraghdistillery.com/products/uais-irish-whiskey,2026-10-03,https://cdn.shopify.com/s/files/1/0843/9536/0539/files/UAIS.png,irish_whiskey_new_craft
Irish Whiskey,Undisclosed (Ireland),,Dunville's VR Oloroso,sourced,Dunville's,TRUE,FALSE,Single Malt; Oloroso Sherry Cask,18 Years,,,110,55.0,,,Oloroso sherry casks,https://www.vineyardbelfast.co.uk/products/dunvilles-18-year-old-vr-55-abv-700ml,2026-10-03,https://cdn.shopify.com/s/files/1/2525/1426/products/6559fb3f60ef45df03c34673e68c025ac6078c8e.jpg,irish_whiskey_new_craft
Irish Whiskey,Undisclosed (Ireland),"Sligo, Co. Sligo, Ireland",Athrú Small Batch,sourced,Athrú,TRUE,FALSE,Class TBD; Small Batch,NAS,,Release 1,92,46.0,,"Bourbon, Oloroso sherry and Madeira casks",,https://www.masterofmalt.com/whiskies/hawks-rock/athru-small-batch-release-1-whiskey/,2026-10-03,https://cdn11.bigcommerce.com/s-e8lbekfe7c/images/stencil/1024w/attribute_rule_images/45311_source_1758884390.jpg,irish_whiskey_new_craft
Irish Whiskey,Undisclosed (Ireland),"Ballina, Co. Mayo, Ireland",Ballyhoo,sourced,Ballyhoo,TRUE,FALSE,Single Grain; Port Cask Finish,NAS,,,86,43.0,Corn 93% / Malted Barley 7%,,Tawny Port casks (six months),https://www.masterofmalt.com/whiskies/connacht/ballyhoo-irish-whiskey/,2026-10-03,https://cdn11.bigcommerce.com/s-e8lbekfe7c/images/stencil/1024w/attribute_rule_images/62707_source_1759247449.jpg,irish_whiskey_new_craft
Irish Whiskey,Dingle,"Dingle, Co. Kerry, Ireland",Dingle Single Malt,own_make,,FALSE,FALSE,Single Malt; Batch 1,NAS,,Batch 1,93,46.5,,Bourbon casks,,https://drinkstore.ie/products/dingle-single-malt-batch-1,2026-10-03,https://cdn.shopify.com/s/files/1/0261/0721/5962/products/Dingle-Single-Malt-Batch-1-1262.jpg,irish_whiskey_new_craft
Irish Whiskey,Dingle,"Dingle, Co. Kerry, Ireland",Dingle Single Malt,own_make,,FALSE,FALSE,Single Malt; Batch 2,NAS,,Batch 2,93,46.5,,"Bourbon, Oloroso and Pedro Ximénez sherry casks",,https://drinkstore.ie/products/dingle-single-malt-batch-2,2026-10-03,https://cdn.shopify.com/s/files/1/0261/0721/5962/products/Dingle-Single-Malt-Batch-2-1334.jpg,irish_whiskey_new_craft
Irish Whiskey,Dingle,"Dingle, Co. Kerry, Ireland",Dingle Single Malt,own_make,,FALSE,FALSE,Single Malt; Batch 4,NAS,,Batch 4,93,46.5,,"Bourbon, sherry and port casks",,https://drinkstore.ie/products/1185,2026-10-03,,irish_whiskey_new_craft
Irish Whiskey,Dingle,"Dingle, Co. Kerry, Ireland",Dingle Single Malt,own_make,,FALSE,FALSE,Single Malt; Batch 5,NAS,,Batch 5,93,46.5,,"Bourbon, Pedro Ximénez and Madeira casks",,https://drinkstore.ie/products/1184,2026-10-03,,irish_whiskey_new_craft
Irish Whiskey,Dingle,"Dingle, Co. Kerry, Ireland",Dingle Single Malt,own_make,,FALSE,FALSE,Single Malt; Batch 2; Cask Strength,NAS,,Batch 2,120.2,60.1,,"Bourbon, Oloroso and Pedro Ximénez sherry casks",,https://drinkstore.ie/products/dingle-single-malt-cask-st-batch-2,2026-10-03,https://cdn.shopify.com/s/files/1/0261/0721/5962/products/Dingle-Single-Malt-Cask-St-Batch-2-1910.jpg,irish_whiskey_new_craft
Irish Whiskey,Dingle,"Dingle, Co. Kerry, Ireland",Dingle Single Malt,own_make,,FALSE,FALSE,Single Malt; Batch 3; Cask Strength,NAS,,Batch 3,118,59.0,,Bourbon and port casks,,https://drinkstore.ie/products/dingle-single-malt-cask-strength-batch-3,2026-10-03,https://cdn.shopify.com/s/files/1/0261/0721/5962/products/Dingle-Single-Malt-Cask-Strength-Batch-3-1982.jpg,irish_whiskey_new_craft
Irish Whiskey,Dingle,"Dingle, Co. Kerry, Ireland",Dingle Single Malt,own_make,,FALSE,FALSE,Single Malt; Batch 5; Cask Strength,NAS,,Batch 5,118.6,59.3,,"Bourbon, Pedro Ximénez and Madeira casks",,https://drinkstore.ie/products/1179,2026-10-03,https://cdn.shopify.com/s/files/1/0261/0721/5962/products/Dingle-Single-Malt-Cask-Strength-Batch-5-700ML-514.jpg,irish_whiskey_new_craft
Irish Whiskey,Dingle,"Dingle, Co. Kerry, Ireland",Dingle Single Pot Still,own_make,,FALSE,FALSE,Single Pot Still; Batch 2,NAS,,Batch 2,93,46.5,,"Bourbon, Oloroso and Pedro Ximénez sherry casks",,https://drinkstore.ie/products/1183; https://mitchellandson.com/products/dingle-single-pot-still-batch-2,2026-10-03,https://cdn.shopify.com/s/files/1/0613/1207/3864/products/Dingle_Single_Pot_Still_Batch_2_c81aec21-63db-4c3d-81b3-f20d905c9397.jpg,irish_whiskey_new_craft
Irish Whiskey,Dingle,"Dingle, Co. Kerry, Ireland",Dingle Single Pot Still,own_make,,FALSE,FALSE,Single Pot Still; Batch 3,NAS,,Batch 3,93,46.5,,,,https://drinkstore.ie/products/1182; https://mitchellandson.com/products/dingle-single-pot-still-batch-3,2026-10-03,,irish_whiskey_new_craft
Irish Whiskey,Dingle,"Dingle, Co. Kerry, Ireland",Dingle Single Pot Still,own_make,,FALSE,FALSE,Single Pot Still; Batch 4,NAS,,Batch 4,93,46.5,,Bourbon and Oloroso sherry casks,,https://drinkstore.ie/products/dingle-single-pot-still-release-4-700ml,2026-10-03,https://cdn.shopify.com/s/files/1/0261/0721/5962/files/Dingle-Single-Pot-Still-Release-4-700ML-1462.webp,irish_whiskey_new_craft
Irish Whiskey,Dingle,"Dingle, Co. Kerry, Ireland",Dingle Single Pot Still,own_make,,FALSE,FALSE,Single Pot Still; Batch 4; Cask Strength,NAS,,Batch 4,119.8,59.9,,Bourbon and Oloroso sherry casks,,https://drinkstore.ie/products/dingle-single-pot-still-cask-strength-fourth-release,2026-10-03,https://cdn.shopify.com/s/files/1/0261/0721/5962/products/Dingle-Single-Pot-Still-Cask-Strength-Fourth-R-750.jpg,irish_whiskey_new_craft
Irish Whiskey,Undisclosed (Ireland),"Carlow, Co. Carlow, Ireland",Writers' Tears Cask Strength,sourced,Writers' Tears,TRUE,FALSE,Blended Irish Whiskey; Cask Strength,NAS,,2021 Release,108.4,54.2,Malted and unmalted barley (single pot still + single malt blend),American oak bourbon casks,,https://www.masterofmalt.com/whiskies/walsh/writers-tears-cask-strength-2021-release-whiskey/; https://drinkstore.ie/products/2036,2026-10-03,https://cdn.shopify.com/s/files/1/0261/0721/5962/products/Writers-Tears-Cask-Strength-2021-700ML-1890.jpg,irish_whiskey_new_craft
Irish Whiskey,Undisclosed (Ireland),"Carlow, Co. Carlow, Ireland",Writers' Tears Cask Strength,sourced,Writers' Tears,TRUE,FALSE,Blended Irish Whiskey; Cask Strength,NAS,,2023 Release,109.6,54.8,Malted and unmalted barley (single pot still + single malt blend),American oak bourbon casks,,https://www.masterofmalt.com/whiskies/writers-tears/writers-tears-cask-strength-2023-release-whiskey/; https://drinkstore.ie/products/writers-tears-cask-strength-2023-700ml,2026-10-03,https://cdn.shopify.com/s/files/1/0261/0721/5962/products/Writers-Tears-Cask-Strength-2023-700ML-1222.jpg,irish_whiskey_new_craft
Irish Whiskey,Undisclosed (Ireland),"Carlow, Co. Carlow, Ireland",Writers' Tears Cask Strength,sourced,Writers' Tears,TRUE,FALSE,Blended Irish Whiskey; Cask Strength,NAS,,2024 Release,109,54.5,Malted and unmalted barley (single pot still + single malt blend),American oak bourbon casks,,https://jamesfox.ie/products/writers-tears-cask-strength-2024,2026-10-03,https://cdn.shopify.com/s/files/1/0516/2909/7122/files/310870-writers-tears-cask-strength-2024-862426.jpg,irish_whiskey_new_craft
Irish Whiskey,Undisclosed (Ireland),"Carlow, Co. Carlow, Ireland",Writers' Tears Cask Strength,sourced,Writers' Tears,TRUE,FALSE,Blended Irish Whiskey; Cask Strength,NAS,,2025 Release,109.8,54.9,Malted and unmalted barley (single pot still + single malt blend),American oak bourbon casks,,https://jamesfox.ie/products/writers-tears-cask-strength-2025,2026-10-03,https://cdn.shopify.com/s/files/1/0516/2909/7122/files/writers-tears-cs2025.jpg,irish_whiskey_new_craft
