spirit_type,distillery,distillery_location,spirit_name,producer_type,producer_brand,is_ndp,is_template,special_designation,age_statement,vintage,batch_lot,proof,abv,mash_bill,barrel_type,cask_finish,source_urls,last_verified,label_image_url,cohort
Japanese Whisky,Karuizawa,"Miyota, Japan",Karuizawa,sourced,Number One Drinks,TRUE,FALSE,Single Malt; Single Cask; Spirit of Asama The Whisky Exchange,,,,110.0,55,,,,https://www.spiritradar.com/whisky-db/karuizawa-spirit-of-asama-55-percent-700ml,2026-06-28,NULL,japanese_whisky_legacy_closed_ndps
Japanese Whisky,Karuizawa,"Miyota, Japan",Karuizawa,sourced,Number One Drinks,TRUE,FALSE,Single Malt; Single Cask; 1999 2000 Asama European Oak Sherry Casks,,,,92.0,46,,Sherry cask,,https://www.spiritradar.com/whisky-db/karuizawa-1999-2000-asama-46-percent-700ml,2026-06-28,NULL,japanese_whisky_legacy_closed_ndps
Japanese Whisky,Karuizawa,"Miyota, Japan",Karuizawa,sourced,Number One Drinks,TRUE,FALSE,Single Malt; Single Cask; Spirit of Asama The Whisky Exchange,,,,96.0,48,,,,https://www.spiritradar.com/whisky-db/karuizawa-spirit-of-asama-48-percent-700ml,2026-06-28,NULL,japanese_whisky_legacy_closed_ndps
Japanese Whisky,Karuizawa,"Miyota, Japan",Karuizawa,sourced,Number One Drinks,TRUE,FALSE,Single Malt; Single Cask; Multi-Vintages #1 Noh Whisky &,,,,118.2,59.1,,Bourbon cask,,https://www.spiritradar.com/whisky-db/karuizawa-multi-vintages-1-noh-whisky-59.1-percent-700ml,2026-06-28,NULL,japanese_whisky_legacy_closed_ndps
Japanese Whisky,Karuizawa,"Miyota, Japan",Karuizawa,sourced,Number One Drinks,TRUE,FALSE,Single Malt; Single Cask; 1983 Noh Whisky Chorei Beshimi #7576,,1983,7576,114.4,57.2,,Sherry butt,,https://www.spiritradar.com/whisky-db/karuizawa-1983-noh-whisky-chorei-beshimi-57.2-percent-700ml;https://www.finespirits.auction/uk/domain/7457-Karuizawa.jsp,2026-06-07,https://www.finespirits.auction/fr/images/photos_ventes/large/B3291070_4.jpg,japanese_whisky_legacy_closed_ndps
Japanese Whisky,Karuizawa,"Miyota, Japan",Karuizawa,sourced,Number One Drinks,TRUE,FALSE,Single Malt; Single Cask; 1981 Noh Whisky #155,,1981,155,112.0,56,,Sherry butt,,https://www.spiritradar.com/whisky-db/karuizawa-1981-noh-whisky-56-percent-700ml;https://www.finespirits.auction/uk/domain/7457-Karuizawa.jsp,2026-06-07,https://www.finespirits.auction/fr/images/photos_ventes/large/B3152934_3.jpg,japanese_whisky_legacy_closed_ndps
Japanese Whisky,Karuizawa,"Miyota, Japan",Karuizawa,sourced,La Maison du Whisky,TRUE,FALSE,Single Malt; Single Cask; 1981 Cocktail Serie #162 LMDW,,1981,162,111.6,55.8,,Sherry butt,,https://www.spiritradar.com/whisky-db/karuizawa-1981-cocktail-serie-55.8-percent-700ml;https://www.finespirits.auction/uk/domain/7457-Karuizawa.jsp,2026-06-07,https://www.finespirits.auction/fr/images/photos_ventes/large/B3101711_714.jpg,japanese_whisky_legacy_closed_ndps
Japanese Whisky,Karuizawa,"Miyota, Japan",Karuizawa,sourced,Number One Drinks,TRUE,FALSE,Single Malt; Single Cask; 1984 Cask by cask #7802,,1984,7802,113.4,56.7,,,,https://www.spiritradar.com/whisky-db/karuizawa-1984-cask-by-cask-56.7-percent-700ml,2026-06-28,NULL,japanese_whisky_legacy_closed_ndps
Japanese Whisky,Karuizawa,"Miyota, Japan",Karuizawa,sourced,La Maison du Whisky,TRUE,FALSE,Single Malt; Single Cask; 1981 Artifices Serie #136 LMDW,,1981,136,110.6,55.3,,Sherry cask,,https://www.spiritradar.com/whisky-db/karuizawa-1981-artifices-serie-55.3-percent-700ml;https://www.finespirits.auction/uk/domain/7457-Karuizawa.jsp,2026-06-07,https://www.finespirits.auction/fr/images/photos_ventes/large/B3017452_194.jpg,japanese_whisky_legacy_closed_ndps
Japanese Whisky,Karuizawa,"Miyota, Japan",Karuizawa,sourced,La Maison du Whisky,TRUE,FALSE,Single Malt; Single Cask; 2000 Sea Dragon #166 LMDW,,2000,166,128.6,64.3,,Sherry butt,,https://www.spiritradar.com/whisky-db/karuizawa-2000-sea-dragon-64.3-percent-700ml;https://www.finespirits.auction/uk/domain/7457-Karuizawa.jsp,2026-06-07,https://www.finespirits.auction/fr/images/photos_ventes/large/B3017452_195.jpg,japanese_whisky_legacy_closed_ndps
Japanese Whisky,Karuizawa,"Miyota, Japan",Karuizawa,sourced,Number One Drinks,TRUE,FALSE,Single Malt; Single Cask; 17yo Crystal Decanter,17 Years,,,80.0,40,,,,https://www.spiritradar.com/whisky-db/karuizawa-17yo-crystal-decanter-40-percent-700ml,2026-06-28,NULL,japanese_whisky_legacy_closed_ndps
Japanese Whisky,Karuizawa,"Miyota, Japan",Karuizawa,sourced,Number One Drinks,TRUE,FALSE,Single Malt; Single Cask; 1989 Noh Whisky #7893 Prineus GmbH Germany,,1989,7893,127.8,63.9,,Sherry butt,,https://www.spiritradar.com/whisky-db/karuizawa-1989-noh-whisky-63.9-percent-700ml,2026-06-28,NULL,japanese_whisky_legacy_closed_ndps
Japanese Whisky,Karuizawa,"Miyota, Japan",Karuizawa,sourced,Number One Drinks,TRUE,FALSE,Single Malt; Single Cask; 1984 Single Cask Number One Drinks Company #3692,,1984,3692,123.2,61.6,,Sherry butt,,https://www.spiritradar.com/whisky-db/karuizawa-1984-single-cask-number-one-drinks-company-61.6-percent-700ml;https://www.finespirits.auction/uk/domain/7457-Karuizawa.jsp,2026-06-07,https://www.finespirits.auction/fr/images/photos_ventes/large/B3289933_8.jpg,japanese_whisky_legacy_closed_ndps
Japanese Whisky,Karuizawa,"Miyota, Japan",Karuizawa,sourced,La Maison du Whisky,TRUE,FALSE,Single Malt; Single Cask; 1984 Cocktail Serie #7975 LMDW,,1984,7975,118.6,59.3,,Sherry cask,,https://www.spiritradar.com/whisky-db/karuizawa-1984-cocktail-serie-59.3-percent-700ml;https://www.finespirits.auction/uk/domain/7457-Karuizawa.jsp,2026-06-07,https://www.finespirits.auction/fr/images/photos_ventes/large/B3101711_777.jpg,japanese_whisky_legacy_closed_ndps
Japanese Whisky,Karuizawa,"Miyota, Japan",Karuizawa,sourced,Number One Drinks,TRUE,FALSE,Single Malt; Single Cask; 1982 Noh Whisky 29yo Bourbon #8529,29 Years,1982,8529,117.6,58.8,,Bourbon cask,,https://www.spiritradar.com/whisky-db/karuizawa-1982-noh-whisky-58.8-percent-700ml;https://www.finespirits.auction/uk/domain/7457-Karuizawa.jsp,2026-06-07,https://www.finespirits.auction/fr/images/photos_ventes/large/B3285959_14.jpg,japanese_whisky_legacy_closed_ndps
Japanese Whisky,Karuizawa,"Miyota, Japan",Karuizawa,sourced,Number One Drinks,TRUE,FALSE,Single Malt; Single Cask; 1976 Noh Whisky Kamiasobi Hagoromo 32yo #6719,32 Years,1976,6719,126.0,63,,Sherry butt,,https://www.spiritradar.com/whisky-db/karuizawa-1976-noh-whisky-kamiasobi-hagoromo-63-percent-700ml;https://www.finespirits.auction/uk/domain/7457-Karuizawa.jsp,2026-06-07,https://www.finespirits.auction/fr/images/photos_ventes/large/B3139078_1.jpg,japanese_whisky_legacy_closed_ndps
Japanese Whisky,Karuizawa,"Miyota, Japan",Karuizawa,sourced,Number One Drinks,TRUE,FALSE,Single Malt; Single Cask; 1984 Carpe Koi Serie #4021 The Whisky Exchange,,1984,4021,129.0,64.5,,Sherry cask,,https://www.spiritradar.com/whisky-db/karuizawa-1984-carpe-koi-serie-64.5-percent-700ml,2026-06-28,NULL,japanese_whisky_legacy_closed_ndps
Japanese Whisky,Karuizawa,"Miyota, Japan",Karuizawa,sourced,Number One Drinks,TRUE,FALSE,Single Malt; Single Cask; 1981 Vintage Single Cask Malt Whisky Cask no.6207,,1981,6207,116.6,58.3,,Sherry butt,,https://www.spiritradar.com/whisky-db/karuizawa-1981-vintage-single-cask-malt-whisky-cask-no.6207-58.3-percent-700ml;https://www.finespirits.auction/uk/domain/7457-Karuizawa.jsp,2026-06-07,https://www.finespirits.auction/fr/images/photos_ventes/large/B3153035_1.jpg,japanese_whisky_legacy_closed_ndps
Japanese Whisky,Karuizawa,"Miyota, Japan",Karuizawa,sourced,Number One Drinks,TRUE,FALSE,Single Malt; Single Cask; 1975 Vintage Single Cask Malt Whisky #6736,,1975,6736,123.6,61.8,,Sherry butt,,https://www.spiritradar.com/whisky-db/karuizawa-1975-vintage-single-cask-malt-whisky-61.8-percent-700ml;https://www.finespirits.auction/uk/domain/7457-Karuizawa.jsp,2026-06-07,https://www.finespirits.auction/fr/images/photos_ventes/large/B3289514_2.jpg,japanese_whisky_legacy_closed_ndps
Japanese Whisky,Karuizawa,"Miyota, Japan",Karuizawa,sourced,Number One Drinks,TRUE,FALSE,Single Malt; Single Cask; 1971 Vintage Single Cask Malt Whisky #6878,,1971,6878,128.2,64.1,,Sherry butt,,https://www.spiritradar.com/whisky-db/karuizawa-1971-vintage-single-cask-malt-whisky-64.1-percent-700ml;https://www.finespirits.auction/uk/domain/7457-Karuizawa.jsp,2026-06-07,https://www.finespirits.auction/fr/images/photos_ventes/large/B3163596_1.jpg,japanese_whisky_legacy_closed_ndps
Japanese Whisky,Karuizawa,"Miyota, Japan",Karuizawa,sourced,Number One Drinks,TRUE,FALSE,Single Malt; Single Cask; 1981 #6056 The Whisky Exchange,,1981,6056,120.6,60.3,,Sherry cask,,https://www.spiritradar.com/whisky-db/karuizawa-1981-60.3-percent-700ml,2026-06-28,NULL,japanese_whisky_legacy_closed_ndps
Japanese Whisky,Karuizawa,"Miyota, Japan",Karuizawa,sourced,Number One Drinks,TRUE,FALSE,Single Malt; Single Cask; 1981 Vintage Single Cask Malt Whisky no.152 33yo,33 Years,1981,152,109.0,54.5,,Sherry cask,,https://www.spiritradar.com/whisky-db/karuizawa-1981-vintage-single-cask-malt-whisky-ex-sherry-cask-no.152-33yo-54.5-percent-700ml;https://www.finespirits.auction/uk/domain/7457-Karuizawa.jsp,2026-06-07,https://www.finespirits.auction/fr/images/photos_ventes/large/B3294298_8.jpg,japanese_whisky_legacy_closed_ndps
Japanese Whisky,Karuizawa,"Miyota, Japan",Karuizawa,sourced,Number One Drinks,TRUE,FALSE,Single Malt; Single Cask; 1969 Vintage Single Cask Malt Whisky #8183 Number One Drinks,,1969,8183,122.6,61.3,,,,https://www.spiritradar.com/whisky-db/karuizawa-1969-vintage-single-cask-malt-whisky-61.3-percent-700ml;https://www.finespirits.auction/uk/domain/7457-Karuizawa.jsp,2026-06-07,https://www.finespirits.auction/fr/images/photos_ventes/large/B3101711_751.jpg,japanese_whisky_legacy_closed_ndps
Japanese Whisky,Karuizawa,"Miyota, Japan",Karuizawa,sourced,Number One Drinks,TRUE,FALSE,Single Malt; Single Cask; 12yo Pure Malt Whisky,12 Years,,,80.0,40,,,,https://www.spiritradar.com/whisky-db/karuizawa-12yo-pure-malt-whisky-40-percent-700ml,2026-06-28,NULL,japanese_whisky_legacy_closed_ndps
Japanese Whisky,Karuizawa,"Miyota, Japan",Karuizawa,sourced,Number One Drinks,TRUE,FALSE,Single Malt; Single Cask; 15yo,15 Years,,,80.0,40,,Sherry cask,,https://www.spiritradar.com/whisky-db/karuizawa-15yo-40-percent-700ml,2026-06-28,NULL,japanese_whisky_legacy_closed_ndps
Japanese Whisky,Karuizawa,"Miyota, Japan",Karuizawa,sourced,Number One Drinks,TRUE,FALSE,Single Malt; Single Cask; 1980 Noh Whisky #3565,,1980,3565,118.4,59.2,,Sherry butt,,https://www.spiritradar.com/whisky-db/karuizawa-1980-noh-whisky-59.2-percent-700ml,2026-06-28,NULL,japanese_whisky_legacy_closed_ndps
Japanese Whisky,Karuizawa,"Miyota, Japan",Karuizawa,sourced,Number One Drinks,TRUE,FALSE,Single Malt; Single Cask; 1982 Geisha Label #2748,,1982,2748,112.2,56.1,,Sherry cask,,https://www.spiritradar.com/whisky-db/karuizawa-1982-geisha-label-56.1-percent-700ml;https://www.finespirits.auction/uk/domain/7457-Karuizawa.jsp,2026-06-07,https://www.finespirits.auction/fr/images/photos_ventes/large/B3088336_12.jpg,japanese_whisky_legacy_closed_ndps
Japanese Whisky,Karuizawa,"Miyota, Japan",Karuizawa,sourced,Number One Drinks,TRUE,FALSE,Single Malt; Single Cask; 1981 Geisha Label #6256 The Whisky Exchange,,1981,6256,115.0,57.5,,,,https://www.spiritradar.com/whisky-db/karuizawa-1981-geisha-label-57.5-percent-700ml,2026-06-28,NULL,japanese_whisky_legacy_closed_ndps
Japanese Whisky,Karuizawa,"Miyota, Japan",Karuizawa,sourced,Number One Drinks,TRUE,FALSE,Single Malt; Single Cask; 1984 #3663 The Whisky Exchange,,1984,3663,113.6,56.8,,Sherry cask,,https://www.spiritradar.com/whisky-db/karuizawa-1984-56.8-percent-700ml;https://www.finespirits.auction/uk/domain/7457-Karuizawa.jsp,2026-06-07,https://www.finespirits.auction/fr/images/photos_ventes/large/B3139078_2.jpg,japanese_whisky_legacy_closed_ndps
Japanese Whisky,Karuizawa,"Miyota, Japan",Karuizawa,sourced,Number One Drinks,TRUE,FALSE,Single Malt; Single Cask; 1990 Geisha Label #679 Specialty Drinks Ltd. London,,1990,679,112.2,56.1,,Sherry cask,,https://www.spiritradar.com/whisky-db/karuizawa-1990-geisha-label-56.1-percent-700ml;https://www.finespirits.auction/uk/domain/7457-Karuizawa.jsp,2026-06-07,https://www.finespirits.auction/fr/images/photos_ventes/large/B3289933_9.jpg,japanese_whisky_legacy_closed_ndps
Japanese Whisky,Karuizawa,"Miyota, Japan",Karuizawa,sourced,Number One Drinks,TRUE,FALSE,Single Malt; Single Cask; 1972 Single Cask Number One Drinks Company #7290,,1972,7290,130.0,65,,Sherry butt,,https://www.spiritradar.com/whisky-db/karuizawa-1972-single-cask-number-one-drinks-company-65-percent-700ml;https://www.finespirits.auction/uk/domain/7457-Karuizawa.jsp,2026-06-07,https://www.finespirits.auction/fr/images/photos_ventes/large/B3289933_5.jpg,japanese_whisky_legacy_closed_ndps
Japanese Whisky,Karuizawa,"Miyota, Japan",Karuizawa,sourced,Number One Drinks,TRUE,FALSE,Single Malt; Single Cask; 1972 Single Cask Number One Drinks Company #7038,,1972,7038,126.6,63.3,,Sherry butt,,https://www.spiritradar.com/whisky-db/karuizawa-1972-single-cask-number-one-drinks-company-63.3-percent-700ml;https://www.finespirits.auction/uk/domain/7457-Karuizawa.jsp,2026-06-07,https://www.finespirits.auction/fr/images/photos_ventes/large/B3288914_1.jpg,japanese_whisky_legacy_closed_ndps
Japanese Whisky,Karuizawa,"Miyota, Japan",Karuizawa,sourced,Number One Drinks,TRUE,FALSE,Single Malt; Single Cask; 1981 Noh Whisky #348,,1981,348,117.8,58.9,,Sherry butt,,https://www.spiritradar.com/whisky-db/karuizawa-1981-noh-whisky-58.9-percent-700ml,2026-06-28,NULL,japanese_whisky_legacy_closed_ndps
Japanese Whisky,Karuizawa,"Miyota, Japan",Karuizawa,sourced,Number One Drinks,TRUE,FALSE,Single Malt; Single Cask; 1981 Noh Whisky #4676,,1981,4676,117.2,58.6,,Sherry cask,,https://www.spiritradar.com/whisky-db/karuizawa-1981-noh-whisky-58.6-percent-700ml,2026-06-28,NULL,japanese_whisky_legacy_closed_ndps
Japanese Whisky,Karuizawa,"Miyota, Japan",Karuizawa,sourced,Number One Drinks,TRUE,FALSE,Single Malt; Single Cask; 1978 Vintage Single Cask Malt Whisky #8383,,1978,8383,126.0,63,,Bourbon cask,,https://www.spiritradar.com/whisky-db/karuizawa-1978-vintage-single-cask-malt-whisky-63-percent-700ml;https://www.finespirits.auction/uk/domain/7457-Karuizawa.jsp,2026-06-07,https://www.finespirits.auction/fr/images/photos_ventes/large/B3017452_179.jpg,japanese_whisky_legacy_closed_ndps
Japanese Whisky,Karuizawa,"Miyota, Japan",Karuizawa,sourced,The Nectar of the Daily Drams,TRUE,FALSE,Single Malt; Single Cask; 1977 Wait La Mazurka DD The Nectar of the Daily Drams #6994,,1977,6994,125.4,62.7,,Sherry cask,,https://www.spiritradar.com/whisky-db/karuizawa-1977-wait-la-mazurka-dd-the-nectar-of-the-daily-drams-62.7-percent-700ml,2026-06-28,NULL,japanese_whisky_legacy_closed_ndps
Japanese Whisky,Karuizawa,"Miyota, Japan",Karuizawa,sourced,Number One Drinks,TRUE,FALSE,Single Malt; Single Cask; 1984 Vintage Single Cask Malt Whisky #8173,,1984,8173,117.0,58.5,,,,https://www.spiritradar.com/whisky-db/karuizawa-1984-vintage-single-cask-malt-whisky-58.5-percent-700ml;https://www.finespirits.auction/uk/domain/7457-Karuizawa.jsp,2026-06-07,https://www.finespirits.auction/fr/images/photos_ventes/large/B3003319_14.jpg,japanese_whisky_legacy_closed_ndps
Japanese Whisky,Karuizawa,"Miyota, Japan",Karuizawa,sourced,Number One Drinks,TRUE,FALSE,Single Malt; Single Cask; 1988 WF,,1988,,121.2,60.6,,Sherry butt,,https://www.spiritradar.com/whisky-db/karuizawa-1988-wf-60.6-percent-700ml,2026-06-28,NULL,japanese_whisky_legacy_closed_ndps
Japanese Whisky,Karuizawa,"Miyota, Japan",Karuizawa,sourced,La Maison du Whisky,TRUE,FALSE,Single Malt; Single Cask; 1981 Prendre le rythme #78 LMDW,,1981,78,121.0,60.5,,Sherry butt,,https://www.spiritradar.com/whisky-db/karuizawa-1981-prendre-le-rythme-60.5-percent-700ml;https://www.finespirits.auction/uk/domain/7457-Karuizawa.jsp,2026-06-07,https://www.finespirits.auction/fr/images/photos_ventes/large/B3017452_142.jpg,japanese_whisky_legacy_closed_ndps
Japanese Whisky,Karuizawa,"Miyota, Japan",Karuizawa,sourced,Number One Drinks,TRUE,FALSE,Single Malt; Single Cask; 1967 Vintage Single Cask Malt Whisky 42yo #6426,42 Years,1967,6426,116.8,58.4,,Sherry cask,,https://www.spiritradar.com/whisky-db/karuizawa-1967-vintage-single-cask-malt-whisky-42yo-58.4-percent-700ml;https://www.finespirits.auction/uk/domain/7457-Karuizawa.jsp,2026-06-07,https://www.finespirits.auction/fr/images/photos_ventes/large/B3156055_14.jpg,japanese_whisky_legacy_closed_ndps
Japanese Whisky,Karuizawa,"Miyota, Japan",Karuizawa,sourced,Number One Drinks,TRUE,FALSE,Single Malt; Single Cask; 1994 Noh Whisky Kamiasobi #270,,1994,270,125.4,62.7,,Sherry butt,,https://www.spiritradar.com/whisky-db/karuizawa-1994-noh-whisky-kamiasobi-62.7-percent-700ml;https://www.finespirits.auction/uk/domain/7457-Karuizawa.jsp,2026-06-07,https://www.finespirits.auction/fr/images/photos_ventes/large/B3035857_1.jpg,japanese_whisky_legacy_closed_ndps
Japanese Whisky,Karuizawa,"Miyota, Japan",Karuizawa,sourced,Number One Drinks,TRUE,FALSE,Single Malt; Single Cask; 1977 Noh Whisky Kamiasobi Ama the Fisher-girl #7026,,1977,7026,125.6,62.8,,Sherry butt,,https://www.spiritradar.com/whisky-db/karuizawa-1977-noh-whisky-kamiasobi-ama-the-fisher-girl-62.8-percent-700ml;https://www.finespirits.auction/uk/domain/7457-Karuizawa.jsp,2026-06-28,NULL,japanese_whisky_legacy_closed_ndps
Japanese Whisky,Karuizawa,"Miyota, Japan",Karuizawa,sourced,Number One Drinks,TRUE,FALSE,Single Malt; Single Cask; 1967 Vintage Single Cask Malt Whisky #6426,,1967,6426,116.8,58.4,,Sherry butt,,https://www.spiritradar.com/whisky-db/karuizawa-1967-vintage-single-cask-malt-whisky-58.4-percent-700ml;https://www.finespirits.auction/uk/domain/7457-Karuizawa.jsp,2026-06-07,https://www.finespirits.auction/fr/images/photos_ventes/large/B3156055_14.jpg,japanese_whisky_legacy_closed_ndps
Japanese Whisky,Karuizawa,"Miyota, Japan",Karuizawa,sourced,La Maison du Whisky,TRUE,FALSE,Single Malt; Single Cask; 1983 Cocktail Serie #8597 LMDW,,1983,8597,124.2,62.1,,Bourbon cask,,https://www.spiritradar.com/whisky-db/karuizawa-1983-cocktail-serie-62.1-percent-700ml,2026-06-28,NULL,japanese_whisky_legacy_closed_ndps
Japanese Whisky,Karuizawa,"Miyota, Japan",Karuizawa,sourced,Number One Drinks,TRUE,FALSE,Single Malt; Single Cask; 1983 Noh Whisky Sherry Hogshead #5322,,1983,5322,118.8,59.4,,Sherry cask,,https://www.spiritradar.com/whisky-db/karuizawa-1983-noh-whisky-59.4-percent-700ml;https://www.finespirits.auction/uk/domain/7457-Karuizawa.jsp,2026-06-07,https://www.finespirits.auction/fr/images/photos_ventes/large/B3289933_12.jpg,japanese_whisky_legacy_closed_ndps
Japanese Whisky,Karuizawa,"Miyota, Japan",Karuizawa,sourced,Number One Drinks,TRUE,FALSE,Single Malt; Single Cask; 1977 Noh Whisky Kamiasobi Shiroheita Sherry #4592,,1977,4592,121.4,60.7,,Sherry cask,,https://www.spiritradar.com/whisky-db/karuizawa-1977-noh-whisky-kamiasobi-shiroheita-60.7-percent-700ml;https://www.finespirits.auction/uk/domain/7457-Karuizawa.jsp,2026-06-07,https://www.finespirits.auction/fr/images/photos_ventes/large/B3292545_19.jpg,japanese_whisky_legacy_closed_ndps
Japanese Whisky,Karuizawa,"Miyota, Japan",Karuizawa,sourced,Number One Drinks,TRUE,FALSE,Single Malt; Single Cask; 1982 Carpe Koi Serie #8497 The Whisky Exchange,,1982,8497,92.0,46,,Bourbon cask,,https://www.spiritradar.com/whisky-db/karuizawa-1982-carpe-koi-serie-46-percent-700ml,2026-06-28,NULL,japanese_whisky_legacy_closed_ndps
Japanese Whisky,Karuizawa,"Miyota, Japan",Karuizawa,sourced,La Maison du Whisky,TRUE,FALSE,Single Malt; Single Cask; 1980 Artifices Serie Ex- #6476 LMDW,,1980,6476,126.0,63,,Bourbon cask,,https://www.spiritradar.com/whisky-db/karuizawa-1980-artifices-serie-63-percent-700ml;https://www.finespirits.auction/uk/domain/7457-Karuizawa.jsp,2026-06-07,https://www.finespirits.auction/fr/images/photos_ventes/large/B3017452_139.jpg,japanese_whisky_legacy_closed_ndps
Japanese Whisky,Karuizawa,"Miyota, Japan",Karuizawa,sourced,Number One Drinks,TRUE,FALSE,Single Malt; Single Cask; 1981 Vintage Single Cask Malt Whisky Cask no.103,,1981,103,116.2,58.1,,,,https://www.spiritradar.com/whisky-db/karuizawa-1981-vintage-single-cask-malt-whisky-cask-no.103-58.1-percent-700ml;https://www.finespirits.auction/uk/domain/7457-Karuizawa.jsp,2026-06-07,https://www.finespirits.auction/fr/images/photos_ventes/large/B3146994_1.jpg,japanese_whisky_legacy_closed_ndps
Japanese Whisky,Karuizawa,"Miyota, Japan",Karuizawa,sourced,Number One Drinks,TRUE,FALSE,Single Malt; Single Cask; 1983 Geisha Label #8606 The Whisky Exchange,,1983,8606,111.6,55.8,,Bourbon cask,,https://www.spiritradar.com/whisky-db/karuizawa-1983-geisha-label-55.8-percent-700ml,2026-06-28,NULL,japanese_whisky_legacy_closed_ndps
Japanese Whisky,Karuizawa,"Miyota, Japan",Karuizawa,sourced,Scotch Malt Whisky Society,TRUE,FALSE,Single Malt; Single Cask; 2000 SMWS 132.6 Nite Nurse nipped by piranhas,,2000,,126.0,63,,Sherry butt,,https://www.spiritradar.com/whisky-db/karuizawa-2000-smws-132.6-nite-nurse-nipped-by-piranhas-63-percent-700ml,2026-06-28,NULL,japanese_whisky_legacy_closed_ndps
Japanese Whisky,Karuizawa,"Miyota, Japan",Karuizawa,sourced,Number One Drinks,TRUE,FALSE,Single Malt; Single Cask; 1999 Noh Whisky #869 K&L Wine Merchants,,1999,869,115.4,57.7,,Sherry butt,,https://www.spiritradar.com/whisky-db/karuizawa-1999-noh-whisky-57.7-percent-750ml,2026-06-28,NULL,japanese_whisky_legacy_closed_ndps
Japanese Whisky,Karuizawa,"Miyota, Japan",Karuizawa,sourced,Number One Drinks,TRUE,FALSE,Single Malt; Single Cask; 1985 Vintage Single Cask Malt Whisky #7017,,1985,7017,121.6,60.8,,,,https://www.spiritradar.com/whisky-db/karuizawa-1985-vintage-single-cask-malt-whisky-60.8-percent-700ml;https://www.finespirits.auction/uk/domain/7457-Karuizawa.jsp,2026-06-07,https://www.finespirits.auction/fr/images/photos_ventes/large/B3088336_13.jpg,japanese_whisky_legacy_closed_ndps
Japanese Whisky,Karuizawa,"Miyota, Japan",Karuizawa,sourced,Number One Drinks,TRUE,FALSE,Single Malt; Single Cask; 1988 Vintage Single Cask Malt Whisky #3397,,1988,3397,119.6,59.8,,,,https://www.spiritradar.com/whisky-db/karuizawa-1988-vintage-single-cask-malt-whisky-59.8-percent-700ml,2026-06-28,NULL,japanese_whisky_legacy_closed_ndps
Japanese Whisky,Karuizawa,"Miyota, Japan",Karuizawa,sourced,La Maison du Whisky,TRUE,FALSE,Single Malt; Single Cask; 1980 Pourquoi faut il? #4556 LMDW,,1980,4556,120.6,60.3,,Sherry butt,,https://www.spiritradar.com/whisky-db/karuizawa-1980-pourquoi-faut-il-60.3-percent-700ml;https://www.finespirits.auction/uk/domain/7457-Karuizawa.jsp,2026-06-07,https://www.finespirits.auction/fr/images/photos_ventes/large/B3017452_141.jpg,japanese_whisky_legacy_closed_ndps
Japanese Whisky,Karuizawa,"Miyota, Japan",Karuizawa,sourced,Number One Drinks,TRUE,FALSE,Single Malt; Single Cask; 1999 2000 Asama,,,,101.0,50.5,,,,https://www.spiritradar.com/whisky-db/karuizawa-1999-2000-asama-50.5-percent-700ml,2026-06-28,NULL,japanese_whisky_legacy_closed_ndps
Japanese Whisky,Karuizawa,"Miyota, Japan",Karuizawa,sourced,Number One Drinks,TRUE,FALSE,Single Malt; Single Cask; 1986 Vintage Single Cask Malt Whisky #7387,,1986,7387,121.4,60.7,,,,https://www.spiritradar.com/whisky-db/karuizawa-1986-vintage-single-cask-malt-whisky-60.7-percent-700ml;https://www.finespirits.auction/uk/domain/7457-Karuizawa.jsp,2026-06-07,https://www.finespirits.auction/fr/images/photos_ventes/large/B3005917_1.jpg,japanese_whisky_legacy_closed_ndps
Japanese Whisky,Karuizawa,"Miyota, Japan",Karuizawa,sourced,Number One Drinks,TRUE,FALSE,Single Malt; Single Cask; 1970 Vintage Single Cask Malt Whisky #6177,,1970,6177,128.6,64.3,,,,https://www.spiritradar.com/whisky-db/karuizawa-1970-vintage-single-cask-malt-whisky-64.5-percent-700ml;https://www.finespirits.auction/uk/domain/7457-Karuizawa.jsp,2026-06-07,https://www.finespirits.auction/fr/images/photos_ventes/large/B3220154_7.jpg,japanese_whisky_legacy_closed_ndps
Japanese Whisky,Karuizawa,"Miyota, Japan",Karuizawa,sourced,Wealth Solutions,TRUE,FALSE,Single Malt; Single Cask; 1964 #3603 Wealth Solutions,,1964,3603,115.4,57.7,,Sherry cask,,https://www.spiritradar.com/whisky-db/karuizawa-1964-57.7-percent-700ml,2026-06-28,NULL,japanese_whisky_legacy_closed_ndps
Japanese Whisky,Karuizawa,"Miyota, Japan",Karuizawa,sourced,Number One Drinks,TRUE,FALSE,Single Malt; Single Cask; 1979 Vintage Single Cask Malt Whisky #8187,,1979,8187,117.6,58.8,,Bourbon cask,,https://www.spiritradar.com/whisky-db/karuizawa-1979-vintage-single-cask-malt-whisky-58.8-percent-700ml;https://www.finespirits.auction/uk/domain/7457-Karuizawa.jsp,2026-06-07,https://www.finespirits.auction/fr/images/photos_ventes/large/B3017452_177.jpg,japanese_whisky_legacy_closed_ndps
Japanese Whisky,Karuizawa,"Miyota, Japan",Karuizawa,sourced,Number One Drinks,TRUE,FALSE,Single Malt; Single Cask; 1968 Vintage Single Cask Malt Whisky #6955,,1968,6955,122.2,61.1,,Sherry butt,,https://www.spiritradar.com/whisky-db/karuizawa-1968-vintage-single-cask-malt-whisky-61.1-percent-700ml,2026-06-28,NULL,japanese_whisky_legacy_closed_ndps
Japanese Whisky,Karuizawa,"Miyota, Japan",Karuizawa,sourced,Whisky Magazine,TRUE,FALSE,Single Malt; Single Cask; 1992 Whisky Magazine Editor's Choice #3434,,1992,3434,121.2,60.6,,,,https://www.spiritradar.com/whisky-db/karuizawa-1992-whisky-magazine-editors-choice-60.6-percent-700ml,2026-06-28,NULL,japanese_whisky_legacy_closed_ndps
Japanese Whisky,Karuizawa,"Miyota, Japan",Karuizawa,sourced,Number One Drinks,TRUE,FALSE,Single Malt; Single Cask; 1999 Memories of Karuizawa no 4 #855,,1999,855,114.0,57,,Sherry cask,,https://www.spiritradar.com/whisky-db/karuizawa-1999-memories-of-karuizawa-no-4-57-percent-700ml,2026-06-28,NULL,japanese_whisky_legacy_closed_ndps
Japanese Whisky,Karuizawa,"Miyota, Japan",Karuizawa,sourced,Number One Drinks,TRUE,FALSE,Single Malt; Single Cask; 1971 Geisha Label #7267,,1971,7267,125.6,62.8,,Sherry butt,,https://www.spiritradar.com/whisky-db/karuizawa-1971-geisha-label-62.8-percent-700ml,2026-06-28,NULL,japanese_whisky_legacy_closed_ndps
Japanese Whisky,Karuizawa,"Miyota, Japan",Karuizawa,sourced,Number One Drinks,TRUE,FALSE,Single Malt; Single Cask; 1999 & 2000 Cocktail Serie #2565 Tokyo BarShow 2012,,,2565,123.2,61.6,,,,https://www.spiritradar.com/whisky-db/karuizawa-1999-2000-cocktail-serie-61.6-percent-700ml,2026-06-28,NULL,japanese_whisky_legacy_closed_ndps
Japanese Whisky,Karuizawa,"Miyota, Japan",Karuizawa,sourced,Number One Drinks,TRUE,FALSE,Single Malt; Single Cask; 1979 Vintage Single Cask Malt Whisky #7752,,1979,7752,119.8,59.9,,Sherry butt,,https://www.spiritradar.com/whisky-db/karuizawa-1979-vintage-single-cask-malt-whisky-59.9-percent-700ml,2026-06-28,NULL,japanese_whisky_legacy_closed_ndps
Japanese Whisky,Karuizawa,"Miyota, Japan",Karuizawa,sourced,Whisky Live,TRUE,FALSE,Single Malt; Single Cask; 1990 Whisky Live 10th Anniversary #6446,,1990,6446,120.0,60,,Sherry butt,,https://www.spiritradar.com/whisky-db/karuizawa-1990-whisky-live-10th-anniversary-60-percent-700ml;https://www.finespirits.auction/uk/domain/7457-Karuizawa.jsp,2026-06-07,https://www.finespirits.auction/fr/images/photos_ventes/large/B3083401_268.jpg,japanese_whisky_legacy_closed_ndps
Japanese Whisky,Karuizawa,"Miyota, Japan",Karuizawa,sourced,Number One Drinks,TRUE,FALSE,Single Malt; Single Cask; 8yo Pure Malt,8 Years,,,80.0,40,,,,https://www.spiritradar.com/whisky-db/karuizawa-8yo-pure-malt-40-percent-700ml,2026-06-28,NULL,japanese_whisky_legacy_closed_ndps
Japanese Whisky,Karuizawa,"Miyota, Japan",Karuizawa,sourced,Number One Drinks,TRUE,FALSE,Single Malt; Single Cask; 1973 Martin's Selection of Single Casks American Oak #6249,,1973,6249,112.0,56,,Sherry butt,,https://www.spiritradar.com/whisky-db/karuizawa-1973-martins-selection-of-single-casks-56-percent-700ml,2026-06-28,NULL,japanese_whisky_legacy_closed_ndps
Japanese Whisky,Karuizawa,"Miyota, Japan",Karuizawa,sourced,Number One Drinks,TRUE,FALSE,Single Malt; Single Cask; 30yo Geisha labels Twin Serie #5347 The Whisky Exchange Whisky Show London,30 Years,,5347,116.4,58.2,,Sherry cask,,https://www.spiritradar.com/whisky-db/karuizawa-30yo-geisha-labels-twin-serie-58.2-percent-700ml,2026-06-28,NULL,japanese_whisky_legacy_closed_ndps
Japanese Whisky,Karuizawa,"Miyota, Japan",Karuizawa,sourced,Number One Drinks,TRUE,FALSE,Single Malt; Single Cask; 1999 2000 Vintages Fugaku Sanjurokkei 1st Release,,,,122.0,61,,,,https://www.spiritradar.com/whisky-db/karuizawa-1999-2000-vintages-fugaku-sanjurokkei-1st-release-61-percent-700ml,2026-06-28,NULL,japanese_whisky_legacy_closed_ndps
Japanese Whisky,Karuizawa,"Miyota, Japan",Karuizawa,sourced,Scotch Malt Whisky Society,TRUE,FALSE,Single Malt; Single Cask; 1991 SMWS 132.2 Stunning panorama of exotic fruits 22yo ex,22 Years,1991,,124.8,62.4,,Sherry butt,,https://www.spiritradar.com/whisky-db/karuizawa-1991-smws-132.2-stunning-panorama-of-exotic-fruits-22yo-62.4-percent-700ml,2026-06-28,NULL,japanese_whisky_legacy_closed_ndps
Japanese Whisky,Karuizawa,"Miyota, Japan",Karuizawa,sourced,Number One Drinks,TRUE,FALSE,Single Malt; Single Cask; 29yo Geisha labels Twin Serie #8897 The Whisky Exchange Whisky Show London,29 Years,1984,8897,107.8,53.9,,Bourbon cask,,https://www.spiritradar.com/whisky-db/karuizawa-29yo-geisha-labels-twin-serie-53.9-percent-700ml;https://www.finespirits.auction/uk/domain/7457-Karuizawa.jsp,2026-06-07,https://www.finespirits.auction/fr/images/photos_ventes/large/B3085212_31.jpg,japanese_whisky_legacy_closed_ndps
Japanese Whisky,Karuizawa,"Miyota, Japan",Karuizawa,sourced,La Maison du Whisky,TRUE,FALSE,Single Malt; Single Cask; 1985 Artifices Serie 30yo #2364 LMDW,30 Years,1985,2364,110.4,55.2,,Sherry cask,,https://www.spiritradar.com/whisky-db/karuizawa-1985-artifices-serie-30yo-55.2-percent-700ml;https://www.finespirits.auction/uk/domain/7457-Karuizawa.jsp,2026-06-07,https://www.finespirits.auction/fr/images/photos_ventes/large/B3017452_140.jpg,japanese_whisky_legacy_closed_ndps
Japanese Whisky,Karuizawa,"Miyota, Japan",Karuizawa,sourced,Number One Drinks,TRUE,FALSE,Single Malt; Single Cask; 1977 Geisha Label #4010,,1977,4010,131.8,65.9,,Sherry butt,,https://www.spiritradar.com/whisky-db/karuizawa-1977-geisha-label-65.9-percent-700ml,2026-06-28,NULL,japanese_whisky_legacy_closed_ndps
Japanese Whisky,Karuizawa,"Miyota, Japan",Karuizawa,sourced,La Maison du Whisky,TRUE,FALSE,Single Malt; Single Cask; 1981 en Soi ex- #8461 LMDW,,1981,8461,114.6,57.3,,Bourbon cask,,https://www.spiritradar.com/whisky-db/karuizawa-1981-en-soi-57.3-percent-700ml;https://www.finespirits.auction/uk/domain/7457-Karuizawa.jsp,2026-06-07,https://www.finespirits.auction/fr/images/photos_ventes/large/B3017452_196.jpg,japanese_whisky_legacy_closed_ndps
Japanese Whisky,Karuizawa,"Miyota, Japan",Karuizawa,sourced,Number One Drinks,TRUE,FALSE,Single Malt; Single Cask; 1995 Noh Whisky Kamiasobi Dr. Jekyll's expession Wine Cask #5039,,1995,5039,118.8,59.4,,Wine cask,,https://www.spiritradar.com/whisky-db/karuizawa-1995-noh-whisky-kamiasobi-dr.-jekylls-expession-59.4-percent-700ml,2026-06-28,NULL,japanese_whisky_legacy_closed_ndps
Japanese Whisky,Karuizawa,"Miyota, Japan",Karuizawa,sourced,Number One Drinks,TRUE,FALSE,Single Malt; Single Cask; 1992 Vintage Single Cask Malt Whisky #6978,,1992,6978,125.6,62.8,,,,https://www.spiritradar.com/whisky-db/karuizawa-1992-vintage-single-cask-malt-whisky-62.8-percent-700ml;https://www.finespirits.auction/uk/domain/7457-Karuizawa.jsp,2026-06-07,https://www.finespirits.auction/fr/images/photos_ventes/large/B3088336_16.jpg,japanese_whisky_legacy_closed_ndps
Japanese Whisky,Karuizawa,"Miyota, Japan",Karuizawa,sourced,Number One Drinks,TRUE,FALSE,Single Malt; Single Cask; 1980 The Golden Samurai,,1980,,123.2,61.6,,Sherry cask,,https://www.spiritradar.com/whisky-db/karuizawa-1980-the-golden-samurai-61.6-percent-700ml,2026-06-28,NULL,japanese_whisky_legacy_closed_ndps
Japanese Whisky,Karuizawa,"Miyota, Japan",Karuizawa,sourced,Number One Drinks,TRUE,FALSE,Single Malt; Single Cask; 1981 Vintage Single Cask Malt Whisky Cask no.8309,,1981,8309,114.0,57,,Sherry butt,,https://www.spiritradar.com/whisky-db/karuizawa-1981-vintage-single-cask-malt-whisky-cask-no.8309-57-percent-700ml;https://www.finespirits.auction/uk/domain/7457-Karuizawa.jsp,2026-06-07,https://www.finespirits.auction/fr/images/photos_ventes/large/B3017452_178.jpg,japanese_whisky_legacy_closed_ndps
Japanese Whisky,Karuizawa,"Miyota, Japan",Karuizawa,sourced,The Nectar of the Daily Drams,TRUE,FALSE,Single Malt; Single Cask; 1981 Noh Whisky #4333 The Nectar Belgium,,1981,4333,132.6,66.3,,Sherry butt,,https://www.spiritradar.com/whisky-db/karuizawa-1981-noh-whisky-66.3-percent-700ml,2026-06-28,NULL,japanese_whisky_legacy_closed_ndps
Japanese Whisky,Karuizawa,"Miyota, Japan",Karuizawa,sourced,Number One Drinks,TRUE,FALSE,Single Malt; Single Cask; 2000 Balanced Sherry #7590 Isetan,,2000,7590,121.8,60.9,,Sherry cask,,https://www.spiritradar.com/whisky-db/karuizawa-2000-balanced-sherry-60.9-percent-700ml,2026-06-28,NULL,japanese_whisky_legacy_closed_ndps
Japanese Whisky,Karuizawa,"Miyota, Japan",Karuizawa,sourced,Number One Drinks,TRUE,FALSE,Single Malt; Single Cask; 1981 Vintage Single Cask Malt Whisky Cask no.2634,,1981,2634,110.4,55.2,,Sherry butt,,https://www.spiritradar.com/whisky-db/karuizawa-1981-vintage-single-cask-malt-whisky-cask-no.2634-55.2-percent-700ml;https://www.finespirits.auction/uk/domain/7457-Karuizawa.jsp,2026-06-07,https://www.finespirits.auction/fr/images/photos_ventes/large/B3287974_1.jpg,japanese_whisky_legacy_closed_ndps
Japanese Whisky,Karuizawa,"Miyota, Japan",Karuizawa,sourced,Scotch Malt Whisky Society,TRUE,FALSE,Single Malt; Single Cask; 1999 SMWS 132.5 Sweet and darkly beguiling 14yo,14 Years,1999,,117.2,58.6,,Sherry butt,,https://www.spiritradar.com/whisky-db/karuizawa-1999-smws-132.5-sweet-and-darkly-beguiling-14yo-58.6-percent-700ml,2026-06-28,NULL,japanese_whisky_legacy_closed_ndps
Japanese Whisky,Karuizawa,"Miyota, Japan",Karuizawa,sourced,Number One Drinks,TRUE,FALSE,Single Malt; Single Cask; 1988 WS Great Cask Series Whiskysite.nl,,1988,,116.6,58.3,,Sherry butt,,https://www.spiritradar.com/whisky-db/karuizawa-1988-ws-great-cask-series-58.3-percent-700ml,2026-06-28,NULL,japanese_whisky_legacy_closed_ndps
Japanese Whisky,Karuizawa,"Miyota, Japan",Karuizawa,sourced,Number One Drinks,TRUE,FALSE,Single Malt; Single Cask; 1988 WF Butt,,1988,,116.6,58.3,,Refill cask,,https://www.spiritradar.com/whisky-db/karuizawa-1988-wf-58.3-percent-700ml,2026-06-28,NULL,japanese_whisky_legacy_closed_ndps
Japanese Whisky,Karuizawa,"Miyota, Japan",Karuizawa,sourced,Number One Drinks,TRUE,FALSE,Single Malt; Single Cask; 1971 Noh Whisky #1842 Prineus GmbH,,1971,1842,127.4,63.7,,Bourbon cask,,https://www.spiritradar.com/whisky-db/karuizawa-1971-noh-whisky-63.7-percent-700ml,2026-06-28,NULL,japanese_whisky_legacy_closed_ndps
Japanese Whisky,Karuizawa,"Miyota, Japan",Karuizawa,sourced,Number One Drinks,TRUE,FALSE,Single Malt; Single Cask; 1997 Rare Vintage #7815 Isetan Shinjuku,,1997,7815,124.0,62,,,,https://www.spiritradar.com/whisky-db/karuizawa-1997-rare-vintage-62-percent-700ml,2026-06-28,NULL,japanese_whisky_legacy_closed_ndps
Japanese Whisky,Karuizawa,"Miyota, Japan",Karuizawa,sourced,Number One Drinks,TRUE,FALSE,Single Malt; Single Cask; 1995 Noh Whisky Kamiasobi Akujyo The God of Whisky Japanese Wine Cask #5004 European Market,,1995,5004,126.0,63,,Wine cask,,https://www.spiritradar.com/whisky-db/karuizawa-1995-noh-whisky-kamiasobi-akujyo-the-god-of-whisky-63-percent-700ml,2026-06-28,NULL,japanese_whisky_legacy_closed_ndps
Japanese Whisky,Karuizawa,"Miyota, Japan",Karuizawa,sourced,Number One Drinks,TRUE,FALSE,Single Malt; Single Cask; 1992 Single Cask Number One Drinks Company #3330,,1992,3330,123.0,61.5,,Sherry butt,,https://www.spiritradar.com/whisky-db/karuizawa-1992-single-cask-number-one-drinks-company-61.5-percent-700ml;https://www.finespirits.auction/uk/domain/7457-Karuizawa.jsp,2026-06-07,https://www.finespirits.auction/fr/images/photos_ventes/large/B3088336_17.jpg,japanese_whisky_legacy_closed_ndps
Japanese Whisky,Karuizawa,"Miyota, Japan",Karuizawa,sourced,Number One Drinks,TRUE,FALSE,Single Malt; Single Cask; 1999 Vintage Single Cask Malt Whisky #867,,1999,867,117.8,58.9,,Sherry butt,,https://www.spiritradar.com/whisky-db/karuizawa-1999-vintage-single-cask-malt-whisky-58.9-percent-700ml;https://www.finespirits.auction/uk/domain/7457-Karuizawa.jsp,2026-06-07,https://www.finespirits.auction/fr/images/photos_ventes/large/B3015275_77.jpg,japanese_whisky_legacy_closed_ndps
Japanese Whisky,Karuizawa,"Miyota, Japan",Karuizawa,sourced,Number One Drinks,TRUE,FALSE,Single Malt; Single Cask; 1972 Gold Dragon 40yo #8833,40 Years,1972,8833,111.8,55.9,,Sherry butt,,https://www.spiritradar.com/whisky-db/karuizawa-1972-gold-dragon-55.9-percent-700ml,2026-06-28,NULL,japanese_whisky_legacy_closed_ndps
Japanese Whisky,Karuizawa,"Miyota, Japan",Karuizawa,sourced,La Maison du Whisky,TRUE,FALSE,Single Malt; Single Cask; 1982 Cocktail Serie #8444 LMDW,,1982,8444,117.2,58.6,,Bourbon cask,,https://www.spiritradar.com/whisky-db/karuizawa-1982-cocktail-serie-58.6-percent-700ml;https://www.finespirits.auction/uk/domain/7457-Karuizawa.jsp,2026-06-07,https://www.finespirits.auction/fr/images/photos_ventes/large/B3101711_271.jpg,japanese_whisky_legacy_closed_ndps
Japanese Whisky,Karuizawa,"Miyota, Japan",Karuizawa,sourced,Number One Drinks,TRUE,FALSE,Single Malt; Single Cask; 1983 Noh Whisky #8552,,1983,8552,108.6,54.3,,Bourbon cask,,https://www.spiritradar.com/whisky-db/karuizawa-1983-noh-whisky-54.3-percent-700ml,2026-06-28,NULL,japanese_whisky_legacy_closed_ndps
Japanese Whisky,Karuizawa,"Miyota, Japan",Karuizawa,sourced,Nonjatta,TRUE,FALSE,Single Malt; Single Cask; 1996 Ghost Series #1 #3681 Nonjatta,,1996,3681,119.0,59.5,,Sherry cask,,https://www.spiritradar.com/whisky-db/karuizawa-1996-ghost-series-1-59.5-percent-700ml,2026-06-28,NULL,japanese_whisky_legacy_closed_ndps
Japanese Whisky,Karuizawa,"Miyota, Japan",Karuizawa,sourced,Number One Drinks,TRUE,FALSE,Single Malt; Single Cask; 1991 Vintage Single Cask Malt Whisky #3318,,1991,3318,125.0,62.5,,,,https://www.spiritradar.com/whisky-db/karuizawa-1991-vintage-single-cask-malt-whisky-62.5-percent-700ml,2026-06-28,NULL,japanese_whisky_legacy_closed_ndps
Japanese Whisky,Karuizawa,"Miyota, Japan",Karuizawa,sourced,Number One Drinks,TRUE,FALSE,Single Malt; Single Cask; 1999 & 2000 Cocktail Serie #7698 Tokyo International BarShow 2012,,,7698,123.4,61.7,,,,https://www.spiritradar.com/whisky-db/karuizawa-1999-2000-cocktail-serie-61.7-percent-700ml;https://www.finespirits.auction/uk/domain/7457-Karuizawa.jsp,2026-06-07,https://www.finespirits.auction/fr/images/photos_ventes/large/B3033693_15.jpg,japanese_whisky_legacy_closed_ndps
Japanese Whisky,Karuizawa,"Miyota, Japan",Karuizawa,sourced,Number One Drinks,TRUE,FALSE,Single Malt; Single Cask; 1999 The last bottling Isetan Shinjuku,,1999,,121.0,60.5,,,,https://www.spiritradar.com/whisky-db/karuizawa-1999-the-last-bottling-60.5-percent-700ml,2026-06-28,NULL,japanese_whisky_legacy_closed_ndps
Japanese Whisky,Karuizawa,"Miyota, Japan",Karuizawa,sourced,Number One Drinks,TRUE,FALSE,Single Malt; Single Cask; 1976 Geisha Label #7818,,1976,7818,127.2,63.6,,Sherry butt,,https://www.spiritradar.com/whisky-db/karuizawa-1976-geisha-label-63.6-percent-750ml,2026-06-28,NULL,japanese_whisky_legacy_closed_ndps
Japanese Whisky,Karuizawa,"Miyota, Japan",Karuizawa,sourced,Number One Drinks,TRUE,FALSE,Single Malt; Single Cask; 1984 Geisha Label #3186 www.P9.com.tw,,1984,3186,116.0,58,,Sherry butt,,https://www.spiritradar.com/whisky-db/karuizawa-1984-geisha-label-58-percent-700ml,2026-06-28,NULL,japanese_whisky_legacy_closed_ndps
Japanese Whisky,Karuizawa,"Miyota, Japan",Karuizawa,sourced,Number One Drinks,TRUE,FALSE,Single Malt; Single Cask; 1999-2000 Vintages Geisha Label,,1999,,122.8,61.4,,Sherry cask,,https://www.spiritradar.com/whisky-db/karuizawa-1999-2000-vintages-geisha-label-61.4-percent-700ml,2026-06-28,NULL,japanese_whisky_legacy_closed_ndps
Japanese Whisky,Karuizawa,"Miyota, Japan",Karuizawa,sourced,Number One Drinks,TRUE,FALSE,Single Malt; Single Cask; 1981 Geisha Label #3555 The Whisky Exchange,,1981,3555,121.2,60.6,,Sherry cask,,https://www.spiritradar.com/whisky-db/karuizawa-1981-geisha-label-60.6-percent-700ml,2026-06-28,NULL,japanese_whisky_legacy_closed_ndps
Japanese Whisky,Karuizawa,"Miyota, Japan",Karuizawa,sourced,Whisky Live,TRUE,FALSE,Single Malt; Single Cask; 2000 Whisky Live Tokyo #7603,,2000,7603,124.8,62.4,,Sherry butt,,https://www.spiritradar.com/whisky-db/karuizawa-2000-whisky-live-tokyo-62.4-percent-700ml,2026-06-28,NULL,japanese_whisky_legacy_closed_ndps
Japanese Whisky,Karuizawa,"Miyota, Japan",Karuizawa,sourced,Number One Drinks,TRUE,FALSE,Single Malt; Single Cask; 1999-2000 Vintages Fugaku Sanjurokkei 4th Release,,1999,,120.2,60.1,,,,https://www.spiritradar.com/whisky-db/karuizawa-1999-2000-vintages-fugaku-sanjurokkei-4th-release-60.1-percent-700ml,2026-06-28,NULL,japanese_whisky_legacy_closed_ndps
Japanese Whisky,Karuizawa,"Miyota, Japan",Karuizawa,sourced,Number One Drinks,TRUE,FALSE,Single Malt; Single Cask; 1973 Vintage Single Cask Malt Whisky #1607,,1973,1607,135.4,67.7,,Sherry butt,,https://www.spiritradar.com/whisky-db/karuizawa-1973-vintage-single-cask-malt-whisky-67.7-percent-700ml;https://www.finespirits.auction/uk/domain/7457-Karuizawa.jsp,2026-06-07,https://www.finespirits.auction/fr/images/photos_ventes/large/B3017452_197.jpg,japanese_whisky_legacy_closed_ndps
Japanese Whisky,Karuizawa,"Miyota, Japan",Karuizawa,sourced,Scotch Malt Whisky Society,TRUE,FALSE,Single Malt; Single Cask; 1984 SMWS 132.1 Secret moonlit garden dram ex,,1984,,119.8,59.9,,Sherry butt,,https://www.spiritradar.com/whisky-db/karuizawa-1984-smws-132.1-secret-moonlit-garden-dram-59.9-percent-700ml,2026-06-28,NULL,japanese_whisky_legacy_closed_ndps
Japanese Whisky,Karuizawa,"Miyota, Japan",Karuizawa,sourced,Number One Drinks,TRUE,FALSE,Single Malt; Single Cask; Cask Strength 1st Release,,,,123.4,61.7,,Sherry butt,,https://www.spiritradar.com/whisky-db/karuizawa-cask-strength-1st-release-61.7-percent-700ml,2026-06-28,NULL,japanese_whisky_legacy_closed_ndps
Japanese Whisky,Karuizawa,"Miyota, Japan",Karuizawa,sourced,Number One Drinks,TRUE,FALSE,Single Malt; Single Cask; 1970 Geisha Label #6227,,1970,6227,123.8,61.9,,Sherry butt,,https://www.spiritradar.com/whisky-db/karuizawa-1970-geisha-label-61.9-percent-700ml,2026-06-28,NULL,japanese_whisky_legacy_closed_ndps
Japanese Whisky,Karuizawa,"Miyota, Japan",Karuizawa,sourced,Number One Drinks,TRUE,FALSE,Single Malt; Single Cask; 2000 Brilliant Sherry #199 Isetan,,2000,199,120.4,60.2,,Sherry cask,,https://www.spiritradar.com/whisky-db/karuizawa-2000-brilliant-sherry-60.2-percent-700ml,2026-06-28,NULL,japanese_whisky_legacy_closed_ndps
Japanese Whisky,Karuizawa,"Miyota, Japan",Karuizawa,sourced,Number One Drinks,TRUE,FALSE,Single Malt; Single Cask; 1994 Single Nippon Malt Whisky ex-Glenlivet #2221 Full Proof Europe,,1994,2221,122.0,61,,Sherry butt,,https://www.spiritradar.com/whisky-db/karuizawa-1994-single-nippon-malt-whisky-61-percent-700ml,2026-06-28,NULL,japanese_whisky_legacy_closed_ndps
Japanese Whisky,Karuizawa,"Miyota, Japan",Karuizawa,sourced,Number One Drinks,TRUE,FALSE,Single Malt; Single Cask; 1981 Noh Whisky #8775 K&L Wine Merchants,,1981,8775,124.6,62.3,,Sherry butt,,https://www.spiritradar.com/whisky-db/karuizawa-1981-noh-whisky-62.3-percent-750ml,2026-06-28,NULL,japanese_whisky_legacy_closed_ndps
Japanese Whisky,Karuizawa,"Miyota, Japan",Karuizawa,sourced,Number One Drinks,TRUE,FALSE,Single Malt; Single Cask; 31yo ElD The Golden Geishas #3667,31 Years,,3667,118.8,59.4,,Sherry cask,,https://www.spiritradar.com/whisky-db/karuizawa-31yo-eld-the-golden-geishas-59.4-percent-700ml,2026-06-28,NULL,japanese_whisky_legacy_closed_ndps
Japanese Whisky,Karuizawa,"Miyota, Japan",Karuizawa,sourced,La Maison du Whisky,TRUE,FALSE,Single Malt; Single Cask; 1984 Artifices Serie #8838 LMDW,,1984,8838,123.2,61.6,,Sherry cask,,https://www.spiritradar.com/whisky-db/karuizawa-1984-artifices-serie-61.6-percent-700ml,2026-06-28,NULL,japanese_whisky_legacy_closed_ndps
Japanese Whisky,Karuizawa,"Miyota, Japan",Karuizawa,sourced,Number One Drinks,TRUE,FALSE,Single Malt; Single Cask; 1984 Shi #3662 Shinanoya & TWE,,1984,3662,122.0,61,,Sherry cask,,https://www.spiritradar.com/whisky-db/karuizawa-1984-shi-61-percent-700ml,2026-06-28,NULL,japanese_whisky_legacy_closed_ndps
Japanese Whisky,Karuizawa,"Miyota, Japan",Karuizawa,sourced,Number One Drinks,TRUE,FALSE,Single Malt; Single Cask; 1981 Geisha Label #2042,,1981,2042,113.4,56.7,,Sherry butt,,https://www.spiritradar.com/whisky-db/karuizawa-1981-geisha-label-56.7-percent-700ml,2026-06-28,NULL,japanese_whisky_legacy_closed_ndps
Japanese Whisky,Karuizawa,"Miyota, Japan",Karuizawa,sourced,Number One Drinks,TRUE,FALSE,Single Malt; Single Cask; 1999 2000 Vintages Fugaku Sanjurokkei 2nd Release,,,,119.0,59.5,,,,https://www.spiritradar.com/whisky-db/karuizawa-1999-2000-vintages-fugaku-sanjurokkei-2nd-release-59.5-percent-700ml,2026-06-28,NULL,japanese_whisky_legacy_closed_ndps
Japanese Whisky,Karuizawa,"Miyota, Japan",Karuizawa,sourced,Number One Drinks,TRUE,FALSE,Single Malt; Single Cask; 1999 2000 Vintages Fugaku Sanjurokkei 3rd Release,,,,121.0,60.5,,,,https://www.spiritradar.com/whisky-db/karuizawa-1999-2000-vintages-fugaku-sanjurokkei-3rd-release-60.5-percent-700ml,2026-06-28,NULL,japanese_whisky_legacy_closed_ndps
Japanese Whisky,Karuizawa,"Miyota, Japan",Karuizawa,sourced,Number One Drinks,TRUE,FALSE,Single Malt; Single Cask; 45yo Aqua of Life #2725,45 Years,,2725,119.2,59.6,,Sherry butt,,https://www.spiritradar.com/whisky-db/karuizawa-45yo-aqua-of-life-59.6-percent-700ml,2026-06-28,NULL,japanese_whisky_legacy_closed_ndps
Japanese Whisky,Karuizawa,"Miyota, Japan",Karuizawa,sourced,Number One Drinks,TRUE,FALSE,Single Malt; Single Cask; 1974 Vintage Single Cask Malt Whisky #6409 Number One Drinks,,1974,6409,114.4,57.2,,,,https://www.spiritradar.com/whisky-db/karuizawa-1974-vintage-single-cask-malt-whisky-57.2-percent-700ml;https://www.finespirits.auction/uk/domain/7457-Karuizawa.jsp,2026-06-07,https://www.finespirits.auction/fr/images/photos_ventes/large/B3017452_198.jpg,japanese_whisky_legacy_closed_ndps
Japanese Whisky,Karuizawa,"Miyota, Japan",Karuizawa,sourced,Number One Drinks,TRUE,FALSE,Single Malt; Single Cask; 1981 Sakura #158,,1981,158,125.6,62.8,,Sherry cask,,https://www.spiritradar.com/whisky-db/karuizawa-1981-sakura-62.8-percent-700ml,2026-06-28,NULL,japanese_whisky_legacy_closed_ndps
Japanese Whisky,Karuizawa,"Miyota, Japan",Karuizawa,sourced,Number One Drinks,TRUE,FALSE,Single Malt; Single Cask; 1981 Vintage Single Cask Malt Whisky Cask no.7924,,1981,7924,113.2,56.6,,Sherry butt,,https://www.spiritradar.com/whisky-db/karuizawa-1981-vintage-single-cask-malt-whisky-cask-no.7924-56.6-percent-700ml;https://www.finespirits.auction/uk/domain/7457-Karuizawa.jsp,2026-06-28,NULL,japanese_whisky_legacy_closed_ndps
Japanese Whisky,Karuizawa,"Miyota, Japan",Karuizawa,sourced,Number One Drinks,TRUE,FALSE,Single Malt; Single Cask; Cask Strength 3rd Release,,,,123.4,61.7,,Sherry butt,,https://www.spiritradar.com/whisky-db/karuizawa-cask-strength-3rd-release-61.7-percent-700ml,2026-06-28,NULL,japanese_whisky_legacy_closed_ndps
Japanese Whisky,Karuizawa,"Miyota, Japan",Karuizawa,sourced,Number One Drinks,TRUE,FALSE,Single Malt; Single Cask; 1999 2000 Vintages Fugaku Sanjurokkei 5th Release,,,,119.2,59.6,,,,https://www.spiritradar.com/whisky-db/karuizawa-1999-2000-vintages-fugaku-sanjurokkei-5th-release-59.6-percent-700ml,2026-06-28,NULL,japanese_whisky_legacy_closed_ndps
Japanese Whisky,Karuizawa,"Miyota, Japan",Karuizawa,sourced,Number One Drinks,TRUE,FALSE,Single Malt; Single Cask; 1981 Geisha Label #2100,,1981,2100,120.8,60.4,,Sherry butt,,https://www.spiritradar.com/whisky-db/karuizawa-1981-geisha-label-60.4-percent-700ml,2026-06-28,NULL,japanese_whisky_legacy_closed_ndps
Japanese Whisky,Karuizawa,"Miyota, Japan",Karuizawa,sourced,Number One Drinks,TRUE,FALSE,Single Malt; Single Cask; 1984 #2961,,1984,2961,115.4,57.7,,,,https://www.spiritradar.com/whisky-db/karuizawa-1984-57.7-percent-700ml;https://www.finespirits.auction/uk/domain/7457-Karuizawa.jsp,2026-06-07,https://www.finespirits.auction/fr/images/photos_ventes/large/B3192364_80.jpg,japanese_whisky_legacy_closed_ndps
Japanese Whisky,Karuizawa,"Miyota, Japan",Karuizawa,sourced,Number One Drinks,TRUE,FALSE,Single Malt; Single Cask; Cask Strength 4th Release,,,,123.4,61.7,,Sherry butt,,https://www.spiritradar.com/whisky-db/karuizawa-cask-strength-4th-release-61.7-percent-700ml,2026-06-28,NULL,japanese_whisky_legacy_closed_ndps
Japanese Whisky,Karuizawa,"Miyota, Japan",Karuizawa,sourced,Number One Drinks,TRUE,FALSE,Single Malt; Single Cask; 1999 Joint bottling of HST #2316,,1999,2316,122.6,61.3,,Sherry butt,,https://www.spiritradar.com/whisky-db/karuizawa-1999-joint-bottling-of-hst-61.3-percent-700ml,2026-06-28,NULL,japanese_whisky_legacy_closed_ndps
Japanese Whisky,Karuizawa,"Miyota, Japan",Karuizawa,sourced,Number One Drinks,TRUE,FALSE,Single Malt; Single Cask; 1984 Noh Whisky #2030,,1984,2030,116.4,58.2,,Sherry cask,,https://www.spiritradar.com/whisky-db/karuizawa-1984-noh-whisky-58.2-percent-700ml,2026-06-28,NULL,japanese_whisky_legacy_closed_ndps
Japanese Whisky,Karuizawa,"Miyota, Japan",Karuizawa,sourced,Number One Drinks,TRUE,FALSE,Single Malt; Single Cask; 1999 Memories of Karuizawa #879 Number One Drinks,,1999,879,125.8,62.9,,Sherry butt,,https://www.spiritradar.com/whisky-db/karuizawa-1999-memories-of-karuizawa-62.9-percent-700ml,2026-06-28,NULL,japanese_whisky_legacy_closed_ndps
Japanese Whisky,Karuizawa,"Miyota, Japan",Karuizawa,sourced,Number One Drinks,TRUE,FALSE,Single Malt; Single Cask; 1988 Vintage Single Cask Malt Whisky #7683,,1988,7683,118.6,59.3,,Sherry butt,,https://www.spiritradar.com/whisky-db/karuizawa-1988-vintage-single-cask-malt-whisky-59.3-percent-700ml,2026-06-28,NULL,japanese_whisky_legacy_closed_ndps
Japanese Whisky,Karuizawa,"Miyota, Japan",Karuizawa,sourced,La Maison du Whisky,TRUE,FALSE,Single Malt; Single Cask; 1980 J'avance vers le futur Ex- #6431 LMDW,,1980,6431,124.2,62.1,,Bourbon cask,,https://www.spiritradar.com/whisky-db/karuizawa-1980-javance-vers-le-futur-62.1-percent-700ml;https://www.finespirits.auction/uk/domain/7457-Karuizawa.jsp,2026-06-07,https://www.finespirits.auction/fr/images/photos_ventes/large/B3017452_175.jpg,japanese_whisky_legacy_closed_ndps
Japanese Whisky,Karuizawa,"Miyota, Japan",Karuizawa,sourced,Number One Drinks,TRUE,FALSE,Single Malt; Single Cask; 1995 Japanese Single Cask Whisky #5024 Johan Hofvander & Tapani Kuusela,,1995,5024,132.0,66,,,,https://www.spiritradar.com/whisky-db/karuizawa-1995-japanese-single-cask-whisky-66-percent-700ml,2026-06-28,NULL,japanese_whisky_legacy_closed_ndps
Japanese Whisky,Karuizawa,"Miyota, Japan",Karuizawa,sourced,Number One Drinks,TRUE,FALSE,Single Malt; Single Cask; 1980 Noh Whisky 32yo #7614,32 Years,1980,7614,100.8,50.4,,Sherry butt,,https://www.spiritradar.com/whisky-db/karuizawa-1980-noh-whisky-32yo-50.4-percent-700ml,2026-06-28,NULL,japanese_whisky_legacy_closed_ndps
Japanese Whisky,Karuizawa,"Miyota, Japan",Karuizawa,sourced,Number One Drinks,TRUE,FALSE,Single Malt; Single Cask; 1983 Geisha Label #2656,,1983,2656,115.2,57.6,,Sherry butt,,https://www.spiritradar.com/whisky-db/karuizawa-1983-geisha-label-57.6-percent-700ml,2026-06-28,NULL,japanese_whisky_legacy_closed_ndps
Japanese Whisky,Karuizawa,"Miyota, Japan",Karuizawa,sourced,Number One Drinks,TRUE,FALSE,Single Malt; Single Cask; 1999 Isetan,,1999,,122.0,61,,,,https://www.spiritradar.com/whisky-db/karuizawa-1999-61-percent-700ml,2026-06-28,NULL,japanese_whisky_legacy_closed_ndps
Japanese Whisky,Karuizawa,"Miyota, Japan",Karuizawa,sourced,Scotch Malt Whisky Society,TRUE,FALSE,Single Malt; Single Cask; 1996 SMWS 132.4 Rich brooding and suggestive butt,,1996,,123.4,61.7,,Refill cask,,https://www.spiritradar.com/whisky-db/karuizawa-1996-smws-132.4-rich-brooding-and-suggestive-61.7-percent-700ml,2026-06-28,NULL,japanese_whisky_legacy_closed_ndps
Japanese Whisky,Karuizawa,"Miyota, Japan",Karuizawa,sourced,Number One Drinks,TRUE,FALSE,Single Malt; Single Cask; 1999 Geisha Label #895,,1999,895,117.2,58.6,,Sherry cask,,https://www.spiritradar.com/whisky-db/karuizawa-1999-geisha-label-58.6-percent-700ml,2026-06-28,NULL,japanese_whisky_legacy_closed_ndps
Japanese Whisky,Karuizawa,"Miyota, Japan",Karuizawa,sourced,Number One Drinks,TRUE,FALSE,Single Malt; Single Cask; 30yo Samurai Label Wooden Box #7857,30 Years,,7857,116.0,58,,Sherry butt,,https://www.spiritradar.com/whisky-db/karuizawa-30yo-samurai-label-wooden-box-58-percent-700ml,2026-06-28,NULL,japanese_whisky_legacy_closed_ndps
Japanese Whisky,Karuizawa,"Miyota, Japan",Karuizawa,sourced,La Maison du Whisky,TRUE,FALSE,Single Malt; Single Cask; 1984 Artifices Serie #5410 LMDW,,1984,5410,115.4,57.7,,Sherry cask,,https://www.spiritradar.com/whisky-db/karuizawa-1984-artifices-serie-57.7-percent-700ml,2026-06-28,NULL,japanese_whisky_legacy_closed_ndps
Japanese Whisky,Karuizawa,"Miyota, Japan",Karuizawa,sourced,Number One Drinks,TRUE,FALSE,Single Malt; Single Cask; 1991 Memories of Karuizawa #9106,,1991,9106,127.4,63.7,,Sherry cask,,https://www.spiritradar.com/whisky-db/karuizawa-1991-memories-of-karuizawa-63.7-percent-700ml,2026-06-28,NULL,japanese_whisky_legacy_closed_ndps
Japanese Whisky,Karuizawa,"Miyota, Japan",Karuizawa,sourced,Number One Drinks,TRUE,FALSE,Single Malt; Single Cask; 1977 Vintage Single Cask Malt Whisky 31yo #6994,31 Years,1977,6994,125.4,62.7,,Sherry butt,,https://www.spiritradar.com/whisky-db/karuizawa-1977-vintage-single-cask-malt-whisky-31yo-62.7-percent-700ml,2026-06-28,NULL,japanese_whisky_legacy_closed_ndps
Japanese Whisky,Karuizawa,"Miyota, Japan",Karuizawa,sourced,Whisky Live,TRUE,FALSE,Single Malt; Single Cask; 1968 Vintage Single Cask Whisky Live Taipei #6955,,1968,6955,122.2,61.1,,Sherry butt,,https://www.spiritradar.com/whisky-db/karuizawa-1968-vintage-single-cask-whisky-live-taipei-61.1-percent-700ml,2026-06-28,NULL,japanese_whisky_legacy_closed_ndps
Japanese Whisky,Karuizawa,"Miyota, Japan",Karuizawa,sourced,Number One Drinks,TRUE,FALSE,Single Malt; Single Cask; 1981 Waves Serie Black #4659,,1981,4659,115.2,57.6,,Sherry butt,,https://www.spiritradar.com/whisky-db/karuizawa-1981-waves-serie-black-57.6-percent-700ml,2026-06-28,NULL,japanese_whisky_legacy_closed_ndps
Japanese Whisky,Karuizawa,"Miyota, Japan",Karuizawa,sourced,Number One Drinks,TRUE,FALSE,Single Malt; Single Cask; 1981 Shi Shinanoya Private Cask 5th Anniversary #4961,,1981,4961,120.0,60,,Bourbon cask,,https://www.spiritradar.com/whisky-db/karuizawa-1981-shi-shinanoya-private-cask-5th-anniversary-60-percent-700ml,2026-06-28,NULL,japanese_whisky_legacy_closed_ndps
Japanese Whisky,Karuizawa,"Miyota, Japan",Karuizawa,sourced,Number One Drinks,TRUE,FALSE,Single Malt; Single Cask; 1983 Geisha Label #2233,,1983,2233,118.8,59.4,,Sherry butt,,https://www.spiritradar.com/whisky-db/karuizawa-1983-geisha-label-59.4-percent-700ml,2026-06-28,NULL,japanese_whisky_legacy_closed_ndps
Japanese Whisky,Karuizawa,"Miyota, Japan",Karuizawa,sourced,Number One Drinks,TRUE,FALSE,Single Malt; Single Cask; 1981 Fire Dragon #6370,,1981,6370,107.6,53.8,,Sherry butt,,https://www.spiritradar.com/whisky-db/karuizawa-1981-fire-dragon-53.8-percent-700ml,2026-06-28,NULL,japanese_whisky_legacy_closed_ndps
Japanese Whisky,Karuizawa,"Miyota, Japan",Karuizawa,sourced,Number One Drinks,TRUE,FALSE,Single Malt; Single Cask; 1999 2000 Vintages Fugaku Sanjurokkei 6th Release,,,,119.4,59.7,,,,https://www.spiritradar.com/whisky-db/karuizawa-1999-2000-vintages-fugaku-sanjurokkei-6th-release-59.7-percent-700ml,2026-06-28,NULL,japanese_whisky_legacy_closed_ndps
Japanese Whisky,Karuizawa,"Miyota, Japan",Karuizawa,sourced,Number One Drinks,TRUE,FALSE,Single Malt; Single Cask; 1995 Shi Shinanoya Private Cask 5th Anniversary #5006,,1995,5006,138.6,69.3,,,,https://www.spiritradar.com/whisky-db/karuizawa-1995-shi-shinanoya-private-cask-5th-anniversary-69.3-percent-700ml,2026-06-28,NULL,japanese_whisky_legacy_closed_ndps
Japanese Whisky,Karuizawa,"Miyota, Japan",Karuizawa,sourced,Number One Drinks,TRUE,FALSE,Single Malt; Single Cask; 1981 Single Cask 35yo #6412,35 Years,1981,35y,115.4,57.7,,,,https://www.spiritradar.com/whisky-db/karuizawa-1981-single-cask-35yo-57.7-percent-700ml,2026-06-28,NULL,japanese_whisky_legacy_closed_ndps
Japanese Whisky,Karuizawa,"Miyota, Japan",Karuizawa,sourced,Number One Drinks,TRUE,FALSE,Single Malt; Single Cask; 1980 Vintage Single Cask #6568,,1980,6568,112.8,56.4,,,,https://www.spiritradar.com/whisky-db/karuizawa-1980-vintage-single-cask-56.4-percent-700ml,2026-06-28,NULL,japanese_whisky_legacy_closed_ndps
Japanese Whisky,Karuizawa,"Miyota, Japan",Karuizawa,sourced,Number One Drinks,TRUE,FALSE,Single Malt; Single Cask; 1984 Vintage Single Cask Malt Whisky #2563,,1984,2563,112.4,56.2,,,,https://www.spiritradar.com/whisky-db/karuizawa-1984-vintage-single-cask-malt-whisky-56.2-percent-700ml,2026-06-28,NULL,japanese_whisky_legacy_closed_ndps
Japanese Whisky,Karuizawa,"Miyota, Japan",Karuizawa,sourced,Number One Drinks,TRUE,FALSE,Single Malt; Single Cask; 30yo Samurai Label #7843,30 Years,,7843,116.6,58.3,,Sherry butt,,https://www.spiritradar.com/whisky-db/karuizawa-30yo-samurai-label-58.3-percent-700ml,2026-06-28,NULL,japanese_whisky_legacy_closed_ndps
Japanese Whisky,Karuizawa,"Miyota, Japan",Karuizawa,sourced,Number One Drinks,TRUE,FALSE,Single Malt; Single Cask; 1989 Vintage for Kawachiya #7410,,1989,7410,122.6,61.3,,Sherry cask,,https://www.spiritradar.com/whisky-db/karuizawa-1989-vintage-for-kawachiya-61.3-percent-700ml,2026-06-28,NULL,japanese_whisky_legacy_closed_ndps
Japanese Whisky,Karuizawa,"Miyota, Japan",Karuizawa,sourced,Number One Drinks,TRUE,FALSE,Single Malt; Single Cask; 1984 Vintage Single Cask Malt Whisky #7914,,1984,7914,118.6,59.3,,,,https://www.spiritradar.com/whisky-db/karuizawa-1984-vintage-single-cask-malt-whisky-59.3-percent-700ml,2026-06-28,NULL,japanese_whisky_legacy_closed_ndps
Japanese Whisky,Karuizawa,"Miyota, Japan",Karuizawa,sourced,Number One Drinks,TRUE,FALSE,Single Malt; Single Cask; 1995 Noh Whisky Mei Lu Xiang-Hong Barrel Japanese Wine Cask #5007,,1995,5007,126.0,63,,Wine cask,,https://www.spiritradar.com/whisky-db/karuizawa-1995-noh-whisky-mei-lu-xiang-hong-barrel-63-percent-750ml,2026-06-28,NULL,japanese_whisky_legacy_closed_ndps
Japanese Whisky,Karuizawa,"Miyota, Japan",Karuizawa,sourced,La Maison du Whisky,TRUE,FALSE,Single Malt; Single Cask; 1965 Single Cask #2372 60th Anniversary of LMDW,,1965,2372,124.6,62.3,,,,https://www.spiritradar.com/whisky-db/karuizawa-1965-single-cask-62.3-percent-700ml,2026-06-28,NULL,japanese_whisky_legacy_closed_ndps
Japanese Whisky,Karuizawa,"Miyota, Japan",Karuizawa,sourced,Number One Drinks,TRUE,FALSE,Single Malt; Single Cask; 1985 The Tiger #2541,,1985,2541,117.8,58.9,,Sherry butt,,https://www.spiritradar.com/whisky-db/karuizawa-1985-the-tiger-58.9-percent-700ml,2026-06-28,NULL,japanese_whisky_legacy_closed_ndps
Japanese Whisky,Karuizawa,"Miyota, Japan",Karuizawa,sourced,Number One Drinks,TRUE,FALSE,Single Malt; Single Cask; 1981 Single Cask Number One Drinks Company #5208,,1981,5208,107.8,53.9,,,,https://www.spiritradar.com/whisky-db/karuizawa-1981-single-cask-number-one-drinks-company-53.9-percent-700ml,2026-06-28,NULL,japanese_whisky_legacy_closed_ndps
Japanese Whisky,Karuizawa,"Miyota, Japan",Karuizawa,sourced,Whisky Magazine,TRUE,FALSE,Single Malt; Single Cask; 1981 Whisky Magazine Editor's Choice #7982,,1981,7982,109.0,54.5,,Sherry butt,,https://www.spiritradar.com/whisky-db/karuizawa-1981-whisky-magazine-editors-choice-54.5-percent-700ml,2026-06-28,NULL,japanese_whisky_legacy_closed_ndps
Japanese Whisky,Karuizawa,"Miyota, Japan",Karuizawa,sourced,Number One Drinks,TRUE,FALSE,Single Malt; Single Cask; 33yo ElD The Emerald Geishas #8908,33 Years,,8908,108.8,54.4,,Sherry cask,,https://www.spiritradar.com/whisky-db/karuizawa-33yo-eld-the-emerald-geishas-54.4-percent-700ml,2026-06-28,NULL,japanese_whisky_legacy_closed_ndps
Japanese Whisky,Karuizawa,"Miyota, Japan",Karuizawa,sourced,Number One Drinks,TRUE,FALSE,Single Malt; Single Cask; 1991 W-e The School of Malt Lesson III #9091,,1991,9091,127.4,63.7,,Sherry butt,,https://www.spiritradar.com/whisky-db/karuizawa-1991-w-e-the-school-of-malt-lesson-iii-63.7-percent-700ml,2026-06-28,NULL,japanese_whisky_legacy_closed_ndps
Japanese Whisky,Karuizawa,"Miyota, Japan",Karuizawa,sourced,Number One Drinks,TRUE,FALSE,Single Malt; Single Cask; 1983 Honor Sumo #3408 Taiwan,,1983,3408,116.8,58.4,,Sherry butt,,https://www.spiritradar.com/whisky-db/karuizawa-1983-honor-sumo-58.4-percent-700ml,2026-06-28,NULL,japanese_whisky_legacy_closed_ndps
Japanese Whisky,Karuizawa,"Miyota, Japan",Karuizawa,sourced,Number One Drinks,TRUE,FALSE,Single Malt; Single Cask; 1994 Noh Whisky #6149,,1994,6149,127.2,63.6,,Sherry cask,,https://www.spiritradar.com/whisky-db/karuizawa-1994-noh-whisky-63.6-percent-700ml,2026-06-28,NULL,japanese_whisky_legacy_closed_ndps
Japanese Whisky,Karuizawa,"Miyota, Japan",Karuizawa,sourced,Number One Drinks,TRUE,FALSE,Single Malt; Single Cask; 1984 Vintage Single Cask Malt Whisky #2962,,1984,2962,114.2,57.1,,Sherry butt,,https://www.spiritradar.com/whisky-db/karuizawa-1984-vintage-single-cask-malt-whisky-57.1-percent-750ml,2026-06-28,NULL,japanese_whisky_legacy_closed_ndps
Japanese Whisky,Karuizawa,"Miyota, Japan",Ocean,blended,,FALSE,FALSE,Blended Japanese Whisky; 12yo Ocean Special Old,12 Years,,,86.0,43,,,,https://www.spiritradar.com/whisky-db/karuizawa-12yo-ocean-special-old-43-percent-750ml,2026-06-28,NULL,japanese_whisky_legacy_closed_ndps
Japanese Whisky,Karuizawa,"Miyota, Japan",Karuizawa,sourced,Number One Drinks,TRUE,FALSE,Single Malt; Single Cask; 1970 Vintage Single Cask Malt Whisky #1985,,1970,1985,118.2,59.1,,Bourbon cask,,https://www.spiritradar.com/whisky-db/karuizawa-1970-vintage-single-cask-malt-whisky-59.1-percent-700ml,2026-06-28,NULL,japanese_whisky_legacy_closed_ndps
Japanese Whisky,Karuizawa,"Miyota, Japan",Karuizawa,sourced,Number One Drinks,TRUE,FALSE,Single Malt; Single Cask; 1977 Geisha Label #3584,,1977,3584,128.2,64.1,,Sherry butt,,https://www.spiritradar.com/whisky-db/karuizawa-1977-geisha-label-64.1-percent-700ml,2026-06-28,NULL,japanese_whisky_legacy_closed_ndps
Japanese Whisky,Karuizawa,"Miyota, Japan",Karuizawa,sourced,Number One Drinks,TRUE,FALSE,Single Malt; Single Cask; 1981 Single Cask Number One Drinks Company #5026,,1981,5026,133.0,66.5,,,,https://www.spiritradar.com/whisky-db/karuizawa-1981-single-cask-number-one-drinks-company-5026-66.5-percent-700ml,2026-06-28,NULL,japanese_whisky_legacy_closed_ndps
Japanese Whisky,Karuizawa,"Miyota, Japan",Karuizawa,sourced,Number One Drinks,TRUE,FALSE,Single Malt; Single Cask; 1984 Vintage Single Cask Malt Whisky #2963,,1984,2963,114.4,57.2,,,,https://www.spiritradar.com/whisky-db/karuizawa-1984-vintage-single-cask-malt-whisky-57.2-percent-700ml,2026-06-28,NULL,japanese_whisky_legacy_closed_ndps
Japanese Whisky,Karuizawa,"Miyota, Japan",Karuizawa,sourced,Number One Drinks,TRUE,FALSE,Single Malt; Single Cask; 1982 Honor Sumo #4971,,1982,4971,115.8,57.9,,Sherry butt,,https://www.spiritradar.com/whisky-db/karuizawa-1982-honor-sumo-sherry-butt-4971-57.9-percent-700ml,2026-06-28,NULL,japanese_whisky_legacy_closed_ndps
Japanese Whisky,Karuizawa,"Miyota, Japan",Karuizawa,sourced,Number One Drinks,TRUE,FALSE,Single Malt; Single Cask; 1981 Samurai Label #4943 The Whisky Exchange,,1981,4943,126.8,63.4,,Sherry cask,,https://www.spiritradar.com/whisky-db/karuizawa-1981-samurai-label-63.4-percent-700ml,2026-06-28,NULL,japanese_whisky_legacy_closed_ndps
Japanese Whisky,Karuizawa,"Miyota, Japan",Karuizawa,sourced,Number One Drinks,TRUE,FALSE,Single Malt; Single Cask; 1984 Noh Whisky #3032 Number One Drinks Company,,1984,3032,122.8,61.4,,Sherry cask,,https://www.spiritradar.com/whisky-db/karuizawa-1984-noh-whisky-61.4-percent-750ml,2026-06-28,NULL,japanese_whisky_legacy_closed_ndps
Japanese Whisky,Karuizawa,"Miyota, Japan",Ocean,blended,,FALSE,FALSE,Blended Japanese Whisky; 8yo Ocean Whisky Ship Bottle Mercian,8 Years,,,80.0,40,,,,https://www.spiritradar.com/whisky-db/karuizawa-8yo-ocean-whisky-ship-bottle-40-percent-700ml,2026-06-28,NULL,japanese_whisky_legacy_closed_ndps
Japanese Whisky,Karuizawa,"Miyota, Japan",Karuizawa,sourced,Number One Drinks,TRUE,FALSE,Single Malt; Single Cask; 30yo Samurai Label #3622,30 Years,,3622,122.2,61.1,,Sherry butt,,https://www.spiritradar.com/whisky-db/karuizawa-30yo-samurai-label-61.1-percent-700ml,2026-06-28,NULL,japanese_whisky_legacy_closed_ndps
Japanese Whisky,Karuizawa,"Miyota, Japan",Karuizawa,sourced,Number One Drinks,TRUE,FALSE,Single Malt; Single Cask; 1999 2000 Vintages Fugaku Sanjurokkei 8th Release,,,,118.4,59.2,,,,https://www.spiritradar.com/whisky-db/karuizawa-1999-2000-vintages-fugaku-sanjurokkei-8th-release-59.2-percent-700ml,2026-06-28,NULL,japanese_whisky_legacy_closed_ndps
Japanese Whisky,Karuizawa,"Miyota, Japan",Karuizawa,sourced,Number One Drinks,TRUE,FALSE,Single Malt; Single Cask; 2000 Geisha Label #7721,,2000,7721,118.0,59,,Sherry cask,,https://www.spiritradar.com/whisky-db/karuizawa-2000-geisha-label-59-percent-700ml,2026-06-28,NULL,japanese_whisky_legacy_closed_ndps
Japanese Whisky,Karuizawa,"Miyota, Japan",Karuizawa,sourced,Number One Drinks,TRUE,FALSE,Single Malt; Single Cask; 1981 Vintage Single Cask Malt Whisky Cask no.8800,,1981,8800,129.6,64.8,,,,https://www.spiritradar.com/whisky-db/karuizawa-1981-vintage-single-cask-malt-whisky-cask-no.8800-64.8-percent-700ml,2026-06-28,NULL,japanese_whisky_legacy_closed_ndps
Japanese Whisky,Karuizawa,"Miyota, Japan",Karuizawa,sourced,Number One Drinks,TRUE,FALSE,Single Malt; Single Cask; 1982 Vintage Single Cask Malt Whisky #2279,,1982,2279,116.2,58.1,,,,https://www.spiritradar.com/whisky-db/karuizawa-1982-vintage-single-cask-malt-whisky-58.1-percent-700ml,2026-06-28,NULL,japanese_whisky_legacy_closed_ndps
Japanese Whisky,Karuizawa,"Miyota, Japan",Karuizawa,sourced,Number One Drinks,TRUE,FALSE,Single Malt; Single Cask; 1996 Memories of Karuizawa #3684,,1996,3684,123.6,61.8,,Sherry cask,,https://www.spiritradar.com/whisky-db/karuizawa-1996-memories-of-karuizawa-61.8-percent-700ml,2026-06-28,NULL,japanese_whisky_legacy_closed_ndps
Japanese Whisky,Karuizawa,"Miyota, Japan",Karuizawa,sourced,Number One Drinks,TRUE,FALSE,Single Malt; Single Cask; 1981 Single Cask Number One Drinks Company Sherry Puncheon #7981,,1981,7981,119.2,59.6,,Sherry cask,,https://www.spiritradar.com/whisky-db/karuizawa-1981-single-cask-number-one-drinks-company-59.6-percent-700ml,2026-06-28,NULL,japanese_whisky_legacy_closed_ndps
Japanese Whisky,Karuizawa,"Miyota, Japan",Karuizawa,sourced,Number One Drinks,TRUE,FALSE,Single Malt; Single Cask; 45yo Aqua of Life #1946,45 Years,,1946,124.0,62,,Sherry butt,,https://www.spiritradar.com/whisky-db/karuizawa-45yo-aqua-of-life-62-percent-700ml,2026-06-28,NULL,japanese_whisky_legacy_closed_ndps
Japanese Whisky,Karuizawa,"Miyota, Japan",Karuizawa,sourced,Number One Drinks,TRUE,FALSE,Single Malt; Single Cask; 1976 Vintage Single Cask Malt Whisky 33yo #7818,33 Years,1976,7818,127.2,63.6,,Sherry butt,,https://www.spiritradar.com/whisky-db/karuizawa-1976-vintage-single-cask-malt-whisky-33yo-63.6-percent-700ml,2026-06-28,NULL,japanese_whisky_legacy_closed_ndps
Japanese Whisky,Karuizawa,"Miyota, Japan",Karuizawa,sourced,Number One Drinks,TRUE,FALSE,Single Malt; Single Cask; 1981 Single Cask Number One Drinks Company #4803,,1981,4803,124.4,62.2,,,,https://www.spiritradar.com/whisky-db/karuizawa-1981-single-cask-number-one-drinks-company-4803-62.2-percent-700ml,2026-06-28,NULL,japanese_whisky_legacy_closed_ndps
Japanese Whisky,Karuizawa,"Miyota, Japan",Karuizawa,sourced,Number One Drinks,TRUE,FALSE,Single Malt; Single Cask; 15yo 100% Malt Whisky,15 Years,,,0.0,00,,,,https://www.spiritradar.com/whisky-db/karuizawa-15yo-100-percent-malt-whisky-40-percent-700ml,2026-06-28,NULL,japanese_whisky_legacy_closed_ndps
Japanese Whisky,Karuizawa,"Miyota, Japan",Karuizawa,sourced,Number One Drinks,TRUE,FALSE,Single Malt; Single Cask; 1983 Vintage Single Cask Malt Whisky #7524,,1983,7524,114.8,57.4,,,,https://www.spiritradar.com/whisky-db/karuizawa-1983-vintage-single-cask-malt-whisky-57.4-percent-700ml,2026-06-28,NULL,japanese_whisky_legacy_closed_ndps
Japanese Whisky,Karuizawa,"Miyota, Japan",Karuizawa,sourced,Number One Drinks,TRUE,FALSE,Single Malt; Single Cask; 1960 Single Cask #5627,,1960,5627,103.6,51.8,,,,https://www.spiritradar.com/whisky-db/karuizawa-1960-single-cask-51.8-percent-700ml,2026-06-28,NULL,japanese_whisky_legacy_closed_ndps
Japanese Whisky,Karuizawa,"Miyota, Japan",Karuizawa,sourced,Scotch Malt Whisky Society,TRUE,FALSE,Single Malt; Single Cask; 1993 SMWS 132.3 Dark mysterious and seductive,,1993,,122.2,61.1,,Sherry butt,,https://www.spiritradar.com/whisky-db/karuizawa-1993-smws-132.3-dark-mysterious-and-seductive-61.1-percent-700ml,2026-06-28,NULL,japanese_whisky_legacy_closed_ndps
Japanese Whisky,Karuizawa,"Miyota, Japan",Karuizawa,sourced,Number One Drinks,TRUE,FALSE,Single Malt; Single Cask; 1999 Geisha Label #7436,,1999,7436,121.2,60.6,,Sherry cask,,https://www.spiritradar.com/whisky-db/karuizawa-1999-geisha-label-60.6-percent-700ml,2026-06-28,NULL,japanese_whisky_legacy_closed_ndps
Japanese Whisky,Karuizawa,"Miyota, Japan",Karuizawa,sourced,Number One Drinks,TRUE,FALSE,Single Malt; Single Cask; 1999 2000 Vintages Fugaku Sanjurokkei 9th Release,,,,121.6,60.8,,,,https://www.spiritradar.com/whisky-db/karuizawa-1999-2000-vintages-fugaku-sanjurokkei-9th-release-60.8-percent-700ml,2026-06-28,NULL,japanese_whisky_legacy_closed_ndps
Japanese Whisky,Karuizawa,"Miyota, Japan",Karuizawa,sourced,Number One Drinks,TRUE,FALSE,Single Malt; Single Cask; 1983 #3557,,1983,3557,118.2,59.1,,Sherry cask,,https://www.spiritradar.com/whisky-db/karuizawa-1983-59.1-percent-700ml,2026-06-28,NULL,japanese_whisky_legacy_closed_ndps
Japanese Whisky,Karuizawa,"Miyota, Japan",Karuizawa,sourced,Number One Drinks,TRUE,FALSE,Single Malt; Single Cask; 1999 Geisha Label #2332,,1999,2332,117.0,58.5,,Sherry cask,,https://www.spiritradar.com/whisky-db/karuizawa-1999-geisha-label-58.5-percent-700ml,2026-06-28,NULL,japanese_whisky_legacy_closed_ndps
Japanese Whisky,Karuizawa,"Miyota, Japan",Karuizawa,sourced,Whisky Live,TRUE,FALSE,Single Malt; Single Cask; 1968 Vintage Single Cask Whisky Live Taipei,,1968,,127.2,63.6,,Sherry butt,,https://www.spiritradar.com/whisky-db/karuizawa-1968-vintage-single-cask-whisky-live-taipei-63.6-percent-700ml,2026-06-28,NULL,japanese_whisky_legacy_closed_ndps
Japanese Whisky,Karuizawa,"Miyota, Japan",Karuizawa,sourced,Number One Drinks,TRUE,FALSE,Single Malt; Single Cask; 2000 Noh Whisky #2326,,2000,2326,124.4,62.2,,Sherry cask,,https://www.spiritradar.com/whisky-db/karuizawa-2000-noh-whisky-62.2-percent-700ml,2026-06-28,NULL,japanese_whisky_legacy_closed_ndps
Japanese Whisky,Karuizawa,"Miyota, Japan",Karuizawa,sourced,Number One Drinks,TRUE,FALSE,Single Malt; Single Cask; 2000 Geisha Label #2339,,2000,2339,122.2,61.1,,Sherry cask,,https://www.spiritradar.com/whisky-db/karuizawa-2000-geisha-label-61.1-percent-700ml,2026-06-28,NULL,japanese_whisky_legacy_closed_ndps
Japanese Whisky,Karuizawa,"Miyota, Japan",Karuizawa,sourced,Number One Drinks,TRUE,FALSE,Single Malt; Single Cask; 12yo Hanshin Tigers 2003,12 Years,2003,,80.0,40,,,,https://www.spiritradar.com/whisky-db/karuizawa-12yo-hanshin-tigers-2003-40-percent-700ml,2026-06-28,NULL,japanese_whisky_legacy_closed_ndps
Japanese Whisky,Karuizawa,"Miyota, Japan",Karuizawa,sourced,Number One Drinks,TRUE,FALSE,Single Malt; Single Cask; 1977 Vintage Single Cask Malt Whisky #4747,,1977,4747,133.8,66.9,,,,https://www.spiritradar.com/whisky-db/karuizawa-1977-vintage-single-cask-malt-whisky-66.9-percent-700ml,2026-06-28,NULL,japanese_whisky_legacy_closed_ndps
Japanese Whisky,Karuizawa,"Miyota, Japan",Karuizawa,sourced,Number One Drinks,TRUE,FALSE,Single Malt; Single Cask; 1984 Vintage Single Cask Malt Whisky #3660,,1984,3660,119.2,59.6,,,,https://www.spiritradar.com/whisky-db/karuizawa-1984-vintage-single-cask-malt-whisky-59.6-percent-700ml,2026-06-28,NULL,japanese_whisky_legacy_closed_ndps
Japanese Whisky,Karuizawa,"Miyota, Japan",Karuizawa,sourced,Number One Drinks,TRUE,FALSE,Single Malt; Single Cask; 33yo ElD The Golden Geishas #3579,33 Years,,3579,126.8,63.4,,Sherry cask,,https://www.spiritradar.com/whisky-db/karuizawa-33yo-eld-the-golden-geishas-63.4-percent-700ml,2026-06-28,NULL,japanese_whisky_legacy_closed_ndps
Japanese Whisky,Karuizawa,"Miyota, Japan",Karuizawa,sourced,Number One Drinks,TRUE,FALSE,Single Malt; Single Cask; 1982 Single Cask Number One Drinks Company #2230,,1982,2230,116.0,58,,Sherry butt,,https://www.spiritradar.com/whisky-db/karuizawa-1982-single-cask-number-one-drinks-company-58-percent-700ml,2026-06-28,NULL,japanese_whisky_legacy_closed_ndps
Japanese Whisky,Karuizawa,"Miyota, Japan",Karuizawa,sourced,Nonjatta,TRUE,FALSE,Single Malt; Single Cask; 1995 Ghost Series #2 Japanese Red Wine Cask #5022 Nonjatta,,1995,5022,123.8,61.9,,Wine cask,,https://www.spiritradar.com/whisky-db/karuizawa-1995-ghost-series-2-61.9-percent-700ml,2026-06-28,NULL,japanese_whisky_legacy_closed_ndps
Japanese Whisky,Karuizawa,"Miyota, Japan",Karuizawa,sourced,Number One Drinks,TRUE,FALSE,Single Malt; Single Cask; 30yo Samurai Label #3139,30 Years,,3139,110.8,55.4,,Sherry butt,,https://www.spiritradar.com/whisky-db/karuizawa-30yo-samurai-label-55.4-percent-700ml,2026-06-28,NULL,japanese_whisky_legacy_closed_ndps
Japanese Whisky,Karuizawa,"Miyota, Japan",Karuizawa,sourced,Number One Drinks,TRUE,FALSE,Single Malt; Single Cask; 30yo Samurai Label #4201,30 Years,,4201,114.8,57.4,,Sherry butt,,https://www.spiritradar.com/whisky-db/karuizawa-30yo-samurai-label-57.4-percent-700ml,2026-06-28,NULL,japanese_whisky_legacy_closed_ndps
Japanese Whisky,Karuizawa,"Miyota, Japan",Karuizawa,sourced,Number One Drinks,TRUE,FALSE,Single Malt; Single Cask; 30yo Samurai Label #3620,30 Years,,3620,120.4,60.2,,Sherry butt,,https://www.spiritradar.com/whisky-db/karuizawa-30yo-samurai-label-60.2-percent-700ml,2026-06-28,NULL,japanese_whisky_legacy_closed_ndps
Japanese Whisky,Karuizawa,"Miyota, Japan",Ocean,blended,,FALSE,FALSE,Blended Japanese Whisky; 8yo Ocean Pure Malt 500ml,8 Years,,,80.0,40,,,,https://www.spiritradar.com/whisky-db/karuizawa-8yo-ocean-pure-malt-40-percent-500ml,2026-06-28,NULL,japanese_whisky_legacy_closed_ndps
Japanese Whisky,Karuizawa,"Miyota, Japan",Ocean,blended,,FALSE,FALSE,Blended Japanese Whisky; Black Ocean Whisky,,,,80.0,40,,,,https://www.spiritradar.com/whisky-db/karuizawa-black-ocean-whisky-40-percent-720ml,2026-06-28,NULL,japanese_whisky_legacy_closed_ndps
Japanese Whisky,Karuizawa,"Miyota, Japan",Karuizawa,sourced,Number One Drinks,TRUE,FALSE,Single Malt; Single Cask; Batch 1 TBWC 500ml,,,Batch 1,97.8,48.9,,,,https://www.spiritradar.com/whisky-db/karuizawa-batch-1-tbwc-48.9-percent-500ml,2026-06-28,NULL,japanese_whisky_legacy_closed_ndps
Japanese Whisky,Karuizawa,"Miyota, Japan",Karuizawa,sourced,Number One Drinks,TRUE,FALSE,Single Malt; Single Cask; 1999 2000 Vintages Fugaku Sanjurokkei 7th Release,,,,118.4,59.2,,,,https://www.spiritradar.com/whisky-db/karuizawa-1999-2000-vintages-fugaku-sanjurokkei-7th-release-59.2-percent-700ml,2026-06-28,NULL,japanese_whisky_legacy_closed_ndps
Japanese Whisky,Karuizawa,"Miyota, Japan",Karuizawa,sourced,Number One Drinks,TRUE,FALSE,Single Malt; Single Cask; 2000 Geisha Label #125,,2000,125,123.0,61.5,,Sherry cask,,https://www.spiritradar.com/whisky-db/karuizawa-2000-geisha-label-61.5-percent-700ml,2026-06-28,NULL,japanese_whisky_legacy_closed_ndps
Japanese Whisky,Karuizawa,"Miyota, Japan",Karuizawa,sourced,Number One Drinks,TRUE,FALSE,Single Malt; Single Cask; 1989 Single Cask Number One Drinks Company #4587,,1989,4587,119.2,59.6,,Sherry butt,,https://www.spiritradar.com/whisky-db/karuizawa-1989-single-cask-number-one-drinks-company-59.6-percent-700ml,2026-06-28,NULL,japanese_whisky_legacy_closed_ndps
Japanese Whisky,Karuizawa,"Miyota, Japan",Karuizawa,sourced,Number One Drinks,TRUE,FALSE,Single Malt; Single Cask; 30yo Samurai Label #6432,30 Years,,6432,126.4,63.2,,Bourbon cask,,https://www.spiritradar.com/whisky-db/karuizawa-30yo-samurai-label-63.2-percent-700ml,2026-06-28,NULL,japanese_whisky_legacy_closed_ndps
Japanese Whisky,Karuizawa,"Miyota, Japan",Karuizawa,sourced,Number One Drinks,TRUE,FALSE,Single Malt; Single Cask; 12yo 100% Malt Whisky,12 Years,,,0.0,00,,,,https://www.spiritradar.com/whisky-db/karuizawa-12yo-100-percent-malt-whisky-40-percent-700ml,2026-06-28,NULL,japanese_whisky_legacy_closed_ndps
Japanese Whisky,Karuizawa,"Miyota, Japan",Karuizawa,sourced,Number One Drinks,TRUE,FALSE,Single Malt; Single Cask; 2000 The Colors of Four Seasons #5173 for Liquors Hasegawa,,2000,5173,129.6,64.8,,Sherry butt,,https://www.spiritradar.com/whisky-db/karuizawa-2000-the-colors-of-four-seasons-64.8-percent-700ml,2026-06-28,NULL,japanese_whisky_legacy_closed_ndps
Japanese Whisky,Karuizawa,"Miyota, Japan",Karuizawa,sourced,Number One Drinks,TRUE,FALSE,Single Malt; Single Cask; 1993 Jazz Club #2501,,1993,2501,125.6,62.8,,Sherry cask,,https://www.spiritradar.com/whisky-db/karuizawa-1993-jazz-club-62.8-percent-700ml,2026-06-28,NULL,japanese_whisky_legacy_closed_ndps
Japanese Whisky,Karuizawa,"Miyota, Japan",Karuizawa,sourced,Number One Drinks,TRUE,FALSE,Single Malt; Single Cask; 1990 Geisha Label #7402,,1990,7402,121.2,60.6,,Sherry cask,,https://www.spiritradar.com/whisky-db/karuizawa-1990-geisha-label-60.6-percent-700ml,2026-06-28,NULL,japanese_whisky_legacy_closed_ndps
Japanese Whisky,Karuizawa,"Miyota, Japan",Karuizawa,sourced,Number One Drinks,TRUE,FALSE,Single Malt; Single Cask; 1963 Single Cask #5132,,1963,5132,118.8,59.4,,,,https://www.spiritradar.com/whisky-db/karuizawa-1963-single-cask-59.4-percent-700ml,2026-06-28,NULL,japanese_whisky_legacy_closed_ndps
Japanese Whisky,Karuizawa,"Miyota, Japan",Karuizawa,sourced,Number One Drinks,TRUE,FALSE,Single Malt; Single Cask; 1997 Spirit Safe Edition #3312 Whisky Magazin Japan for Oxfam,,1997,3312,120.4,60.2,,Sherry cask,,https://www.spiritradar.com/whisky-db/karuizawa-1997-spirit-safe-edition-60.2-percent-700ml,2026-06-28,NULL,japanese_whisky_legacy_closed_ndps
Japanese Whisky,Karuizawa,"Miyota, Japan",Karuizawa,sourced,Number One Drinks,TRUE,FALSE,Single Malt; Single Cask; 1999 The Colors of Four Seasons 13yo #5329 Hasegawa,13 Years,1999,5329,128.4,64.2,,Sherry butt,,https://www.spiritradar.com/whisky-db/karuizawa-1999-the-colors-of-four-seasons-13yo-64.2-percent-700ml,2026-06-28,NULL,japanese_whisky_legacy_closed_ndps
Japanese Whisky,Karuizawa,"Miyota, Japan",Karuizawa,sourced,Number One Drinks,TRUE,FALSE,Single Malt; Single Cask; 1989 Vintage for Kawachiya #3207,,1989,3207,117.2,58.6,,Sherry cask,,https://www.spiritradar.com/whisky-db/karuizawa-1989-vintage-for-kawachiya-58.6-percent-700ml,2026-06-28,NULL,japanese_whisky_legacy_closed_ndps
Japanese Whisky,Karuizawa,"Miyota, Japan",Ocean,blended,,FALSE,FALSE,Blended Japanese Whisky; Gloria Ocean Whisky Ship Bottle,,,,86.0,43,,,,https://www.spiritradar.com/whisky-db/karuizawa-gloria-ocean-whisky-ship-bottle-43-percent-750ml,2026-06-28,NULL,japanese_whisky_legacy_closed_ndps
Japanese Whisky,Karuizawa,"Miyota, Japan",Karuizawa,sourced,Number One Drinks,TRUE,FALSE,Single Malt; Single Cask; 1974 Vintage Single Cask Malt Whisky #4578,,1974,4578,131.4,65.7,,,,https://www.spiritradar.com/whisky-db/karuizawa-1974-vintage-single-cask-malt-whisky-65.7-percent-700ml,2026-06-28,NULL,japanese_whisky_legacy_closed_ndps
Japanese Whisky,Karuizawa,"Miyota, Japan",Karuizawa,sourced,Number One Drinks,TRUE,FALSE,Single Malt; Single Cask; 1975 Vintage Single Cask Malt Whisky #4124,,1975,4124,126.0,63,,,,https://www.spiritradar.com/whisky-db/karuizawa-1975-vintage-single-cask-malt-whisky-63-percent-700ml,2026-06-28,NULL,japanese_whisky_legacy_closed_ndps
Japanese Whisky,Karuizawa,"Miyota, Japan",Karuizawa,sourced,Number One Drinks,TRUE,FALSE,Single Malt; Single Cask; 1981 Waves Serie Red #7502,,1981,7502,111.8,55.9,,Sherry butt,,https://www.spiritradar.com/whisky-db/karuizawa-1981-waves-serie-red-55.9-percent-700ml,2026-06-28,NULL,japanese_whisky_legacy_closed_ndps
Japanese Whisky,Karuizawa,"Miyota, Japan",Karuizawa,sourced,Number One Drinks,TRUE,FALSE,Single Malt; Single Cask; 10yo Kohaku,10 Years,,,80.0,40,,,,https://www.spiritradar.com/whisky-db/karuizawa-10yo-kohaku-40-percent-700ml,2026-06-28,NULL,japanese_whisky_legacy_closed_ndps
Japanese Whisky,Karuizawa,"Miyota, Japan",Karuizawa,sourced,Number One Drinks,TRUE,FALSE,Single Malt; Single Cask; 1970 Vintage Single Cask Malt Whisky #6177,,1970,6177,128.6,64.3,,,,https://www.spiritradar.com/whisky-db/karuizawa-1970-vintage-single-cask-malt-whisky-64.3-percent-700ml;https://www.finespirits.auction/uk/domain/7457-Karuizawa.jsp,2026-06-07,https://www.finespirits.auction/fr/images/photos_ventes/large/B3220154_7.jpg,japanese_whisky_legacy_closed_ndps
Japanese Whisky,Karuizawa,"Miyota, Japan",Karuizawa,sourced,Number One Drinks,TRUE,FALSE,Single Malt; Single Cask; 16yo Tsutagura Autumn & Winter,16 Years,,,92.0,46,,,,https://www.spiritradar.com/whisky-db/karuizawa-16yo-tsutagura-autumn-winter-46-percent-700ml,2026-06-28,NULL,japanese_whisky_legacy_closed_ndps
Japanese Whisky,Karuizawa,"Miyota, Japan",Karuizawa,sourced,Number One Drinks,TRUE,FALSE,Single Malt; Single Cask; 1994 Noh Series #7640,,1994,7640,124.6,62.3,,Sherry cask,,https://www.spiritradar.com/whisky-db/karuizawa-1994-noh-series-62.3-percent-700ml,2026-06-28,NULL,japanese_whisky_legacy_closed_ndps
Japanese Whisky,Karuizawa,"Miyota, Japan",Karuizawa,sourced,Number One Drinks,TRUE,FALSE,Single Malt; Single Cask; 1999 Tokyo International BarShow 2016 #2520,,1999,2520,120.6,60.3,,Sherry cask,,https://www.spiritradar.com/whisky-db/karuizawa-1999-tokyo-international-barshow-2016-60.3-percent-700ml,2026-06-28,NULL,japanese_whisky_legacy_closed_ndps
Japanese Whisky,Karuizawa,"Miyota, Japan",Karuizawa,sourced,Number One Drinks,TRUE,FALSE,Single Malt; Single Cask; 40yo Geisha Label #3626,40 Years,,3626,129.0,64.5,,Sherry butt,,https://www.spiritradar.com/whisky-db/karuizawa-40yo-geisha-label-64.5-percent-700ml,2026-06-28,NULL,japanese_whisky_legacy_closed_ndps
Japanese Whisky,Karuizawa,"Miyota, Japan",Karuizawa,sourced,Number One Drinks,TRUE,FALSE,Single Malt; Single Cask; 1991 Spirit Safe Edition #3206 Whisky Magazin Japan for Oxfam,,1991,3206,121.6,60.8,,Sherry cask,,https://www.spiritradar.com/whisky-db/karuizawa-1991-spirit-safe-edition-60.8-percent-700ml,2026-06-28,NULL,japanese_whisky_legacy_closed_ndps
Japanese Whisky,Karuizawa,"Miyota, Japan",Karuizawa,sourced,Number One Drinks,TRUE,FALSE,Single Malt; Single Cask; 16yo Tsutagura Spring & Summer,16 Years,,,80.0,40,,,,https://www.spiritradar.com/whisky-db/karuizawa-16yo-tsutagura-spring-summer-40-percent-700ml,2026-06-28,NULL,japanese_whisky_legacy_closed_ndps
Japanese Whisky,Karuizawa,"Miyota, Japan",Karuizawa,sourced,Number One Drinks,TRUE,FALSE,Single Malt; Single Cask; 1981 Vintage Single Cask Malt Whisky Cask no.2077,,1981,2077,112.8,56.4,,,,https://www.spiritradar.com/whisky-db/karuizawa-1981-vintage-single-cask-malt-whisky-cask-no.2077-56.4-percent-700ml,2026-06-28,NULL,japanese_whisky_legacy_closed_ndps
Japanese Whisky,Karuizawa,"Miyota, Japan",Karuizawa,sourced,Number One Drinks,TRUE,FALSE,Single Malt; Single Cask; 1999 2000 Vintages Fugaku Sanjurokkei 14th Release,,,,121.0,60.5,,,,https://www.spiritradar.com/whisky-db/karuizawa-1999-2000-vintages-fugaku-sanjurokkei-14th-release-60.5-percent-700ml,2026-06-28,NULL,japanese_whisky_legacy_closed_ndps
Japanese Whisky,Karuizawa,"Miyota, Japan",Ocean,blended,,FALSE,FALSE,Blended Japanese Whisky; Gloria Ocean Whisky Golden Ship,,,,86.0,43,,,,https://www.spiritradar.com/whisky-db/karuizawa-gloria-ocean-whisky-golden-ship-43-percent-750ml,2026-06-28,NULL,japanese_whisky_legacy_closed_ndps
Japanese Whisky,Karuizawa,"Miyota, Japan",Karuizawa,sourced,Number One Drinks,TRUE,FALSE,Single Malt; Single Cask; Oak Master Mercian 660ml,,,,74.0,37,,,,https://www.spiritradar.com/whisky-db/karuizawa-oak-master-mercian-37-percent-660ml,2026-06-28,NULL,japanese_whisky_legacy_closed_ndps
Japanese Whisky,Karuizawa,"Miyota, Japan",Karuizawa,sourced,Number One Drinks,TRUE,FALSE,Single Malt; Single Cask; 30yo Aqua of Life #3655,30 Years,,3655,118.2,59.1,,Sherry butt,,https://www.spiritradar.com/whisky-db/karuizawa-30yo-aqua-of-life-59.1-percent-750ml,2026-06-28,NULL,japanese_whisky_legacy_closed_ndps
Japanese Whisky,Karuizawa,"Miyota, Japan",Karuizawa,sourced,Number One Drinks,TRUE,FALSE,Single Malt; Single Cask; 4 Decades Ghost Series #5 Spirits for Small Change,,,,123.6,61.8,,Sherry butt,,https://www.spiritradar.com/whisky-db/karuizawa-4-decades-ghost-series-5-61.8-percent-700ml,2026-06-28,NULL,japanese_whisky_legacy_closed_ndps
Japanese Whisky,Karuizawa,"Miyota, Japan",Karuizawa,sourced,Number One Drinks,TRUE,FALSE,Single Malt; Single Cask; 1980 Geisha Label #4376 Harbour City Hong Kong,,1980,4376,120.2,60.1,,Sherry butt,,https://www.spiritradar.com/whisky-db/karuizawa-1980-geisha-label-60.1-percent-700ml,2026-06-28,NULL,japanese_whisky_legacy_closed_ndps
Japanese Whisky,Karuizawa,"Miyota, Japan",Karuizawa,sourced,Number One Drinks,TRUE,FALSE,Single Malt; Single Cask; 30yo Geisha Label #3619 Kinlonz Culture,30 Years,,3619,121.2,60.6,,,,https://www.spiritradar.com/whisky-db/karuizawa-30yo-geisha-label-60.6-percent-700ml,2026-06-28,NULL,japanese_whisky_legacy_closed_ndps
Japanese Whisky,Karuizawa,"Miyota, Japan",Karuizawa,sourced,Number One Drinks,TRUE,FALSE,Single Malt; Single Cask; 1981 #4380,,1981,4380,110.8,55.4,,Sherry cask,,https://www.spiritradar.com/whisky-db/karuizawa-1981-55.4-percent-700ml,2026-06-28,NULL,japanese_whisky_legacy_closed_ndps
Japanese Whisky,Karuizawa,"Miyota, Japan",Karuizawa,sourced,Number One Drinks,TRUE,FALSE,Single Malt; Single Cask; 1990 Vintage Single Cask Malt Whisky #679 Number One Drinks,,1990,679,112.2,56.1,,,,https://www.spiritradar.com/whisky-db/karuizawa-1990-vintage-single-cask-malt-whisky-56.1-percent-700ml;https://www.finespirits.auction/uk/domain/7457-Karuizawa.jsp,2026-06-07,https://www.finespirits.auction/fr/images/photos_ventes/large/B3289933_9.jpg,japanese_whisky_legacy_closed_ndps
Japanese Whisky,Karuizawa,"Miyota, Japan",Karuizawa,sourced,Number One Drinks,TRUE,FALSE,Single Malt; Single Cask; 1999 2000 Vintages Fugaku Sanjurokkei 10th Release,,,,121.8,60.9,,,,https://www.spiritradar.com/whisky-db/karuizawa-1999-2000-vintages-fugaku-sanjurokkei-10th-release-60.9-percent-700ml,2026-06-28,NULL,japanese_whisky_legacy_closed_ndps
Japanese Whisky,Karuizawa,"Miyota, Japan",Karuizawa,sourced,Number One Drinks,TRUE,FALSE,Single Malt; Single Cask; 25 malts 100% Malt Whisky,,,,0.0,00,,,,https://www.spiritradar.com/whisky-db/karuizawa-25-malts-100-percent-malt-whisky-40-percent-720ml,2026-06-28,NULL,japanese_whisky_legacy_closed_ndps
Japanese Whisky,Karuizawa,"Miyota, Japan",Karuizawa,sourced,Number One Drinks,TRUE,FALSE,Single Malt; Single Cask; 1983 Geisha Label #8333,,1983,8333,125.8,62.9,,Sherry butt,,https://www.spiritradar.com/whisky-db/karuizawa-1983-geisha-label-62.9-percent-700ml,2026-06-28,NULL,japanese_whisky_legacy_closed_ndps
Japanese Whisky,Karuizawa,"Miyota, Japan",Ocean,blended,,FALSE,FALSE,Blended Japanese Whisky; Bright De Luxe Ocean Whisky Giftbox With Glass,,,,84.0,42,,,,https://www.spiritradar.com/whisky-db/karuizawa-bright-de-luxe-ocean-whisky-giftbox-with-glass-42-percent-700ml,2026-06-28,NULL,japanese_whisky_legacy_closed_ndps
Japanese Whisky,Karuizawa,"Miyota, Japan",Karuizawa,sourced,La Maison du Whisky,TRUE,FALSE,Single Malt; Single Cask; Japonism Edition 2672 & 8636 60th Anniversary of LMDW,,,,124.8,62.4,,,,https://www.spiritradar.com/whisky-db/karuizawa-japonism-edition-2672-8636-60th-anniversary-of-lmdw-62.4-percent-700ml,2026-06-28,NULL,japanese_whisky_legacy_closed_ndps
Japanese Whisky,Karuizawa,"Miyota, Japan",Karuizawa,sourced,Number One Drinks,TRUE,FALSE,Single Malt; Single Cask; 1993 The Crowning Cask #7661,,1993,7661,128.0,64,,Sherry butt,,https://www.spiritradar.com/whisky-db/karuizawa-1993-the-crowning-cask-64-percent-700ml,2026-06-28,NULL,japanese_whisky_legacy_closed_ndps
Japanese Whisky,Karuizawa,"Miyota, Japan",Karuizawa,sourced,Number One Drinks,TRUE,FALSE,Single Malt; Single Cask; 1981 Vintage Single Cask Malt Whisky Cask no.7925,,1981,7925,119.2,59.6,,,,https://www.spiritradar.com/whisky-db/karuizawa-1981-vintage-single-cask-malt-whisky-cask-no.7925-59.6-percent-700ml,2026-06-28,NULL,japanese_whisky_legacy_closed_ndps
Japanese Whisky,Karuizawa,"Miyota, Japan",Karuizawa,sourced,Number One Drinks,TRUE,FALSE,Single Malt; Single Cask; 1999 2000 Vintages Fugaku Sanjurokkei 11th Release,,,,121.0,60.5,,,,https://www.spiritradar.com/whisky-db/karuizawa-1999-2000-vintages-fugaku-sanjurokkei-11th-release-60.5-percent-700ml,2026-06-28,NULL,japanese_whisky_legacy_closed_ndps
Japanese Whisky,Karuizawa,"Miyota, Japan",Karuizawa,sourced,Number One Drinks,TRUE,FALSE,Single Malt; Single Cask; 2000 Vintage #545 Tokyo International BarShow 2017,,2000,545,124.6,62.3,,Sherry cask,,https://www.spiritradar.com/whisky-db/karuizawa-2000-vintage-62.3-percent-700ml,2026-06-28,NULL,japanese_whisky_legacy_closed_ndps
Japanese Whisky,Karuizawa,"Miyota, Japan",Karuizawa,sourced,Number One Drinks,TRUE,FALSE,Single Malt; Single Cask; 1975 Vintage Single Cask Malt Whisky #7587,,1975,7587,127.2,63.6,,,,https://www.spiritradar.com/whisky-db/karuizawa-1975-vintage-single-cask-malt-whisky-63.6-percent-700ml,2026-06-28,NULL,japanese_whisky_legacy_closed_ndps
Japanese Whisky,Karuizawa,"Miyota, Japan",Ocean,blended,,FALSE,FALSE,Blended Japanese Whisky; Heaven Ocean Whisky 660ml,,,,80.0,40,,,,https://www.spiritradar.com/whisky-db/karuizawa-heaven-ocean-whisky-40-percent-660ml,2026-06-28,NULL,japanese_whisky_legacy_closed_ndps
Japanese Whisky,Karuizawa,"Miyota, Japan",Karuizawa,sourced,Number One Drinks,TRUE,FALSE,Single Malt; Single Cask; 1994 Ichiro's Choice Peated Golden Promise ex-Glenlivet #2221,,1994,2221,122.0,61,,Sherry butt,,https://www.spiritradar.com/whisky-db/karuizawa-1994-ichiros-choice-peated-golden-promise-61-percent-700ml,2026-06-28,NULL,japanese_whisky_legacy_closed_ndps
Japanese Whisky,Karuizawa,"Miyota, Japan",Karuizawa,sourced,Number One Drinks,TRUE,FALSE,Single Malt; Single Cask; Samurai Label 30yo #3656,30 Years,,3656,121.6,60.8,,Sherry butt,,https://www.spiritradar.com/whisky-db/karuizawa-samurai-label-30yo-60.8-percent-700ml,2026-06-28,NULL,japanese_whisky_legacy_closed_ndps
Japanese Whisky,Karuizawa,"Miyota, Japan",Karuizawa,sourced,Number One Drinks,TRUE,FALSE,Single Malt; Single Cask; 40yo Geisha Label #4560,40 Years,,4560,117.6,58.8,,Sherry butt,,https://www.spiritradar.com/whisky-db/karuizawa-40yo-geisha-label-58.8-percent-700ml,2026-06-28,NULL,japanese_whisky_legacy_closed_ndps
Japanese Whisky,Karuizawa,"Miyota, Japan",Karuizawa,sourced,Number One Drinks,TRUE,FALSE,Single Malt; Single Cask; 8yo 100% Malt Whisky,8 Years,,,0.0,00,,,,https://www.spiritradar.com/whisky-db/karuizawa-8yo-100-percent-malt-whisky-40-percent-700ml,2026-06-28,NULL,japanese_whisky_legacy_closed_ndps
Japanese Whisky,Karuizawa,"Miyota, Japan",Karuizawa,sourced,Number One Drinks,TRUE,FALSE,Single Malt; Single Cask; 1981 Single Cask Number One Drinks Company #7955,,1981,7955,118.2,59.1,,,,https://www.spiritradar.com/whisky-db/karuizawa-1981-single-cask-number-one-drinks-company-59.1-percent-700ml,2026-06-28,NULL,japanese_whisky_legacy_closed_ndps
Japanese Whisky,Karuizawa,"Miyota, Japan",Karuizawa,sourced,Number One Drinks,TRUE,FALSE,Single Malt; Single Cask; 10yo Master's Blend,10 Years,,,80.0,40,,,,https://www.spiritradar.com/whisky-db/karuizawa-10yo-masters-blend-40-percent-700ml,2026-06-28,NULL,japanese_whisky_legacy_closed_ndps
Japanese Whisky,Karuizawa,"Miyota, Japan",Karuizawa,sourced,Number One Drinks,TRUE,FALSE,Single Malt; Single Cask; 10yo 100% Malt Whisky,10 Years,,,0.0,00,,,,https://www.spiritradar.com/whisky-db/karuizawa-10yo-100-percent-malt-whisky-40-percent-700ml,2026-06-28,NULL,japanese_whisky_legacy_closed_ndps
Japanese Whisky,Karuizawa,"Miyota, Japan",Karuizawa,sourced,Number One Drinks,TRUE,FALSE,Single Malt; Single Cask; 15yo Crystal Decanter,15 Years,,,80.0,40,,,,https://www.spiritradar.com/whisky-db/karuizawa-15yo-crystal-decanter-40-percent-700ml,2026-06-28,NULL,japanese_whisky_legacy_closed_ndps
Japanese Whisky,Karuizawa,"Miyota, Japan",Karuizawa,sourced,Number One Drinks,TRUE,FALSE,Single Malt; Single Cask; 2000 Geisha Miyako Odori Serie #7834,,2000,7834,121.0,60.5,,Sherry cask,,https://www.spiritradar.com/whisky-db/karuizawa-2000-geisha-miyako-odori-serie-60.5-percent-700ml,2026-06-28,NULL,japanese_whisky_legacy_closed_ndps
Japanese Whisky,Karuizawa,"Miyota, Japan",Karuizawa,sourced,Number One Drinks,TRUE,FALSE,Single Malt; Single Cask; 2000 Flower & Bird Series #7550,,2000,7550,124.4,62.2,,Sherry cask,,https://www.spiritradar.com/whisky-db/karuizawa-2000-flower-bird-series-62.2-percent-700ml,2026-06-28,NULL,japanese_whisky_legacy_closed_ndps
Japanese Whisky,Karuizawa,"Miyota, Japan",Karuizawa,sourced,Number One Drinks,TRUE,FALSE,Single Malt; Single Cask; 1999 2000 Vintages Fugaku Sanjurokkei 16th Release,,,,122.0,61,,,,https://www.spiritradar.com/whisky-db/karuizawa-1999-2000-vintages-fugaku-sanjurokkei-16th-release-61-percent-700ml,2026-06-28,NULL,japanese_whisky_legacy_closed_ndps
Japanese Whisky,Karuizawa,"Miyota, Japan",Karuizawa,sourced,Number One Drinks,TRUE,FALSE,Single Malt; Single Cask; 1995 Kohaku,,1995,,119.8,59.9,,,,https://www.spiritradar.com/whisky-db/karuizawa-1995-kohaku-59.9-percent-700ml,2026-06-28,NULL,japanese_whisky_legacy_closed_ndps
Japanese Whisky,Karuizawa,"Miyota, Japan",Karuizawa,sourced,Number One Drinks,TRUE,FALSE,Single Malt; Single Cask; 31yo ElD Sapphire Geisha #3558 The Whisky Exchange,31 Years,,3558,117.8,58.9,,Sherry cask,,https://www.spiritradar.com/whisky-db/karuizawa-31yo-eld-sapphire-geisha-58.9-percent-700ml,2026-06-28,NULL,japanese_whisky_legacy_closed_ndps
Japanese Whisky,Karuizawa,"Miyota, Japan",Karuizawa,sourced,Number One Drinks,TRUE,FALSE,Single Malt; Single Cask; 35yo Emerald Geisha #8518,35 Years,,8518,118.2,59.1,,Bourbon cask,,https://www.spiritradar.com/whisky-db/karuizawa-35yo-emerald-geisha-59.1-percent-700ml,2026-06-28,NULL,japanese_whisky_legacy_closed_ndps
Japanese Whisky,Karuizawa,"Miyota, Japan",Ocean,blended,,FALSE,FALSE,Blended Japanese Whisky; Asama Ocean Whisky,,,,86.0,43,,,,https://www.spiritradar.com/whisky-db/karuizawa-asama-ocean-whisky-43-percent-700ml,2026-06-28,NULL,japanese_whisky_legacy_closed_ndps
Japanese Whisky,Karuizawa,"Miyota, Japan",Karuizawa,sourced,Number One Drinks,TRUE,FALSE,Single Malt; Single Cask; 1995 Rouge Cask Series #5021 500ml,,1995,5021,126.0,63,,,,https://www.spiritradar.com/whisky-db/karuizawa-1995-rouge-cask-series-63-percent-500ml,2026-06-28,NULL,japanese_whisky_legacy_closed_ndps
Japanese Whisky,Karuizawa,"Miyota, Japan",Karuizawa,sourced,Number One Drinks,TRUE,FALSE,Single Malt; Single Cask; 1984 Waves Serie Blue #3657,,1984,3657,119.4,59.7,,Sherry butt,,https://www.spiritradar.com/whisky-db/karuizawa-1984-waves-serie-blue-59.7-percent-750ml,2026-06-28,NULL,japanese_whisky_legacy_closed_ndps
Japanese Whisky,Karuizawa,"Miyota, Japan",Karuizawa,sourced,Number One Drinks,TRUE,FALSE,Single Malt; Single Cask; 40yo Aqua of Life #6114,40 Years,,6114,114.8,57.4,,Sherry butt,,https://www.spiritradar.com/whisky-db/karuizawa-40yo-aqua-of-life-57.4-percent-750ml,2026-06-28,NULL,japanese_whisky_legacy_closed_ndps
Japanese Whisky,Karuizawa,"Miyota, Japan",Karuizawa,sourced,Number One Drinks,TRUE,FALSE,Single Malt; Single Cask; 35yo Aqua of Life #7417,35 Years,,7417,110.0,55,,Sherry butt,,https://www.spiritradar.com/whisky-db/karuizawa-35yo-aqua-of-life-55-percent-700ml,2026-06-28,NULL,japanese_whisky_legacy_closed_ndps
Japanese Whisky,Karuizawa,"Miyota, Japan",Karuizawa,sourced,Number One Drinks,TRUE,FALSE,Single Malt; Single Cask; 2000 Flower and Bird Series #7608,,2000,7608,124.0,62,,Sherry cask,,https://www.spiritradar.com/whisky-db/karuizawa-2000-flower-and-bird-series-62-percent-700ml,2026-06-28,NULL,japanese_whisky_legacy_closed_ndps
Japanese Whisky,Karuizawa,"Miyota, Japan",Karuizawa,sourced,Number One Drinks,TRUE,FALSE,Single Malt; Single Cask; 1999 2000 Vintages Fugaku Sanjurokkei 13th Release,,,,121.6,60.8,,,,https://www.spiritradar.com/whisky-db/karuizawa-1999-2000-vintages-fugaku-sanjurokkei-13th-release-60.8-percent-700ml,2026-06-28,NULL,japanese_whisky_legacy_closed_ndps
Japanese Whisky,Karuizawa,"Miyota, Japan",Karuizawa,sourced,Number One Drinks,TRUE,FALSE,Single Malt; Single Cask; 1991 Geisha Label #259,,1991,259,113.6,56.8,,Sherry cask,,https://www.spiritradar.com/whisky-db/karuizawa-1991-geisha-label-56.8-percent-700ml,2026-06-28,NULL,japanese_whisky_legacy_closed_ndps
Japanese Whisky,Karuizawa,"Miyota, Japan",Ocean,blended,,FALSE,FALSE,Blended Japanese Whisky; Victory Ocean Whisky,,,,84.0,42,,,,https://www.spiritradar.com/whisky-db/karuizawa-victory-ocean-whisky-42-percent-750ml,2026-06-28,NULL,japanese_whisky_legacy_closed_ndps
Japanese Whisky,Karuizawa,"Miyota, Japan",Karuizawa,sourced,Number One Drinks,TRUE,FALSE,Single Malt; Single Cask; 1983 White Warrior First-fill sherry Private customer,,1983,,118.2,59.1,,Sherry cask,,https://www.spiritradar.com/whisky-db/karuizawa-1983-white-warrior-59.1-percent-700ml,2026-06-28,NULL,japanese_whisky_legacy_closed_ndps
Japanese Whisky,Karuizawa,"Miyota, Japan",Karuizawa,sourced,Number One Drinks,TRUE,FALSE,Single Malt; Single Cask; 1965 Vintage Single Cask Malt Whisky Sherry #8852,,1965,8852,126.2,63.1,,Sherry cask,,https://www.spiritradar.com/whisky-db/karuizawa-1965-vintage-single-cask-malt-whisky-63.1-percent-700ml,2026-06-28,NULL,japanese_whisky_legacy_closed_ndps
Japanese Whisky,Karuizawa,"Miyota, Japan",Karuizawa,sourced,Number One Drinks,TRUE,FALSE,Single Malt; Single Cask; 2000 Flower and Bird Series #7377,,2000,7377,123.2,61.6,,Sherry cask,,https://www.spiritradar.com/whisky-db/karuizawa-2000-flower-and-bird-series-61.6-percent-700ml,2026-06-28,NULL,japanese_whisky_legacy_closed_ndps
Japanese Whisky,Karuizawa,"Miyota, Japan",Karuizawa,sourced,Number One Drinks,TRUE,FALSE,Single Malt; Single Cask; 1999 Geisha Miyako Odori Serie #897,,1999,897,120.8,60.4,,Sherry cask,,https://www.spiritradar.com/whisky-db/karuizawa-1999-geisha-miyako-odori-serie-60.4-percent-700ml,2026-06-28,NULL,japanese_whisky_legacy_closed_ndps
Japanese Whisky,Karuizawa,"Miyota, Japan",Karuizawa,sourced,Number One Drinks,TRUE,FALSE,Single Malt; Single Cask; 2000 Geisha Miyako Odori Serie #2267,,2000,2267,120.8,60.4,,Sherry cask,,https://www.spiritradar.com/whisky-db/karuizawa-2000-geisha-miyako-odori-serie-60.4-percent-700ml,2026-06-28,NULL,japanese_whisky_legacy_closed_ndps
Japanese Whisky,Karuizawa,"Miyota, Japan",Karuizawa,sourced,Number One Drinks,TRUE,FALSE,Single Malt; Single Cask; Five Decades Isetan,,,,122.8,61.4,,,,https://www.spiritradar.com/whisky-db/karuizawa-five-decades-61.4-percent-700ml,2026-06-28,NULL,japanese_whisky_legacy_closed_ndps
Japanese Whisky,Karuizawa,"Miyota, Japan",Karuizawa,sourced,Number One Drinks,TRUE,FALSE,Single Malt; Single Cask; 2000 Single Cask Malt Whisky #8123,,2000,8123,127.6,63.8,,,,https://www.spiritradar.com/whisky-db/karuizawa-2000-single-cask-malt-whisky-63.8-percent-700ml,2026-06-28,NULL,japanese_whisky_legacy_closed_ndps
Japanese Whisky,Karuizawa,"Miyota, Japan",Karuizawa,sourced,Number One Drinks,TRUE,FALSE,Single Malt; Single Cask; 30yo Samurai Label #8354,30 Years,,8354,106.6,53.3,,Sherry butt,,https://www.spiritradar.com/whisky-db/karuizawa-30yo-samurai-label-53.3-percent-700ml,2026-06-28,NULL,japanese_whisky_legacy_closed_ndps
Japanese Whisky,Karuizawa,"Miyota, Japan",Karuizawa,sourced,Number One Drinks,TRUE,FALSE,Single Malt; Single Cask; 1995 Rouge Cask Series #5028 480ml,,1995,5028,134.0,67,,,,https://www.spiritradar.com/whisky-db/karuizawa-1995-rouge-cask-series-67-percent-480ml,2026-06-28,NULL,japanese_whisky_legacy_closed_ndps
Japanese Whisky,Karuizawa,"Miyota, Japan",Ocean,blended,,FALSE,FALSE,Blended Japanese Whisky; 17yo Ocean Whisky,17 Years,,,80.0,40,,,,https://www.spiritradar.com/whisky-db/karuizawa-17yo-ocean-whisky-40-percent-720ml,2026-06-28,NULL,japanese_whisky_legacy_closed_ndps
Japanese Whisky,Karuizawa,"Miyota, Japan",Karuizawa,sourced,Number One Drinks,TRUE,FALSE,Single Malt; Single Cask; 1999 2000 Vintages Fugaku Sanjurokkei 22nd Release,,,,121.6,60.8,,,,https://www.spiritradar.com/whisky-db/karuizawa-1999-2000-vintages-fugaku-sanjurokkei-22nd-release-60.8-percent-700ml,2026-06-28,NULL,japanese_whisky_legacy_closed_ndps
Japanese Whisky,Karuizawa,"Miyota, Japan",Karuizawa,sourced,Number One Drinks,TRUE,FALSE,Single Malt; Single Cask; 38yo ElD Pearl Geisha #4348 The Whisky Exchange Exclusive,38 Years,,4348,124.2,62.1,,Sherry cask,,https://www.spiritradar.com/whisky-db/karuizawa-38yo-eld-pearl-geisha-62.1-percent-700ml,2026-06-28,NULL,japanese_whisky_legacy_closed_ndps
Japanese Whisky,Karuizawa,"Miyota, Japan",Karuizawa,sourced,Number One Drinks,TRUE,FALSE,Single Malt; Single Cask; 1994 Geisha Label #4019,,1994,4019,122.4,61.2,,Sherry cask,,https://www.spiritradar.com/whisky-db/karuizawa-1994-geisha-label-61.2-percent-700ml,2026-06-28,NULL,japanese_whisky_legacy_closed_ndps
Japanese Whisky,Karuizawa,"Miyota, Japan",Karuizawa,sourced,Number One Drinks,TRUE,FALSE,Single Malt; Single Cask; 1981 Vintage Single Cask Malt Whisky Cask no.2409 21yo,21 Years,1981,2409,117.2,58.6,,,,https://www.spiritradar.com/whisky-db/karuizawa-1981-vintage-single-cask-malt-whisky-cask-no.2409-21yo-58.6-percent-700ml,2026-06-28,NULL,japanese_whisky_legacy_closed_ndps
Japanese Whisky,Karuizawa,"Miyota, Japan",Karuizawa,sourced,Number One Drinks,TRUE,FALSE,Single Malt; Single Cask; 1986 Vintage Single Cask Malt Whisky #7507,,1986,7507,119.8,59.9,,,,https://www.spiritradar.com/whisky-db/karuizawa-1986-vintage-single-cask-malt-whisky-59.9-percent-700ml,2026-06-28,NULL,japanese_whisky_legacy_closed_ndps
Japanese Whisky,Karuizawa,"Miyota, Japan",Karuizawa,sourced,Number One Drinks,TRUE,FALSE,Single Malt; Single Cask; 1988 Samurai Label #3406,,1988,3406,114.8,57.4,,Sherry butt,,https://www.spiritradar.com/whisky-db/karuizawa-1988-samurai-label-sherry-butt-3406-57.4-percent-700ml,2026-06-28,NULL,japanese_whisky_legacy_closed_ndps
Japanese Whisky,Karuizawa,"Miyota, Japan",Karuizawa,sourced,Number One Drinks,TRUE,FALSE,Single Malt; Single Cask; 1981 Cities of Japan Osaka Ex-Sherry #4051,,1981,4051,118.2,59.1,,Sherry cask,,https://www.spiritradar.com/whisky-db/karuizawa-1981-cities-of-japan-osaka-ex-sherry-4051-59.1-percent-700ml,2026-06-28,NULL,japanese_whisky_legacy_closed_ndps
Japanese Whisky,Karuizawa,"Miyota, Japan",Karuizawa,sourced,Number One Drinks,TRUE,FALSE,Single Malt; Single Cask; 1999 2000 Vintages Fugaku Sanjurokkei 17th Release,,,,121.6,60.8,,,,https://www.spiritradar.com/whisky-db/karuizawa-1999-2000-vintages-fugaku-sanjurokkei-17th-release-60.8-percent-700ml,2026-06-28,NULL,japanese_whisky_legacy_closed_ndps
Japanese Whisky,Karuizawa,"Miyota, Japan",Karuizawa,sourced,Number One Drinks,TRUE,FALSE,Single Malt; Single Cask; 1999 2000 Vintages Fugaku Sanjurokkei 20th Release,,,,120.2,60.1,,,,https://www.spiritradar.com/whisky-db/karuizawa-1999-2000-vintages-fugaku-sanjurokkei-20th-release-60.1-percent-700ml,2026-06-28,NULL,japanese_whisky_legacy_closed_ndps
Japanese Whisky,Karuizawa,"Miyota, Japan",Karuizawa,sourced,Number One Drinks,TRUE,FALSE,Single Malt; Single Cask; 29yo The Murasaki Geishas,29 Years,,,117.2,58.6,,,,https://www.spiritradar.com/whisky-db/karuizawa-29yo-the-murasaki-geishas-58.6-percent-700ml,2026-06-28,NULL,japanese_whisky_legacy_closed_ndps
Japanese Whisky,Karuizawa,"Miyota, Japan",Karuizawa,sourced,Number One Drinks,TRUE,FALSE,Single Malt; Single Cask; 31yo ElD The Murasaki Geisha,31 Years,,,120.2,60.1,,,,https://www.spiritradar.com/whisky-db/karuizawa-31yo-eld-the-murasaki-geisha-60.1-percent-700ml,2026-06-28,NULL,japanese_whisky_legacy_closed_ndps
Japanese Whisky,Karuizawa,"Miyota, Japan",Karuizawa,sourced,Number One Drinks,TRUE,FALSE,Single Malt; Single Cask; 37yo ElD Pearl Geisha #4056 The Whisky Exchange Exclusive,37 Years,,4056,113.8,56.9,,Sherry cask,,https://www.spiritradar.com/whisky-db/karuizawa-37yo-eld-pearl-geisha-56.9-percent-700ml,2026-06-28,NULL,japanese_whisky_legacy_closed_ndps
Japanese Whisky,Karuizawa,"Miyota, Japan",Karuizawa,sourced,Number One Drinks,TRUE,FALSE,Single Malt; Single Cask; 1995 Rouge Cask Series 15yo #5027 480ml,15 Years,1995,5027,138.8,69.4,,,,https://www.spiritradar.com/whisky-db/karuizawa-1995-rouge-cask-series-15yo-69.4-percent-480ml,2026-06-28,NULL,japanese_whisky_legacy_closed_ndps
Japanese Whisky,Karuizawa,"Miyota, Japan",Karuizawa,sourced,Number One Drinks,TRUE,FALSE,Single Malt; Single Cask; 1995 Rouge Cask Series #5036 480ml,,1995,5036,134.8,67.4,,,,https://www.spiritradar.com/whisky-db/karuizawa-1995-rouge-cask-series-5036-67.4-percent-480ml,2026-06-28,NULL,japanese_whisky_legacy_closed_ndps
Japanese Whisky,Karuizawa,"Miyota, Japan",Karuizawa,sourced,Number One Drinks,TRUE,FALSE,Single Malt; Single Cask; 36yo ElD Sapphire Geisha #5077 The Whisky Exchange,36 Years,,5077,122.4,61.2,,Sherry cask,,https://www.spiritradar.com/whisky-db/karuizawa-36yo-eld-sapphire-geisha-61.2-percent-700ml,2026-06-28,NULL,japanese_whisky_legacy_closed_ndps
Japanese Whisky,Karuizawa,"Miyota, Japan",Ocean,blended,,FALSE,FALSE,Blended Japanese Whisky; Gloria Ocean Marine Sense,,,,86.0,43,,,,https://www.spiritradar.com/whisky-db/karuizawa-gloria-ocean-marine-sense-43-percent-700ml,2026-06-28,NULL,japanese_whisky_legacy_closed_ndps
Japanese Whisky,Karuizawa,"Miyota, Japan",Karuizawa,sourced,Number One Drinks,TRUE,FALSE,Single Malt; Single Cask; 1981 Geisha Label #7427,,1981,7427,114.4,57.2,,Sherry cask,,https://www.spiritradar.com/whisky-db/karuizawa-1981-geisha-label-57.2-percent-700ml,2026-06-07,,japanese_whisky_legacy_closed_ndps
Japanese Whisky,Karuizawa,"Miyota, Japan",Ocean,blended,,FALSE,FALSE,Blended Japanese Whisky; NAS Hanshin Tigers Ocean Whisky 660ml,,,,80.0,40,,,,https://www.spiritradar.com/whisky-db/karuizawa-nas-hanshin-tigers-ocean-whisky-40-percent-660ml,2026-06-07,,japanese_whisky_legacy_closed_ndps
Japanese Whisky,Karuizawa,"Miyota, Japan",Karuizawa,sourced,Number One Drinks,TRUE,FALSE,Single Malt; Single Cask; 1995 Geisha Label #7891,,1995,7891,123.0,61.5,,Sherry cask,,https://www.spiritradar.com/whisky-db/karuizawa-1995-geisha-label-61.5-percent-700ml,2026-06-07,,japanese_whisky_legacy_closed_ndps
Japanese Whisky,Karuizawa,"Miyota, Japan",Karuizawa,sourced,Number One Drinks,TRUE,FALSE,Single Malt; Single Cask; 17yo Balthus Giacometti Mercian,17 Years,,,80.0,40,,,,https://www.spiritradar.com/whisky-db/karuizawa-17yo-balthus-giacometti-mercian-40-percent-700ml,2026-06-07,,japanese_whisky_legacy_closed_ndps
Japanese Whisky,Karuizawa,"Miyota, Japan",Ocean,blended,,FALSE,FALSE,Blended Japanese Whisky; Ocean Whisky Ship Bottle Special Grade,,,,86.0,43,,,,https://www.spiritradar.com/whisky-db/karuizawa-ocean-whisky-ship-bottle-special-grade-43-percent-750ml,2026-06-28,NULL,japanese_whisky_legacy_closed_ndps
Japanese Whisky,Karuizawa,"Miyota, Japan",Ocean,blended,,FALSE,FALSE,Blended Japanese Whisky; Status Ocean Whisky,,,,86.0,43,,,,https://www.spiritradar.com/whisky-db/karuizawa-status-ocean-whisky-43-percent-700ml,2026-06-28,NULL,japanese_whisky_legacy_closed_ndps
Japanese Whisky,Karuizawa,"Miyota, Japan",Ocean,blended,,FALSE,FALSE,Blended Japanese Whisky; 1967 Ocean Whisky,,1967,,86.0,43,,,,https://www.spiritradar.com/whisky-db/karuizawa-1967-ocean-whisky-43-percent-720ml,2026-06-28,NULL,japanese_whisky_legacy_closed_ndps
Japanese Whisky,Karuizawa,"Miyota, Japan",Karuizawa,sourced,Number One Drinks,TRUE,FALSE,Single Malt; Single Cask; 1987 Samurai Label #2031,,1987,2031,116.8,58.4,,Sherry butt,,https://www.spiritradar.com/whisky-db/karuizawa-1987-samurai-label-58.4-percent-700ml,2026-06-28,NULL,japanese_whisky_legacy_closed_ndps
Japanese Whisky,Karuizawa,"Miyota, Japan",Karuizawa,sourced,Number One Drinks,TRUE,FALSE,Single Malt; Single Cask; 1999 Vintage Single Cask Malt Whisky #861,,1999,861,122.6,61.3,,,,https://www.spiritradar.com/whisky-db/karuizawa-1999-vintage-single-cask-malt-whisky-61.3-percent-700ml,2026-06-28,NULL,japanese_whisky_legacy_closed_ndps
Japanese Whisky,Karuizawa,"Miyota, Japan",Ocean,blended,,FALSE,FALSE,Blended Japanese Whisky; 10yo Ocean Whisky,10 Years,,,86.0,43,,,,https://www.spiritradar.com/whisky-db/karuizawa-10yo-ocean-whisky-43-percent-700ml,2026-06-28,NULL,japanese_whisky_legacy_closed_ndps
Japanese Whisky,Karuizawa,"Miyota, Japan",Ocean,blended,,FALSE,FALSE,Blended Japanese Whisky; 10yo Ocean Whisky Ship Bottle,10 Years,,,86.0,43,,,,https://www.spiritradar.com/whisky-db/karuizawa-10yo-ocean-whisky-ship-bottle-43-percent-750ml,2026-06-28,NULL,japanese_whisky_legacy_closed_ndps
Japanese Whisky,Karuizawa,"Miyota, Japan",Karuizawa,sourced,Number One Drinks,TRUE,FALSE,Single Malt; Single Cask; 1968 Aqua of Life #6223,,1968,6223,115.8,57.9,,Sherry cask,,https://www.spiritradar.com/whisky-db/karuizawa-1968-aqua-of-life-57.9-percent-700ml,2026-06-28,NULL,japanese_whisky_legacy_closed_ndps
Japanese Whisky,Karuizawa,"Miyota, Japan",Karuizawa,sourced,Number One Drinks,TRUE,FALSE,Single Malt; Single Cask; 1981 Cities of Japan Sapporo Ex-Sherry #4051,,1981,4051,118.2,59.1,,Sherry cask,,https://www.spiritradar.com/whisky-db/karuizawa-1981-cities-of-japan-sapporo-ex-sherry-4051-59.1-percent-700ml,2026-06-28,NULL,japanese_whisky_legacy_closed_ndps
Japanese Whisky,Karuizawa,"Miyota, Japan",Karuizawa,sourced,Number One Drinks,TRUE,FALSE,Single Malt; Single Cask; 1981 Cities of Japan Nagoya Ex-Sherry #4051,,1981,4051,118.2,59.1,,Sherry cask,,https://www.spiritradar.com/whisky-db/karuizawa-1981-cities-of-japan-nagoya-ex-sherry-4051-59.1-percent-700ml,2026-06-28,NULL,japanese_whisky_legacy_closed_ndps
Japanese Whisky,Karuizawa,"Miyota, Japan",Karuizawa,sourced,Number One Drinks,TRUE,FALSE,Single Malt; Single Cask; 1981 Cities of Japan Tokyo Ex-Sherry #4051,,1981,4051,118.2,59.1,,Sherry cask,,https://www.spiritradar.com/whisky-db/karuizawa-1981-cities-of-japan-tokyo-59.1-percent-700ml,2026-06-28,NULL,japanese_whisky_legacy_closed_ndps
Japanese Whisky,Karuizawa,"Miyota, Japan",Karuizawa,sourced,Number One Drinks,TRUE,FALSE,Single Malt; Single Cask; 1999 2000 Vintages Fugaku Sanjurokkei 19th Release,,,,120.4,60.2,,,,https://www.spiritradar.com/whisky-db/karuizawa-1999-2000-vintages-fugaku-sanjurokkei-19th-release-60.2-percent-700ml,2026-06-28,NULL,japanese_whisky_legacy_closed_ndps
Japanese Whisky,Karuizawa,"Miyota, Japan",Karuizawa,sourced,Number One Drinks,TRUE,FALSE,Single Malt; Single Cask; 1999 2000 Vintages Fugaku Sanjurokkei 21st Release,,,,122.0,61,,,,https://www.spiritradar.com/whisky-db/karuizawa-1999-2000-vintages-fugaku-sanjurokkei-21st-release-61-percent-700ml,2026-06-28,NULL,japanese_whisky_legacy_closed_ndps
Japanese Whisky,Karuizawa,"Miyota, Japan",Karuizawa,sourced,Number One Drinks,TRUE,FALSE,Single Malt; Single Cask; 1981 Vintage Single Cask Malt Whisky Cask no.7502,,1981,7502,111.8,55.9,,,,https://www.spiritradar.com/whisky-db/karuizawa-1981-vintage-single-cask-malt-whisky-cask-no.7502-55.9-percent-700ml,2026-06-28,NULL,japanese_whisky_legacy_closed_ndps
Japanese Whisky,Karuizawa,"Miyota, Japan",Karuizawa,sourced,Number One Drinks,TRUE,FALSE,Single Malt; Single Cask; 2000 Miyaki Odori Geisha Label #2219,,2000,2219,119.6,59.8,,Sherry cask,,https://www.spiritradar.com/whisky-db/karuizawa-2000-miyaki-odori-geisha-label-59.8-percent-700ml,2026-06-28,NULL,japanese_whisky_legacy_closed_ndps
Japanese Whisky,Karuizawa,"Miyota, Japan",Karuizawa,sourced,Number One Drinks,TRUE,FALSE,Single Malt; Single Cask; 1975 #6890,,1975,6890,113.8,56.9,,Sherry cask,,https://www.spiritradar.com/whisky-db/karuizawa-1975-56.9-percent-700ml,2026-06-28,NULL,japanese_whisky_legacy_closed_ndps
Japanese Whisky,Karuizawa,"Miyota, Japan",Ocean,blended,,FALSE,FALSE,Blended Japanese Whisky; Seagull Ocean Whisky,,,,80.0,40,,,,https://www.spiritradar.com/whisky-db/karuizawa-seagull-ocean-whisky-40-percent-720ml,2026-06-28,NULL,japanese_whisky_legacy_closed_ndps
Japanese Whisky,Karuizawa,"Miyota, Japan",Karuizawa,sourced,Number One Drinks,TRUE,FALSE,Single Malt; Single Cask; 1983 Vintage Single Cask Malt Whisky #8667,,1983,8667,122.0,61,,,,https://www.spiritradar.com/whisky-db/karuizawa-1983-vintage-single-cask-malt-whisky-61-percent-700ml,2026-06-28,NULL,japanese_whisky_legacy_closed_ndps
Japanese Whisky,Karuizawa,"Miyota, Japan",Karuizawa,sourced,Number One Drinks,TRUE,FALSE,Single Malt; Single Cask; 1964 #1917,,1964,1917,103.2,51.6,,,,https://www.spiritradar.com/whisky-db/karuizawa-1964-51.6-percent-700ml,2026-06-28,NULL,japanese_whisky_legacy_closed_ndps
Japanese Whisky,Karuizawa,"Miyota, Japan",Karuizawa,sourced,Number One Drinks,TRUE,FALSE,Single Malt; Single Cask; 1980 Vintage Single Cask Malt Whisky Bourbon #8317,,1980,8317,113.0,56.5,,Bourbon cask,,https://www.spiritradar.com/whisky-db/karuizawa-1980-vintage-single-cask-malt-whisky-bourbon-8317-56.5-percent-700ml,2026-06-28,NULL,japanese_whisky_legacy_closed_ndps
Japanese Whisky,Karuizawa,"Miyota, Japan",Ocean,blended,,FALSE,FALSE,Blended Japanese Whisky; 12yo Ocean Whisky 500ml,12 Years,,,86.0,43,,,,https://www.spiritradar.com/whisky-db/karuizawa-12yo-ocean-whisky-43-percent-500ml,2026-06-28,NULL,japanese_whisky_legacy_closed_ndps
Japanese Whisky,Karuizawa,"Miyota, Japan",Karuizawa,sourced,Wealth Solutions,TRUE,FALSE,Single Malt; Single Cask; 1999 2000 Vintages Origami Crane Wealth Solutions,,,,123.4,61.7,,Sherry cask,,https://www.spiritradar.com/whisky-db/karuizawa-1999-2000-vintages-origami-crane-61.7-percent-700ml,2026-06-28,NULL,japanese_whisky_legacy_closed_ndps
Japanese Whisky,Karuizawa,"Miyota, Japan",Karuizawa,sourced,Number One Drinks,TRUE,FALSE,Single Malt; Single Cask; 2000 Flower and Bird Series #507,,2000,507,125.8,62.9,,Sherry cask,,https://www.spiritradar.com/whisky-db/karuizawa-2000-flower-and-bird-series-62.9-percent-700ml,2026-06-28,NULL,japanese_whisky_legacy_closed_ndps
Japanese Whisky,Karuizawa,"Miyota, Japan",Ocean,blended,,FALSE,FALSE,Blended Japanese Whisky; 1985 V Hanshin Tigers Sanraku-Ocean Whisky Co. Ltd,,1985,,86.0,43,,,,https://www.spiritradar.com/whisky-db/karuizawa-1985-v-hanshin-tigers-43-percent-700ml,2026-06-28,NULL,japanese_whisky_legacy_closed_ndps
Japanese Whisky,Karuizawa,"Miyota, Japan",Karuizawa,sourced,Number One Drinks,TRUE,FALSE,Single Malt; Single Cask; 1999 2000 Vintages Cherry Tree White Edition,,,,92.0,46,,,,https://www.spiritradar.com/whisky-db/karuizawa-1999-2000-vintages-cherry-tree-white-edition-46-percent-700ml,2026-06-28,NULL,japanese_whisky_legacy_closed_ndps
Japanese Whisky,Karuizawa,"Miyota, Japan",Karuizawa,sourced,Number One Drinks,TRUE,FALSE,Single Malt; Single Cask; 1999 2000 Vintages Cherry Tree Red Edition,,,,96.0,48,,,,https://www.spiritradar.com/whisky-db/karuizawa-1999-2000-vintages-cherry-tree-red-edition-48-percent-700ml,2026-06-28,NULL,japanese_whisky_legacy_closed_ndps
Japanese Whisky,Karuizawa,"Miyota, Japan",Karuizawa,sourced,Number One Drinks,TRUE,FALSE,Single Malt; Single Cask; 1994 Vintage Single Cask Malt Whisky #2011 Musee d'Art Mercian,,1994,2011,125.6,62.8,,,,https://www.spiritradar.com/whisky-db/karuizawa-1994-vintage-single-cask-malt-whisky-2011-musee-dart-mercian-62.8-percent-700ml,2026-06-28,NULL,japanese_whisky_legacy_closed_ndps
Japanese Whisky,Karuizawa,"Miyota, Japan",Karuizawa,sourced,Number One Drinks,TRUE,FALSE,Single Malt; Single Cask; 1999 2000 Vintages Fugaku Sanjurokkei 32nd Release,,,,121.8,60.9,,,,https://www.spiritradar.com/whisky-db/karuizawa-1999-2000-vintages-fugaku-sanjurokkei-32nd-release-60.9-percent-700ml,2026-06-28,NULL,japanese_whisky_legacy_closed_ndps
Japanese Whisky,Karuizawa,"Miyota, Japan",Karuizawa,sourced,Number One Drinks,TRUE,FALSE,Single Malt; Single Cask; 1999 2000 Yamataka Jindai Zakura Japanese Trees,,,,92.0,46,,,,https://www.spiritradar.com/whisky-db/karuizawa-1999-2000-yamataka-jindai-zakura-japanese-trees-46-percent-700ml,2026-06-28,NULL,japanese_whisky_legacy_closed_ndps
Japanese Whisky,Karuizawa,"Miyota, Japan",Karuizawa,sourced,Number One Drinks,TRUE,FALSE,Single Malt; Single Cask; 1984 29yo #3662 Shinanoya & TWE Exclusive,29 Years,1984,3662,122.0,61,,Sherry butt,,https://www.spiritradar.com/whisky-db/karuizawa-1984-29yo-61-percent-700ml,2026-06-28,NULL,japanese_whisky_legacy_closed_ndps
Japanese Whisky,Karuizawa,"Miyota, Japan",Ocean,blended,,FALSE,FALSE,Blended Japanese Whisky; Bright Ocean Whisky,,,,78.0,39,,,,https://www.spiritradar.com/whisky-db/karuizawa-bright-ocean-whisky-39-percent-700ml,2026-06-28,NULL,japanese_whisky_legacy_closed_ndps
Japanese Whisky,Karuizawa,"Miyota, Japan",Karuizawa,sourced,Number One Drinks,TRUE,FALSE,Single Malt; Single Cask; 1981 The Dragon with Eight Heads Cask No.171 35yo Sherry,35 Years,1981,171,108.8,54.4,,Sherry cask,,https://www.spiritradar.com/whisky-db/karuizawa-1981-the-dragon-with-eight-heads-cask-no.171-35yo-54.4-percent-700ml,2026-06-28,NULL,japanese_whisky_legacy_closed_ndps
Japanese Whisky,Karuizawa,"Miyota, Japan",Karuizawa,sourced,Number One Drinks,TRUE,FALSE,Single Malt; Single Cask; 1999 Geisha Label Sherry #671,,1999,671,122.6,61.3,,Sherry cask,,https://www.spiritradar.com/whisky-db/karuizawa-1999-geisha-label-61.3-percent-700ml,2026-06-28,NULL,japanese_whisky_legacy_closed_ndps
Japanese Whisky,Karuizawa,"Miyota, Japan",Karuizawa,sourced,Number One Drinks,TRUE,FALSE,Single Malt; Single Cask; 2000 Geisha Label #7497,,2000,7497,122.8,61.4,,Sherry cask,,https://www.spiritradar.com/whisky-db/karuizawa-2000-geisha-label-61.4-percent-700ml,2026-06-28,NULL,japanese_whisky_legacy_closed_ndps
Japanese Whisky,Karuizawa,"Miyota, Japan",Ocean,blended,,FALSE,FALSE,Blended Japanese Whisky; Vic Ocean Whisky 900ml,,,,84.0,42,,,,https://www.spiritradar.com/whisky-db/karuizawa-vic-ocean-whisky-42-percent-900ml,2026-06-28,NULL,japanese_whisky_legacy_closed_ndps
Japanese Whisky,Karuizawa,"Miyota, Japan",Karuizawa,sourced,Number One Drinks,TRUE,FALSE,Single Malt; Single Cask; 1983 Ichiro's Choice Sherry Influence #8601,,1983,8601,118.0,59,,Sherry cask,,https://www.spiritradar.com/whisky-db/karuizawa-1983-ichiros-choice-59-percent-700ml,2026-06-28,NULL,japanese_whisky_legacy_closed_ndps
Japanese Whisky,Karuizawa,"Miyota, Japan",Karuizawa,sourced,Number One Drinks,TRUE,FALSE,Single Malt; Single Cask; 1995 Rouge Cask Series #5018 480ml,,1995,5018,137.4,68.7,,,,https://www.spiritradar.com/whisky-db/karuizawa-1995-rouge-cask-series-5018-68.7-percent-480ml,2026-06-28,NULL,japanese_whisky_legacy_closed_ndps
Japanese Whisky,Karuizawa,"Miyota, Japan",Karuizawa,sourced,Number One Drinks,TRUE,FALSE,Single Malt; Single Cask; 1981 Vintage Single Cask Malt Whisky #6355,,1981,6355,119.6,59.8,,Sherry butt,,https://www.spiritradar.com/whisky-db/karuizawa-1981-vintage-single-cask-malt-whisky-59.8-percent-700ml,2026-06-28,NULL,japanese_whisky_legacy_closed_ndps
Japanese Whisky,Karuizawa,"Miyota, Japan",Karuizawa,sourced,Number One Drinks,TRUE,FALSE,Single Malt; Single Cask; 35yo #5244,35 Years,,5244,114.8,57.4,,Sherry butt,,https://www.spiritradar.com/whisky-db/karuizawa-35yo-57.4-percent-700ml,2026-06-28,NULL,japanese_whisky_legacy_closed_ndps
Japanese Whisky,Karuizawa,"Miyota, Japan",Karuizawa,sourced,Number One Drinks,TRUE,FALSE,Single Malt; Single Cask; 15yo 100% Malt Whisky Mercian,15 Years,,,0.0,00,,,,https://www.spiritradar.com/whisky-db/karuizawa-15yo-100-percent-malt-whisky-mercian-43-percent-700ml,2026-06-28,NULL,japanese_whisky_legacy_closed_ndps
Japanese Whisky,Karuizawa,"Miyota, Japan",Karuizawa,sourced,Number One Drinks,TRUE,FALSE,Single Malt; Single Cask; 1981 Cities of Japan Kobe Ex-sherry #4051,,1981,4051,118.2,59.1,,Sherry cask,,https://www.spiritradar.com/whisky-db/karuizawa-1981-cities-of-japan-kobe-59.1-percent-700ml,2026-06-28,NULL,japanese_whisky_legacy_closed_ndps
Japanese Whisky,Karuizawa,"Miyota, Japan",Karuizawa,sourced,Number One Drinks,TRUE,FALSE,Single Malt; Single Cask; 1981 Cities of Japan Yokohama Ex-Sherry #4051,,1981,4051,118.2,59.1,,Sherry cask,,https://www.spiritradar.com/whisky-db/karuizawa-1981-cities-of-japan-yokohama-59.1-percent-700ml,2026-06-28,NULL,japanese_whisky_legacy_closed_ndps
Japanese Whisky,Karuizawa,"Miyota, Japan",Karuizawa,sourced,Number One Drinks,TRUE,FALSE,Single Malt; Single Cask; 1978 Sherry #3035 Mercian,,1978,3035,80.0,40,,Sherry cask,,https://www.spiritradar.com/whisky-db/karuizawa-1978-sherry-3035-mercian-40-percent-700ml,2026-06-28,NULL,japanese_whisky_legacy_closed_ndps
Japanese Whisky,Karuizawa,"Miyota, Japan",Karuizawa,sourced,Number One Drinks,TRUE,FALSE,Single Malt; Single Cask; 1999 2000 Vintages Fugaku Sanjurokkei 31th Release,,,,121.2,60.6,,,,https://www.spiritradar.com/whisky-db/karuizawa-1999-2000-vintages-fugaku-sanjurokkei-31th-release-60.6-percent-700ml,2026-06-28,NULL,japanese_whisky_legacy_closed_ndps
Japanese Whisky,Karuizawa,"Miyota, Japan",Karuizawa,sourced,Number One Drinks,TRUE,FALSE,Single Malt; Single Cask; 2000 Geisha Label #512,,2000,512,119.0,59.5,,Sherry cask,,https://www.spiritradar.com/whisky-db/karuizawa-2000-geisha-label-59.5-percent-700ml,2026-06-28,NULL,japanese_whisky_legacy_closed_ndps
Japanese Whisky,Karuizawa,"Miyota, Japan",Ocean,blended,,FALSE,FALSE,Blended Japanese Whisky; Gloria Ocean Whisky,,,,86.0,43,,,,https://www.spiritradar.com/whisky-db/karuizawa-gloria-ocean-whisky-43-percent-720ml,2026-06-28,NULL,japanese_whisky_legacy_closed_ndps
Japanese Whisky,Karuizawa,"Miyota, Japan",Ocean,blended,,FALSE,FALSE,Blended Japanese Whisky; Mild Blend Ocean Whisky 640ml,,,,74.0,37,,,,https://www.spiritradar.com/whisky-db/karuizawa-mild-blend-ocean-whisky-37-percent-640ml,2026-06-28,NULL,japanese_whisky_legacy_closed_ndps
Japanese Whisky,Karuizawa,"Miyota, Japan",Ocean,blended,,FALSE,FALSE,Blended Japanese Whisky; NAS Hanshin Tigers Sanraku-Ocean Whisky Co. Ltd 900ml,,,,70.0,35,,,,https://www.spiritradar.com/whisky-db/karuizawa-nas-hanshin-tigers-35-percent-900ml,2026-06-28,NULL,japanese_whisky_legacy_closed_ndps
Japanese Whisky,Karuizawa,"Miyota, Japan",Ocean,blended,,FALSE,FALSE,Blended Japanese Whisky; NAS Hanshin Tigers Sanraku-Ocean Whisky Co. Ltd,,,,86.0,43,,,,https://www.spiritradar.com/whisky-db/karuizawa-nas-hanshin-tigers-sanraku-ocean-whisky-co.-ltd-43-percent-750ml,2026-06-28,NULL,japanese_whisky_legacy_closed_ndps
Japanese Whisky,Karuizawa,"Miyota, Japan",Karuizawa,sourced,Number One Drinks,TRUE,FALSE,Single Malt; Single Cask; Sandai Shogun No Matsu Japanese Trees,,,,110.0,55,,,,https://www.spiritradar.com/whisky-db/karuizawa-sandai-shogun-no-matsu-japanese-trees-55-percent-700ml,2026-06-28,NULL,japanese_whisky_legacy_closed_ndps
Japanese Whisky,Karuizawa,"Miyota, Japan",Karuizawa,sourced,Number One Drinks,TRUE,FALSE,Single Malt; Single Cask; 1977 Vintage Single Cask Malt Whisky #7416,,1977,7416,128.0,64,,,,https://www.spiritradar.com/whisky-db/karuizawa-1977-vintage-single-cask-malt-whisky-7416-64-percent-700ml,2026-06-28,NULL,japanese_whisky_legacy_closed_ndps
Japanese Whisky,Karuizawa,"Miyota, Japan",Karuizawa,sourced,Number One Drinks,TRUE,FALSE,Single Malt; Single Cask; 1994 Vintage Single Cask Malt Whisky #2763,,1994,2763,120.0,60,,,,https://www.spiritradar.com/whisky-db/karuizawa-1994-vintage-single-cask-malt-whisky-2763-60-percent-700ml,2026-06-28,NULL,japanese_whisky_legacy_closed_ndps
Japanese Whisky,Karuizawa,"Miyota, Japan",Ocean,blended,,FALSE,FALSE,Blended Japanese Whisky; 100% Grain Ocean Whisky 500ml,,,,0.0,00,,,,https://www.spiritradar.com/whisky-db/karuizawa-100-percent-grain-ocean-whisky-43-percent-500ml,2026-06-28,NULL,japanese_whisky_legacy_closed_ndps
Japanese Whisky,Karuizawa,"Miyota, Japan",Karuizawa,sourced,Number One Drinks,TRUE,FALSE,Single Malt; Single Cask; 1984 Private Bottling #2961 for ANA Intercontinental,,1984,2961,114.8,57.4,,,,https://www.spiritradar.com/whisky-db/karuizawa-1984-private-bottling-57.4-percent-700ml;https://www.finespirits.auction/uk/domain/7457-Karuizawa.jsp,2026-06-07,https://www.finespirits.auction/fr/images/photos_ventes/large/B3192364_80.jpg,japanese_whisky_legacy_closed_ndps
Japanese Whisky,Karuizawa,"Miyota, Japan",Karuizawa,sourced,Number One Drinks,TRUE,FALSE,Single Malt; Single Cask; 1981 Noh Whisky #6183,,1981,6183,113.0,56.5,,Sherry butt,,https://www.spiritradar.com/whisky-db/karuizawa-1981-noh-whisky-56.5-percent-700ml,2026-06-28,NULL,japanese_whisky_legacy_closed_ndps
Japanese Whisky,Karuizawa,"Miyota, Japan",Ocean,blended,,FALSE,FALSE,Blended Japanese Whisky; 1985 Hanshin Tigers Sanraku-Ocean Whisky Co. Ltd,,1985,,86.0,43,,,,https://www.spiritradar.com/whisky-db/karuizawa-1985-hanshin-tigers-sanraku-ocean-whisky-co.-ltd-43-percent-750ml,2026-06-28,NULL,japanese_whisky_legacy_closed_ndps
Japanese Whisky,Karuizawa,"Miyota, Japan",Karuizawa,sourced,Number One Drinks,TRUE,FALSE,Single Malt; Single Cask; 1999 Geisha Label #6258,,1999,6258,122.4,61.2,,Sherry cask,,https://www.spiritradar.com/whisky-db/karuizawa-1999-geisha-label-61.2-percent-700ml,2026-06-28,NULL,japanese_whisky_legacy_closed_ndps
Japanese Whisky,Karuizawa,"Miyota, Japan",Karuizawa,sourced,Number One Drinks,TRUE,FALSE,Single Malt; Single Cask; Batch 3 TBWC 500ml,,,Batch 3,100.2,50.1,,,,https://www.spiritradar.com/whisky-db/karuizawa-batch-3-tbwc-50.1-percent-500ml,2026-06-28,NULL,japanese_whisky_legacy_closed_ndps
Japanese Whisky,Karuizawa,"Miyota, Japan",Karuizawa,sourced,Number One Drinks,TRUE,FALSE,Single Malt; Single Cask; 1999 Vintage Single Cask Malt Whisky #867,,1999,867,122.8,61.4,,,,https://www.spiritradar.com/whisky-db/karuizawa-1999-vintage-single-cask-malt-whisky-61.4-percent-700ml;https://www.finespirits.auction/uk/domain/7457-Karuizawa.jsp,2026-06-07,https://www.finespirits.auction/fr/images/photos_ventes/large/B3015275_77.jpg,japanese_whisky_legacy_closed_ndps
Japanese Whisky,Karuizawa,"Miyota, Japan",Karuizawa,sourced,Number One Drinks,TRUE,FALSE,Single Malt; Single Cask; 1999 2000 Jomon-Sugi Japanese Trees,,,,96.0,48,,,,https://www.spiritradar.com/whisky-db/karuizawa-1999-2000-jomon-sugi-japanese-trees-48-percent-700ml,2026-06-28,NULL,japanese_whisky_legacy_closed_ndps
Japanese Whisky,Karuizawa,"Miyota, Japan",Karuizawa,sourced,Number One Drinks,TRUE,FALSE,Single Malt; Single Cask; 1999 2000 Vintages Fugaku Sanjurokkei 35th Release,,,,122.8,61.4,,,,https://www.spiritradar.com/whisky-db/karuizawa-1999-2000-vintages-fugaku-sanjurokkei-35th-release-61.4-percent-700ml,2026-06-28,NULL,japanese_whisky_legacy_closed_ndps
Japanese Whisky,Karuizawa,"Miyota, Japan",Ocean,blended,,FALSE,FALSE,Blended Japanese Whisky; Gloria Ocean Whisky Ship Bottle,,,,80.0,40,,,,https://www.spiritradar.com/whisky-db/karuizawa-gloria-ocean-whisky-ship-bottle-40-percent-700ml,2026-06-28,NULL,japanese_whisky_legacy_closed_ndps
Japanese Whisky,Karuizawa,"Miyota, Japan",Ocean,blended,,FALSE,FALSE,Blended Japanese Whisky; Gloria Ocean Whisky EXPO'85,,,,86.0,43,,,,https://www.spiritradar.com/whisky-db/karuizawa-gloria-ocean-whisky-expo85-43-percent-720ml,2026-06-28,NULL,japanese_whisky_legacy_closed_ndps
Japanese Whisky,Karuizawa,"Miyota, Japan",Karuizawa,sourced,Number One Drinks,TRUE,FALSE,Single Malt; Single Cask; NAS Hanshin Tigers,,,,80.0,40,,,,https://www.spiritradar.com/whisky-db/karuizawa-nas-hanshin-tigers-40-percent-720ml,2026-06-28,NULL,japanese_whisky_legacy_closed_ndps
Japanese Whisky,Karuizawa,"Miyota, Japan",Ocean,blended,,FALSE,FALSE,Blended Japanese Whisky; NAS Ocean Whisky Sanraku Inc,,,,86.0,43,,,,https://www.spiritradar.com/whisky-db/karuizawa-nas-ocean-whisky-sanraku-inc-43-percent-720ml,2026-06-28,NULL,japanese_whisky_legacy_closed_ndps
Japanese Whisky,Karuizawa,"Miyota, Japan",Karuizawa,sourced,Number One Drinks,TRUE,FALSE,Single Malt; Single Cask; 1994 Vintage Single Cask Malt Whisky #2494,,1994,2494,125.4,62.7,,,,https://www.spiritradar.com/whisky-db/karuizawa-1994-vintage-single-cask-malt-whisky-2494-62.7-percent-700ml,2026-06-28,NULL,japanese_whisky_legacy_closed_ndps
Japanese Whisky,Karuizawa,"Miyota, Japan",Karuizawa,sourced,Number One Drinks,TRUE,FALSE,Single Malt; Single Cask; 1995 Rouge Cask Series #5012 500ml,,1995,5012,126.0,63,,,,https://www.spiritradar.com/whisky-db/karuizawa-1995-rouge-cask-series-5012-63-percent-500ml,2026-06-28,NULL,japanese_whisky_legacy_closed_ndps
Japanese Whisky,Karuizawa,"Miyota, Japan",Karuizawa,sourced,Number One Drinks,TRUE,FALSE,Single Malt; Single Cask; 1982 Vintage Single Cask Malt Whisky #2510,,1982,2510,110.4,55.2,,Sherry butt,,https://www.spiritradar.com/whisky-db/karuizawa-1982-vintage-single-cask-malt-whisky-sherry-butt-2510-55.2-percent-700ml,2026-06-28,NULL,japanese_whisky_legacy_closed_ndps
Japanese Whisky,Karuizawa,"Miyota, Japan",Karuizawa,sourced,Number One Drinks,TRUE,FALSE,Single Malt; Single Cask; 12yo Exceed Japanese Market Only,12 Years,,,80.0,40,,,,https://www.spiritradar.com/whisky-db/karuizawa-12yo-exceed-40-percent-700ml,2026-06-28,NULL,japanese_whisky_legacy_closed_ndps
Japanese Whisky,Karuizawa,"Miyota, Japan",Karuizawa,sourced,Number One Drinks,TRUE,FALSE,Single Malt; Single Cask; 15yo Crystal Decanter Prince Hotels,15 Years,,,86.0,43,,,,https://www.spiritradar.com/whisky-db/karuizawa-15yo-crystal-decanter-prince-hotels-43-percent-720ml,2026-06-28,NULL,japanese_whisky_legacy_closed_ndps
Japanese Whisky,Karuizawa,"Miyota, Japan",Ocean,blended,,FALSE,FALSE,Blended Japanese Whisky; Deluxe Ocean Whisky,,,,86.0,43,,,,https://www.spiritradar.com/whisky-db/karuizawa-deluxe-ocean-whisky-43-percent-700ml,2026-06-28,NULL,japanese_whisky_legacy_closed_ndps
Japanese Whisky,Karuizawa,"Miyota, Japan",Karuizawa,sourced,Number One Drinks,TRUE,FALSE,Single Malt; Single Cask; Forest Gold Whisky 500ml,,,,74.0,37,,,,https://www.spiritradar.com/whisky-db/karuizawa-forest-gold-whisky-37-percent-500ml,2026-06-28,NULL,japanese_whisky_legacy_closed_ndps
Japanese Whisky,Karuizawa,"Miyota, Japan",Karuizawa,sourced,Number One Drinks,TRUE,FALSE,Single Malt; Single Cask; Forest White Whisky 500ml,,,,74.0,37,,,,https://www.spiritradar.com/whisky-db/karuizawa-forest-white-whisky-37-percent-500ml,2026-06-28,NULL,japanese_whisky_legacy_closed_ndps
Japanese Whisky,Karuizawa,"Miyota, Japan",Karuizawa,sourced,Number One Drinks,TRUE,FALSE,Single Malt; Single Cask; 1999 2000 Vintages Fugaku Sanjurokkei 36th Release,,,,121.6,60.8,,,,https://www.spiritradar.com/whisky-db/karuizawa-1999-2000-vintages-fugaku-sanjurokkei-36th-release-60.8-percent-700ml,2026-06-28,NULL,japanese_whisky_legacy_closed_ndps
Japanese Whisky,Karuizawa,"Miyota, Japan",Karuizawa,sourced,Number One Drinks,TRUE,FALSE,Single Malt; Single Cask; 1960,,1960,,86.0,43,,,,https://www.spiritradar.com/whisky-db/karuizawa-1960-43-percent-720ml,2026-06-28,NULL,japanese_whisky_legacy_closed_ndps
Japanese Whisky,Karuizawa,"Miyota, Japan",Ocean,blended,,FALSE,FALSE,Blended Japanese Whisky; Ocean Whisky 100% Malt 500ml,,,,0.0,00,,,,https://www.spiritradar.com/whisky-db/karuizawa-ocean-whisky-100-percent-malt-43-percent-500ml,2026-06-28,NULL,japanese_whisky_legacy_closed_ndps
Japanese Whisky,Karuizawa,"Miyota, Japan",Ocean,blended,,FALSE,FALSE,Blended Japanese Whisky; Special Very Rare Old Ocean Whisky 550ml,,,,74.0,37,,,,https://www.spiritradar.com/whisky-db/karuizawa-special-very-rare-old-ocean-whisky-37-percent-550ml,2026-06-28,NULL,japanese_whisky_legacy_closed_ndps
Japanese Whisky,Karuizawa,"Miyota, Japan",Ocean,blended,,FALSE,FALSE,Blended Japanese Whisky; White Ceramic Lighthouse Ocean Whisky by Sanraku,,,,86.0,43,,,,https://www.spiritradar.com/whisky-db/karuizawa-white-ceramic-lighthouse-ocean-whisky-by-sanraku-43-percent-720ml,2026-06-28,NULL,japanese_whisky_legacy_closed_ndps
Japanese Whisky,Karuizawa,"Miyota, Japan",Karuizawa,sourced,Number One Drinks,TRUE,FALSE,Single Malt; Single Cask; 34yo ElD Ruby Geisha #3668 The Whisky Exchange,34 Years,,3668,117.0,58.5,,Sherry butt,,https://www.spiritradar.com/whisky-db/karuizawa-34yo-eld-ruby-geisha-58.5-percent-700ml,2026-06-28,NULL,japanese_whisky_legacy_closed_ndps
Japanese Whisky,Karuizawa,"Miyota, Japan",Karuizawa,sourced,Number One Drinks,TRUE,FALSE,Single Malt; Single Cask; 1975 Vintage Single Cask Malt Whisky #4124,,1975,4124,126.0,63,,,,https://www.spiritradar.com/whisky-db/karuizawa-1975-vintage-single-cask-malt-whisky-4124-63-percent-700ml,2026-06-28,NULL,japanese_whisky_legacy_closed_ndps
Japanese Whisky,Karuizawa,"Miyota, Japan",Karuizawa,sourced,Number One Drinks,TRUE,FALSE,Single Malt; Single Cask; 1976 Vintage Single Cask Malt Whisky #6069,,1976,6069,127.8,63.9,,,,https://www.spiritradar.com/whisky-db/karuizawa-1976-vintage-single-cask-malt-whisky-6069-63.9-percent-700ml,2026-06-28,NULL,japanese_whisky_legacy_closed_ndps
Japanese Whisky,Karuizawa,"Miyota, Japan",Karuizawa,sourced,Number One Drinks,TRUE,FALSE,Single Malt; Single Cask; 1978 Vintage Single Cask Malt Whisky #2368,,1978,2368,122.8,61.4,,,,https://www.spiritradar.com/whisky-db/karuizawa-1978-vintage-single-cask-malt-whisky-2368-61.4-percent-700ml,2026-06-28,NULL,japanese_whisky_legacy_closed_ndps
Japanese Whisky,Karuizawa,"Miyota, Japan",Karuizawa,sourced,Number One Drinks,TRUE,FALSE,Single Malt; Single Cask; 1979 Vintage Single Cask Malt Whisky #4255,,1979,4255,121.4,60.7,,,,https://www.spiritradar.com/whisky-db/karuizawa-1979-vintage-single-cask-malt-whisky-4255-60.7-percent-700ml,2026-06-28,NULL,japanese_whisky_legacy_closed_ndps
Japanese Whisky,Karuizawa,"Miyota, Japan",Karuizawa,sourced,Number One Drinks,TRUE,FALSE,Single Malt; Single Cask; 1980 Vintage Single Cask Malt Whisky #8455,,1980,8455,116.6,58.3,,,,https://www.spiritradar.com/whisky-db/karuizawa-1980-vintage-single-cask-malt-whisky-8455-58.3-percent-700ml,2026-06-28,NULL,japanese_whisky_legacy_closed_ndps
Japanese Whisky,Karuizawa,"Miyota, Japan",Karuizawa,sourced,Number One Drinks,TRUE,FALSE,Single Malt; Single Cask; 1982 Hideki Kurosaki #2448,,1982,2448,116.0,58,,,,https://www.spiritradar.com/whisky-db/karuizawa-1982-hideki-kurosaki-58-percent-700ml,2026-06-28,NULL,japanese_whisky_legacy_closed_ndps
Japanese Whisky,Karuizawa,"Miyota, Japan",Karuizawa,sourced,Number One Drinks,TRUE,FALSE,Single Malt; Single Cask; 1989 Vintage Single Cask Malt Whisky #3135,,1989,3135,118.6,59.3,,,,https://www.spiritradar.com/whisky-db/karuizawa-1989-vintage-single-cask-malt-whisky-3135-59.3-percent-700ml,2026-06-28,NULL,japanese_whisky_legacy_closed_ndps
Japanese Whisky,Karuizawa,"Miyota, Japan",Karuizawa,sourced,Number One Drinks,TRUE,FALSE,Single Malt; Single Cask; 1994 Single Cask #2211,,1994,2211,125.6,62.8,,Sherry butt,,https://www.spiritradar.com/whisky-db/karuizawa-1994-single-cask-62.8-percent-700ml,2026-06-28,NULL,japanese_whisky_legacy_closed_ndps
Japanese Whisky,Hanyu,"Hanyu, Japan",Ichiro's Malt,sourced,Ichiro's Malt / Venture Whisky,TRUE,FALSE,Single Malt; Single Cask; Card Series Ace of Spades #9308,21 Years,1985,9308,110.0,55,,Hogshead,Spanish Oak Sherry Butt,https://www.bonhams.com/auction/22888/lot/196/hanyu-ichiros-full-cards-series-54/;https://www.spiritradar.com/whisky-db/distilleries/hanyu/,2026-06-07,,japanese_whisky_legacy_closed_ndps
Japanese Whisky,Hanyu,"Hanyu, Japan",Ichiro's Malt,sourced,Ichiro's Malt / Venture Whisky,TRUE,FALSE,Single Malt; Single Cask; Card Series 2 of Spades #477,20 Years,1991,477,111.6,55.8,,Hogshead,Port Hogshead,https://www.bonhams.com/auction/22888/lot/196/hanyu-ichiros-full-cards-series-54/;https://www.spiritradar.com/whisky-db/distilleries/hanyu/,2026-06-07,,japanese_whisky_legacy_closed_ndps
Japanese Whisky,Hanyu,"Hanyu, Japan",Ichiro's Malt,sourced,Ichiro's Malt / Venture Whisky,TRUE,FALSE,Single Malt; Single Cask; Card Series 3 of Spades #7000,7 Years,2000,7000,114.0,57,,Hogshead,New American Oak Hogshead,https://www.bonhams.com/auction/22888/lot/196/hanyu-ichiros-full-cards-series-54/;https://www.spiritradar.com/whisky-db/distilleries/hanyu/,2026-06-07,,japanese_whisky_legacy_closed_ndps
Japanese Whisky,Hanyu,"Hanyu, Japan",Ichiro's Malt,sourced,Ichiro's Malt / Venture Whisky,TRUE,FALSE,Single Malt; Single Cask; Card Series 4 of Spades #60,10 Years,2000,60,117.2,58.6,,Hogshead,Mizunara Puncheon,https://www.bonhams.com/auction/22888/lot/196/hanyu-ichiros-full-cards-series-54/;https://www.spiritradar.com/whisky-db/distilleries/hanyu/,2026-06-07,,japanese_whisky_legacy_closed_ndps
Japanese Whisky,Hanyu,"Hanyu, Japan",Ichiro's Malt,sourced,Ichiro's Malt / Venture Whisky,TRUE,FALSE,Single Malt; Single Cask; Card Series 5 of Spades #9601,8 Years,2000,9601,121.0,60.5,,Hogshead,American Oak Refill Sherry,https://www.bonhams.com/auction/22888/lot/196/hanyu-ichiros-full-cards-series-54/;https://www.spiritradar.com/whisky-db/distilleries/hanyu/,2026-06-07,,japanese_whisky_legacy_closed_ndps
Japanese Whisky,Hanyu,"Hanyu, Japan",Ichiro's Malt,sourced,Ichiro's Malt / Venture Whisky,TRUE,FALSE,Single Malt; Single Cask; Card Series 6 of Spades #1303,11 Years,2000,1303,117.2,58.6,,Hogshead,Oloroso Sherry Butt,https://www.bonhams.com/auction/22888/lot/196/hanyu-ichiros-full-cards-series-54/;https://www.spiritradar.com/whisky-db/distilleries/hanyu/,2026-06-07,,japanese_whisky_legacy_closed_ndps
Japanese Whisky,Hanyu,"Hanyu, Japan",Ichiro's Malt,sourced,Ichiro's Malt / Venture Whisky,TRUE,FALSE,Single Malt; Single Cask; Card Series 7 of Spades #525,20 Years,1990,525,107.6,53.8,,Hogshead,Cognac Cask,https://www.bonhams.com/auction/22888/lot/196/hanyu-ichiros-full-cards-series-54/;https://www.spiritradar.com/whisky-db/distilleries/hanyu/,2026-06-07,,japanese_whisky_legacy_closed_ndps
Japanese Whisky,Hanyu,"Hanyu, Japan",Ichiro's Malt,sourced,Ichiro's Malt / Venture Whisky,TRUE,FALSE,Single Malt; Single Cask; Card Series 8 of Spades #9301,8 Years,2000,9301,116.0,58,,Hogshead,Spanish Oak Sherry Butt,https://www.bonhams.com/auction/22888/lot/196/hanyu-ichiros-full-cards-series-54/;https://www.spiritradar.com/whisky-db/distilleries/hanyu/,2026-06-07,,japanese_whisky_legacy_closed_ndps
Japanese Whisky,Hanyu,"Hanyu, Japan",Ichiro's Malt,sourced,Ichiro's Malt / Venture Whisky,TRUE,FALSE,Single Malt; Single Cask; Card Series 9 of Spades #9022,20 Years,1990,9022,104.8,52.4,,Hogshead,Cream Sherry Butt,https://www.bonhams.com/auction/22888/lot/196/hanyu-ichiros-full-cards-series-54/;https://www.spiritradar.com/whisky-db/distilleries/hanyu/,2026-06-07,,japanese_whisky_legacy_closed_ndps
Japanese Whisky,Hanyu,"Hanyu, Japan",Ichiro's Malt,sourced,Ichiro's Malt / Venture Whisky,TRUE,FALSE,Single Malt; Single Cask; Card Series 10 of Spades #9204,18 Years,1988,9204,92.0,46,,Hogshead,American Oak Puncheon,https://www.bonhams.com/auction/22888/lot/196/hanyu-ichiros-full-cards-series-54/;https://www.spiritradar.com/whisky-db/distilleries/hanyu/,2026-06-07,,japanese_whisky_legacy_closed_ndps
Japanese Whisky,Hanyu,"Hanyu, Japan",Ichiro's Malt,sourced,Ichiro's Malt / Venture Whisky,TRUE,FALSE,Single Malt; Single Cask; Card Series Jack of Spades #7002,17 Years,1990,7002,108.0,54,,Hogshead,New American Oak,https://www.bonhams.com/auction/22888/lot/196/hanyu-ichiros-full-cards-series-54/;https://www.spiritradar.com/whisky-db/distilleries/hanyu/,2026-06-07,,japanese_whisky_legacy_closed_ndps
Japanese Whisky,Hanyu,"Hanyu, Japan",Ichiro's Malt,sourced,Ichiro's Malt / Venture Whisky,TRUE,FALSE,Single Malt; Single Cask; Card Series Queen of Spades #466,19 Years,1990,466,106.2,53.1,,Hogshead,Port Pipe,https://www.bonhams.com/auction/22888/lot/196/hanyu-ichiros-full-cards-series-54/;https://www.spiritradar.com/whisky-db/distilleries/hanyu/,2026-06-07,,japanese_whisky_legacy_closed_ndps
Japanese Whisky,Hanyu,"Hanyu, Japan",Ichiro's Malt,sourced,Ichiro's Malt / Venture Whisky,TRUE,FALSE,Single Malt; Single Cask; Card Series King of Spades #9418,21 Years,1986,9418,114.0,57,,Hogshead,Bourbon Barrel,https://www.bonhams.com/auction/22888/lot/196/hanyu-ichiros-full-cards-series-54/;https://www.spiritradar.com/whisky-db/distilleries/hanyu/,2026-06-07,,japanese_whisky_legacy_closed_ndps
Japanese Whisky,Hanyu,"Hanyu, Japan",Ichiro's Malt,sourced,Ichiro's Malt / Venture Whisky,TRUE,FALSE,Single Malt; Single Cask; Card Series Ace of Hearts #9304,22 Years,1985,9304,112.0,56,,Hogshead,American Oak Sherry Butt,https://www.bonhams.com/auction/22888/lot/196/hanyu-ichiros-full-cards-series-54/;https://www.spiritradar.com/whisky-db/distilleries/hanyu/,2026-06-07,,japanese_whisky_legacy_closed_ndps
Japanese Whisky,Hanyu,"Hanyu, Japan",Ichiro's Malt,sourced,Ichiro's Malt / Venture Whisky,TRUE,FALSE,Single Malt; Single Cask; Card Series 2 of Hearts #482,23 Years,1986,482,112.6,56.3,,Hogshead,Madeira Hogshead,https://www.bonhams.com/auction/22888/lot/196/hanyu-ichiros-full-cards-series-54/;https://www.spiritradar.com/whisky-db/distilleries/hanyu/,2026-06-07,,japanese_whisky_legacy_closed_ndps
Japanese Whisky,Hanyu,"Hanyu, Japan",Ichiro's Malt,sourced,Ichiro's Malt / Venture Whisky,TRUE,FALSE,Single Malt; Single Cask; Card Series 3 of Hearts #7000,7 Years,2000,7000,114.0,57,,Hogshead,New American Oak Hogshead,https://www.bonhams.com/auction/22888/lot/196/hanyu-ichiros-full-cards-series-54/;https://www.spiritradar.com/whisky-db/distilleries/hanyu/,2026-06-07,,japanese_whisky_legacy_closed_ndps
Japanese Whisky,Hanyu,"Hanyu, Japan",Ichiro's Malt,sourced,Ichiro's Malt / Venture Whisky,TRUE,FALSE,Single Malt; Single Cask; Card Series 4 of Hearts #529,11 Years,2000,529,118.4,59.2,,Hogshead,Cognac cask,https://www.bonhams.com/auction/22888/lot/196/hanyu-ichiros-full-cards-series-54/;https://www.spiritradar.com/whisky-db/distilleries/hanyu/,2026-06-07,,japanese_whisky_legacy_closed_ndps
Japanese Whisky,Hanyu,"Hanyu, Japan",Ichiro's Malt,sourced,Ichiro's Malt / Venture Whisky,TRUE,FALSE,Single Malt; Single Cask; Card Series 5 of Hearts #9100,8 Years,2000,9100,120.0,60,,Hogshead,Cognac Cask,https://www.bonhams.com/auction/22888/lot/196/hanyu-ichiros-full-cards-series-54/;https://www.spiritradar.com/whisky-db/distilleries/hanyu/,2026-06-07,,japanese_whisky_legacy_closed_ndps
Japanese Whisky,Hanyu,"Hanyu, Japan",Ichiro's Malt,sourced,Ichiro's Malt / Venture Whisky,TRUE,FALSE,Single Malt; Single Cask; Card Series 6 of Hearts #1303,21 Years,1991,1303,115.8,57.9,,Hogshead,American oak Puncheon,https://www.bonhams.com/auction/22888/lot/196/hanyu-ichiros-full-cards-series-54/;https://www.spiritradar.com/whisky-db/distilleries/hanyu/,2026-06-07,,japanese_whisky_legacy_closed_ndps
Japanese Whisky,Hanyu,"Hanyu, Japan",Ichiro's Malt,sourced,Ichiro's Malt / Venture Whisky,TRUE,FALSE,Single Malt; Single Cask; Card Series 7 of Hearts #9002,17 Years,1990,9002,108.0,54,,Hogshead,American Oak Butt,https://www.bonhams.com/auction/22888/lot/196/hanyu-ichiros-full-cards-series-54/;https://www.spiritradar.com/whisky-db/distilleries/hanyu/,2026-06-07,,japanese_whisky_legacy_closed_ndps
Japanese Whisky,Hanyu,"Hanyu, Japan",Ichiro's Malt,sourced,Ichiro's Malt / Venture Whisky,TRUE,FALSE,Single Malt; Single Cask; Card Series 8 of Hearts #9303,17 Years,1991,9303,116.0,58,,Hogshead,Spanish Oak Sherry Butt,https://www.bonhams.com/auction/22888/lot/196/hanyu-ichiros-full-cards-series-54/;https://www.spiritradar.com/whisky-db/distilleries/hanyu/,2026-06-07,,japanese_whisky_legacy_closed_ndps
Japanese Whisky,Hanyu,"Hanyu, Japan",Ichiro's Malt,sourced,Ichiro's Malt / Venture Whisky,TRUE,FALSE,Single Malt; Single Cask; Card Series 9 of Hearts #9000,6 Years,2000,9000,92.0,46,,Hogshead,American Oak Butt,https://www.bonhams.com/auction/22888/lot/196/hanyu-ichiros-full-cards-series-54/;https://www.spiritradar.com/whisky-db/distilleries/hanyu/,2026-06-07,,japanese_whisky_legacy_closed_ndps
Japanese Whisky,Hanyu,"Hanyu, Japan",Ichiro's Malt,sourced,Ichiro's Malt / Venture Whisky,TRUE,FALSE,Single Malt; Single Cask; Card Series 10 of Hearts #463,11 Years,2000,463,122.0,61,,Hogshead,Madeira Hogshead,https://www.bonhams.com/auction/22888/lot/196/hanyu-ichiros-full-cards-series-54/;https://www.spiritradar.com/whisky-db/distilleries/hanyu/,2026-06-07,,japanese_whisky_legacy_closed_ndps
Japanese Whisky,Hanyu,"Hanyu, Japan",Ichiro's Malt,sourced,Ichiro's Malt / Venture Whisky,TRUE,FALSE,Single Malt; Single Cask; Card Series Jack of Hearts #378,19 Years,1991,378,112.2,56.1,,Hogshead,New Red Oak Heads Hogshead,https://www.bonhams.com/auction/22888/lot/196/hanyu-ichiros-full-cards-series-54/;https://www.spiritradar.com/whisky-db/distilleries/hanyu/,2026-06-07,,japanese_whisky_legacy_closed_ndps
Japanese Whisky,Hanyu,"Hanyu, Japan",Ichiro's Malt,sourced,Ichiro's Malt / Venture Whisky,TRUE,FALSE,Single Malt; Single Cask; Card Series Queen of Hearts #482,16 Years,1990,482,108.0,54,,Hogshead,Spanish Oak,https://www.bonhams.com/auction/22888/lot/196/hanyu-ichiros-full-cards-series-54/;https://www.spiritradar.com/whisky-db/distilleries/hanyu/,2026-06-07,,japanese_whisky_legacy_closed_ndps
Japanese Whisky,Hanyu,"Hanyu, Japan",Ichiro's Malt,sourced,Ichiro's Malt / Venture Whisky,TRUE,FALSE,Single Malt; Single Cask; Card Series King of Hearts #9033,23 Years,1986,9033,110.8,55.4,,Hogshead,Pedro Ximenez Sherry Butt,https://www.bonhams.com/auction/22888/lot/196/hanyu-ichiros-full-cards-series-54/;https://www.spiritradar.com/whisky-db/distilleries/hanyu/,2026-06-07,,japanese_whisky_legacy_closed_ndps
Japanese Whisky,Hanyu,"Hanyu, Japan",Ichiro's Malt,sourced,Ichiro's Malt / Venture Whisky,TRUE,FALSE,Single Malt; Single Cask; Card Series Ace of Clubs #9523,12 Years,2000,9523,118.8,59.4,,Hogshead,Mizunara Puncheon,https://www.bonhams.com/auction/22888/lot/196/hanyu-ichiros-full-cards-series-54/;https://www.spiritradar.com/whisky-db/distilleries/hanyu/,2026-06-07,,japanese_whisky_legacy_closed_ndps
Japanese Whisky,Hanyu,"Hanyu, Japan",Ichiro's Malt,sourced,Ichiro's Malt / Venture Whisky,TRUE,FALSE,Single Malt; Single Cask; Card Series 2 of Clubs #9500,7 Years,2000,9500,114.0,57,,Hogshead,Mizunara Cask,https://www.bonhams.com/auction/22888/lot/196/hanyu-ichiros-full-cards-series-54/;https://www.spiritradar.com/whisky-db/distilleries/hanyu/,2026-06-07,,japanese_whisky_legacy_closed_ndps
Japanese Whisky,Hanyu,"Hanyu, Japan",Ichiro's Malt,sourced,Ichiro's Malt / Venture Whisky,TRUE,FALSE,Single Malt; Single Cask; Card Series 3 of Clubs #7020,9 Years,2000,7020,122.2,61.1,,Hogshead,New American Oak Puncheon,https://www.bonhams.com/auction/22888/lot/196/hanyu-ichiros-full-cards-series-54/;https://www.spiritradar.com/whisky-db/distilleries/hanyu/,2026-06-07,,japanese_whisky_legacy_closed_ndps
Japanese Whisky,Hanyu,"Hanyu, Japan",Ichiro's Malt,sourced,Ichiro's Malt / Venture Whisky,TRUE,FALSE,Single Malt; Single Cask; Card Series 4 of Clubs #9802,18 Years,1991,9802,116.0,58,,Hogshead,Rum Oak,https://www.bonhams.com/auction/22888/lot/196/hanyu-ichiros-full-cards-series-54/;https://www.spiritradar.com/whisky-db/distilleries/hanyu/,2026-06-07,,japanese_whisky_legacy_closed_ndps
Japanese Whisky,Hanyu,"Hanyu, Japan",Ichiro's Malt,sourced,Ichiro's Malt / Venture Whisky,TRUE,FALSE,Single Malt; Single Cask; Card Series 5 of Clubs #371,18 Years,1991,371,114.8,57.4,,Hogshead,Mizunara Hogshead,https://www.bonhams.com/auction/22888/lot/196/hanyu-ichiros-full-cards-series-54/;https://www.spiritradar.com/whisky-db/distilleries/hanyu/,2026-06-07,,japanese_whisky_legacy_closed_ndps
Japanese Whisky,Hanyu,"Hanyu, Japan",Ichiro's Malt,sourced,Ichiro's Malt / Venture Whisky,TRUE,FALSE,Single Malt; Single Cask; Card Series 6 of Clubs #9020,9 Years,2000,9020,115.8,57.9,,Hogshead,Cream Sherry Cask,https://www.bonhams.com/auction/22888/lot/196/hanyu-ichiros-full-cards-series-54/;https://www.spiritradar.com/whisky-db/distilleries/hanyu/,2026-06-07,,japanese_whisky_legacy_closed_ndps
Japanese Whisky,Hanyu,"Hanyu, Japan",Ichiro's Malt,sourced,Ichiro's Malt / Venture Whisky,TRUE,FALSE,Single Malt; Single Cask; Card Series 7 of Clubs #7004,8 Years,2000,7004,118.0,59,,Hogshead,American Oak Hogshead,https://www.bonhams.com/auction/22888/lot/196/hanyu-ichiros-full-cards-series-54/;https://www.spiritradar.com/whisky-db/distilleries/hanyu/,2026-06-07,,japanese_whisky_legacy_closed_ndps
Japanese Whisky,Hanyu,"Hanyu, Japan",Ichiro's Malt,sourced,Ichiro's Malt / Venture Whisky,TRUE,FALSE,Single Malt; Single Cask; Card Series 8 of Clubs #7100,23 Years,1988,7100,115.0,57.5,,Hogshead,American Oak Puncheon,https://www.bonhams.com/auction/22888/lot/196/hanyu-ichiros-full-cards-series-54/;https://www.spiritradar.com/whisky-db/distilleries/hanyu/,2026-06-07,,japanese_whisky_legacy_closed_ndps
Japanese Whisky,Hanyu,"Hanyu, Japan",Ichiro's Malt,sourced,Ichiro's Malt / Venture Whisky,TRUE,FALSE,Single Malt; Single Cask; Card Series 9 of Clubs #401,20 Years,1991,401,114.6,57.3,,Hogshead,Bourbon Barrel,https://www.bonhams.com/auction/22888/lot/196/hanyu-ichiros-full-cards-series-54/;https://www.spiritradar.com/whisky-db/distilleries/hanyu/,2026-06-07,,japanese_whisky_legacy_closed_ndps
Japanese Whisky,Hanyu,"Hanyu, Japan",Ichiro's Malt,sourced,Ichiro's Malt / Venture Whisky,TRUE,FALSE,Single Malt; Single Cask; Card Series 10 of Clubs #9032,18 Years,1990,9032,104.8,52.4,,Hogshead,Pedro Ximenez Sherry Butt,https://www.bonhams.com/auction/22888/lot/196/hanyu-ichiros-full-cards-series-54/;https://www.spiritradar.com/whisky-db/distilleries/hanyu/,2026-06-07,,japanese_whisky_legacy_closed_ndps
Japanese Whisky,Hanyu,"Hanyu, Japan",Ichiro's Malt,sourced,Ichiro's Malt / Venture Whisky,TRUE,FALSE,Single Malt; Single Cask; Card Series Jack of Clubs #9001,15 Years,1991,9001,112.0,56,,Hogshead,American Oak Sherry Butt,https://www.bonhams.com/auction/22888/lot/196/hanyu-ichiros-full-cards-series-54/;https://www.spiritradar.com/whisky-db/distilleries/hanyu/,2026-06-07,,japanese_whisky_legacy_closed_ndps
Japanese Whisky,Hanyu,"Hanyu, Japan",Ichiro's Malt,sourced,Ichiro's Malt / Venture Whisky,TRUE,FALSE,Single Malt; Single Cask; Card Series Queen of Clubs #7003,10 Years,1998,7003,112.0,56,,Hogshead,New American Oak Hogshead,https://www.bonhams.com/auction/22888/lot/196/hanyu-ichiros-full-cards-series-54/;https://www.spiritradar.com/whisky-db/distilleries/hanyu/,2026-06-07,,japanese_whisky_legacy_closed_ndps
Japanese Whisky,Hanyu,"Hanyu, Japan",Ichiro's Malt,sourced,Ichiro's Malt / Venture Whisky,TRUE,FALSE,Single Malt; Single Cask; Card Series King of Clubs #9108,22 Years,1988,9108,116.0,58,,Hogshead,Cognac Cask,https://www.bonhams.com/auction/22888/lot/196/hanyu-ichiros-full-cards-series-54/;https://www.spiritradar.com/whisky-db/distilleries/hanyu/,2026-06-07,,japanese_whisky_legacy_closed_ndps
Japanese Whisky,Hanyu,"Hanyu, Japan",Ichiro's Malt,sourced,Ichiro's Malt / Venture Whisky,TRUE,FALSE,Single Malt; Single Cask; Card Series Ace of Diamonds #9023,22 Years,1986,9023,112.8,56.4,,Hogshead,Cream Sherry Butt,https://www.bonhams.com/auction/22888/lot/196/hanyu-ichiros-full-cards-series-54/;https://www.spiritradar.com/whisky-db/distilleries/hanyu/,2026-06-07,,japanese_whisky_legacy_closed_ndps
Japanese Whisky,Hanyu,"Hanyu, Japan",Ichiro's Malt,sourced,Ichiro's Malt / Venture Whisky,TRUE,FALSE,Single Malt; Single Cask; Card Series 2 of Diamonds #9412,17 Years,1991,9412,116.2,58.1,,Hogshead,Bourbon Barrel,https://www.bonhams.com/auction/22888/lot/196/hanyu-ichiros-full-cards-series-54/;https://www.spiritradar.com/whisky-db/distilleries/hanyu/,2026-06-07,,japanese_whisky_legacy_closed_ndps
Japanese Whisky,Hanyu,"Hanyu, Japan",Ichiro's Malt,sourced,Ichiro's Malt / Venture Whisky,TRUE,FALSE,Single Malt; Single Cask; Card Series 3 of Diamonds #4917,19 Years,1988,4917,112.0,56,,Hogshead,Bourbon Barrel,https://www.bonhams.com/auction/22888/lot/196/hanyu-ichiros-full-cards-series-54/;https://www.spiritradar.com/whisky-db/distilleries/hanyu/,2026-06-07,,japanese_whisky_legacy_closed_ndps
Japanese Whisky,Hanyu,"Hanyu, Japan",Ichiro's Malt,sourced,Ichiro's Malt / Venture Whisky,TRUE,FALSE,Single Malt; Single Cask; Card Series 4 of Diamonds #9030,11 Years,2000,9030,113.8,56.9,,Hogshead,Pedro Ximenez Sherry Butt,https://www.bonhams.com/auction/22888/lot/196/hanyu-ichiros-full-cards-series-54/;https://www.spiritradar.com/whisky-db/distilleries/hanyu/,2026-06-07,,japanese_whisky_legacy_closed_ndps
Japanese Whisky,Hanyu,"Hanyu, Japan",Ichiro's Malt,sourced,Ichiro's Malt / Venture Whisky,TRUE,FALSE,Single Malt; Single Cask; Card Series 5 of Diamonds #1305,12 Years,2000,1305,115.4,57.7,,Hogshead,Sherry Butt,https://www.bonhams.com/auction/22888/lot/196/hanyu-ichiros-full-cards-series-54/;https://www.spiritradar.com/whisky-db/distilleries/hanyu/,2026-06-07,,japanese_whisky_legacy_closed_ndps
Japanese Whisky,Hanyu,"Hanyu, Japan",Ichiro's Malt,sourced,Ichiro's Malt / Venture Whisky,TRUE,FALSE,Single Malt; Single Cask; Card Series 6 of Diamonds #9410,7 Years,2000,9410,120.0,60,,Hogshead,Bourbon Barrel,https://www.bonhams.com/auction/22888/lot/196/hanyu-ichiros-full-cards-series-54/;https://www.spiritradar.com/whisky-db/distilleries/hanyu/,2026-06-07,,japanese_whisky_legacy_closed_ndps
Japanese Whisky,Hanyu,"Hanyu, Japan",Ichiro's Malt,sourced,Ichiro's Malt / Venture Whisky,TRUE,FALSE,Single Malt; Single Cask; Card Series 7 of Diamonds #9031,19 Years,1991,9031,109.6,54.8,,Hogshead,Pedro Ximenez Sherry Butt,https://www.bonhams.com/auction/22888/lot/196/hanyu-ichiros-full-cards-series-54/;https://www.spiritradar.com/whisky-db/distilleries/hanyu/,2026-06-07,,japanese_whisky_legacy_closed_ndps
Japanese Whisky,Hanyu,"Hanyu, Japan",Ichiro's Malt,sourced,Ichiro's Malt / Venture Whisky,TRUE,FALSE,Single Malt; Single Cask; Card Series 8 of Diamonds #9302,18 Years,1991,9302,114.2,57.1,,Hogshead,Oloroso Sherry Butt,https://www.bonhams.com/auction/22888/lot/196/hanyu-ichiros-full-cards-series-54/;https://www.spiritradar.com/whisky-db/distilleries/hanyu/,2026-06-07,,japanese_whisky_legacy_closed_ndps
Japanese Whisky,Hanyu,"Hanyu, Japan",Ichiro's Malt,sourced,Ichiro's Malt / Venture Whisky,TRUE,FALSE,Single Malt; Single Cask; Card Series 9 of Diamonds #9421,24 Years,1985,9421,116.4,58.2,,Hogshead,Bourbon Barrel,https://www.bonhams.com/auction/22888/lot/196/hanyu-ichiros-full-cards-series-54/;https://www.spiritradar.com/whisky-db/distilleries/hanyu/,2026-06-07,,japanese_whisky_legacy_closed_ndps
Japanese Whisky,Hanyu,"Hanyu, Japan",Ichiro's Malt,sourced,Ichiro's Malt / Venture Whisky,TRUE,FALSE,Single Malt; Single Cask; Card Series 10 of Diamonds #527,21 Years,1990,527,109.8,54.9,,Hogshead,American Oak Puncheon,https://www.bonhams.com/auction/22888/lot/196/hanyu-ichiros-full-cards-series-54/;https://www.spiritradar.com/whisky-db/distilleries/hanyu/,2026-06-07,,japanese_whisky_legacy_closed_ndps
Japanese Whisky,Hanyu,"Hanyu, Japan",Ichiro's Malt,sourced,Ichiro's Malt / Venture Whisky,TRUE,FALSE,Single Malt; Single Cask; Card Series Jack of Diamonds #9103,20 Years,1988,9103,112.0,56,,Hogshead,Cognac Cask,https://www.bonhams.com/auction/22888/lot/196/hanyu-ichiros-full-cards-series-54/;https://www.spiritradar.com/whisky-db/distilleries/hanyu/,2026-06-07,,japanese_whisky_legacy_closed_ndps
Japanese Whisky,Hanyu,"Hanyu, Japan",Ichiro's Malt,sourced,Ichiro's Malt / Venture Whisky,TRUE,FALSE,Single Malt; Single Cask; Card Series Queen of Diamonds #9109,22 Years,1985,9109,116.0,58,,Hogshead,Cognac Cask,https://www.bonhams.com/auction/22888/lot/196/hanyu-ichiros-full-cards-series-54/;https://www.spiritradar.com/whisky-db/distilleries/hanyu/,2026-06-07,,japanese_whisky_legacy_closed_ndps
Japanese Whisky,Hanyu,"Hanyu, Japan",Ichiro's Malt,sourced,Ichiro's Malt / Venture Whisky,TRUE,FALSE,Single Malt; Single Cask; Card Series King of Diamonds #9003,18 Years,1988,9003,112.0,56,,Hogshead,American Oak Sherry Butt,https://www.bonhams.com/auction/22888/lot/196/hanyu-ichiros-full-cards-series-54/;https://www.spiritradar.com/whisky-db/distilleries/hanyu/,2026-06-07,,japanese_whisky_legacy_closed_ndps
Japanese Whisky,Hanyu,"Hanyu, Japan",Ichiro's Malt,sourced,Ichiro's Malt / Venture Whisky,TRUE,FALSE,Single Malt; Single Cask; Card Series Joker Monochrome #1024,29 Years,1985,1024,109.8,54.9,,Hogshead,Mizunara Hogshead,https://www.bonhams.com/auction/22888/lot/196/hanyu-ichiros-full-cards-series-54/;https://www.spiritradar.com/whisky-db/distilleries/hanyu/,2026-06-07,,japanese_whisky_legacy_closed_ndps
Japanese Whisky,Hanyu,"Hanyu, Japan",Ichiro's Malt,sourced,Ichiro's Malt / Venture Whisky,TRUE,FALSE,Single Malt; Single Cask; Card Series Joker Colour,,,,115.4,57.7,,various(bourbon,sherry),https://www.bonhams.com/auction/22888/lot/196/hanyu-ichiros-full-cards-series-54/;https://www.spiritradar.com/whisky-db/distilleries/hanyu/,2026-06-07,,japanese_whisky_legacy_closed_ndps
Japanese Whisky,Hanyu,"Hanyu, Japan",Ichiro's Malt,sourced,Ichiro's Malt / Venture Whisky,TRUE,FALSE,Single Malt; Single Cask; Card Series Ace of Spades (1st bottling 2005) #9308,,1985,9308,,,,,,https://whiskyauctioneer.com/learn/whisky-news/features/ichiros-malt-card-series-complete-guide;https://www.spiritradar.com/whisky-db/distilleries/hanyu/,2026-06-07,,japanese_whisky_legacy_closed_ndps
Japanese Whisky,Hanyu,"Hanyu, Japan",Ichiro's Malt,sourced,Ichiro's Malt / Venture Whisky,TRUE,FALSE,Single Malt; Single Cask; Card Series Queen of Hearts (1st bottling 2005) #9102,,1990,9102,,,,,,https://whiskyauctioneer.com/learn/whisky-news/features/ichiros-malt-card-series-complete-guide;https://www.spiritradar.com/whisky-db/distilleries/hanyu/,2026-06-07,,japanese_whisky_legacy_closed_ndps
Japanese Whisky,Hanyu,"Hanyu, Japan",Ichiro's Malt,sourced,Ichiro's Malt / Venture Whisky,TRUE,FALSE,Single Malt; Single Cask; Card Series King of Diamonds (1st bottling 2005) #9003,,1988,9003,,,,,,https://whiskyauctioneer.com/learn/whisky-news/features/ichiros-malt-card-series-complete-guide;https://www.spiritradar.com/whisky-db/distilleries/hanyu/,2026-06-07,,japanese_whisky_legacy_closed_ndps
Japanese Whisky,Hanyu,"Hanyu, Japan",Ichiro's Malt,sourced,Ichiro's Malt / Venture Whisky,TRUE,FALSE,Single Malt; Single Cask; Card Series Jack of Clubs (1st bottling 2005) #9001,,1991,9001,,,,,,https://whiskyauctioneer.com/learn/whisky-news/features/ichiros-malt-card-series-complete-guide;https://www.spiritradar.com/whisky-db/distilleries/hanyu/,2026-06-07,,japanese_whisky_legacy_closed_ndps
Japanese Whisky,Hanyu,"Hanyu, Japan",Ichiro's Malt,sourced,Ichiro's Malt / Venture Whisky,TRUE,FALSE,Single Malt; 2000 Ichiro's Malt The Final Vintage of Hanyu,,2000,,93.0,46.5,,,,https://www.spiritradar.com/whisky-db/distilleries/hanyu/,2026-06-07,,japanese_whisky_legacy_closed_ndps
Japanese Whisky,Hanyu,"Hanyu, Japan",Ichiro's Malt,sourced,Ichiro's Malt / Venture Whisky,TRUE,FALSE,Single Malt; Single Cask; 1988 Noh Series 21yo #9306,21 Years,1988,9306,111.2,55.6,,,,https://www.spiritradar.com/whisky-db/distilleries/hanyu/,2026-06-07,,japanese_whisky_legacy_closed_ndps
Japanese Whisky,Hanyu,"Hanyu, Japan",Ichiro's Malt,sourced,Full Proof,TRUE,FALSE,Single Malt; Single Cask; 1988 Single Nippon Malt Whisky Nice Butt #9307 Full Proof Holland,,1988,9307,110.0,55,,,,https://www.spiritradar.com/whisky-db/distilleries/hanyu/,2026-06-07,,japanese_whisky_legacy_closed_ndps
Japanese Whisky,Hanyu,"Hanyu, Japan",Ichiro's Malt,sourced,La Maison du Whisky,TRUE,FALSE,Single Malt; Single Cask; 2000 Tay Bak Chiang American Oak Hogshead #957 LMDW,,2000,957,119.8,59.9,,Hogshead,,https://www.spiritradar.com/whisky-db/distilleries/hanyu/,2026-06-07,,japanese_whisky_legacy_closed_ndps
Japanese Whisky,Hanyu,"Hanyu, Japan",Ichiro's Malt,sourced,The Nectar of the Daily Drams,TRUE,FALSE,Single Malt; Single Cask; 1991 DD The Nectar of the Daily Drams Red Oak #377,,1991,377,112.0,56,,Red oak cask,,https://www.spiritradar.com/whisky-db/distilleries/hanyu/,2026-06-07,,japanese_whisky_legacy_closed_ndps
Japanese Whisky,Hanyu,"Hanyu, Japan",Ichiro's Malt,sourced,La Maison du Whisky,TRUE,FALSE,Single Malt; Single Cask; 2000 Number One Drinks #63 LMDW,,2000,63,117.6,58.8,,,,https://www.spiritradar.com/whisky-db/distilleries/hanyu/,2026-06-07,,japanese_whisky_legacy_closed_ndps
Japanese Whisky,Hanyu,"Hanyu, Japan",Ichiro's Malt,sourced,Ichiro's Malt / Venture Whisky,TRUE,FALSE,Single Malt; Single Cask; 2000 Ichiro's Malt The Final Vintage of Hanyu #6093,,2000,6093,118.0,59,,,,https://www.spiritradar.com/whisky-db/distilleries/hanyu/,2026-06-07,,japanese_whisky_legacy_closed_ndps
Japanese Whisky,Hanyu,"Hanyu, Japan",Ichiro's Malt,sourced,Speciality Drinks,TRUE,FALSE,Single Malt; Single Cask; 2000 #921 Specialty Drinks Ltd London,,2000,921,115.2,57.6,,,,https://www.spiritradar.com/whisky-db/distilleries/hanyu/,2026-06-07,,japanese_whisky_legacy_closed_ndps
Japanese Whisky,Hanyu,"Hanyu, Japan",Ichiro's Malt,sourced,Ichiro's Malt / Venture Whisky,TRUE,FALSE,Single Malt; 2000 2nd Bottling Ichiro's Malt,,2000,,92.0,46,,,,https://www.spiritradar.com/whisky-db/distilleries/hanyu/,2026-06-07,,japanese_whisky_legacy_closed_ndps
Japanese Whisky,Hanyu,"Hanyu, Japan",Ichiro's Malt,sourced,Full Proof,TRUE,FALSE,Single Malt; Single Cask; 1990 Batch 1 Hogshead Sherry Butt Finish #9305 Full Proof Europe,,1990,9305,106.0,53,,Sherry butt,Sherry Butt cask,https://www.spiritradar.com/whisky-db/distilleries/hanyu/,2026-06-07,,japanese_whisky_legacy_closed_ndps
Japanese Whisky,Hanyu,"Hanyu, Japan",Ichiro's Malt,sourced,Ichiro's Malt / Venture Whisky,TRUE,FALSE,Single Malt; Single Cask; 1991 Number One Drinks Company Japanese Mizunara Oak Finish #370,,1991,370,114.6,57.3,,Mizunara cask,,https://www.spiritradar.com/whisky-db/distilleries/hanyu/,2026-06-07,,japanese_whisky_legacy_closed_ndps
Japanese Whisky,Hanyu,"Hanyu, Japan",Ichiro's Malt,sourced,Ichiro's Malt / Venture Whisky,TRUE,FALSE,Single Malt; Single Cask; 1990 Number One Drinks Company #9511,,1990,9511,111.0,55.5,,,,https://www.spiritradar.com/whisky-db/distilleries/hanyu/,2026-06-07,,japanese_whisky_legacy_closed_ndps
Japanese Whisky,Hanyu,"Hanyu, Japan",Ichiro's Malt,sourced,Ichiro's Malt / Venture Whisky,TRUE,FALSE,Single Malt; Single Cask; 2000 Ghost Series No 3 Grappa Cask Finish #1702,,2000,1702,119.8,59.9,,Grappa cask,Grappa cask,https://www.spiritradar.com/whisky-db/distilleries/hanyu/,2026-06-07,,japanese_whisky_legacy_closed_ndps
Japanese Whisky,Hanyu,"Hanyu, Japan",Ichiro's Malt,sourced,Ichiro's Malt / Venture Whisky,TRUE,FALSE,Single Malt; Single Cask; 2000 The Game 12yo Red Oak Heads Hogshead #360 Shinanoya Private Cask,12 Years,2000,360,115.0,57.5,,Hogshead,,https://www.spiritradar.com/whisky-db/distilleries/hanyu/,2026-06-07,,japanese_whisky_legacy_closed_ndps
Japanese Whisky,Hanyu,"Hanyu, Japan",Ichiro's Malt,sourced,Ichiro's Malt / Venture Whisky,TRUE,FALSE,Single Malt; 2000 Ichiro's Malt American Oak Puncheon Whisky Talk 2012,,2000,,120.2,60.1,,Puncheon,,https://www.spiritradar.com/whisky-db/distilleries/hanyu/,2026-06-07,,japanese_whisky_legacy_closed_ndps
Japanese Whisky,Hanyu,"Hanyu, Japan",Ichiro's Malt,sourced,Ichiro's Malt / Venture Whisky,TRUE,FALSE,Single Malt; Single Cask; 1986 Shi Salon de Shimaji Madeira Finish #1383 Pen and Shinanoya,,1986,1383,110.6,55.3,,Madeira cask,Madeira cask,https://www.spiritradar.com/whisky-db/distilleries/hanyu/,2026-06-07,,japanese_whisky_legacy_closed_ndps
Japanese Whisky,Hanyu,"Hanyu, Japan",Ichiro's Malt,sourced,Ichiro's Malt / Venture Whisky,TRUE,FALSE,Single Malt; Single Cask; 2000 Ichiro's Malt Single Cask #531 Isetan,,2000,531,117.0,58.5,,,,https://www.spiritradar.com/whisky-db/distilleries/hanyu/,2026-06-07,,japanese_whisky_legacy_closed_ndps
Japanese Whisky,Hanyu,"Hanyu, Japan",Ichiro's Malt,sourced,Ichiro's Malt / Venture Whisky,TRUE,FALSE,Single Malt; Single Cask; 1988 Number One Drinks Company Mizunara Japanese Oak #9501,,1988,9501,111.2,55.6,,Mizunara cask,,https://www.spiritradar.com/whisky-db/distilleries/hanyu/,2026-06-07,,japanese_whisky_legacy_closed_ndps
Japanese Whisky,Hanyu,"Hanyu, Japan",Ichiro's Malt,sourced,Ichiro's Malt / Venture Whisky,TRUE,FALSE,Single Malt; Single Cask; 2000 Shi Salon de Shimaji Mizunara Heads Hogshead #1504,,2000,1504,115.4,57.7,,Mizunara cask,,https://www.spiritradar.com/whisky-db/distilleries/hanyu/,2026-06-07,,japanese_whisky_legacy_closed_ndps
Japanese Whisky,Hanyu,"Hanyu, Japan",Ichiro's Malt,sourced,Ichiro's Malt / Venture Whisky,TRUE,FALSE,Single Malt; Single Cask; 2000 Ichiro's Malt The Game 5th Edition Mizunara Wood Finish #1302 Shinanoya,,2000,1302,119.0,59.5,,Mizunara cask,Mizunara cask,https://www.spiritradar.com/whisky-db/distilleries/hanyu/,2026-06-07,,japanese_whisky_legacy_closed_ndps
Japanese Whisky,Hanyu,"Hanyu, Japan",Ichiro's Malt,sourced,Ichiro's Malt / Venture Whisky,TRUE,FALSE,Single Malt; Single Cask; 1990 Number One Drinks Company 19yo #9305,19 Years,1990,9305,106.8,53.4,,,,https://www.spiritradar.com/whisky-db/distilleries/hanyu/,2026-06-07,,japanese_whisky_legacy_closed_ndps
Japanese Whisky,Hanyu,"Hanyu, Japan",Ichiro's Malt,sourced,Ichiro's Malt / Venture Whisky,TRUE,FALSE,Single Malt; Single Cask; 2000 Noh Whisky Puncheon #6066,,2000,6066,122.0,61,,Puncheon,,https://www.spiritradar.com/whisky-db/distilleries/hanyu/,2026-06-07,,japanese_whisky_legacy_closed_ndps
Japanese Whisky,Hanyu,"Hanyu, Japan",Ichiro's Malt,sourced,La Maison du Whisky,TRUE,FALSE,Single Malt; Single Cask; 2000 Chibidaru #346 LMDW,,2000,346,116.4,58.2,,,,https://www.spiritradar.com/whisky-db/distilleries/hanyu/,2026-06-07,,japanese_whisky_legacy_closed_ndps
Japanese Whisky,Hanyu,"Hanyu, Japan",Ichiro's Malt,sourced,Ichiro's Malt / Venture Whisky,TRUE,FALSE,Single Malt; Single Cask; 2000 Red Oak Hogshead #358 Isetan,,2000,358,113.0,56.5,,Hogshead,,https://www.spiritradar.com/whisky-db/distilleries/hanyu/,2026-06-07,,japanese_whisky_legacy_closed_ndps
Japanese Whisky,Hanyu,"Hanyu, Japan",Ichiro's Malt,sourced,La Maison du Whisky,TRUE,FALSE,Single Malt; Single Cask; 1985 Ichiro's Malt #1732 LMDW,,1985,1732,114.2,57.1,,,,https://www.spiritradar.com/whisky-db/distilleries/hanyu/,2026-06-07,,japanese_whisky_legacy_closed_ndps
Japanese Whisky,Hanyu,"Hanyu, Japan",Ichiro's Malt,sourced,Scotch Malt Whisky Society,TRUE,FALSE,Single Malt; 1991 SMWS 131.1 First Fill Ex-Bourbon Barrel,,1991,,114.8,57.4,,Bourbon cask,,https://www.spiritradar.com/whisky-db/distilleries/hanyu/,2026-06-07,,japanese_whisky_legacy_closed_ndps
Japanese Whisky,Hanyu,"Hanyu, Japan",Ichiro's Malt,sourced,Ichiro's Malt / Venture Whisky,TRUE,FALSE,Single Malt; Single Cask; 2000 The Game 4th Edition Rum Wood Finish #9805 Shinanoya,,2000,9805,118.0,59,,Rum cask,Rum cask,https://www.spiritradar.com/whisky-db/distilleries/hanyu/,2026-06-07,,japanese_whisky_legacy_closed_ndps
Japanese Whisky,Hanyu,"Hanyu, Japan",Ichiro's Malt,sourced,Ichiro's Malt / Venture Whisky,TRUE,FALSE,Single Malt; 2000 Ichiro's Malt Grappa Finish,,2000,,120.0,60,,Grappa cask,Grappa cask,https://www.spiritradar.com/whisky-db/distilleries/hanyu/,2026-06-07,,japanese_whisky_legacy_closed_ndps
Japanese Whisky,Hanyu,"Hanyu, Japan",Ichiro's Malt,sourced,Ichiro's Malt / Venture Whisky,TRUE,FALSE,Single Malt; Single Cask; 1991 Whisky Live 10th Anniversary Japanese Oak #369,,1991,369,114.6,57.3,,,,https://www.spiritradar.com/whisky-db/distilleries/hanyu/,2026-06-07,,japanese_whisky_legacy_closed_ndps
Japanese Whisky,Hanyu,"Hanyu, Japan",Ichiro's Malt,sourced,Jack Tar Holding,TRUE,FALSE,Single Malt; Single Cask; Sanmi-Ittai Trinitas Single Cask Sherry #5015 Jack Tar Holding LTD,,,5015,115.6,57.8,,Sherry cask,,https://www.spiritradar.com/whisky-db/distilleries/hanyu/,2026-06-07,,japanese_whisky_legacy_closed_ndps
Japanese Whisky,Hanyu,"Hanyu, Japan",Ichiro's Malt,sourced,Ichiro's Malt / Venture Whisky,TRUE,FALSE,Single Malt; Sanmi-Ittai Trinitas Batch 9586,,,,115.2,57.6,,,,https://www.spiritradar.com/whisky-db/distilleries/hanyu/,2026-06-07,,japanese_whisky_legacy_closed_ndps
Japanese Whisky,Hanyu,"Hanyu, Japan",Ichiro's Malt,sourced,Ichiro's Malt / Venture Whisky,TRUE,FALSE,Single Malt; Mizunara Head Ichiro's Malt Single Cask Isetan,,,,118.4,59.2,,Mizunara cask,,https://www.spiritradar.com/whisky-db/distilleries/hanyu/,2026-06-07,,japanese_whisky_legacy_closed_ndps
Japanese Whisky,Hanyu,"Hanyu, Japan",Ichiro's Malt,sourced,Ichiro's Malt / Venture Whisky,TRUE,FALSE,Single Malt; 1991 Ichiro's Malt Quarter Cask,,1991,,114.0,57,,Quarter cask,,https://www.spiritradar.com/whisky-db/distilleries/hanyu/,2026-06-07,,japanese_whisky_legacy_closed_ndps
Japanese Whisky,Hanyu,"Hanyu, Japan",Ichiro's Malt,sourced,Jack Tar Holding,TRUE,FALSE,Single Malt; Single Cask; Sanmi-Ittai Trinitas Single Cask Sherry #5016 Jack Tar Holding LTD,,,5016,116.2,58.1,,Sherry cask,,https://www.spiritradar.com/whisky-db/distilleries/hanyu/,2026-06-07,,japanese_whisky_legacy_closed_ndps
Japanese Whisky,Hanyu,"Hanyu, Japan",Ichiro's Malt,sourced,Ichiro's Malt / Venture Whisky,TRUE,FALSE,Single Malt; Single Cask; 2000 Ichiro's Malt Chibidaru Quarter Cask Finish #349,,2000,349,116.8,58.4,,Quarter cask,,https://www.spiritradar.com/whisky-db/distilleries/hanyu/,2026-06-07,,japanese_whisky_legacy_closed_ndps
Japanese Whisky,Hanyu,"Hanyu, Japan",Ichiro's Malt,sourced,Ichiro's Malt / Venture Whisky,TRUE,FALSE,Single Malt; Single Cask; 1991 Ichiro's Malt Single Cask #1386 Isetan,,1991,1386,108.2,54.1,,,,https://www.spiritradar.com/whisky-db/distilleries/hanyu/,2026-06-07,,japanese_whisky_legacy_closed_ndps
Japanese Whisky,Hanyu,"Hanyu, Japan",Ichiro's Malt,sourced,Full Proof,TRUE,FALSE,Single Malt; Single Cask; 1990 Batch 2 Hogshead Sherry Butt Finish #9305 Full Proof Europe,,1990,9305,106.0,53,,Sherry butt,Sherry Butt cask,https://www.spiritradar.com/whisky-db/distilleries/hanyu/,2026-06-07,,japanese_whisky_legacy_closed_ndps
Japanese Whisky,Hanyu,"Hanyu, Japan",Ichiro's Malt,sourced,Ichiro's Malt / Venture Whisky,TRUE,FALSE,Single Malt; Single Cask; 2000 The Game Grain Whisky Puncheon #6081,,2000,6081,122.4,61.2,,Puncheon,,https://www.spiritradar.com/whisky-db/distilleries/hanyu/,2026-06-07,,japanese_whisky_legacy_closed_ndps
Japanese Whisky,Hanyu,"Hanyu, Japan",Ichiro's Malt,sourced,Ichiro's Malt / Venture Whisky,TRUE,FALSE,Single Malt; Sanmi-Ittai Trinitas The 1st Edition,,,,115.2,57.6,,,,https://www.spiritradar.com/whisky-db/distilleries/hanyu/,2026-06-07,,japanese_whisky_legacy_closed_ndps
Japanese Whisky,Hanyu,"Hanyu, Japan",Ichiro's Malt,sourced,Ichiro's Malt / Venture Whisky,TRUE,FALSE,Single Malt; Sanmi-Ittai Trinitas No 2 The Legendary Warrior Single Cask Batch 5003,,,,114.6,57.3,,,,https://www.spiritradar.com/whisky-db/distilleries/hanyu/,2026-06-07,,japanese_whisky_legacy_closed_ndps
Japanese Whisky,Hanyu,"Hanyu, Japan",Ichiro's Malt,sourced,Ichiro's Malt / Venture Whisky,TRUE,FALSE,Single Malt; 2000 The Final Vintage of Hanyu For the Taster,,2000,,96.0,48,,,,https://www.spiritradar.com/whisky-db/distilleries/hanyu/,2026-06-07,,japanese_whisky_legacy_closed_ndps
Japanese Whisky,Hanyu,"Hanyu, Japan",Ichiro's Malt,sourced,Ichiro's Malt / Venture Whisky,TRUE,FALSE,Single Malt; Single Cask; 2000 #955,,2000,955,120.0,60,,,,https://www.spiritradar.com/whisky-db/distilleries/hanyu/,2026-06-07,,japanese_whisky_legacy_closed_ndps
Japanese Whisky,Hanyu,"Hanyu, Japan",Ichiro's Malt,sourced,Ichiro's Malt / Venture Whisky,TRUE,FALSE,Single Malt; Single Cask; 2000 Ichiro's Malt Bourbon Barrel #923 Takashimaya,,2000,923,114.0,57,,Bourbon cask,,https://www.spiritradar.com/whisky-db/distilleries/hanyu/,2026-06-07,,japanese_whisky_legacy_closed_ndps
Japanese Whisky,Hanyu,"Hanyu, Japan",Ichiro's Malt,sourced,Ichiro's Malt / Venture Whisky,TRUE,FALSE,Single Malt; 1988 Ichiro's Malt Vintage Single Malt,,1988,,112.0,56,,,,https://www.spiritradar.com/whisky-db/distilleries/hanyu/,2026-06-07,,japanese_whisky_legacy_closed_ndps
Japanese Whisky,Hanyu,"Hanyu, Japan",Ichiro's Malt,sourced,Ichiro's Malt / Venture Whisky,TRUE,FALSE,Single Malt; Single Cask; 2000 #919 Zuma and Roka,,2000,919,114.8,57.4,,,,https://www.spiritradar.com/whisky-db/distilleries/hanyu/,2026-06-07,,japanese_whisky_legacy_closed_ndps
Japanese Whisky,Hanyu,"Hanyu, Japan",Ichiro's Malt,sourced,Ichiro's Malt / Venture Whisky,TRUE,FALSE,Single Malt; Single Cask; 1988 Shi the Game 26yo #471,26 Years,1988,471,103.8,51.9,,,,https://www.spiritradar.com/whisky-db/distilleries/hanyu/,2026-06-07,,japanese_whisky_legacy_closed_ndps
Japanese Whisky,Hanyu,"Hanyu, Japan",Ichiro's Malt,sourced,Ichiro's Malt / Venture Whisky,TRUE,FALSE,Single Malt; Single Cask; 1991 Ichiro's Malt Original Quarter Cask #381,,1991,381,114.2,57.1,,Quarter cask,,https://www.spiritradar.com/whisky-db/distilleries/hanyu/,2026-06-07,,japanese_whisky_legacy_closed_ndps
Japanese Whisky,Hanyu,"Hanyu, Japan",Ichiro's Malt,sourced,Ichiro's Malt / Venture Whisky,TRUE,FALSE,Single Malt; Scarecrow Black Malt Whisky Heavily Charred Oak Casks,,,,80.0,40,,Red oak cask,,https://www.spiritradar.com/whisky-db/distilleries/hanyu/,2026-06-07,,japanese_whisky_legacy_closed_ndps
Japanese Whisky,Hanyu,"Hanyu, Japan",Ichiro's Malt,sourced,Ichiro's Malt / Venture Whisky,TRUE,FALSE,Single Malt; Single Cask; 2000 Ichiro's Malt Puncheon #6080,,2000,6080,122.0,61,,Puncheon,,https://www.spiritradar.com/whisky-db/distilleries/hanyu/,2026-06-07,,japanese_whisky_legacy_closed_ndps
Japanese Whisky,Hanyu,"Hanyu, Japan",Ichiro's Malt,sourced,Ichiro's Malt / Venture Whisky,TRUE,FALSE,Single Malt; Single Cask; 2000 Ichiro's Malt The Final Vintage of Hanyu #6067,,2000,6067,121.6,60.8,,,,https://www.spiritradar.com/whisky-db/distilleries/hanyu/,2026-06-07,,japanese_whisky_legacy_closed_ndps
Japanese Whisky,Hanyu,"Hanyu, Japan",Ichiro's Malt,sourced,Ichiro's Malt / Venture Whisky,TRUE,FALSE,Single Malt; Single Cask; 1991 Ichiro's Malt #479,,1991,479,112.6,56.3,,,,https://www.spiritradar.com/whisky-db/distilleries/hanyu/,2026-06-07,,japanese_whisky_legacy_closed_ndps
Japanese Whisky,Hanyu,"Hanyu, Japan",Ichiro's Malt,sourced,Ichiro's Malt / Venture Whisky,TRUE,FALSE,Single Malt; Single Cask; 2000 Whisky Live Tokyo #9510,,2000,9510,121.8,60.9,,,,https://www.spiritradar.com/whisky-db/distilleries/hanyu/,2026-06-07,,japanese_whisky_legacy_closed_ndps
Japanese Whisky,Hanyu,"Hanyu, Japan",Ichiro's Malt,sourced,Ichiro's Malt / Venture Whisky,TRUE,FALSE,Single Malt; Single Cask; 2000 Bartender's Choice 2013 Cognac Cask Finish #959,,2000,959,121.8,60.9,,Cognac cask,Cognac cask,https://www.spiritradar.com/whisky-db/distilleries/hanyu/,2026-06-07,,japanese_whisky_legacy_closed_ndps
Japanese Whisky,Hanyu,"Hanyu, Japan",Ichiro's Malt,sourced,Ichiro's Malt / Venture Whisky,TRUE,FALSE,Single Malt; Single Cask; 2000 Shot Bar Zoetrope 3rd Anniversary Rum Cask Finish #9800,,2000,9800,121.4,60.7,,Rum cask,Rum cask,https://www.spiritradar.com/whisky-db/distilleries/hanyu/,2026-06-07,,japanese_whisky_legacy_closed_ndps
Japanese Whisky,Hanyu,"Hanyu, Japan",Ichiro's Malt,sourced,Ichiro's Malt / Venture Whisky,TRUE,FALSE,Single Malt; Single Cask; 1990 Ichiro's Malt Bourbon Barrel #9414,,1990,9414,111.0,55.5,,Bourbon cask,,https://www.spiritradar.com/whisky-db/distilleries/hanyu/,2026-06-07,,japanese_whisky_legacy_closed_ndps
Japanese Whisky,Hanyu,"Hanyu, Japan",Ichiro's Malt,sourced,Ichiro's Malt / Venture Whisky,TRUE,FALSE,Single Malt; Single Cask; 1990 Ichiro's Malt #4725,,1990,4725,109.0,54.5,,,,https://www.spiritradar.com/whisky-db/distilleries/hanyu/,2026-06-07,,japanese_whisky_legacy_closed_ndps
Japanese Whisky,Hanyu,"Hanyu, Japan",Ichiro's Malt,sourced,Ichiro's Malt / Venture Whisky,TRUE,FALSE,Single Malt; 1986 Ichiro's Malt Vintage Single Malt,,1986,,116.0,58,,,,https://www.spiritradar.com/whisky-db/distilleries/hanyu/,2026-06-07,,japanese_whisky_legacy_closed_ndps
Japanese Whisky,Hanyu,"Hanyu, Japan",Ichiro's Malt,sourced,Ichiro's Malt / Venture Whisky,TRUE,FALSE,Single Malt; Sanmi-Ittai Trinitas No 3 The Silent Geisha Single Cask Batch 5002,,,,114.6,57.3,,,,https://www.spiritradar.com/whisky-db/distilleries/hanyu/,2026-06-07,,japanese_whisky_legacy_closed_ndps
Japanese Whisky,Hanyu,"Hanyu, Japan",Ichiro's Malt,sourced,Ichiro's Malt / Venture Whisky,TRUE,FALSE,Single Malt; Single Cask; 2000 The Final Vintage of Hanyu #6063 #6079,,2000,6063,122.2,61.1,,,,https://www.spiritradar.com/whisky-db/distilleries/hanyu/,2026-06-07,,japanese_whisky_legacy_closed_ndps
Japanese Whisky,Hanyu,"Hanyu, Japan",Ichiro's Malt,sourced,Ichiro's Malt / Venture Whisky,TRUE,FALSE,Single Malt; Single Cask; 2000 Ichiro's Malt The Final Vintage of Hanyu #6095,,2000,6095,120.0,60,,,,https://www.spiritradar.com/whisky-db/distilleries/hanyu/,2026-06-07,,japanese_whisky_legacy_closed_ndps
Japanese Whisky,Hanyu,"Hanyu, Japan",Ichiro's Malt,sourced,Ichiro's Malt / Venture Whisky,TRUE,FALSE,Single Malt; 20yo 3rd Bottling Ichiro's Malt,20 Years,,,115.0,57.5,,,,https://www.spiritradar.com/whisky-db/distilleries/hanyu/,2026-06-07,,japanese_whisky_legacy_closed_ndps
Japanese Whisky,Hanyu,"Hanyu, Japan",Ichiro's Malt,sourced,Ichiro's Malt / Venture Whisky,TRUE,FALSE,Single Malt; Sanmi-Ittai Trinitas The 3rd Edition Mizunara Cask Batch 3001,,,,114.8,57.4,,Mizunara cask,,https://www.spiritradar.com/whisky-db/distilleries/hanyu/,2026-06-07,,japanese_whisky_legacy_closed_ndps
Japanese Whisky,Hanyu,"Hanyu, Japan",Ichiro's Malt,sourced,Ichiro's Malt / Venture Whisky,TRUE,FALSE,Single Malt; Single Cask; 1991 Ichiro's Malt #493 Takashimaya,,1991,493,93.0,46.5,,,,https://www.spiritradar.com/whisky-db/distilleries/hanyu/,2026-06-07,,japanese_whisky_legacy_closed_ndps
Japanese Whisky,Hanyu,"Hanyu, Japan",Ichiro's Malt,sourced,Ichiro's Malt / Venture Whisky,TRUE,FALSE,Single Malt; Single Cask; 1991 Ichiro's Malt American White Oak Hogshead #5722,,1991,5722,116.4,58.2,,Hogshead,,https://www.spiritradar.com/whisky-db/distilleries/hanyu/,2026-06-07,,japanese_whisky_legacy_closed_ndps
Japanese Whisky,Hanyu,"Hanyu, Japan",Ichiro's Malt,sourced,Ichiro's Malt / Venture Whisky,TRUE,FALSE,Single Malt; Single Cask; 2000 Ichiro's Malt The Final Vintage #6092,,2000,6092,120.2,60.1,,,,https://www.spiritradar.com/whisky-db/distilleries/hanyu/,2026-06-07,,japanese_whisky_legacy_closed_ndps
Japanese Whisky,Hanyu,"Hanyu, Japan",Golden Goose,own_make,,FALSE,FALSE,Single Malt; Hanyu Golden Goose Toa Shuzo Oak,,,,80.0,40,,,,https://www.spiritradar.com/whisky-db/distilleries/hanyu/,2026-06-07,,japanese_whisky_legacy_closed_ndps
Japanese Whisky,Hanyu,"Hanyu, Japan",Ichiro's Malt,sourced,Ichiro's Malt / Venture Whisky,TRUE,FALSE,Single Malt; 20yo Ichiro's Malt,20 Years,,,92.0,46,,,,https://www.spiritradar.com/whisky-db/distilleries/hanyu/,2026-06-07,,japanese_whisky_legacy_closed_ndps
Japanese Whisky,Hanyu,"Hanyu, Japan",Ichiro's Malt,sourced,Ichiro's Malt / Venture Whisky,TRUE,FALSE,Single Malt; Single Cask; 1990 Ezo Kohaku #4725 Hokkaido Event,,1990,4725,109.0,54.5,,,,https://www.spiritradar.com/whisky-db/distilleries/hanyu/,2026-06-07,,japanese_whisky_legacy_closed_ndps
Japanese Whisky,Hanyu,"Hanyu, Japan",Ichiro's Malt,sourced,Ichiro's Malt / Venture Whisky,TRUE,FALSE,Single Malt; 2000 Ichiro's Malt Whisky Talk 2011,,2000,,117.4,58.7,,,,https://www.spiritradar.com/whisky-db/distilleries/hanyu/,2026-06-07,,japanese_whisky_legacy_closed_ndps
Japanese Whisky,Hanyu,"Hanyu, Japan",Ichiro's Malt,sourced,Ichiro's Malt / Venture Whisky,TRUE,FALSE,Single Malt; Single Cask; 2000 Ichiro's Malt Single Cask American Oak Puncheon #6076,,2000,6076,120.0,60,,Puncheon,,https://www.spiritradar.com/whisky-db/distilleries/hanyu/,2026-06-07,,japanese_whisky_legacy_closed_ndps
Japanese Whisky,Hanyu,"Hanyu, Japan",Ichiro's Malt,sourced,Ichiro's Malt / Venture Whisky,TRUE,FALSE,Single Malt; Single Cask; Sanmi-Ittai #5001,,,5001,114.6,57.3,,,,https://www.spiritradar.com/whisky-db/distilleries/hanyu/,2026-06-07,,japanese_whisky_legacy_closed_ndps
Japanese Whisky,Hanyu,"Hanyu, Japan",Ichiro's Malt,sourced,Ichiro's Malt / Venture Whisky,TRUE,FALSE,Single Malt; Single Cask; Gyoku Sherry Oak #5021,,,5021,120.8,60.4,,Sherry cask,,https://www.spiritradar.com/whisky-db/distilleries/hanyu/,2026-06-07,,japanese_whisky_legacy_closed_ndps
Japanese Whisky,Hanyu,"Hanyu, Japan",Ichiro's Malt,sourced,Ichiro's Malt / Venture Whisky,TRUE,FALSE,Single Malt; Single Cask; 2000 Ichiro's Malt #8815,,2000,8815,120.4,60.2,,,,https://www.spiritradar.com/whisky-db/distilleries/hanyu/,2026-06-07,,japanese_whisky_legacy_closed_ndps
Japanese Whisky,Hanyu,"Hanyu, Japan",Ichiro's Malt,sourced,Ichiro's Malt / Venture Whisky,TRUE,FALSE,Single Malt; 2000 Ichiro's Malt Yamaichi Original Single Malt,,2000,,121.6,60.8,,,,https://www.spiritradar.com/whisky-db/distilleries/hanyu/,2026-06-07,,japanese_whisky_legacy_closed_ndps
Japanese Whisky,Hanyu,"Hanyu, Japan",Ichiro's Malt,sourced,Ichiro's Malt / Venture Whisky,TRUE,FALSE,Single Malt; Single Cask; 2000 Mizunara Very Young #9500 Shot Bar Laggtime 7th Anniversary,,2000,9500,116.0,58,,Mizunara cask,,https://www.spiritradar.com/whisky-db/distilleries/hanyu/,2026-06-07,,japanese_whisky_legacy_closed_ndps
Japanese Whisky,Hanyu,"Hanyu, Japan",Ichiro's Malt,sourced,Gu Brath,TRUE,FALSE,Single Malt; 1985 UD Gu Brath,,1985,,114.0,57,,,,https://www.spiritradar.com/whisky-db/distilleries/hanyu/,2026-06-07,,japanese_whisky_legacy_closed_ndps
Japanese Whisky,Hanyu,"Hanyu, Japan",Ichiro's Malt,sourced,Gu Brath,TRUE,FALSE,Single Malt; Single Cask; 2000 UD Gu Brath #9400,,2000,9400,114.0,57,,,,https://www.spiritradar.com/whisky-db/distilleries/hanyu/,2026-06-07,,japanese_whisky_legacy_closed_ndps
Japanese Whisky,Hanyu,"Hanyu, Japan",Ichiro's Malt,sourced,Ichiro's Malt / Venture Whisky,TRUE,FALSE,Single Malt; Single Cask; Japanese Whisky OrSe Bourbon Cask #9584,,,9584,115.2,57.6,,Bourbon cask,,https://www.spiritradar.com/whisky-db/distilleries/hanyu/,2026-06-07,,japanese_whisky_legacy_closed_ndps
Japanese Whisky,Hanyu,"Hanyu, Japan",Ichiro's Malt,sourced,Ichiro's Malt / Venture Whisky,TRUE,FALSE,Single Malt; Sanmi-Ittai Trinitas Batch 9585,,,,115.2,57.6,,,,https://www.spiritradar.com/whisky-db/distilleries/hanyu/,2026-06-07,,japanese_whisky_legacy_closed_ndps
Japanese Whisky,Hanyu,"Hanyu, Japan",Ichiro's Malt,sourced,Ichiro's Malt / Venture Whisky,TRUE,FALSE,Single Malt; Ichiro's Malt Mizunara Wood Reserve Cask Strength,,,,122.0,61,,Mizunara cask,,https://www.spiritradar.com/whisky-db/distilleries/hanyu/,2026-06-07,,japanese_whisky_legacy_closed_ndps
Japanese Whisky,Hanyu,"Hanyu, Japan",Ichiro's Malt,sourced,Full Proof,TRUE,FALSE,Single Malt; 1988 Single Nippon Malt Whisky Puncheon Full Proof Holland,,1988,,112.6,56.3,,Puncheon,,https://www.spiritradar.com/whisky-db/distilleries/hanyu/,2026-06-07,,japanese_whisky_legacy_closed_ndps
Japanese Whisky,Hanyu,"Hanyu, Japan",Ichiro's Malt,sourced,Jack Tar Holding,TRUE,FALSE,Single Malt; Sanmi-Ittai Trinitas Single Cask Sherry 2nd Edition Jack Tar Holding LTD,,,,114.0,57,,Sherry cask,,https://www.spiritradar.com/whisky-db/distilleries/hanyu/,2026-06-07,,japanese_whisky_legacy_closed_ndps
Japanese Whisky,Hanyu,"Hanyu, Japan",Ichiro's Malt,sourced,Ichiro's Malt / Venture Whisky,TRUE,FALSE,Single Malt; 18yo Ichiro's Malt,18 Years,,,92.0,46,,,,https://www.spiritradar.com/whisky-db/distilleries/hanyu/,2026-06-07,,japanese_whisky_legacy_closed_ndps
Japanese Whisky,Hanyu,"Hanyu, Japan",Ichiro's Malt,sourced,La Maison du Whisky,TRUE,FALSE,Single Malt; Single Cask; 1986 PDA Closed Distilleries #2812,,1986,2812,116.8,58.4,,,,https://www.spiritradar.com/whisky-db/distilleries/hanyu/,2026-06-07,,japanese_whisky_legacy_closed_ndps
Japanese Whisky,Hanyu,"Hanyu, Japan",Ichiro's Malt,sourced,Ichiro's Malt / Venture Whisky,TRUE,FALSE,Single Malt; 23yo Ichiro's Malt,23 Years,,,116.0,58,,,,https://www.spiritradar.com/whisky-db/distilleries/hanyu/,2026-06-07,,japanese_whisky_legacy_closed_ndps
Japanese Whisky,Hanyu,"Hanyu, Japan",Ichiro's Malt,sourced,Full Proof,TRUE,FALSE,Single Malt; Single Cask; 1988 Single Nippon Malt Whisky Big Butt #9306 Full Proof Europe,,1988,9306,110.0,55,,,,https://www.spiritradar.com/whisky-db/distilleries/hanyu/,2026-06-07,,japanese_whisky_legacy_closed_ndps
Japanese Whisky,Hanyu,"Hanyu, Japan",Ichiro's Malt,sourced,Ichiro's Malt / Venture Whisky,TRUE,FALSE,Single Malt; 20yo 2nd Bottling Ichiro's Malt,20 Years,,,115.0,57.5,,,,https://www.spiritradar.com/whisky-db/distilleries/hanyu/,2026-06-07,,japanese_whisky_legacy_closed_ndps
Japanese Whisky,Hanyu,"Hanyu, Japan",Golden Horse,own_make,,FALSE,FALSE,Single Malt; Chichibu 8yo,8 Years,,,86.0,43,,,,https://www.spiritradar.com/whisky-db/distilleries/hanyu/,2026-06-07,,japanese_whisky_legacy_closed_ndps
Japanese Whisky,Hanyu,"Hanyu, Japan",Golden Horse,own_make,,FALSE,FALSE,Single Malt; Chichibu 12yo,12 Years,,,112.0,56,,,,https://www.spiritradar.com/whisky-db/distilleries/hanyu/,2026-06-07,,japanese_whisky_legacy_closed_ndps
Japanese Whisky,Hanyu,"Hanyu, Japan",Golden Horse,own_make,,FALSE,FALSE,Single Malt; Chichibu 12yo,12 Years,,,100.0,50,,,,https://www.spiritradar.com/whisky-db/distilleries/hanyu/,2026-06-07,,japanese_whisky_legacy_closed_ndps
Japanese Whisky,Hanyu,"Hanyu, Japan",Golden Horse,own_make,,FALSE,FALSE,Blended Malt; Musashi Pure Malt Whisky,,,,86.0,43,,,,https://www.spiritradar.com/whisky-db/distilleries/hanyu/,2026-06-07,,japanese_whisky_legacy_closed_ndps
Japanese Whisky,Hanyu,"Hanyu, Japan",Golden Horse,own_make,,FALSE,FALSE,Single Malt; Musashi,,,,86.0,43,,,,https://www.spiritradar.com/whisky-db/distilleries/hanyu/,2026-06-07,,japanese_whisky_legacy_closed_ndps
Japanese Whisky,Hanyu,"Hanyu, Japan",Golden Horse,blended,,FALSE,FALSE,Blended Japanese Whisky; Bushu,,,,86.0,43,,,,https://www.spiritradar.com/whisky-db/distilleries/hanyu/,2026-06-07,,japanese_whisky_legacy_closed_ndps
Japanese Whisky,Hanyu,"Hanyu, Japan",Golden Horse,blended,,FALSE,FALSE,Blended Japanese Whisky; Symphony,,,,86.0,43,,,,https://www.spiritradar.com/whisky-db/distilleries/hanyu/,2026-06-07,,japanese_whisky_legacy_closed_ndps
Japanese Whisky,Hanyu,"Hanyu, Japan",Golden Horse,blended,,FALSE,FALSE,Blended Japanese Whisky; Grand,,,,78.0,39,,,,https://www.spiritradar.com/whisky-db/distilleries/hanyu/,2026-06-07,,japanese_whisky_legacy_closed_ndps
Japanese Whisky,Hanyu,"Hanyu, Japan",Golden Horse,blended,,FALSE,FALSE,Blended Japanese Whisky; Taru-Dashi Blend,,,,74.0,37,,,,https://www.spiritradar.com/whisky-db/distilleries/hanyu/,2026-06-07,,japanese_whisky_legacy_closed_ndps
Japanese Whisky,Kawasaki,"Kawasaki, Japan",Kawasaki,sourced,Whisky Live,TRUE,FALSE,Single Grain; Single Cask; 1982 Whisky Live Tokyo Sherry Butt #7414,,1982,7414,131.0,65.5,Corn 90% / Malted Barley 10%,Sherry butt,,https://www.spiritradar.com/whisky-db/distilleries/kawasaki/,2026-06-07,,japanese_whisky_legacy_closed_ndps
Japanese Whisky,Kawasaki,"Kawasaki, Japan",Kawasaki,sourced,Number One Drinks (Ichiro's Choice),TRUE,FALSE,Single Grain; Single Cask; 1976 Ichiro's Choice Refill Sherry Butts,,1976,,131.2,65.6,Corn 90% / Malted Barley 10%,Refill Sherry butt,,https://www.spiritradar.com/whisky-db/distilleries/kawasaki/,2026-06-07,,japanese_whisky_legacy_closed_ndps
Japanese Whisky,Kawasaki,"Kawasaki, Japan",Kawasaki,sourced,Number One Drinks (Ichiro's Choice),TRUE,FALSE,Single Grain; Single Cask; 1982 Ichiro's Choice 27yo Refill Sherry Butt,27 Years,1982,,130.8,65.4,Corn 90% / Malted Barley 10%,Refill Sherry butt,,https://www.spiritradar.com/whisky-db/distilleries/kawasaki/,2026-06-07,,japanese_whisky_legacy_closed_ndps
Japanese Whisky,Kawasaki,"Kawasaki, Japan",Kawasaki,sourced,Nonjatta,TRUE,FALSE,Single Grain; Single Cask; 1980 Ghost Series No 4 Sherry Butt #6165,,1980,6165,119.2,59.6,Corn 90% / Malted Barley 10%,Sherry butt,,https://www.spiritradar.com/whisky-db/distilleries/kawasaki/,2026-06-07,,japanese_whisky_legacy_closed_ndps
Japanese Whisky,Kawasaki,"Kawasaki, Japan",Kawasaki,sourced,La Maison du Whisky,TRUE,FALSE,Single Grain; Single Cask; 1981 PDA Closed Distilleries,,1981,,124.8,62.4,Corn 90% / Malted Barley 10%,Sherry butt,,https://www.spiritradar.com/whisky-db/distilleries/kawasaki/,2026-06-07,,japanese_whisky_legacy_closed_ndps
Japanese Whisky,Kawasaki,"Kawasaki, Japan",Kawasaki,sourced,Number One Drinks (Ichiro's Choice),TRUE,FALSE,Single Grain; Single Cask; 1981 Ichiro's Choice Refill Sherry Butts,,1981,,124.8,62.4,Corn 90% / Malted Barley 10%,Refill Sherry butt,,https://www.spiritradar.com/whisky-db/distilleries/kawasaki/,2026-06-07,,japanese_whisky_legacy_closed_ndps
Japanese Whisky,Kawasaki,"Kawasaki, Japan",Kawasaki,sourced,Number One Drinks,TRUE,FALSE,Single Grain; Single Cask; 1982 Number One Drinks Sherry Butt G7452,,1982,G7452,130.8,65.4,Corn 90% / Malted Barley 10%,Sherry butt,,https://www.spiritradar.com/whisky-db/distilleries/kawasaki/,2026-06-07,,japanese_whisky_legacy_closed_ndps
Japanese Whisky,Kawasaki,"Kawasaki, Japan",Kawasaki,sourced,Number One Drinks,TRUE,FALSE,Single Grain; Single Cask; 1982 Number One Drinks Company Sherry Butt #7411,,1982,7411,130.6,65.3,Corn 90% / Malted Barley 10%,Sherry butt,,https://www.spiritradar.com/whisky-db/distilleries/kawasaki/,2026-06-07,,japanese_whisky_legacy_closed_ndps
Japanese Whisky,Shirakawa,"Shirakawa, Japan",Shirakawa,sourced,Tomatin Distillery Company,TRUE,FALSE,Single Malt; 1958 Vintage,,1958,,98,49,,Oak cask,,https://tomatin.com/shop/prestige/shirakawa-1958/;https://www.thewhiskyexchange.com/feature/shirakawa1958,2026-06-23,,japanese_whisky_legacy_closed_ndps
Japanese Whisky,Kanosuke,"Hioki, Japan",Kanosuke,sourced,Mizunara: The Shop,TRUE,FALSE,Single Malt; Single Cask; Mizunara 10th Anniversary (Knob Creek rye cask),,,,,,,Knob Creek rye cask,,https://www.mizunaratheshop.com/collections/independent-bottling-ib,2026-06-28,NULL,japanese_whisky_legacy_closed_ndps
Japanese Whisky,Asaka,"Koriyama, Japan",Asaka,sourced,Mizunara: The Shop,TRUE,FALSE,Single Malt; Single Cask; Mizunara Exclusive #20090,,,20090,,,,First-fill Bourbon barrel,,https://www.mizunaratheshop.com/collections/independent-bottling-ib,2026-06-28,NULL,japanese_whisky_legacy_closed_ndps
Japanese Whisky,Mars Komagatake,"Miyada, Japan",Komagatake,sourced,Mizunara: The Shop,TRUE,FALSE,Single Malt; Single Cask; Heavily Peated 2017 #BJ3636,,2017,BJ3636,,,,American oak Bourbon barrel,,https://www.mizunaratheshop.com/collections/independent-bottling-ib,2026-06-28,NULL,japanese_whisky_legacy_closed_ndps
Japanese Whisky,Kanosuke,"Hioki, Japan",Kanosuke,sourced,Mizunara: The Shop,TRUE,FALSE,Single Malt; Single Cask; Mizunara Owners Club 2020 (French oak sherry),,2020,,126.0,63,,French oak Sherry cask,,https://www.mizunaratheshop.com/collections/independent-bottling-ib,2026-06-28,NULL,japanese_whisky_legacy_closed_ndps
Japanese Whisky,Multiple (Japan),"Toyama, Japan",The Last Piece,blended,T&T Toyama,TRUE,FALSE,Blended Malt; Japanese Edition (5 Japanese distilleries),,,No.1,,,,,,https://www.nomunication.jp/2021/05/16/introducing-tt-toyama-the-worlds-first-japanese-whisky-bottler/,2026-06-28,NULL,japanese_whisky_legacy_closed_ndps
Japanese Whisky,Multiple (Japan),"Toyama, Japan",EPISODE 0,blended,T&T Toyama,TRUE,FALSE,Blended Malt; ORIGIN (craft-distillery casks aged at T&T Toyama),,,,,,,,,https://en.jpwhisky.net/newrelease-t%EF%BC%86t-toyama-2-52614/,2026-06-28,NULL,japanese_whisky_legacy_closed_ndps
Japanese Whisky,Undisclosed (Japanese blender),Japan,Meiyo Pure Malt,sourced,Meiyo,TRUE,FALSE,Blended Malt,15 Years,NULL,NULL,80,40.0,NULL,NULL,NULL,https://www.benchmarkwineandspirits.com/products/9003271,2026-06-28,NULL,japanese_whisky_legacy_closed_ndps
