spirit_type,distillery,distillery_location,spirit_name,producer_type,producer_brand,is_ndp,is_template,special_designation,age_statement,vintage,batch_lot,proof,abv,mash_bill,barrel_type,cask_finish,source_urls,last_verified,label_image_url,cohort
Mezcal,Del Maguey (CRM NOM-O41X),"San Luis del Río, Oaxaca, Mexico",Del Maguey,sourced,Del Maguey,TRUE,FALSE,Mezcal Artesanal; Espadín; cocktail mezcal,NULL,NULL,NULL,84.0,42.0,NULL,NULL,NULL,https://www.mezcalreviews.com/mezcal/del-maguey-vida/;https://delmaguey.com/vida-clasico/;https://delmaguey.com/villages/,2026-06-08,https://www.mezcalreviews.com/wp-content/uploads/2019/07/del-maguey-mezcal-bottle-vida-clasico.jpg,mezcal_mexico
Mezcal,Del Maguey (CRM NOM-O41X),"San Luis del Río, Oaxaca, Mexico",Del Maguey,sourced,Del Maguey,TRUE,FALSE,Mezcal Artesanal; Espadín; Día de Muertos seasonal release,NULL,NULL,NULL,90,45,NULL,NULL,NULL,https://www.mezcalreviews.com/mezcal/del-maguey-vida-de-muertos/;https://delmaguey.com/vida-de-muertos/;https://delmaguey.com/villages/;https://www.masterofmalt.com/mezcal/del-maguey/del-maguey-vida-de-muertos-mezcal/;https://www.hitimewine.net/del-maguey-vida-de-muertos-90pf-mezcal-750-de-san-luis-del-rio-118753,2026-10-04,https://www.mezcalreviews.com/wp-content/uploads/2021/06/del-maguey-vida-de-muertos-espadin-mezcal.jpg,mezcal_mexico
Mezcal,Del Maguey (CRM NOM-O41X),"Puebla, Mexico",Del Maguey,sourced,Del Maguey,TRUE,FALSE,Mezcal Artesanal; Espadín; Puebla cocktail mezcal,NULL,NULL,NULL,80,40,NULL,NULL,NULL,https://www.mezcalreviews.com/mezcal/del-maguey-vida-puebla/;https://delmaguey.com/vida-puebla/;https://www.masterofmalt.com/mezcal/del-maguey/del-maguey-vida-puebla-mezcal/,2026-10-04,https://www.mezcalreviews.com/wp-content/uploads/2016/09/del-maguey-mezcal-vida.jpg,mezcal_mexico
Mezcal,Del Maguey (CRM NOM-O41X),"San Baltazar Chichicapam, Oaxaca, Mexico",Del Maguey,sourced,Del Maguey,TRUE,FALSE,Mezcal Artesanal; Espadín,NULL,NULL,NULL,92.0,46.0,NULL,NULL,NULL,https://www.mezcalreviews.com/mezcal/del-maguey-chichicapa/;https://delmaguey.com/chichicapa/;https://delmaguey.com/villages/,2026-06-08,https://www.mezcalreviews.com/wp-content/uploads/2019/07/del-maguey-mezcal-bottle-chichicapa.jpg,mezcal_mexico
Mezcal,Del Maguey (CRM NOM-O41X),"San Luis del Río, Oaxaca, Mexico",Del Maguey,sourced,Del Maguey,TRUE,FALSE,Mezcal Artesanal; Espadín; San Luis del Río Azul barrel-aged maguey selection,NULL,NULL,NULL,94,47,NULL,NULL,NULL,https://www.mezcalreviews.com/mezcal/del-maguey-san-luis-del-rio-azul/;https://delmaguey.com/san-luis-del-rio/;https://www.masterofmalt.com/mezcal/del-maguey/del-maguey-san-luis-del-rio-azul-47-mezcal/,2026-10-04,https://www.mezcalreviews.com/wp-content/uploads/2016/12/del-maguey-azul.jpg,mezcal_mexico
Mezcal,Del Maguey (CRM NOM-O41X),"Santa Catarina Minas, Oaxaca, Mexico",Del Maguey,sourced,Del Maguey,TRUE,FALSE,Mezcal Ancestral; Espadín; clay-pot,NULL,NULL,NULL,92.0,46.0,NULL,NULL,NULL,https://www.mezcalreviews.com/mezcal/del-maguey-minero/;https://delmaguey.com/santa-catarina-minas-minero/;https://delmaguey.com/villages/,2026-06-08,https://www.mezcalreviews.com/wp-content/uploads/2019/07/del-maguey-mezcal-bottle-minero.jpg,mezcal_mexico
Mezcal,Del Maguey (CRM NOM-O41X),"Santa Maria Albarradas, Oaxaca, Mexico",Del Maguey,sourced,Del Maguey,TRUE,FALSE,Mezcal Artesanal; Tobalá,NULL,NULL,NULL,92.0,46.0,NULL,NULL,NULL,https://www.mezcalreviews.com/mezcal/del-maguey-tobala/;https://delmaguey.com/tobala/;https://delmaguey.com/villages/,2026-06-08,https://www.mezcalreviews.com/wp-content/uploads/2016/09/del-maguey-mezcal-tobala.jpg,mezcal_mexico
Mezcal,Del Maguey (CRM NOM-O41X),"Santa Catarina Minas, Oaxaca, Mexico",Del Maguey,sourced,Del Maguey,TRUE,FALSE,Mezcal Ancestral; Arroqueño; clay-pot,NULL,NULL,NULL,98.0,49.0,NULL,NULL,NULL,https://www.mezcalreviews.com/mezcal/del-maguey-arroqueno/;https://delmaguey.com/arroqueno/;https://delmaguey.com/villages/,2026-06-08,https://www.mezcalreviews.com/wp-content/uploads/2016/09/del-maguey-mezcal-arroqueno.jpg,mezcal_mexico
Mezcal,Del Maguey (CRM NOM-O41X),"Oaxaca, Mexico",Del Maguey,sourced,Del Maguey,TRUE,FALSE,Mezcal Artesanal; Barril,NULL,NULL,NULL,NULL,NULL,NULL,NULL,NULL,https://www.mezcalreviews.com/mezcal/del-maguey-barril/;https://delmaguey.com/barril/,2026-06-23,https://www.mezcalreviews.com/wp-content/uploads/2016/12/del-maguey-barril.jpg,mezcal_mexico
Mezcal,Del Maguey (CRM NOM-O41X),"Oaxaca, Mexico",Del Maguey,sourced,Del Maguey,TRUE,FALSE,Mezcal Artesanal; Cuixe,NULL,NULL,NULL,NULL,NULL,NULL,NULL,NULL,https://www.mezcalreviews.com/mezcal/del-maguey-cuixe/;https://delmaguey.com/cuixe/,2026-06-23,https://www.mezcalreviews.com/wp-content/uploads/2025/12/del-maguey-mezcal-bottle-cuixe.jpg,mezcal_mexico
Mezcal,Del Maguey (CRM NOM-O41X),"San Luis del Río, Oaxaca, Mexico",Del Maguey,sourced,Del Maguey,TRUE,FALSE,Mezcal Artesanal; Madrecuixe,NULL,NULL,NULL,94,47,NULL,NULL,NULL,https://www.mezcalreviews.com/mezcal/del-maguey-madrecuixe/;https://delmaguey.com/madrecuixe/;https://delmaguey.com/villages/;https://www.hitimewine.net/del-maguey-madrecuixe-94pf-750ml-187900,2026-10-04,https://www.mezcalreviews.com/wp-content/uploads/2016/12/del-maguey-madrecuixe-1.jpg,mezcal_mexico
Mezcal,Del Maguey (CRM NOM-O41X),"Santa Maria Albarradas, Oaxaca, Mexico",Del Maguey,sourced,Del Maguey,TRUE,FALSE,Mezcal Artesanal; Tepextate; wild maguey,NULL,NULL,NULL,90,45,NULL,NULL,NULL,https://www.mezcalreviews.com/mezcal/del-maguey-wild-tepextate/;https://delmaguey.com/tepextate/;https://delmaguey.com/villages/;https://www.masterofmalt.com/mezcal/del-maguey/del-maguey-wild-tepextate-mezcal/;https://www.hitimewine.net/del-maguey-wild-tepextate-mezcal-90pf-750-103593,2026-10-04,https://www.mezcalreviews.com/wp-content/uploads/2016/12/del-maguey-wild-tepeztate.jpg,mezcal_mexico
Mezcal,Del Maguey (CRM NOM-O41X),"Santa Maria Albarradas, Oaxaca, Mexico",Del Maguey,sourced,Del Maguey,TRUE,FALSE,Mezcal Artesanal; Jabalí; wild maguey; Ibérico jamón pechuga (jamón Ibérico hung in still),NULL,NULL,NULL,NULL,NULL,NULL,NULL,NULL,https://www.mezcalreviews.com/mezcal/del-maguey-wild-jabali/;https://delmaguey.com/jabali/;https://delmaguey.com/villages/,2026-06-23,https://www.mezcalreviews.com/wp-content/uploads/2017/07/del-maguey-wild-jabali.jpg,mezcal_mexico
Mezcal,Del Maguey (CRM NOM-O41X),"Santa Catarina Minas, Oaxaca, Mexico",Del Maguey,sourced,Del Maguey,TRUE,FALSE,Mezcal Artesanal; Pechuga; jamón Ibérico (Ibérico ham pechuga),NULL,NULL,NULL,NULL,NULL,NULL,NULL,NULL,https://www.mezcalreviews.com/mezcal/del-maguey-iberico/;https://delmaguey.com/iberico/;https://delmaguey.com/villages/,2026-06-23,https://www.mezcalreviews.com/wp-content/uploads/2019/07/del-maguey-mezcal-bottle-iberico.jpg,mezcal_mexico
Mezcal,Del Maguey (CRM NOM-O41X),"San Pedro Teozacoalco, Oaxaca, Mexico",Del Maguey,sourced,Del Maguey,TRUE,FALSE,Mezcal Artesanal; Papalome; wild maguey,NULL,NULL,NULL,NULL,NULL,NULL,NULL,NULL,https://www.mezcalreviews.com/mezcal/del-maguey-wild-papalome/;https://delmaguey.com/papalome/;https://delmaguey.com/villages/,2026-06-23,https://www.mezcalreviews.com/wp-content/uploads/2016/12/del-maguey-wild-papalome-1.jpg,mezcal_mexico
Mezcal,Del Maguey (CRM NOM-O41X),"San Jose Rio Minas, Oaxaca, Mexico",Del Maguey,sourced,Del Maguey,TRUE,FALSE,"Mezcal Artesanal; ensamble Espadín, Arroqueño & Mexicano",NULL,NULL,NULL,NULL,NULL,NULL,NULL,NULL,https://www.mezcalreviews.com/mezcal/del-maguey-espadin-arroqueno-mexicano/;https://delmaguey.com/espadin-arroqueno-mexicano/;https://delmaguey.com/villages/,2026-06-23,https://www.mezcalreviews.com/wp-content/uploads/2025/12/del-maguey-mezcal-bottle-ensamble.jpg,mezcal_mexico
Mezcal,Del Maguey (CRM NOM-O41X),"San Pablo Ameyaltepec, Oaxaca, Mexico",Del Maguey,sourced,Del Maguey,TRUE,FALSE,Mezcal Artesanal; Papalote & Pizorra; French-style continuous distillation,NULL,NULL,NULL,94,47,NULL,NULL,NULL,https://www.mezcalreviews.com/mezcal/del-maguey-san-pablo-ameyaltepec/;https://delmaguey.com/papalote-pizorra/;https://delmaguey.com/villages/;https://www.hitimewine.net/del-maguey-san-pablo-ameyaltepec-750-94pf-single-village-mezcal-112433,2026-10-04,https://www.mezcalreviews.com/wp-content/uploads/2016/11/del-maguey-san-pablo-ameyaltepec.jpg,mezcal_mexico
Mezcal,Del Maguey (CRM NOM-O41X),"Oaxaca, Mexico",Del Maguey,sourced,Del Maguey,TRUE,FALSE,Mezcal Artesanal; Tobasiche (Tobaziche),NULL,NULL,NULL,94,47,NULL,NULL,NULL,https://www.mezcalreviews.com/mezcal/del-maguey-tobaziche/;https://delmaguey.com/tobaziche/;https://www.masterofmalt.com/mezcal/del-maguey/del-maguey-wild-tobaziche-mezcal/,2026-10-04,https://www.mezcalreviews.com/wp-content/uploads/2018/04/del-maguey-tobaziche.jpg,mezcal_mexico
Mezcal,Del Maguey (CRM NOM-O41X),"Oaxaca, Mexico",Del Maguey,sourced,Del Maguey,TRUE,FALSE,Mezcal Artesanal; Espadín Especial,NULL,NULL,NULL,NULL,NULL,NULL,NULL,NULL,https://www.mezcalreviews.com/mezcal/del-maguey-espadin-especial/,2026-06-23,https://www.mezcalreviews.com/wp-content/uploads/2016/12/del-maguey-espadin-especial.jpg,mezcal_mexico
Mezcal,Del Maguey (CRM NOM-O41X),"Oaxaca, Mexico",Del Maguey,sourced,Del Maguey,TRUE,FALSE,Mezcal Artesanal; ensamble Tobalá & Espadín,NULL,NULL,NULL,98,49,NULL,NULL,NULL,https://www.mezcalreviews.com/mezcal/del-maguey-tobala-espadin/; https://www.masterofmalt.com/mezcal/del-maguey/del-maguey-tobala-and-espadin-mezcal/,2026-10-04,https://www.mezcalreviews.com/wp-content/uploads/2017/04/del-maguey-tobala-espadin.jpg,mezcal_mexico
Mezcal,Del Maguey (CRM NOM-O41X),"San Dionisio Ocotepec, Oaxaca, Mexico",Del Maguey,sourced,Del Maguey,TRUE,FALSE,Mezcal Artesanal; Espadín; ''Mezcal del Campo'' field release,NULL,NULL,NULL,NULL,NULL,NULL,NULL,NULL,https://www.mezcalreviews.com/mezcal/del-maguey-san-dionisio-ocotepec/,2026-06-23,https://www.mezcalreviews.com/wp-content/uploads/2020/01/del-maguey-san-dionisio-ocotepec-mezcal-del-campo.jpg,mezcal_mexico
Mezcal,Del Maguey (CRM NOM-O41X),"San Pedro Taviche, Oaxaca, Mexico",Del Maguey,sourced,Del Maguey,TRUE,FALSE,Mezcal Artesanal; single-village release,NULL,NULL,NULL,NULL,NULL,NULL,NULL,NULL,https://www.mezcalreviews.com/mezcal/del-maguey-san-pedro-taviche/,2026-10-04,https://www.mezcalreviews.com/wp-content/uploads/2017/05/del-maguey-san-padero-taviche.jpg,mezcal_mexico
Mezcal,Del Maguey (CRM NOM-O41X),"San Baltazar Chichicápam, Oaxaca, Mexico",Del Maguey,sourced,Del Maguey,TRUE,FALSE,Mezcal Artesanal; Espadín; Boca del Cerro 20th Anniversary (Chichicapa),NULL,NULL,NULL,NULL,NULL,NULL,NULL,NULL,https://www.mezcalreviews.com/mezcal/del-maguey-boca-del-cerro/,2026-06-23,https://www.mezcalreviews.com/wp-content/uploads/2019/06/del-maguey-boca-del-cerro-mezcal.jpg,mezcal_mexico
Mezcal,Del Maguey (CRM NOM-O41X),"Santa Catarina Minas, Oaxaca, Mexico",Del Maguey,sourced,Del Maguey,TRUE,FALSE,Mezcal Artesanal; Pechuga; fruit-and-breast-of-chicken third distillation,NULL,NULL,NULL,NULL,NULL,NULL,NULL,NULL,https://www.mezcalreviews.com/mezcal/del-maguey-pechuga/;https://delmaguey.com/pechuga/;https://delmaguey.com/villages/,2026-06-08,https://www.mezcalreviews.com/wp-content/uploads/2019/07/del-maguey-mezcal-bottle-minero.jpg,mezcal_mexico
Mezcal,Los Danzantes (CRM NOM-O14X),"San Andrés, Oaxaca, Mexico",Alipus,sourced,Alipus,TRUE,FALSE,Mezcal Artesanal; Espadín; San Andrés,NULL,NULL,NULL,NULL,NULL,NULL,NULL,NULL,https://www.mezcalreviews.com/mezcal/alipus-san-andres/;https://www.mezcalreviews.com/filter-by/brand/alipus/,2026-06-23,https://www.mezcalreviews.com/wp-content/uploads/2016/09/alipus-mezcal-san-andres1.jpg,mezcal_mexico
Mezcal,Los Danzantes (CRM NOM-O14X),"San Baltazar Guelavila, Oaxaca, Mexico",Alipus,sourced,Alipus,TRUE,FALSE,Mezcal Artesanal; Espadín; San Baltazar,NULL,NULL,NULL,NULL,NULL,NULL,NULL,NULL,https://www.mezcalreviews.com/mezcal/alipus-san-baltazar/;https://www.mezcalreviews.com/filter-by/brand/alipus/,2026-06-23,https://www.mezcalreviews.com/wp-content/uploads/2016/09/alipus-mezcal-san-baltazar.jpg,mezcal_mexico
Mezcal,Los Danzantes (CRM NOM-O14X),"San Juan del Río, Oaxaca, Mexico",Alipus,sourced,Alipus,TRUE,FALSE,Mezcal Artesanal; Espadín; San Juan del Río,NULL,NULL,NULL,NULL,NULL,NULL,NULL,NULL,https://www.mezcalreviews.com/mezcal/alipus-san-juan/;https://www.mezcalreviews.com/filter-by/brand/alipus/,2026-06-23,https://www.mezcalreviews.com/wp-content/uploads/2016/09/alipus-mezcal-san-juan.jpg,mezcal_mexico
Mezcal,Los Danzantes (CRM NOM-O14X),"San Luis del Río, Oaxaca, Mexico",Alipus,sourced,Alipus,TRUE,FALSE,Mezcal Artesanal; Espadín; San Luis del Río,NULL,NULL,NULL,NULL,NULL,NULL,NULL,NULL,https://www.mezcalreviews.com/mezcal/alipus-san-luis/;https://www.mezcalreviews.com/filter-by/brand/alipus/,2026-06-23,https://www.mezcalreviews.com/wp-content/uploads/2016/09/alipus-mezcal-san-luis.jpg,mezcal_mexico
Mezcal,Los Danzantes (CRM NOM-O14X),"Santa Ana del Río, Oaxaca, Mexico",Alipus,sourced,Alipus,TRUE,FALSE,Mezcal Artesanal; Espadín; Santa Ana del Río,NULL,NULL,NULL,NULL,NULL,NULL,NULL,NULL,https://www.mezcalreviews.com/mezcal/alipus-santa-ana/;https://www.mezcalreviews.com/filter-by/brand/alipus/,2026-06-23,https://www.mezcalreviews.com/wp-content/uploads/2016/09/alipus-mezcal-santa-ana-del-rio.jpg,mezcal_mexico
Mezcal,Los Danzantes (CRM NOM-O14X),"San Miguel Sola de Vega, Oaxaca, Mexico",Alipus,sourced,Alipus,TRUE,FALSE,Mezcal Ancestral; Espadín; Destilado en Barro (clay-pot),NULL,NULL,NULL,NULL,NULL,NULL,NULL,NULL,https://www.mezcalreviews.com/mezcal/alipus-destilado-en-barro-san-miguel-sola/;https://www.mezcalreviews.com/filter-by/brand/alipus/,2026-06-23,https://www.mezcalreviews.com/wp-content/uploads/2016/09/alipus-mezcal-destilado-en-barro1.jpg,mezcal_mexico
Mezcal,Los Danzantes (CRM NOM-O14X),"Oaxaca, Mexico",Alipus,sourced,Alipus,TRUE,FALSE,Mezcal Artesanal; ensamble,NULL,NULL,NULL,NULL,NULL,NULL,NULL,NULL,https://www.mezcalreviews.com/mezcal/alipus-ensamble/;https://www.mezcalreviews.com/filter-by/brand/alipus/,2026-06-23,https://www.mezcalreviews.com/wp-content/uploads/2016/09/alipus-ensamble.jpg,mezcal_mexico
Mezcal,Los Danzantes (CRM NOM-O14X),"Santiago Matatlán, Oaxaca, Mexico",Los Nahuales,sourced,Los Nahuales,TRUE,FALSE,Mezcal Artesanal; Espadín; Joven,NULL,NULL,NULL,NULL,NULL,NULL,NULL,NULL,https://www.mezcalreviews.com/mezcal/los-nahuales-joven/;https://www.mezcalreviews.com/filter-by/brand/los-nahuales/,2026-06-23,https://www.mezcalreviews.com/wp-content/uploads/2017/03/los-nahuales-espadin2.jpg,mezcal_mexico
Mezcal,Los Danzantes (CRM NOM-O14X),"Santiago Matatlán, Oaxaca, Mexico",Los Nahuales,sourced,Los Nahuales,TRUE,FALSE,Mezcal Artesanal; Tobalá,NULL,NULL,NULL,NULL,NULL,NULL,NULL,NULL,https://www.mezcalreviews.com/mezcal/los-danzantes-tobala/;https://www.mezcalreviews.com/filter-by/brand/los-nahuales/,2026-06-23,https://www.mezcalreviews.com/wp-content/uploads/2018/08/los-danzantes-tobala.jpg,mezcal_mexico
Mezcal,Los Danzantes (CRM NOM-O14X),"Santiago Matatlán, Oaxaca, Mexico",Los Nahuales,sourced,Los Nahuales,TRUE,FALSE,Mezcal Artesanal; Pechuga,NULL,NULL,NULL,NULL,NULL,NULL,NULL,NULL,https://www.mezcalreviews.com/mezcal/los-danzantes-los-nahuales-pechuga/;https://www.mezcalreviews.com/filter-by/brand/los-nahuales/,2026-06-23,https://www.mezcalreviews.com/wp-content/uploads/2020/12/los-danzantes-pechuga.jpg,mezcal_mexico
Mezcal,Los Danzantes (CRM NOM-O14X),"Santiago Matatlán, Oaxaca, Mexico",Los Nahuales,sourced,Los Nahuales,TRUE,FALSE,Mezcal Artesanal; Espadín; Método Antiguo special edition,NULL,NULL,NULL,NULL,NULL,NULL,NULL,NULL,https://www.mezcalreviews.com/mezcal/los-nahuales-metodo-antiguo/;https://www.mezcalreviews.com/filter-by/brand/los-nahuales/,2026-10-04,https://www.mezcalreviews.com/wp-content/uploads/2018/04/los-nahuales-metodo-antiguo.jpg,mezcal_mexico
Mezcal,Los Danzantes (CRM NOM-O14X),"Santiago Matatlán, Oaxaca, Mexico",Los Danzantes,sourced,Los Danzantes,TRUE,FALSE,Mezcal Artesanal; Espadín; Joven,NULL,NULL,NULL,NULL,NULL,NULL,NULL,NULL,https://www.mezcalreviews.com/mezcal/los-nahuales-joven/;https://www.mezcalreviews.com/filter-by/brand/los-danzantes/,2026-06-23,https://www.mezcalreviews.com/wp-content/uploads/2017/03/los-nahuales-espadin2.jpg,mezcal_mexico
Mezcal,Los Danzantes (CRM NOM-O14X),"Santiago Matatlán, Oaxaca, Mexico",Los Danzantes,sourced,Los Danzantes,TRUE,FALSE,Mezcal Artesanal; Espadín; Reposado,NULL,NULL,NULL,NULL,NULL,NULL,American oak,NULL,https://www.mezcalreviews.com/mezcal/los-nahuales-reposado/;https://www.mezcalreviews.com/filter-by/brand/los-danzantes/,2026-06-23,https://www.mezcalreviews.com/wp-content/uploads/2017/03/los-nahuales-reposado2.jpg,mezcal_mexico
Mezcal,Los Danzantes (CRM NOM-O14X),"Santiago Matatlán, Oaxaca, Mexico",Los Danzantes,sourced,Los Danzantes,TRUE,FALSE,Mezcal Artesanal; Espadín; Añejo,NULL,NULL,NULL,NULL,NULL,NULL,American oak,NULL,https://www.mezcalreviews.com/mezcal/los-nahuales-anejo/;https://www.mezcalreviews.com/filter-by/brand/los-danzantes/,2026-06-23,https://www.mezcalreviews.com/wp-content/uploads/2017/03/los-nahuales-anejo2.jpg,mezcal_mexico
Mezcal,Ilegal Mezcal (CRM NOM-O01X / NOM-O134X / NOM-O305X / NOM-O423X),"Tlacolula, Oaxaca, Mexico",Ilegal,sourced,Ilegal,TRUE,FALSE,Mezcal Artesanal; Espadín; Joven,NAS,NULL,NULL,80,40.0,NULL,NULL,NULL,https://www.mezcalreviews.com/mezcal/ilegal-joven/;https://www.ilegalmezcal.com/,2026-10-04,https://www.mezcalreviews.com/wp-content/uploads/2016/09/ilegal-mezcal-joven.jpg,mezcal_mexico
Mezcal,Ilegal Mezcal (CRM NOM-O01X / NOM-O305X / NOM-O423X),"Tlacolula, Oaxaca, Mexico",Ilegal,sourced,Ilegal,TRUE,FALSE,Mezcal Artesanal; Espadín; Reposado,NAS,NULL,NULL,80,40.0,NULL,American oak,NULL,https://www.mezcalreviews.com/mezcal/ilegal-reposado/;https://www.ilegalmezcal.com/,2026-10-04,https://www.mezcalreviews.com/wp-content/uploads/2016/09/ilegal-mezcal-reposado.jpg,mezcal_mexico
Mezcal,Ilegal Mezcal (CRM NOM-O01X / NOM-O305X / NOM-O423X),"Tlacolula, Oaxaca, Mexico",Ilegal,sourced,Ilegal,TRUE,FALSE,Mezcal Artesanal; Espadín; Añejo,13 Months,NULL,NULL,80,40.0,NULL,American and French oak,NULL,https://www.mezcalreviews.com/mezcal/ilegal-anejo/;https://www.ilegalmezcal.com/,2026-10-04,https://www.mezcalreviews.com/wp-content/uploads/2016/09/ilegal-mezcal-anejo.jpg,mezcal_mexico
Mezcal,Los Amantes Mezcal (CRM NOM-O01X),"Tlacolula, Oaxaca, Mexico",Los Amantes,own_make,NULL,FALSE,FALSE,Mezcal Artesanal; Espadín; Joven,NAS,NULL,NULL,80,40.0,NULL,NULL,NULL,https://www.mezcalreviews.com/mezcal/los-amantes-joven/;http://www.losamantes.com/,2026-06-08,https://www.mezcalreviews.com/wp-content/uploads/2017/01/los-amantes-joven.jpg,mezcal_mexico
Mezcal,Los Amantes Mezcal (CRM NOM-O01X),"Tlacolula, Oaxaca, Mexico",Los Amantes,own_make,NULL,FALSE,FALSE,Mezcal Artesanal; Espadín; Reposado,NAS,NULL,NULL,80,40.0,NULL,French oak,NULL,https://www.mezcalreviews.com/mezcal/los-amantes-reposado/;http://www.losamantes.com/,2026-06-08,https://www.mezcalreviews.com/wp-content/uploads/2017/01/los-amantes-reposado.jpg,mezcal_mexico
Mezcal,Los Amantes Mezcal (CRM NOM-O01X),"Tlacolula, Oaxaca, Mexico",Los Amantes,own_make,NULL,FALSE,FALSE,Mezcal Artesanal; Espadín; Añejo,NAS,NULL,NULL,80,40.0,NULL,oak,NULL,https://www.mezcalreviews.com/mezcal/los-amantes-anejo/;http://www.losamantes.com/,2026-10-04,https://www.mezcalreviews.com/wp-content/uploads/2017/01/los-amantes-anejo.jpg,mezcal_mexico
Mezcal,Mezcal Vago (CRM NOM-O188X),"Candelaria Yegolé, Oaxaca, Mexico",Vago,own_make,NULL,FALSE,FALSE,Mezcal Artesanal; Espadín; Elote (roasted corn),NAS,NULL,NULL,100.4,50.2,NULL,NULL,NULL,https://www.mezcalreviews.com/mezcal/vago-elote/;https://mezcalvago.com/hijos-de-aquilino/,2026-10-04,https://www.mezcalreviews.com/wp-content/uploads/2016/09/vago-mezcal-elote.jpg,mezcal_mexico
Mezcal,Mezcal Vago (CRM NOM-O188X),"Candelaria Yegolé, Oaxaca, Mexico",Vago,own_make,NULL,FALSE,FALSE,Mezcal Artesanal; Espadín,NAS,NULL,NULL,NULL,NULL,NULL,NULL,NULL,https://www.mezcalreviews.com/mezcal/vago-elote/;https://mezcalvago.com/hijos-de-aquilino/;https://www.mezcalreviews.com/mezcal/vago-espadin/,2026-10-04,https://www.mezcalreviews.com/wp-content/uploads/2016/09/vago-mezcal-espadin.jpg,mezcal_mexico
Mezcal,Mezcal Vago (CRM NOM-O188X),"Candelaria Yegolé, Oaxaca, Mexico",Vago,own_make,NULL,FALSE,FALSE,Mezcal Artesanal; Mexicano,NAS,NULL,NULL,NULL,NULL,NULL,NULL,NULL,https://www.masmezcal.com/mezcalvago/mezcal-vago-mexicano;https://mezcalvago.com/;https://www.mezcalreviews.com/mezcal/vago-mexicano/,2026-10-04,https://www.mezcalreviews.com/wp-content/uploads/2016/09/vago-mezcal-mexicano.jpg,mezcal_mexico
Mezcal,Mezcal Vago (CRM NOM-O188X),"Sola de Vega, Oaxaca, Mexico",Vago,own_make,NULL,FALSE,FALSE,Mezcal Ancestral; Ensamble,NAS,NULL,NULL,NULL,NULL,NULL,NULL,NULL,https://mezcalvago.com/;https://www.mezcalistas.com/brand/vago/;https://www.mezcalreviews.com/mezcal/vago-ensamble-en-barro/,2026-10-04,https://www.mezcalreviews.com/wp-content/uploads/2020/12/mezcal-vago-ensamble-tio-rey-bottle.jpg,mezcal_mexico
Mezcal,Mezcal Vago (CRM NOM-O188X),"Miahuatlán, Oaxaca, Mexico",Vago,own_make,NULL,FALSE,FALSE,Mezcal Artesanal; Cuixe,NAS,NULL,NULL,NULL,NULL,NULL,NULL,NULL,https://mezcalvago.com/;https://www.mezcalistas.com/brand/vago/;https://www.mezcalreviews.com/mezcal/vago-cuixe/,2026-10-04,https://www.mezcalreviews.com/wp-content/uploads/2016/09/vago-cuixe.jpg,mezcal_mexico
Mezcal,Mezcal Vago (CRM NOM-O188X),"Miahuatlán, Oaxaca, Mexico",Vago,own_make,NULL,FALSE,FALSE,Mezcal Artesanal; Madrecuixe,NAS,NULL,NULL,NULL,NULL,NULL,NULL,NULL,https://mezcalvago.com/;https://www.mezcalistas.com/brand/vago/;https://www.mezcalreviews.com/mezcal/vago-madre-cuixe/,2026-10-04,NULL,mezcal_mexico
Mezcal,Mezcal Vago (CRM NOM-O188X),"Miahuatlán, Oaxaca, Mexico",Vago,own_make,NULL,FALSE,FALSE,Mezcal Artesanal; Tobalá,NAS,NULL,NULL,NULL,NULL,NULL,NULL,NULL,https://mezcalvago.com/;https://www.mezcalistas.com/brand/vago/;https://www.mezcalreviews.com/mezcal/vago-tobala/,2026-10-04,https://www.mezcalreviews.com/wp-content/uploads/2016/09/vago-tobala.jpg,mezcal_mexico
Mezcal,Gracias a Dios (CRM NOM-O223X),"Santiago Matatlán, Oaxaca, Mexico",Gracias a Dios,own_make,NULL,FALSE,FALSE,Mezcal Artesanal; Espadín,NAS,NULL,NULL,90,45.0,NULL,NULL,NULL,https://www.mezcalreviews.com/mezcal/gracias-dios-espadin/;https://thankgad.com/,2026-10-04,https://www.mezcalreviews.com/wp-content/uploads/2016/12/gracias-a-dios-mezcal-espadin-joven.jpg,mezcal_mexico
Mezcal,Gracias a Dios (CRM NOM-O223X),"Santiago Matatlán, Oaxaca, Mexico",Gracias a Dios,own_make,NULL,FALSE,FALSE,Mezcal Artesanal; Tepextate,NAS,NULL,NULL,90,45.0,NULL,NULL,NULL,https://www.mezcalreviews.com/mezcal/gracias-dios-tepextate/;https://thankgad.com/,2026-10-04,https://www.mezcalreviews.com/wp-content/uploads/2016/12/gracias-a-dios-mezcal-tepeztate.jpg,mezcal_mexico
Mezcal,Gracias a Dios (CRM NOM-O223X),"Santiago Matatlán, Oaxaca, Mexico",Gracias a Dios,own_make,NULL,FALSE,FALSE,Mezcal Artesanal; Tobalá,NAS,NULL,NULL,90,45.0,NULL,NULL,NULL,https://www.mezcalreviews.com/blind-tasting-agave-tepextate-mezcals/;https://thankgad.com/;https://www.mezcalreviews.com/mezcal/gracias-dios-tobala/,2026-10-04,https://www.mezcalreviews.com/wp-content/uploads/2016/12/gracias-a-dios-mezcal-tobala.jpg,mezcal_mexico
Mezcal,Gracias a Dios (CRM NOM-O223X),"Santiago Matatlán, Oaxaca, Mexico",Gracias a Dios,own_make,NULL,FALSE,FALSE,Mezcal Artesanal; Cuixe,NAS,NULL,NULL,NULL,NULL,NULL,NULL,NULL,https://www.oldtowntequila.com/brands/GRACIAS-A-DIOS-MEZCAL-.html;https://thankgad.com/;https://www.mezcalreviews.com/mezcal/gracias-dios-cuishe/,2026-10-04,https://www.mezcalreviews.com/wp-content/uploads/2016/12/gracias-a-dios-mezcal-cuixe-1.jpg,mezcal_mexico
Mezcal,Gracias a Dios (CRM NOM-O223X),"Santiago Matatlán, Oaxaca, Mexico",Gracias a Dios,own_make,NULL,FALSE,FALSE,Mezcal Artesanal; Ensamble,NAS,NULL,NULL,NULL,NULL,NULL,NULL,NULL,https://www.oldtowntequila.com/brands/GRACIAS-A-DIOS-MEZCAL-.html;https://thankgad.com/,2026-06-08,NULL,mezcal_mexico
Mezcal,Gracias a Dios (CRM NOM-O223X),"Santiago Matatlán, Oaxaca, Mexico",Gracias a Dios,own_make,NULL,FALSE,FALSE,Mezcal Artesanal; Mexicano,NAS,NULL,NULL,NULL,NULL,NULL,NULL,NULL,https://www.chowhound.com/2185564/gracias-a-dios-mezcal-ranked/;https://thankgad.com/;https://www.mezcalreviews.com/mezcal/gracias-a-dios-mexicano/,2026-10-04,https://www.mezcalreviews.com/wp-content/uploads/2019/05/gracias-a-dios-mexicano.jpg,mezcal_mexico
Mezcal,Mezcal Unión (CRM NOM-O174X),"San Baltazar Guelavila, Oaxaca, Mexico",Unión,sourced,Unión,TRUE,FALSE,Mezcal Artesanal; Espadín; Cirial; Uno,NAS,NULL,NULL,80,40.0,NULL,NULL,NULL,https://www.mezcalreviews.com/mezcal/union-uno/;https://theliquorbarn.com/products/union-mezcal-uno-750ml,2026-10-04,https://www.mezcalreviews.com/wp-content/uploads/2016/09/union-mezcal-joven.jpg,mezcal_mexico
Mezcal,Mezcal Unión (CRM NOM-O174X),"San Baltazar Guelavila, Oaxaca, Mexico",Unión,sourced,Unión,TRUE,FALSE,Mezcal Artesanal; Ensamble; Espadín; Tobalá; El Viejo,NAS,NULL,NULL,NULL,NULL,NULL,NULL,NULL,https://www.mezcalreviews.com/mezcal/union-viejo/;https://us.thebar.com/en-US/products/mezcal-union-el-viejo,2026-10-04,https://www.mezcalreviews.com/wp-content/uploads/2016/09/union-mezcal-viejo.jpg,mezcal_mexico
Mezcal,Mezcal Unión (CRM NOM-O174X),"San Baltazar Guelavila, Oaxaca, Mexico",Unión,sourced,Unión,TRUE,FALSE,Mezcal Artesanal; Espadín; Cirial; Damiana,NAS,NULL,NULL,NULL,NULL,NULL,NULL,NULL,https://www.diageobaracademy.com/en-us/home/our-brands/mezcal-union,2026-06-08,NULL,mezcal_mexico
Mezcal,Montelobos (CRM NOM-O156X),"Santiago Matatlán, Oaxaca, Mexico",Montelobos,own_make,NULL,FALSE,FALSE,Mezcal Artesanal; Espadín,NAS,NULL,NULL,93.4,46.7,NULL,NULL,NULL,https://www.mezcalreviews.com/mezcal/montelobos-espadin/;https://www.montelobos.com/our-mezcals/,2026-10-04,https://www.mezcalreviews.com/wp-content/uploads/2016/09/montelobos-espadin.jpg,mezcal_mexico
Mezcal,Montelobos (CRM NOM-O156X),"Santiago Matatlán, Oaxaca, Mexico",Montelobos,own_make,NULL,FALSE,FALSE,Mezcal Artesanal; Tobalá,NAS,NULL,NULL,93.6,46.8,NULL,NULL,NULL,https://www.mezcalreviews.com/mezcal/montelobos-tobala/;https://www.montelobos.com/our-mezcals/;https://www.masterofmalt.com/mezcal/casa-montelobos/montelobos-tobala-joven-mezcal/,2026-10-04,https://www.mezcalreviews.com/wp-content/uploads/2018/02/montelobos-tobala-mezcal.jpg,mezcal_mexico
Mezcal,Montelobos (CRM NOM-O156X),"Santiago Matatlán, Oaxaca, Mexico",Montelobos,own_make,NULL,FALSE,FALSE,Mezcal Artesanal; Ensamble; Cupreata; Espadín,NAS,NULL,NULL,90.6,45.3,NULL,NULL,NULL,https://www.mezcalreviews.com/mezcal/montelobos-ensamble/;https://www.montelobos.com/our-mezcals/,2026-10-04,https://www.mezcalreviews.com/wp-content/uploads/2018/02/montelobos-ensamble-mezcal.jpg,mezcal_mexico
Mezcal,Montelobos (CRM NOM-O156X),"Santiago Matatlán, Oaxaca, Mexico",Montelobos,own_make,NULL,FALSE,FALSE,Mezcal Artesanal; Espadín; Pechuga,NAS,NULL,NULL,95.8,47.9,NULL,NULL,NULL,https://www.mezcalreviews.com/mezcal/montelobos-pechuga/;https://www.montelobos.com/our-mezcals/montelobos-pechuga/,2026-10-04,https://www.mezcalreviews.com/wp-content/uploads/2019/06/mezcal-montelobos-pechuga.jpg,mezcal_mexico
Mezcal,Wahaka Mezcal (CRM NOM-O148X),"San Dionisio Ocotepec, Oaxaca, Mexico",Wahaka,own_make,NULL,FALSE,FALSE,Mezcal Artesanal; Espadín,NAS,NULL,NULL,80,40.0,NULL,NULL,NULL,https://www.mezcalreviews.com/mezcal/wahaka-espadin/;https://www.wahakamezcal.com/our-mezcal,2026-10-04,https://www.mezcalreviews.com/wp-content/uploads/2016/09/wahaka_espadin.jpg,mezcal_mexico
Mezcal,Wahaka Mezcal (CRM NOM-O148X),"San Dionisio Ocotepec, Oaxaca, Mexico",Wahaka,own_make,NULL,FALSE,FALSE,Mezcal Artesanal; Tobalá; Joven,NAS,NULL,NULL,NULL,NULL,NULL,NULL,NULL,https://www.wahakamezcal.com/our-mezcal;https://www.drinkhacker.com/2016/03/20/review-wahaka-mezcal-complete-lineup/;https://www.mezcalreviews.com/mezcal/wahaka-tobala/,2026-10-04,https://www.drinkhacker.com/wp-content/uploads/2016/03/WAH007-Tobala.jpg,mezcal_mexico
Mezcal,Wahaka Mezcal (CRM NOM-O148X),"San Dionisio Ocotepec, Oaxaca, Mexico",Wahaka,own_make,NULL,FALSE,FALSE,Mezcal Artesanal; Madrecuixe,NAS,NULL,NULL,NULL,NULL,NULL,NULL,NULL,https://www.wahakamezcal.com/our-mezcal;https://www.drinkhacker.com/2016/03/20/review-wahaka-mezcal-complete-lineup/;https://www.mezcalreviews.com/mezcal/wahaka-madre-cuishe/,2026-10-04,https://www.drinkhacker.com/wp-content/uploads/2016/03/WAH007-Tobala.jpg,mezcal_mexico
Mezcal,Wahaka Mezcal (CRM NOM-O148X),"San Dionisio Ocotepec, Oaxaca, Mexico",Wahaka,own_make,NULL,FALSE,FALSE,Mezcal Artesanal; Ensamble; Espadín; Madrecuixe; Tobalá,NAS,NULL,NULL,80,40.0,NULL,NULL,NULL,https://www.mezcalreviews.com/mezcal/wahaka-ensamble/;https://www.caskers.com/wahaka-mezcal-ensamble/,2026-10-04,https://www.mezcalreviews.com/wp-content/uploads/2016/11/wahaka_ensemble.jpg,mezcal_mexico
Mezcal,Wahaka Mezcal (CRM NOM-O148X),"San Dionisio Ocotepec, Oaxaca, Mexico",Wahaka,own_make,NULL,FALSE,FALSE,Mezcal Artesanal; Espadín; Pechuga (vegan),NAS,NULL,NULL,90,45,NULL,NULL,NULL,https://www.mezcalreviews.com/mezcal/wahaka-espadin-botaniko/;https://www.oldtowntequila.com/wahaka-espadin-botanico-mezcal/;https://www.hitimewine.net/wahaka-espadin-botaniko-mezcal-750-100-agave-joven-90pf-nom-0148x-106430,2026-10-04,https://www.mezcalreviews.com/wp-content/uploads/2016/11/wahaka_espadin_botaniko.jpg,mezcal_mexico
Mezcal,Wahaka Mezcal (CRM NOM-O148X),"San Dionisio Ocotepec, Oaxaca, Mexico",Wahaka,own_make,NULL,FALSE,FALSE,Mezcal Artesanal; Espadín; Reposado,NAS,NULL,NULL,NULL,NULL,NULL,American oak,NULL,https://www.wahakamezcal.com/our-mezcal; https://www.mezcalreviews.com/mezcal/wahaka-reposado-con-gusano/,2026-10-04,https://www.mezcalreviews.com/wp-content/uploads/2016/09/wahaka_reposado_con_gusano.jpg,mezcal_mexico
Mezcal,Banhez (CRM NOM-O96X),"San Miguel Ejutla, Oaxaca, Mexico",Banhez,sourced,Banhez,TRUE,FALSE,Mezcal Artesanal; Ensamble; Espadín; Barril,NAS,NULL,NULL,84,42.0,NULL,NULL,NULL,https://www.mezcalreviews.com/mezcal/banhez-ensamble/;https://www.banhezmezcal.com/,2026-10-04,https://www.mezcalreviews.com/wp-content/uploads/2018/03/banhez-esamble-mezcal-espadin-barril.jpg,mezcal_mexico
Mezcal,Banhez (CRM NOM-O96X),"San Miguel Ejutla, Oaxaca, Mexico",Banhez,sourced,Banhez,TRUE,FALSE,Mezcal Artesanal; Tobalá,NAS,NULL,NULL,NULL,NULL,NULL,NULL,NULL,https://www.mashandgrape.com/products/banheztobalamezcal;https://www.banhezmezcal.com/;https://www.mezcalreviews.com/mezcal/banhez-tobala/,2026-10-04,https://www.mezcalreviews.com/wp-content/uploads/2019/01/banhez-tobala-mezcal.jpg,mezcal_mexico
Mezcal,Banhez (CRM NOM-O96X),"San Miguel Ejutla, Oaxaca, Mexico",Banhez,sourced,Banhez,TRUE,FALSE,Mezcal Artesanal; Espadín; Pechuga,NAS,NULL,NULL,NULL,NULL,NULL,NULL,NULL,https://www.mezcalreviews.com/filter-by/brand/banhez-mezcal/;https://www.banhezmezcal.com/;https://www.mezcalreviews.com/mezcal/banhez-pechuga-de-pavo/,2026-10-04,https://www.mezcalreviews.com/wp-content/uploads/2019/03/banhez-destilado-con-pechuga-de-pavo.jpg,mezcal_mexico
Mezcal,Banhez (CRM NOM-O96X),"San Miguel Ejutla, Oaxaca, Mexico",Banhez,sourced,Banhez,TRUE,FALSE,Mezcal Artesanal; Cuixe,NAS,NULL,NULL,NULL,NULL,NULL,NULL,NULL,https://www.mezcalreviews.com/mezcal/banhez-cuishe/;https://www.banhezmezcal.com/,2026-10-04,https://www.mezcalreviews.com/wp-content/uploads/2019/01/banhez-cuishe-mezcal.jpg,mezcal_mexico
Mezcal,Mezcal Amarás (CRM NOM-O239X),"San Juan del Río, Oaxaca, Mexico",Amarás,sourced,Amarás,TRUE,FALSE,Mezcal Artesanal; Espadín; Tobalá,NAS,NULL,NULL,82,41.0,NULL,NULL,NULL,https://www.mezcalreviews.com/mezcal/amaras-espadin/;https://mezcalamaras.com/en/products/mezcal-amaras-espadin,2026-10-04,https://www.mezcalreviews.com/wp-content/uploads/2016/09/amaras-mezcal-espadin.jpg,mezcal_mexico
Mezcal,Mezcal Amarás (CRM NOM-O239X),"Mazatlán, Guerrero, Mexico",Amarás,sourced,Amarás,TRUE,FALSE,Mezcal Artesanal; Cupreata,NAS,NULL,NULL,86,43.0,NULL,NULL,NULL,https://www.mezcalreviews.com/mezcal/amaras-cupreatra/;https://mezcalamaras.com/en,2026-10-04,https://www.mezcalreviews.com/wp-content/uploads/2016/09/amara-mezcal-cupreatra.jpg,mezcal_mexico
Mezcal,Mezcal Amarás (CRM NOM-O239X),"San Juan del Río, Oaxaca, Mexico",Amarás,sourced,Amarás,TRUE,FALSE,Mezcal Artesanal; Espadín; Verde,NAS,NULL,NULL,86,43.0,NULL,NULL,NULL,https://raretequilas.com/products/amaras-verde-mezcal-joven-espadin;https://mezcalamaras.com/en,2026-06-08,NULL,mezcal_mexico
Mezcal,Mezcal Amarás (CRM NOM-O239X),"Oaxaca, Oaxaca, Mexico",Amarás,sourced,Amarás,TRUE,FALSE,Mezcal Artesanal; Cuixe; Logia,NAS,NULL,NULL,NULL,NULL,NULL,NULL,NULL,https://www.mezcalreviews.com/mezcal/amaras-logia-tobala/;https://mezcalamaras.com/en,2026-06-23,NULL,mezcal_mexico
Mezcal,Mezcal Amarás (CRM NOM-O239X),"Oaxaca, Oaxaca, Mexico",Amarás,sourced,Amarás,TRUE,FALSE,Mezcal Artesanal; Tepextate; Logia,NAS,NULL,NULL,NULL,NULL,NULL,NULL,NULL,https://www.mezcalreviews.com/mezcal/amaras-logia-tobala/;https://mezcalamaras.com/en,2026-06-23,NULL,mezcal_mexico
Mezcal,Mezcal Amarás (CRM NOM-O239X),"Oaxaca, Oaxaca, Mexico",Amarás,sourced,Amarás,TRUE,FALSE,Mezcal Artesanal; Tobalá; Logia,NAS,NULL,NULL,NULL,NULL,NULL,NULL,NULL,https://www.mezcalreviews.com/mezcal/amaras-logia-tobala/;https://mezcalamaras.com/en,2026-10-04,https://www.mezcalreviews.com/wp-content/uploads/2021/02/mezcal-amores-amaras-logia-tobala.jpg,mezcal_mexico
Mezcal,Sombra Mezcal (CRM NOM-F368D / NOM-O223X / NOM-O318X / NOM-O41X / NOM-O72X),"San Juan del Río, Oaxaca, Mexico",Sombra,sourced,Sombra,TRUE,FALSE,Mezcal Artesanal; Espadín; Joven,NAS,NULL,NULL,90,45.0,NULL,NULL,NULL,https://www.mezcalreviews.com/mezcal/sombra-mezcal-joven/;https://www.sombramezcal.com/en/sombra-joven,2026-10-04,https://www.mezcalreviews.com/wp-content/uploads/2017/03/sombra-mezcal-espadin-updated-bottle.jpg,mezcal_mexico
Mezcal,Sombra Mezcal (CRM NOM verify),"San Juan del Río, Oaxaca, Mexico",Sombra,sourced,Sombra,TRUE,FALSE,Mezcal Artesanal; Espadín; Reposado,NAS,NULL,NULL,90,45.0,NULL,Bordeaux wine cask,Château Léoville Poyferré Bordeaux casks,https://www.mezcalreviews.com/mezcal/sombra-repose/;https://theliquorbarn.com/products/sombra-mezcal-reposado-750ml,2026-10-04,https://www.mezcalreviews.com/wp-content/uploads/2021/03/sombra-repose-reposado-mezcal.jpg,mezcal_mexico
Mezcal,Sombra Mezcal (CRM NOM verify),"San Juan del Río, Oaxaca, Mexico",Sombra,sourced,Sombra,TRUE,FALSE,Mezcal Artesanal; Ensamble; Tepextate; Tobalá,NAS,NULL,NULL,NULL,NULL,NULL,NULL,NULL,https://us.thebar.com/mezcal/sombra; https://www.mezcalreviews.com/mezcal/sombra-ensamble/,2026-10-04,https://www.mezcalreviews.com/wp-content/uploads/2019/03/sombra-ensamble-mezcal.jpg,mezcal_mexico
Mezcal,Yuu Baal (CRM NOM-O72X),"San Juan del Río, Oaxaca, Mexico",Yuu Baal,sourced,Yuu Baal,TRUE,FALSE,Mezcal Artesanal; Espadín; Joven,NAS,NULL,NULL,96,48.0,NULL,NULL,NULL,https://www.mezcalreviews.com/mezcal/yuu-baal-espadin/;https://www.totalwine.com/spirits/mezcal/yuu-baal-mezcal-joven/p/172314750,2026-10-04,https://www.mezcalreviews.com/wp-content/uploads/2016/10/yuu-baal-espadin.jpg,mezcal_mexico
Mezcal,Yuu Baal (CRM NOM-O72X),"San Juan del Río, Oaxaca, Mexico",Yuu Baal,sourced,Yuu Baal,TRUE,FALSE,Mezcal Artesanal; Tobalá,NAS,NULL,NULL,NULL,NULL,NULL,NULL,NULL,https://www.mezcalreviews.com/filter-by/brand/yuu-baal/; https://www.mezcalreviews.com/mezcal/yuu-baal-tobala/,2026-10-04,https://www.mezcalreviews.com/wp-content/uploads/2016/10/mezcal-yuu-baal-tobala-joven.jpeg,mezcal_mexico
Mezcal,Yuu Baal (CRM NOM-O72X),"San Juan del Río, Oaxaca, Mexico",Yuu Baal,sourced,Yuu Baal,TRUE,FALSE,Mezcal Artesanal; Madrecuixe,NAS,NULL,NULL,NULL,NULL,NULL,NULL,NULL,https://www.mezcalreviews.com/filter-by/brand/yuu-baal/; https://www.mezcalreviews.com/mezcal/yuu-baal-madrecuixe/,2026-10-04,https://www.mezcalreviews.com/wp-content/uploads/2016/10/mezcal-yuu-baal-madrecuixe-joven.jpeg,mezcal_mexico
Mezcal,Yuu Baal (CRM NOM-O72X),"San Juan del Río, Oaxaca, Mexico",Yuu Baal,sourced,Yuu Baal,TRUE,FALSE,Mezcal Artesanal; Espadín; Pechuga,NAS,NULL,NULL,96,48.0,NULL,NULL,NULL,https://www.mezcalreviews.com/mezcal/yuu-baal-pechuga/;https://www.healthyspirits.com/products/yuu-baal-mezcal-pechuga-750ml,2026-10-04,https://www.mezcalreviews.com/wp-content/uploads/2017/05/yuu-baal-pechuga.jpg,mezcal_mexico
Mezcal,Yuu Baal (CRM NOM-O72X),"San Juan del Río, Oaxaca, Mexico",Yuu Baal,sourced,Yuu Baal,TRUE,FALSE,Mezcal Artesanal; Espadín; Añejo,1 Year,NULL,NULL,80,40.0,NULL,American white oak,NULL,https://drinkswithmajor.wordpress.com/2019/09/08/review-yuu-baal-anejo-mezcal/; https://www.mezcalreviews.com/mezcal/yuu-baal-anejo/,2026-10-04,https://www.mezcalreviews.com/wp-content/uploads/2016/10/yuu-baal-anejo.jpg,mezcal_mexico
Mezcal,Yuu Baal (CRM NOM-O72X),"San Juan del Río, Oaxaca, Mexico",Yuu Baal,sourced,Yuu Baal,TRUE,FALSE,Mezcal Artesanal; Espadín; Reposado,NAS,NULL,NULL,NULL,NULL,NULL,oak,NULL,https://www.mezcalreviews.com/filter-by/brand/yuu-baal/; https://www.mezcalreviews.com/mezcal/yuu-baal-reposado/,2026-10-04,https://www.mezcalreviews.com/wp-content/uploads/2016/10/yuu-baal-reposado.jpg,mezcal_mexico
Mezcal,400 Conejos (CRM NOM-O220X),"Santiago Matatlán, Oaxaca, Mexico",400 Conejos,sourced,400 Conejos,TRUE,FALSE,Mezcal Artesanal; Espadín; Joven,NAS,NULL,NULL,80,40.0,NULL,NULL,NULL,https://www.mezcalreviews.com/mezcal/400-conejos-joven/;https://400conejos.com/,2026-10-04,https://www.mezcalreviews.com/wp-content/uploads/2017/07/400-conejos.jpg,mezcal_mexico
Mezcal,400 Conejos (CRM NOM-O220X),"Santiago Matatlán, Oaxaca, Mexico",400 Conejos,sourced,400 Conejos,TRUE,FALSE,Mezcal Artesanal; Espadín; Reposado,NAS,NULL,NULL,80,40.0,NULL,oak,NULL,https://400conejos.com/;https://www.bodegasalianza.com/400-conejos;https://www.mezcalreviews.com/mezcal/400-conejos-reposado/,2026-10-04,https://www.mezcalreviews.com/wp-content/uploads/2017/07/400-conejos-reposado.jpeg,mezcal_mexico
Mezcal,400 Conejos (CRM NOM-O220X),"Santiago Matatlán, Oaxaca, Mexico",400 Conejos,sourced,400 Conejos,TRUE,FALSE,Mezcal Artesanal; Ensamble; Espadín; Tobalá,NAS,NULL,NULL,NULL,NULL,NULL,NULL,NULL,https://www.mezcalreviews.com/mezcal/400-conejos-espadin-tobala/;https://400conejos.com/,2026-10-04,https://www.mezcalreviews.com/wp-content/uploads/2020/10/400-conejos-espadin-tobala-mezcal.jpg,mezcal_mexico
Mezcal,400 Conejos (CRM NOM-O220X),"Santiago Matatlán, Oaxaca, Mexico",400 Conejos,sourced,400 Conejos,TRUE,FALSE,Mezcal Artesanal; Ensamble; Espadín; Cuixe,NAS,NULL,NULL,NULL,NULL,NULL,NULL,NULL,https://www.mezcalreviews.com/mezcal/400-conejos-espadin-cuishe/;https://400conejos.com/,2026-10-04,https://www.mezcalreviews.com/wp-content/uploads/2023/04/400-conejos-espadin-cuishe.jpg,mezcal_mexico
Mezcal,El Silencio (CRM NOM-O171X / NOM-O630X),"San Baltazar Guelavila, Oaxaca, Mexico",El Silencio,sourced,El Silencio,TRUE,FALSE,Mezcal Artesanal; Espadín,NAS,NULL,NULL,86,43.0,NULL,NULL,NULL,https://www.mezcalreviews.com/mezcal/el-silencio-espadin/;https://kosherwinedirect.com/products/mezcal-el-silencio-espadin-joven-mezcal-100-agave,2026-10-04,https://www.mezcalreviews.com/wp-content/uploads/2016/12/el-silencio-mezcal-espadin.jpg,mezcal_mexico
Mezcal,El Silencio (CRM NOM-O171X),"San Baltazar Guelavila, Oaxaca, Mexico",El Silencio,sourced,El Silencio,TRUE,FALSE,Mezcal Artesanal; Ensamble; Mexicano; Tobasiche; Espadín; Joven,NAS,NULL,NULL,80,40.0,NULL,NULL,NULL,https://www.mezcalreviews.com/mezcal/el-silencio-joven/;https://www.oldtowntequila.com/el-silencio/,2026-10-04,https://www.mezcalreviews.com/wp-content/uploads/2016/12/el-selencio-joven.jpg,mezcal_mexico
Mezcal,Bruxo (CRM NOM-O184X / NOM-O264X),"San Dionisio Ocotepec, Oaxaca, Mexico",Bruxo,sourced,Bruxo,TRUE,FALSE,Mezcal Artesanal; Espadín,NAS,NULL,NULL,92,46.0,NULL,NULL,NULL,https://www.mezcalreviews.com/mezcal/bruxo-no-1-espadin/;https://www.oldtowntequila.com/bruxo-no-1-espadin-mezcal/,2026-10-04,https://www.mezcalreviews.com/wp-content/uploads/2016/09/bruxo-mezcal-1.jpg,mezcal_mexico
Mezcal,Bruxo (CRM NOM-O184X / NOM-O264X),"Agua del Espino, Oaxaca, Mexico",Bruxo,sourced,Bruxo,TRUE,FALSE,Mezcal Artesanal; Espadín; Barril; Pechuga de Maguey,NAS,NULL,NULL,92,46,NULL,NULL,NULL,https://www.mezcalreviews.com/mezcal/bruxo-no-2-pechuga-de-maguey/;https://www.mezcalistas.com/label/bruxo-no-2-pechuga/;https://www.masterofmalt.com/mezcal/bruxo/bruxo-no-2-mezcal/,2026-10-04,https://www.mezcalreviews.com/wp-content/uploads/2016/09/bruxo-mezcal-2.jpg,mezcal_mexico
Mezcal,Bruxo (CRM NOM-O184X / NOM-O264X),"Oaxaca, Oaxaca, Mexico",Bruxo,sourced,Bruxo,TRUE,FALSE,Mezcal Artesanal; Barril,NAS,NULL,NULL,92,46,NULL,NULL,NULL,https://ggmerchants.com/product/bruxo-no-3-barril-mezcal-750ml/; https://www.mezcalreviews.com/mezcal/bruxo-no-3-barril/; https://www.masterofmalt.com/mezcal/bruxo/bruxo-no-3-mezcal/,2026-10-04,https://www.mezcalreviews.com/wp-content/uploads/2016/09/bruxo-mezcal-3.jpg,mezcal_mexico
Mezcal,Bruxo (CRM NOM-O184X / NOM-O264X),"Ejutla, Oaxaca, Mexico",Bruxo,sourced,Bruxo,TRUE,FALSE,Mezcal Artesanal; Ensamble; Espadín; Barril; Cuixe,NAS,NULL,NULL,92,46.0,NULL,NULL,NULL,https://www.mezcalreviews.com/mezcal/bruxo-no-4-ensamble/,2026-10-04,https://www.mezcalreviews.com/wp-content/uploads/2016/09/bruxo-mezcal-4.jpg,mezcal_mexico
Mezcal,Bruxo (CRM NOM-O264X),"San Dionisio Ocotepec, Oaxaca, Mexico",Bruxo,sourced,Bruxo,TRUE,FALSE,Mezcal Artesanal; Ensamble; Espadín; Barril,NAS,NULL,NULL,80,40.0,NULL,NULL,NULL,https://www.mezcalreviews.com/mezcal/bruxo-x/;https://www.oldtowntequila.com/bruxo-x-espadin-barril-mezcal/,2026-10-04,https://www.mezcalreviews.com/wp-content/uploads/2018/09/bruxo-x-mezcal-ensamble.jpg,mezcal_mexico
Mezcal,Ojo de Tigre (CRM NOM-O12X / NOM-O649X),"Tlacolula de Matamoros, Oaxaca, Mexico",Ojo de Tigre,sourced,Ojo de Tigre,TRUE,FALSE,Mezcal Artesanal; Ensamble; Espadín; Tobalá; Joven,NAS,NULL,NULL,80,40.0,NULL,NULL,NULL,https://www.mezcalreviews.com/mezcal/ojo-de-tigre-joven/;https://ojodetigremezcal.com/en/home/,2026-10-04,https://www.mezcalreviews.com/wp-content/uploads/2020/05/ojo-de-tigre-joven-mezcal.jpg,mezcal_mexico
Mezcal,Ojo de Tigre (CRM NOM-O12X),"Tlacolula de Matamoros, Oaxaca, Mexico",Ojo de Tigre,sourced,Ojo de Tigre,TRUE,FALSE,Mezcal Ancestral; Espadín,NAS,NULL,NULL,NULL,NULL,NULL,NULL,NULL,https://ojodetigremezcal.com/en/shop-now/,2026-06-23,NULL,mezcal_mexico
Mezcal,Koch El Mezcal (CRM NOM-O171X),"San Baltazar Guelavila, Oaxaca, Mexico",Koch,own_make,NULL,FALSE,FALSE,Mezcal Artesanal; Espadín,NAS,NULL,NULL,94,47.0,NULL,NULL,NULL,https://www.mezcalreviews.com/mezcal/koch-espadin/;https://www.masterofmalt.com/mezcal/koch-el/koch-el-maguey-espadin-mezcal/,2026-10-04,https://www.mezcalreviews.com/wp-content/uploads/2016/10/koch-espadin.jpg,mezcal_mexico
Mezcal,Koch El Mezcal (CRM NOM-O171X),"San Baltazar Guelavila, Oaxaca, Mexico",Koch,own_make,NULL,FALSE,FALSE,Mezcal Artesanal; Tobalá,NAS,NULL,NULL,94,47,NULL,NULL,NULL,https://www.mezcalreviews.com/mezcal/koch-tobala/;https://www.caskers.com/koch-tobala-mezcal/;https://www.masterofmalt.com/mezcal/koch-el/koch-el-maguey-tobala-mezcal/,2026-10-04,https://www.mezcalreviews.com/wp-content/uploads/2016/10/koch-tobala.jpg,mezcal_mexico
Mezcal,Koch El Mezcal (CRM NOM-O171X),"San Baltazar Guelavila, Oaxaca, Mexico",Koch,own_make,NULL,FALSE,FALSE,Mezcal Artesanal; Tepextate,NAS,NULL,NULL,94,47,NULL,NULL,NULL,https://www.mezcalreviews.com/mezcal/koch-tepextate/; https://www.masterofmalt.com/mezcal/koch-el/koch-el-maguey-tepeztate-mezcal/,2026-10-04,https://www.mezcalreviews.com/wp-content/uploads/2016/10/koch-tepextate.jpg,mezcal_mexico
Mezcal,Koch El Mezcal (CRM NOM-O171X),"San Baltazar Guelavila, Oaxaca, Mexico",Koch,own_make,NULL,FALSE,FALSE,Mezcal Artesanal; Ensamble; Tobalá; Tobasiche; Lumbre; Cirial,NAS,NULL,NULL,NULL,NULL,NULL,NULL,NULL,https://www.mezcalreviews.com/mezcal/koch-ensamble/;https://www.thewhiskyexchange.com/p/64742/koch-ensamble-mezcal,2026-10-04,https://www.mezcalreviews.com/wp-content/uploads/2016/10/koch-ensemble.jpg,mezcal_mexico
Mezcal,La Medida (CRM NOM-O209X),"San Pedro Quiatoni, Oaxaca, Mexico",La Medida,sourced,La Medida,TRUE,FALSE,Mezcal Artesanal; Espadín,NAS,NULL,NULL,96,48.0,NULL,NULL,NULL,https://www.mezcalreviews.com/mezcal/la-medida-espadin/;https://www.hitimewine.net/la-medida-espadin-mezcal-48-750ml-nom-o209x-chichicapam-119992,2026-06-27,https://cdn11.bigcommerce.com/s-k0y7xl9dpv/products/79114/images/54607/119992__74519.1717631013.386.513.jpg,mezcal_mexico
Mezcal,La Medida (CRM NOM-O209X),"San Dionisio Ocotepec, Oaxaca, Mexico",La Medida,sourced,La Medida,TRUE,FALSE,Mezcal Artesanal; Tobalá,NAS,NULL,NULL,NULL,NULL,NULL,NULL,NULL,https://www.mezcalreviews.com/mezcal/la-medida-tobala/;https://caskstore.com/products/la-medida-tobala-750-ml,2026-10-04,https://www.mezcalreviews.com/wp-content/uploads/2018/01/la-medida-tobala.jpg,mezcal_mexico
Mezcal,La Medida (CRM NOM-O209X),"Miahuatlán, Oaxaca, Mexico",La Medida,sourced,La Medida,TRUE,FALSE,Mezcal Artesanal; Tepextate,NAS,NULL,NULL,NULL,NULL,NULL,NULL,NULL,https://www.skurnik.com/sku/mezcal-tepeztate-la-medida/; https://www.mezcalreviews.com/mezcal/la-medida-tepeztate/,2026-10-04,https://www.mezcalreviews.com/wp-content/uploads/2018/01/la-medida-tepeztate.jpg,mezcal_mexico
Mezcal,La Medida (CRM NOM-O209X),"Oaxaca, Oaxaca, Mexico",La Medida,sourced,La Medida,TRUE,FALSE,Mezcal Artesanal; Cuixe,NAS,NULL,NULL,NULL,NULL,NULL,NULL,NULL,https://www.mezcalreviews.com/filter-by/brand/la-medida/,2026-06-23,NULL,mezcal_mexico
Mezcal,El Jolgorio (CRM NOM-O98X),"Sola de Vega, Oaxaca, Mexico",El Jolgorio,sourced,El Jolgorio,TRUE,FALSE,"Mezcal Ancestral; Arroqueño; clay-pot; Felipe Velasco Jiménez, Justina Ruiz Perez",NULL,NULL,NULL,101.8,50.9,NULL,NULL,NULL,https://www.mezcalreviews.com/mezcal/el-jolgorio-ancestral-arroqueno/,2026-06-08,https://www.mezcalreviews.com/wp-content/uploads/2023/02/el-jolgorio-arroqueno.jpg,mezcal_mexico
Mezcal,El Jolgorio (CRM NOM-O98X),"Sola de Vega, Oaxaca, Mexico",El Jolgorio,sourced,El Jolgorio,TRUE,FALSE,"Mezcal Ancestral; Coyote; clay-pot; Eustaquio Velasco Ruiz, Justina Ruiz Perez",NULL,NULL,NULL,106,53.0,NULL,NULL,NULL,https://www.mezcalreviews.com/mezcal/el-jolgorio-ancestral-coyote/,2026-06-08,https://www.mezcalreviews.com/wp-content/uploads/2022/03/el-jolgorio-ancestral-coyote.jpeg,mezcal_mexico
Mezcal,El Jolgorio (CRM NOM-O98X),"Sola de Vega, Oaxaca, Mexico",El Jolgorio,sourced,El Jolgorio,TRUE,FALSE,Mezcal Ancestral; Sierrudo; clay-pot; Justina Ruiz Perez,NULL,NULL,NULL,103.8,51.9,NULL,NULL,NULL,https://www.mezcalreviews.com/mezcal/el-jolgorio-ancestral-sierrudo-justina-ruiz-perez/,2026-06-08,https://www.mezcalreviews.com/wp-content/uploads/2025/11/el-jolgorio-ancestral-sierrudo.jpg,mezcal_mexico
Mezcal,El Jolgorio (CRM NOM-O98X),"Lachigui, Oaxaca, Mexico",El Jolgorio,sourced,El Jolgorio,TRUE,FALSE,Mezcal Artesanal; Arroqueño; Pedro Vasquez,NULL,NULL,NULL,100,50.0,NULL,NULL,NULL,https://www.mezcalreviews.com/mezcal/el-jolgorio-arroqueno/,2026-06-08,https://www.mezcalreviews.com/wp-content/uploads/2020/02/mezcal-el-jolgorio-arroqueno.jpg,mezcal_mexico
Mezcal,El Jolgorio (CRM NOM-O98X),"La Compañía, Santa Maria Zoquitlan, Oaxaca, Mexico",El Jolgorio,sourced,El Jolgorio,TRUE,FALSE,"Mezcal Artesanal; Barril; Gonzalo Hernandez, Gregorio Hernández López, Ignacio Parada",NULL,NULL,NULL,94,47.0,NULL,NULL,NULL,https://www.mezcalreviews.com/mezcal/el-jolgorio-barril/,2026-06-08,https://www.mezcalreviews.com/wp-content/uploads/2016/09/el-jolgorio-barril.jpg,mezcal_mexico
Mezcal,El Jolgorio (CRM NOM-O98X),"Santa Maria Zoquitlan, Oaxaca, Mexico",El Jolgorio,sourced,El Jolgorio,TRUE,FALSE,Mezcal Artesanal; Cenizo; Ignacio Parada,NULL,NULL,NULL,96,48.0,NULL,NULL,NULL,https://www.mezcalreviews.com/mezcal/el-jolgorio-cenizo/,2026-06-08,https://www.mezcalreviews.com/wp-content/uploads/2020/02/mezcal-el-jolgorio-cenizo-karwinskii.jpg,mezcal_mexico
Mezcal,El Jolgorio (CRM NOM-O98X),"Lachigui, Oaxaca, Mexico",El Jolgorio,sourced,El Jolgorio,TRUE,FALSE,Mezcal Artesanal; Coyote; Pedro Vasquez,NULL,NULL,NULL,100,50.0,NULL,NULL,NULL,https://www.mezcalreviews.com/mezcal/el-jolgorio-coyote/,2026-06-08,https://www.mezcalreviews.com/wp-content/uploads/2017/07/el-jolgorio-coyote.jpg,mezcal_mexico
Mezcal,El Jolgorio (CRM NOM-O98X),"Santa Maria Zoquitlan, Santiago Matatlán, Oaxaca, Mexico",El Jolgorio,sourced,El Jolgorio,TRUE,FALSE,"Mezcal Artesanal; Cuishe; Gregorio Martinez Jarquin, Ignacio Parada",NULL,NULL,NULL,94,47.0,NULL,NULL,NULL,https://www.mezcalreviews.com/mezcal/el-jolgorio-cuixe/,2026-06-08,https://www.mezcalreviews.com/wp-content/uploads/2016/09/el-jolgorio-cuixe.jpg,mezcal_mexico
Mezcal,El Jolgorio (CRM NOM-O98X),"Lachigui, San Luis del Rio, San Pedro Quiatoni, Santa Maria Zoquitlan, Santiago Matatlán, Oaxaca, Mexico",El Jolgorio,sourced,El Jolgorio,TRUE,FALSE,"Mezcal Artesanal; Espadin; Celso Luis Santiago, Ignacio Parada, Jose Cortez Santiago, Pedro Vasquez, Rafael Méndez Cruz, Valentin Cortes",NULL,NULL,NULL,94,47.0,NULL,NULL,NULL,https://www.mezcalreviews.com/mezcal/el-jolgorio-espadin/,2026-06-08,https://www.mezcalreviews.com/wp-content/uploads/2016/09/el-jolgorio-espadin.jpg,mezcal_mexico
Mezcal,El Jolgorio (CRM NOM-O98X),"Santa Maria Zoquitlan, Oaxaca, Mexico",El Jolgorio,sourced,El Jolgorio,TRUE,FALSE,Mezcal Artesanal; Jabali; Ignacio Parada,NULL,NULL,NULL,100,50.0,NULL,NULL,NULL,https://www.mezcalreviews.com/mezcal/el-jolgorio-jabali/,2026-06-08,https://www.mezcalreviews.com/wp-content/uploads/2020/02/mezcal-el-jolgorio-jabali.jpg,mezcal_mexico
Mezcal,El Jolgorio (CRM NOM-O98X),"Lachigui, Rio Seco, Santa Maria Zoquitlan, Santiago Matatlán, Oaxaca, Mexico",El Jolgorio,sourced,El Jolgorio,TRUE,FALSE,"Mezcal Artesanal; Madrecuishe; Gregorio Martinez Jarquin, Ignacio Parada, Pedro Vasquez, Regulo Martinez Parada",NULL,NULL,NULL,94,47.0,NULL,NULL,NULL,https://www.mezcalreviews.com/mezcal/el-jolgorio-madrecuixe/,2026-06-08,https://www.mezcalreviews.com/wp-content/uploads/2016/09/el-jolgorio-madre-cuishe.jpg,mezcal_mexico
Mezcal,El Jolgorio (CRM NOM-O98X),"La Compañía, Rio Seco, Santa Maria Zoquitlan, Santiago Matatlán, Oaxaca, Mexico",El Jolgorio,sourced,El Jolgorio,TRUE,FALSE,"Mezcal Artesanal; Mexicano; Gonzalo Hernandez, Gregorio Hernández López, Ignacio Parada, Pablo Vasquez Garcia, Regulo Martinez Parada, Valentin Cortes",NULL,NULL,NULL,94,47.0,NULL,NULL,NULL,https://www.mezcalreviews.com/mezcal/el-jolgorio-mexicano/,2026-06-08,https://www.mezcalreviews.com/wp-content/uploads/2016/09/el-jolgorio-mexicano.jpg,mezcal_mexico
Mezcal,El Jolgorio (CRM NOM-O98X),"Santa Maria Zoquitlan, Santiago Matatlán, Oaxaca, Mexico",El Jolgorio,sourced,El Jolgorio,TRUE,FALSE,"Mezcal Artesanal; Espadin; Pechuga; Gregorio Martinez Jarquin, Ignacio Parada, Valentin Cortes",NULL,NULL,NULL,94,47.0,NULL,NULL,NULL,https://www.mezcalreviews.com/mezcal/el-jolgorio-pechuga/,2026-06-08,https://www.mezcalreviews.com/wp-content/uploads/2016/09/el-jolgorio-pechuga.jpg,mezcal_mexico
Mezcal,El Jolgorio (CRM NOM-O98X),"Santiago Matatlán, Oaxaca, Mexico",El Jolgorio,sourced,El Jolgorio,TRUE,FALSE,"Mezcal Artesanal; Espadin; Pechuga; Gregorio Martinez Jarquin, Jose Cortez Santiago, Valentin Cortes",NULL,NULL,NULL,96,48.0,NULL,NULL,NULL,https://www.mezcalreviews.com/mezcal/el-jolgorio-pechuga-navidena/,2026-06-08,https://www.mezcalreviews.com/wp-content/uploads/2020/02/mezcal-el-jolgorio-pechuga-navidena.jpg,mezcal_mexico
Mezcal,El Jolgorio (CRM NOM-O98X),"Santiago Matatlán, Oaxaca, Mexico",El Jolgorio,sourced,El Jolgorio,TRUE,FALSE,Mezcal Artesanal; Sierrudo; Jose Cortez Santiago,NULL,NULL,NULL,100.6,50.3,NULL,NULL,NULL,https://www.mezcalreviews.com/mezcal/el-jolgorio-sierrudo/,2026-06-08,https://www.mezcalreviews.com/wp-content/uploads/2019/11/el-jolgorio-sierrudo.jpg,mezcal_mexico
Mezcal,El Jolgorio (CRM NOM-O98X),"Lachigui, Rio Seco, San Baltazar Guélavila, San Luis del Rio, Santa Maria Zoquitlan, Oaxaca, Mexico",El Jolgorio,sourced,El Jolgorio,TRUE,FALSE,"Mezcal Artesanal; Tepextate; Francisco Mendez, Gregorio “Don Goyo” Martinez Garcia, Ignacio Parada, Pedro Vasquez, Rafael Méndez Cruz, Reynaldo Altamirano",NULL,NULL,NULL,96,48.0,NULL,NULL,NULL,https://www.mezcalreviews.com/mezcal/el-jolgorio-tepeztate/,2026-06-08,https://www.mezcalreviews.com/wp-content/uploads/2016/09/el-jolgorio-tepeztate.jpg,mezcal_mexico
Mezcal,El Jolgorio (CRM NOM-O98X),"Lachigui, San Baltazar Guélavila, Santiago Matatlán, Oaxaca, Mexico",El Jolgorio,sourced,El Jolgorio,TRUE,FALSE,"Mezcal Artesanal; Tobala; Gregorio “Don Goyo” Martinez Garcia, Pedro Vasquez, Valentin Cortes",NULL,NULL,NULL,94,47.0,NULL,NULL,NULL,https://www.mezcalreviews.com/mezcal/el-jolgorio-tobala/,2026-06-08,https://www.mezcalreviews.com/wp-content/uploads/2016/09/el-jolgorio-tobala.jpg,mezcal_mexico
Mezcal,El Jolgorio (CRM NOM-O98X),"Agua del Espino, Lachigui, Oaxaca, Mexico",El Jolgorio,sourced,El Jolgorio,TRUE,FALSE,"Mezcal Artesanal; Tobaziche; Pablo Vasquez Garcia, Pedro Vasquez",NULL,NULL,NULL,96,48.0,NULL,NULL,NULL,https://www.mezcalreviews.com/mezcal/el-jolgorio-tobaziche/,2026-06-08,https://www.mezcalreviews.com/wp-content/uploads/2020/02/mezcal-el-jolgorio-tobaziche.jpg,mezcal_mexico
Mezcal,Nuestra Soledad (CRM NOM-O98X),"Agua del Espino, La Compañía, Oaxaca, Mexico",Nuestra Soledad,sourced,Nuestra Soledad,TRUE,FALSE,"Mezcal Artesanal; Espadin; Gonzalo Hernandez, Gregorio Hernández López, Pablo Vasquez Garcia",NULL,NULL,NULL,92,46.0,NULL,NULL,NULL,https://www.mezcalreviews.com/mezcal/nuestra-soledad-la-compania/,2026-06-08,https://www.mezcalreviews.com/wp-content/uploads/2020/01/nuestra-soledad-mezcal-ejutla.jpg,mezcal_mexico
Mezcal,Nuestra Soledad (CRM NOM-O98X),"Lachigui, Oaxaca, Mexico",Nuestra Soledad,sourced,Nuestra Soledad,TRUE,FALSE,Mezcal Artesanal; Espadin; Pedro Vasquez,NULL,NULL,NULL,98,49.0,NULL,NULL,NULL,https://www.mezcalreviews.com/mezcal/nuestra-soledad-lachigui/,2026-06-08,https://www.mezcalreviews.com/wp-content/uploads/2020/01/nuestra-soledad-mezcal-lachigui.jpg,mezcal_mexico
Mezcal,Nuestra Soledad (CRM NOM-O98X),"San Baltazar Guélavila, Oaxaca, Mexico",Nuestra Soledad,sourced,Nuestra Soledad,TRUE,FALSE,Mezcal Artesanal; Espadin; Gregorio “Don Goyo” Martinez Garcia,NULL,NULL,NULL,94,47.0,NULL,NULL,NULL,https://www.mezcalreviews.com/mezcal/nuestra-soledad-san-baltazar/,2026-06-08,https://www.mezcalreviews.com/wp-content/uploads/2020/01/nuestra-soledad-mezcal-san-baltazar.jpg,mezcal_mexico
Mezcal,Nuestra Soledad (CRM NOM-O98X),"San Luis del Rio, Oaxaca, Mexico",Nuestra Soledad,sourced,Nuestra Soledad,TRUE,FALSE,"Mezcal Artesanal; Espadin; Francisco Mendez, Javier Nolasco Diaz, Rafael Méndez Cruz",NULL,NULL,NULL,94,47.0,NULL,NULL,NULL,https://www.mezcalreviews.com/mezcal/nuestra-soledad-san-luis-del-rio/,2026-06-08,https://www.mezcalreviews.com/wp-content/uploads/2020/01/nuestra-soledad-mezcal-san-luis-del-rio.jpg,mezcal_mexico
Mezcal,Nuestra Soledad (CRM NOM-O98X),"Santiago Matatlán, Oaxaca, Mexico",Nuestra Soledad,sourced,Nuestra Soledad,TRUE,FALSE,"Mezcal Artesanal; Espadin; Gregorio Martinez Jarquin, Valentin Cortes",NULL,NULL,NULL,94,47.0,NULL,NULL,NULL,https://www.mezcalreviews.com/mezcal/nuestra-soledad-santiago-matatlan/,2026-06-08,https://www.mezcalreviews.com/wp-content/uploads/2020/01/nuestra-soledad-mezcal-santiago-matatlan.jpg,mezcal_mexico
Mezcal,Nuestra Soledad (CRM NOM-O98X),"Santa Maria Zoquitlan, Oaxaca, Mexico",Nuestra Soledad,sourced,Nuestra Soledad,TRUE,FALSE,"Mezcal Artesanal; Espadin; Ignacio Parada, Jose Parada Valera",NULL,NULL,NULL,92,46.0,NULL,NULL,NULL,https://www.mezcalreviews.com/mezcal/nuestra-soledad-sta-ma-zoquitlan/,2026-06-08,https://www.mezcalreviews.com/wp-content/uploads/2020/01/nuestra-soledad-mezcal-santa-maria-zoquitlan.jpg,mezcal_mexico
Mezcal,Pierde Almas (CRM NOM-O120X),"San Luis del Rio, Oaxaca, Mexico",Pierde Almas,sourced,Pierde Almas,TRUE,FALSE,"Mezcal Artesanal; Mexicano; Alfonso Sanchez, Gregorio Velasco Luis",NULL,NULL,NULL,102,51.0,NULL,NULL,NULL,https://www.mezcalreviews.com/mezcal/pierde-almas-dobadaan/,2026-06-08,https://www.mezcalreviews.com/wp-content/uploads/2016/09/Pierde-Almas-Dobadaan.jpeg,mezcal_mexico
Mezcal,Pierde Almas (CRM NOM-O120X),"Oaxaca, Mexico",Pierde Almas,sourced,Pierde Almas,TRUE,FALSE,Mezcal Artesanal; Lumbre,NULL,NULL,NULL,98,49.0,NULL,NULL,NULL,https://www.mezcalreviews.com/mezcal/pierde-almas-maguey-de-lumbre/,2026-06-08,https://www.mezcalreviews.com/wp-content/uploads/2016/10/pierde-almas-lumbre.jpg,mezcal_mexico
Mezcal,Pierde Almas (CRM NOM-O120X),"San Luis del Rio, Oaxaca, Mexico",Pierde Almas,sourced,Pierde Almas,TRUE,FALSE,"Mezcal Artesanal; Espadin; Pechuga; Alfonso Sanchez, Gregorio Velasco Luis",NULL,NULL,NULL,100,50.0,NULL,NULL,NULL,https://www.mezcalreviews.com/mezcal/pierde-almas-mezcal-de-pechuga/,2026-06-08,https://www.mezcalreviews.com/wp-content/uploads/2016/09/pierde-almas-pechuga.jpg,mezcal_mexico
Mezcal,Pierde Almas (CRM NOM-O120X),"Oaxaca, Mexico",Pierde Almas,sourced,Pierde Almas,TRUE,FALSE,Mezcal Artesanal; Azul; Alfonso Sanchez,NULL,NULL,NULL,105,52.5,NULL,NULL,NULL,https://www.mezcalreviews.com/mezcal/pierde-almas-tequilana-weber/,2026-06-08,https://www.mezcalreviews.com/wp-content/uploads/2017/07/pierde-almas-tequilana-weber.jpg,mezcal_mexico
Mezcal,Pierde Almas (CRM NOM-O120X),"San Baltazar Guélavila, Oaxaca, Mexico",Pierde Almas,sourced,Pierde Almas,TRUE,FALSE,Mezcal Artesanal; Tobala; Leonardo Hernandez,NULL,NULL,NULL,96,48.0,NULL,NULL,NULL,https://www.mezcalreviews.com/mezcal/pierde-almas-tobala/,2026-06-08,https://www.mezcalreviews.com/wp-content/uploads/2016/09/pierde-almas-tobala.jpg,mezcal_mexico
Mezcal,Pierde Almas (CRM NOM-O120X),"San Baltazar Guélavila, Oaxaca, Mexico",Pierde Almas,sourced,Pierde Almas,TRUE,FALSE,"Mezcal Artesanal; Tobaziche; Alfonso Sanchez, Leonardo Hernandez",NULL,NULL,NULL,98,49.0,NULL,NULL,NULL,https://www.mezcalreviews.com/mezcal/pierde-almas-tobaziche/,2026-06-08,https://www.mezcalreviews.com/wp-content/uploads/2016/09/pierda-almas-tobaziche.jpg,mezcal_mexico
Mezcal,Mezcal de los Ángeles (Real Minero) (CRM NOM-O37X),"Santa Catarina Minas, Oaxaca, Mexico",Real Minero,own_make,NULL,FALSE,FALSE,"Mezcal Ancestral; Arroqueño; clay-pot; Edgar Angeles, Lorenzo Angeles",NULL,NULL,NULL,98,49.0,NULL,NULL,NULL,https://www.mezcalreviews.com/mezcal/real-minero-arroqueno/,2026-06-08,https://www.mezcalreviews.com/wp-content/uploads/2016/09/real-minero-agave-spirit-arroqueno.jpeg,mezcal_mexico
Mezcal,Mezcal de los Ángeles (Real Minero) (CRM NOM-O37X),"Santa Catarina Minas, Oaxaca, Mexico",Real Minero,own_make,NULL,FALSE,FALSE,"Mezcal Ancestral; Barril; clay-pot; Edgar Angeles, Lorenzo Angeles",NULL,NULL,NULL,100,50.0,NULL,NULL,NULL,https://www.mezcalreviews.com/mezcal/real-minero-barril/,2026-06-08,https://www.mezcalreviews.com/wp-content/uploads/2016/09/real-minero-agave-spirit-barril.jpeg,mezcal_mexico
Mezcal,Mezcal de los Ángeles (Real Minero) (CRM NOM-O37X),"Santa Catarina Minas, Oaxaca, Mexico",Real Minero,own_make,NULL,FALSE,FALSE,"Mezcal Ancestral; Barril, Cuishe; clay-pot; Edgar Angeles",NULL,NULL,NULL,106.6,53.3,NULL,NULL,NULL,https://www.mezcalreviews.com/mezcal/real-minero-barril-cuishe/,2026-06-08,https://www.mezcalreviews.com/wp-content/uploads/2018/10/real-minero-barril-cuishe-ancestral.jpg,mezcal_mexico
Mezcal,Mezcal de los Ángeles (Real Minero) (CRM NOM-O37X),"Santa Catarina Minas, Oaxaca, Mexico",Real Minero,own_make,NULL,FALSE,FALSE,"Mezcal Ancestral; Barril, Madrecuishe; clay-pot; Edgar Angeles",NULL,NULL,NULL,102.52,51.26,NULL,NULL,NULL,https://www.mezcalreviews.com/mezcal/real-minero-barril-madrecuishe/,2026-10-04,https://www.mezcalreviews.com/wp-content/uploads/2019/07/real-minero-barril-madrecuishe.jpg,mezcal_mexico
Mezcal,Mezcal de los Ángeles (Real Minero) (CRM NOM-O37X),"Santa Catarina Minas, Oaxaca, Mexico",Real Minero,own_make,NULL,FALSE,FALSE,"Mezcal Ancestral; Cuishe; clay-pot; Edgar Angeles, Lorenzo Angeles",NULL,NULL,NULL,96,48.0,NULL,NULL,NULL,https://www.mezcalreviews.com/mezcal/real-minero-cuishe/,2026-06-08,https://www.mezcalreviews.com/wp-content/uploads/2017/11/real-minero-cuishe.jpg,mezcal_mexico
Mezcal,Mezcal de los Ángeles (Real Minero) (CRM NOM-O37X),"Santa Catarina Minas, Oaxaca, Mexico",Real Minero,own_make,NULL,FALSE,FALSE,"Mezcal Ancestral; Barril, Espadin, Largo, Tripon; clay-pot; Edgar Angeles, Lorenzo Angeles",NULL,NULL,NULL,92,46.0,NULL,NULL,NULL,https://www.mezcalreviews.com/mezcal/real-minero-ensamble/,2026-06-08,https://www.mezcalreviews.com/wp-content/uploads/2016/11/real-minero-ensemble.jpg,mezcal_mexico
Mezcal,Mezcal de los Ángeles (Real Minero) (CRM NOM-O37X),"Santa Catarina Minas, Oaxaca, Mexico",Real Minero,own_make,NULL,FALSE,FALSE,"Mezcal Ancestral; Espadin; clay-pot; Edgar Angeles, Lorenzo Angeles",NULL,NULL,NULL,92,46.0,NULL,NULL,NULL,https://www.mezcalreviews.com/mezcal/real-minero-espadin/,2026-06-08,https://www.mezcalreviews.com/wp-content/uploads/2016/09/real-minero-agave-spirit-espadin.jpeg,mezcal_mexico
Mezcal,Mezcal de los Ángeles (Real Minero) (CRM NOM-O37X),"Santa Catarina Minas, Oaxaca, Mexico",Real Minero,own_make,NULL,FALSE,FALSE,"Mezcal Ancestral; Barril, Espadin, Largo, Mexicano; clay-pot; Edgar Angeles",NULL,NULL,NULL,101.2,50.6,NULL,NULL,NULL,https://www.mezcalreviews.com/mezcal/real-minero-espadin-barril-largo-mexicanito/,2026-06-08,https://www.mezcalreviews.com/wp-content/uploads/2019/06/real-minero-espadin-barril-largo-mexicanito.jpg,mezcal_mexico
Mezcal,Mezcal de los Ángeles (Real Minero) (CRM NOM-O37X),"Santa Catarina Minas, Oaxaca, Mexico",Real Minero,own_make,NULL,FALSE,FALSE,"Mezcal Ancestral; Espadin, Largo; clay-pot; Edgar Angeles, Lorenzo Angeles",NULL,NULL,NULL,103.2,51.6,NULL,NULL,NULL,https://www.mezcalreviews.com/mezcal/real-minero-espadin-largo/,2026-06-08,https://www.mezcalreviews.com/wp-content/uploads/2017/09/real-minero-espadin-largo.jpg,mezcal_mexico
Mezcal,Mezcal de los Ángeles (Real Minero) (CRM NOM-O37X),"Santa Catarina Minas, Oaxaca, Mexico",Real Minero,own_make,NULL,FALSE,FALSE,"Mezcal Ancestral; Largo; clay-pot; Edgar Angeles, Lorenzo Angeles",NULL,NULL,NULL,96,48.0,NULL,NULL,NULL,https://www.mezcalreviews.com/mezcal/real-minero-largo/,2026-06-08,https://www.mezcalreviews.com/wp-content/uploads/2016/09/real-minero-agave-spirit-largo.jpeg,mezcal_mexico
Mezcal,Mezcal de los Ángeles (Real Minero) (CRM NOM-O37X),"Santa Catarina Minas, Oaxaca, Mexico",Real Minero,own_make,NULL,FALSE,FALSE,"Mezcal Ancestral; Becuela, Largo; clay-pot; Edgar Angeles",NULL,NULL,NULL,101.6,50.8,NULL,NULL,NULL,https://www.mezcalreviews.com/mezcal/real-minero-largo-becuela/,2026-06-08,https://www.mezcalreviews.com/wp-content/uploads/2020/02/real-minero-largo-becuela-mezcal.jpg,mezcal_mexico
Mezcal,Mezcal de los Ángeles (Real Minero) (CRM NOM-O37X),"Santa Catarina Minas, Oaxaca, Mexico",Real Minero,own_make,NULL,FALSE,FALSE,"Mezcal Ancestral; Becuela, Coyota, Espadin, Largo, Tobala; clay-pot; Edgar Angeles",NULL,NULL,NULL,108,54.0,NULL,NULL,NULL,https://www.mezcalreviews.com/mezcal/real-minero-largo-espadin-coyota-becuela-tobala/,2026-06-08,https://www.mezcalreviews.com/wp-content/uploads/2018/10/Real-Minero-Largo-Espadin-Coyota-Becuela-Tobala-ancestral.jpg,mezcal_mexico
Mezcal,Mezcal de los Ángeles (Real Minero) (CRM NOM-O37X),"Santa Catarina Minas, Oaxaca, Mexico",Real Minero,own_make,NULL,FALSE,FALSE,"Mezcal Ancestral; Largo, Tobala; clay-pot; Edgar Angeles",NULL,NULL,NULL,105,52.5,NULL,NULL,NULL,https://www.mezcalreviews.com/mezcal/real-minero-largo-tobala/,2026-06-08,https://www.mezcalreviews.com/wp-content/uploads/2020/02/real-minero-largo-tobala-mezcal.jpg,mezcal_mexico
Mezcal,Mezcal de los Ángeles (Real Minero) (CRM NOM-O37X),"Santa Catarina Minas, Oaxaca, Mexico",Real Minero,own_make,NULL,FALSE,FALSE,Mezcal Ancestral; Marteño; clay-pot; Edgar Angeles,NULL,NULL,NULL,102.2,51.1,NULL,NULL,NULL,https://www.mezcalreviews.com/mezcal/real-minero-marteno/,2026-06-08,https://www.mezcalreviews.com/wp-content/uploads/2020/10/real-minero-marteno-mezcal.jpg,mezcal_mexico
Mezcal,Mezcal de los Ángeles (Real Minero) (CRM NOM-O37X),"Santa Catarina Minas, Oaxaca, Mexico",Real Minero,own_make,NULL,FALSE,FALSE,"Mezcal Ancestral; Barril, Marteño; clay-pot; Edgar Angeles",NULL,NULL,NULL,106.8,53.4,NULL,NULL,NULL,https://www.mezcalreviews.com/mezcal/real-minero-marteno-barril/,2026-06-08,https://www.mezcalreviews.com/wp-content/uploads/2020/01/real-minero-marteno-barril-mezcal-ancestral.jpg,mezcal_mexico
Mezcal,Mezcal de los Ángeles (Real Minero) (CRM NOM-O37X),"Santa Catarina Minas, Oaxaca, Mexico",Real Minero,own_make,NULL,FALSE,FALSE,"Mezcal Ancestral; Espadin; clay-pot; Pechuga; Edgar Angeles, Lorenzo Angeles",NULL,NULL,NULL,100,50.0,NULL,NULL,NULL,https://www.mezcalreviews.com/mezcal/real-minero-pechuga/,2026-06-08,https://www.mezcalreviews.com/wp-content/uploads/2016/09/real-minero-agave-spirit-pechuga.jpeg,mezcal_mexico
Mezcal,Mezcal de los Ángeles (Real Minero) (CRM NOM-O37X),"Santa Catarina Minas, Oaxaca, Mexico",Real Minero,own_make,NULL,FALSE,FALSE,Mezcal Ancestral; San Martinero; clay-pot; Edgar Angeles,NULL,NULL,NULL,108.2,54.1,NULL,NULL,NULL,https://www.mezcalreviews.com/mezcal/real-minero-san-martinero/,2026-06-08,https://www.mezcalreviews.com/wp-content/uploads/2020/10/real-minero-san-martinero-mezcal.jpg,mezcal_mexico
Mezcal,Mezcal de los Ángeles (Real Minero) (CRM NOM-O37X),"Santa Catarina Minas, Oaxaca, Mexico",Real Minero,own_make,NULL,FALSE,FALSE,Mezcal Ancestral; Sierrudo; clay-pot; Edgar Angeles,NULL,NULL,NULL,98.4,49.2,NULL,NULL,NULL,https://www.mezcalreviews.com/mezcal/real-minero-sierrudo/,2026-06-08,https://www.mezcalreviews.com/wp-content/uploads/2019/11/real-minero-sierrudo-mezcal.jpg,mezcal_mexico
Mezcal,Mezcal de los Ángeles (Real Minero) (CRM NOM-O37X),"Santa Catarina Minas, Oaxaca, Mexico",Real Minero,own_make,NULL,FALSE,FALSE,"Mezcal Ancestral; Tobala; clay-pot; Edgar Angeles, Lorenzo Angeles",NULL,NULL,NULL,100,50.0,NULL,NULL,NULL,https://www.mezcalreviews.com/mezcal/real-minero-tobala/,2026-06-08,https://www.mezcalreviews.com/wp-content/uploads/2016/09/real-minero-tobala.jpg,mezcal_mexico
Mezcal,Mezcal de los Ángeles (Real Minero) (CRM NOM-O37X),"Santa Catarina Minas, Oaxaca, Mexico",Real Minero,own_make,NULL,FALSE,FALSE,"Mezcal Ancestral; Tripon; clay-pot; Edgar Angeles, Lorenzo Angeles",NULL,NULL,NULL,96,48.0,NULL,NULL,NULL,https://www.mezcalreviews.com/mezcal/real-minero-tripon/,2026-06-08,https://www.mezcalreviews.com/wp-content/uploads/2017/11/real-minero-tripon.jpg,mezcal_mexico
Mezcal,Rey Campero (CRM NOM-O185X),"Candelaria Yegolé, Oaxaca, Mexico",Rey Campero,own_make,NULL,FALSE,FALSE,Mezcal Artesanal; Arroqueño; Romulo Sanchez Parada,NULL,NULL,NULL,NULL,NULL,NULL,NULL,NULL,https://www.mezcalreviews.com/mezcal/rey-campero-arroqueno/,2026-06-08,https://www.mezcalreviews.com/wp-content/uploads/2017/06/rey-campero-arroqueno.jpg,mezcal_mexico
Mezcal,Rey Campero (CRM NOM-AMMA3),"Candelaria Yegolé, Oaxaca, Mexico",Rey Campero,own_make,NULL,FALSE,FALSE,Mezcal Artesanal; Azul; Vicente Sánchez Parada,NULL,NULL,NULL,105.4,52.7,NULL,NULL,NULL,https://www.mezcalreviews.com/mezcal/rey-campero-azul/; https://www.hitimewine.net/rey-campero-azul-tequilana-joven-mezcal-52.7-750m-nom-amma3-la-candela-zoquitlan-129992,2026-10-04,https://www.mezcalreviews.com/wp-content/uploads/2023/05/rey-campero-azul.jpg,mezcal_mexico
Mezcal,Rey Campero (CRM NOM-O185X),"Candelaria Yegolé, Oaxaca, Mexico",Rey Campero,own_make,NULL,FALSE,FALSE,Mezcal Artesanal; Castilla; Romulo Sanchez Parada,NULL,NULL,NULL,96,48.0,NULL,NULL,NULL,https://www.mezcalreviews.com/mezcal/rey-campero-castilla/,2026-06-08,https://www.mezcalreviews.com/wp-content/uploads/2018/07/rey-campero-castilla-mezcal-new.jpg,mezcal_mexico
Mezcal,Rey Campero (CRM NOM-O185X),"Candelaria Yegolé, Oaxaca, Mexico",Rey Campero,own_make,NULL,FALSE,FALSE,Mezcal Artesanal; Chato; Romulo Sanchez Parada,NULL,NULL,NULL,99.2,49.6,NULL,NULL,NULL,https://www.mezcalreviews.com/mezcal/rey-campero-chato/,2026-06-08,https://www.mezcalreviews.com/wp-content/uploads/2018/10/rey-campero-chato.jpg,mezcal_mexico
Mezcal,Rey Campero (CRM NOM-O185X),"Candelaria Yegolé, Oaxaca, Mexico",Rey Campero,own_make,NULL,FALSE,FALSE,Mezcal Artesanal; Coyote; Romulo Sanchez Parada,NULL,NULL,NULL,97.4,48.7,NULL,NULL,NULL,https://www.mezcalreviews.com/mezcal/rey-campero-coyote/,2026-06-08,https://www.mezcalreviews.com/wp-content/uploads/2019/10/rey-campero-coyote-mezcal-joven.jpg,mezcal_mexico
Mezcal,Rey Campero (CRM NOM-O185X),"Candelaria Yegolé, Oaxaca, Mexico",Rey Campero,own_make,NULL,FALSE,FALSE,"Mezcal Artesanal; Cuishe; Ramiro Sanchez Altamirano, Romulo Sanchez Parada",NULL,NULL,NULL,96,48.0,NULL,NULL,NULL,https://www.mezcalreviews.com/mezcal/rey-campero-cuishe/,2026-06-08,https://www.mezcalreviews.com/wp-content/uploads/2016/11/rey-campero-cuishe-mezcal-joven.jpg,mezcal_mexico
Mezcal,Rey Campero (CRM NOM-O185X),"Candelaria Yegolé, Oaxaca, Mexico",Rey Campero,own_make,NULL,FALSE,FALSE,"Mezcal Artesanal; Cuishe, Jabali; Vicente Sánchez Parada",NULL,NULL,NULL,100.2,50.1,NULL,NULL,NULL,https://www.mezcalreviews.com/mezcal/rey-campero-cuishe-jabali/,2026-06-08,https://www.mezcalreviews.com/wp-content/uploads/2021/08/rey-campero-cuishe-jabali.jpg,mezcal_mexico
Mezcal,Rey Campero (CRM NOM-AMMA3),"Candelaria Yegolé, Oaxaca, Mexico",Rey Campero,own_make,NULL,FALSE,FALSE,"Mezcal Artesanal; Cuishe, Espadin; Vicente Sánchez Parada",NULL,NULL,NULL,97,48.5,NULL,NULL,NULL,https://www.mezcalreviews.com/mezcal/rey-campero-espadin-cuishe/,2026-06-08,https://www.mezcalreviews.com/wp-content/uploads/2023/11/rey-campero-espadin-cuishe-scaled.jpeg,mezcal_mexico
Mezcal,Rey Campero (CRM NOM-O185X),"Candelaria Yegolé, Oaxaca, Mexico",Rey Campero,own_make,NULL,FALSE,FALSE,"Mezcal Ancestral; Espadin, Pulquero; clay-pot; Romulo Sanchez Parada",NULL,NULL,NULL,100.8,50.4,NULL,NULL,NULL,https://www.mezcalreviews.com/mezcal/rey-campero-espadin-pulquero/,2026-06-08,https://www.mezcalreviews.com/wp-content/uploads/2017/07/rey-campero-espadin-pulquero.jpg,mezcal_mexico
Mezcal,Rey Campero (CRM NOM-O185X),"Candelaria Yegolé, Oaxaca, Mexico",Rey Campero,own_make,NULL,FALSE,FALSE,"Mezcal Artesanal; Jabali; Romulo Sanchez Parada, Vicente Sánchez Parada",NULL,NULL,NULL,96,48.0,NULL,NULL,NULL,https://www.mezcalreviews.com/mezcal/rey-campero-jabali/,2026-06-08,https://www.mezcalreviews.com/wp-content/uploads/2016/09/rey-campero-jabali-mezcal-joven.jpg,mezcal_mexico
Mezcal,Rey Campero (CRM NOM-O185X),"Candelaria Yegolé, Oaxaca, Mexico",Rey Campero,own_make,NULL,FALSE,FALSE,Mezcal Ancestral; Jabali; clay-pot; Romulo Sanchez Parada,NULL,NULL,NULL,99.4,49.7,NULL,NULL,NULL,https://www.mezcalreviews.com/mezcal/rey-campero-jabali-clay-pot/,2026-06-08,https://www.mezcalreviews.com/wp-content/uploads/2020/11/rey-campero-jabali-en-barro-clay-pot.jpg,mezcal_mexico
Mezcal,Rey Campero (CRM NOM-O185X),"Candelaria Yegolé, Oaxaca, Mexico",Rey Campero,own_make,NULL,FALSE,FALSE,"Mezcal Artesanal; Jabali, Tepextate; Romulo Sanchez Parada",NULL,NULL,NULL,96,48.0,NULL,NULL,NULL,https://www.mezcalreviews.com/mezcal/rey-campero-jabali-tepextate/,2026-06-08,https://www.mezcalreviews.com/wp-content/uploads/2018/09/rey-campero-jabali-tepextate.jpg,mezcal_mexico
Mezcal,Rey Campero (CRM NOM-AMMA3),"Candelaria Yegolé, Oaxaca, Mexico",Rey Campero,own_make,NULL,FALSE,FALSE,"Mezcal Artesanal; Jabali, Mexicano Penca Larga, Tobala; Vicente Sánchez Parada",NULL,NULL,NULL,96.6,48.3,NULL,NULL,NULL,https://www.mezcalreviews.com/mezcal/rey-campero-jabali-tobala-mexicano-penca-larga/,2026-06-08,https://www.mezcalreviews.com/wp-content/uploads/2025/03/rey-campero-jabali-tobala-mexicano-penca-larga.jpg,mezcal_mexico
Mezcal,Rey Campero (CRM NOM-O185X),"Candelaria Yegolé, Oaxaca, Mexico",Rey Campero,own_make,NULL,FALSE,FALSE,Mezcal Artesanal; Mexicano; Romulo Sanchez Parada,NULL,NULL,NULL,96,48.0,NULL,NULL,NULL,https://www.mezcalreviews.com/mezcal/rey-campero-mexicano/,2026-06-08,https://www.mezcalreviews.com/wp-content/uploads/2016/11/rey-campero-mexicano-mezcal-joven.jpg,mezcal_mexico
Mezcal,Rey Campero (CRM NOM-O185X),"Candelaria Yegolé, Oaxaca, Mexico",Rey Campero,own_make,NULL,FALSE,FALSE,"Mezcal Artesanal; Coyote, Cuishe, Mexicano, Tepextate; Romulo Sanchez Parada",NULL,NULL,NULL,96.8,48.4,NULL,NULL,NULL,https://www.mezcalreviews.com/mezcal/rey-campero-mexicano-cuishe-tepeztate-coyote/,2026-06-08,https://www.mezcalreviews.com/wp-content/uploads/2021/02/rey-campero-mexicano-cuishe-tepeztate-coyote-2.jpg,mezcal_mexico
Mezcal,Rey Campero (CRM NOM-O185X),"Candelaria Yegolé, Oaxaca, Mexico",Rey Campero,own_make,NULL,FALSE,FALSE,"Mezcal Artesanal; Jabali, Sierra Negra, Tepextate; Romulo Sanchez Parada",NULL,NULL,NULL,97.4,48.7,NULL,NULL,NULL,https://www.mezcalreviews.com/mezcal/rey-campero-mezcla-salvaje/,2026-06-08,https://www.mezcalreviews.com/wp-content/uploads/2017/09/rey-campero-mezcla-salvaje.jpg,mezcal_mexico
Mezcal,Rey Campero (CRM NOM-AMMA3),"Candelaria Yegolé, Oaxaca, Mexico",Rey Campero,own_make,NULL,FALSE,FALSE,Mezcal Artesanal; Espadin; Pechuga; Vicente Sánchez Parada,NULL,NULL,NULL,96,48.0,NULL,NULL,NULL,https://www.mezcalreviews.com/mezcal/rey-campero-pechuga-de-codorniz/,2026-06-08,https://www.mezcalreviews.com/wp-content/uploads/2022/07/rey-campero-pechuga-de-codorniz.jpg,mezcal_mexico
Mezcal,Rey Campero (CRM NOM-AMMA3),"Candelaria Yegolé, Oaxaca, Mexico",Rey Campero,own_make,NULL,FALSE,FALSE,Mezcal Artesanal; Pulquero; Vicente Sánchez Parada,NULL,NULL,NULL,104,52.0,NULL,NULL,NULL,https://www.mezcalreviews.com/mezcal/rey-campero-pulquero/,2026-06-08,https://www.mezcalreviews.com/wp-content/uploads/2024/01/rey-campero-pulquero.jpg,mezcal_mexico
Mezcal,Rey Campero (CRM NOM-O185X),"Candelaria Yegolé, Oaxaca, Mexico",Rey Campero,own_make,NULL,FALSE,FALSE,Mezcal Artesanal; Sierra Negra; Romulo Sanchez Parada,NULL,NULL,NULL,NULL,NULL,NULL,NULL,NULL,https://www.mezcalreviews.com/mezcal/rey-campero-sierra-negra/,2026-06-08,https://www.mezcalreviews.com/wp-content/uploads/2016/11/rey-campero-sierra-negra-mezcal-joven.jpg,mezcal_mexico
Mezcal,Rey Campero (CRM NOM-O185X),"Candelaria Yegolé, Oaxaca, Mexico",Rey Campero,own_make,NULL,FALSE,FALSE,"Mezcal Artesanal; Tepextate; Romulo Sanchez Parada, Vicente Sánchez Parada",NULL,NULL,NULL,96,48.0,NULL,NULL,NULL,https://www.mezcalreviews.com/mezcal/rey-campero-tepextate/,2026-06-08,https://www.mezcalreviews.com/wp-content/uploads/2016/09/rey-campero-tepextate-mezcal-joven.jpg,mezcal_mexico
Mezcal,Rey Campero (CRM NOM-O185X),"Candelaria Yegolé, Oaxaca, Mexico",Rey Campero,own_make,NULL,FALSE,FALSE,"Mezcal Artesanal; Cuishe, Espadin, Tepextate; Romulo Sanchez Parada",NULL,NULL,NULL,103,51.5,NULL,NULL,NULL,https://www.mezcalreviews.com/mezcal/rey-campero-tepextate-cuishe-espadin/,2026-06-08,https://www.mezcalreviews.com/wp-content/uploads/2018/09/rey-campero-tepextate-cuishe-espadin.jpg,mezcal_mexico
Mezcal,Rey Campero (CRM NOM-O185X),"Candelaria Yegolé, Oaxaca, Mexico",Rey Campero,own_make,NULL,FALSE,FALSE,"Mezcal Artesanal; Pulquero, Tepextate; Romulo Sanchez Parada",NULL,NULL,NULL,96,48.0,NULL,NULL,NULL,https://www.mezcalreviews.com/mezcal/rey-campero-tepextate-pulquero/,2026-06-08,https://www.mezcalreviews.com/wp-content/uploads/2020/01/rey-campero-tepextate-pulquero-mezcal.jpg,mezcal_mexico
Mezcal,Rey Campero (CRM NOM-O185X),"Candelaria Yegolé, Oaxaca, Mexico",Rey Campero,own_make,NULL,FALSE,FALSE,"Mezcal Artesanal; Mexicano, Tepextate; Vicente Sánchez Parada",NULL,NULL,NULL,104.6,52.3,NULL,NULL,NULL,https://www.mezcalreviews.com/mezcal/rey-campero-tepeztate-mexicano/,2026-06-08,https://www.mezcalreviews.com/wp-content/uploads/2023/03/rey-campero-tepeztate-mexicano.jpg,mezcal_mexico
Mezcal,Rey Campero (CRM NOM-O185X),"Candelaria Yegolé, Oaxaca, Mexico",Rey Campero,own_make,NULL,FALSE,FALSE,Mezcal Artesanal; Tobala; Romulo Sanchez Parada,NULL,NULL,NULL,96,48.0,NULL,NULL,NULL,https://www.mezcalreviews.com/mezcal/rey-campero-tobala/,2026-06-08,https://www.mezcalreviews.com/wp-content/uploads/2016/11/rey-campero-tobala-mezcal-joven.jpg,mezcal_mexico
Mezcal,Rey Campero (CRM NOM-AMMA3),"Candelaria Yegolé, Oaxaca, Mexico",Rey Campero,own_make,NULL,FALSE,FALSE,"Mezcal Artesanal; Chino, Coyote, Tobala; Vicente Sánchez Parada",NULL,NULL,NULL,100.8,50.4,NULL,NULL,NULL,https://www.mezcalreviews.com/mezcal/rey-campero-tobala-chino-coyote/,2026-06-08,https://www.mezcalreviews.com/wp-content/uploads/2024/09/rey-campero-ensamble-tobala-chino-coyote.jpg,mezcal_mexico
Mezcal,El Jolgorio (CRM NOM-O98X),"Rio Seco, Oaxaca, Mexico",El Jolgorio,sourced,El Jolgorio,TRUE,FALSE,Mezcal Artesanal; Coyote; Regulo Martinez Parada,NULL,NULL,NULL,100.6,50.3,NULL,NULL,NULL,https://www.mezcalreviews.com/mezcal/todos-santos-mezcaleros-coyote/,2026-06-08,https://www.mezcalreviews.com/wp-content/uploads/2022/03/el-jolgorio-todos-santos-coyote.jpeg,mezcal_mexico
Mezcal,El Jolgorio (CRM NOM-O98X),"Lachigui, Oaxaca, Mexico",El Jolgorio,sourced,El Jolgorio,TRUE,FALSE,Mezcal Artesanal; Tobala; Pedro Vasquez,NULL,NULL,NULL,108,54.0,NULL,NULL,NULL,https://www.mezcalreviews.com/mezcal/todos-santos-mezcaleros-tobala/,2026-06-08,https://www.mezcalreviews.com/wp-content/uploads/2022/01/el-jolgorio-todos-santos-tobala.jpeg,mezcal_mexico
Mezcal,El Jolgorio (CRM NOM-O98X),"Agua del Espino, Oaxaca, Mexico",El Jolgorio,sourced,El Jolgorio,TRUE,FALSE,Mezcal Artesanal; Tobaziche; Pablo Vasquez Garcia,NULL,NULL,NULL,104,52.0,NULL,NULL,NULL,https://www.mezcalreviews.com/mezcal/todos-santos-mezcaleros-tobasiche/,2026-06-08,https://www.mezcalreviews.com/wp-content/uploads/2021/01/el-jolgorio-todos-santos-mezcaleros-tobasiche.jpg,mezcal_mexico
Mezcal,Bozal (CRM NOM-O472X),"Santa Catarina Minas, Oaxaca, Mexico",Bozal,sourced,Bozal,TRUE,FALSE,Mezcal Ancestral; Barril; clay-pot,NAS,,,94.0,47.0,,,,https://www.mezcalreviews.com/mezcal/bozal-barril/,2026-06-08,https://www.mezcalreviews.com/wp-content/uploads/2019/03/bozal-barril-ancestral-mezcal.jpg,mezcal_mexico
Mezcal,Bozal (CRM NOM-O363X / NOM-O472X),"Ejutla, Oaxaca, Mexico",Bozal,sourced,Bozal,TRUE,FALSE,Mezcal Artesanal; Castilla; Pechuga,NAS,,,104.0,52.0,,,,https://www.mezcalreviews.com/mezcal/bozal-borrego/; https://bozalmezcal.com/wp-content/uploads/2023/03/BZ_TN_Borrego_EP_032423.pdf,2026-10-04,https://www.mezcalreviews.com/wp-content/uploads/2017/05/Bozal-Borrego.jpg,mezcal_mexico
Mezcal,Bozal (CRM NOM-O363X / NOM-O472X),"San Juan Bautista, Oaxaca, Mexico",Bozal,sourced,Bozal,TRUE,FALSE,Mezcal Ancestral; Castilla; clay-pot,NAS,,,94.6,47.3,,,,https://www.mezcalreviews.com/mezcal/bozal-castilla/; https://bozalmezcal.com/bz_tn_castilla_032423/,2026-10-04,https://www.mezcalreviews.com/wp-content/uploads/2017/05/Bozal-Castilla.jpg,mezcal_mexico
Mezcal,Bozal (CRM NOM-O472X),"Etla, Oaxaca, Mexico",Bozal,sourced,Bozal,TRUE,FALSE,Mezcal Ancestral; Espadin; clay-pot; Pechuga,NAS,,,94.0,47.0,,,,https://www.mezcalreviews.com/mezcal/bozal-cempasuchil/,2026-06-08,https://www.mezcalreviews.com/wp-content/uploads/2024/10/bozal-cempasuchil-mezcal.jpg,mezcal_mexico
Mezcal,Bozal (CRM NOM-O472X),"San Nicolas, Durango, Mexico",Bozal,sourced,Bozal,TRUE,FALSE,Mezcal Artesanal; Cenizo,NAS,,,94.0,47.0,,,,https://www.mezcalreviews.com/mezcal/bozal-cenizo/; https://bozalmezcal.com/bz_tn_cenizo_032423/,2026-10-04,https://www.mezcalreviews.com/wp-content/uploads/2020/04/bozal-cenizo-mezcal.jpg,mezcal_mexico
Mezcal,Bozal (CRM NOM-O472X),"Sola de Vega, Oaxaca, Mexico",Bozal,sourced,Bozal,TRUE,FALSE,Mezcal Ancestral; Verde; clay-pot,NAS,,,96.8,48.4,,,,https://www.mezcalreviews.com/mezcal/bozal-chino-verde/,2026-06-08,https://www.mezcalreviews.com/wp-content/uploads/2019/02/bozal-chino-verde.jpg,mezcal_mexico
Mezcal,Bozal (CRM NOM-O363X),"Sola de Vega, Oaxaca, Mexico",Bozal,sourced,Bozal,TRUE,FALSE,Mezcal Ancestral; Coyote; clay-pot,NAS,,,105.6,52.8,,,,https://www.mezcalreviews.com/mezcal/bozal-coyote/,2026-06-08,https://www.mezcalreviews.com/wp-content/uploads/2017/05/Bozal-Coyote.jpg,mezcal_mexico
Mezcal,Bozal (CRM NOM-O363X / NOM-O472X),"San Luis Amatlan, Oaxaca, Mexico",Bozal,sourced,Bozal,TRUE,FALSE,Mezcal Artesanal; Cuishe,NAS,,,94.0,47.0,,,,https://www.mezcalreviews.com/mezcal/bozal-cuixe/,2026-06-08,https://www.mezcalreviews.com/wp-content/uploads/2017/01/bozal-cuixe.jpg,mezcal_mexico
Mezcal,Bozal (CRM NOM-O363X / NOM-O472X),"Ejutla, Oaxaca, Mexico",Bozal,sourced,Bozal,TRUE,FALSE,"Mezcal Artesanal; Barril, Espadin, Mexicano",NAS,,,94.0,47.0,,,,https://www.mezcalreviews.com/mezcal/bozal-ensamble/,2026-06-08,https://www.mezcalreviews.com/wp-content/uploads/2017/01/bozal-espadin-barril-mexicano.jpg,mezcal_mexico
Mezcal,Bozal (CRM NOM-O472X),"Rio de Ejutla, Oaxaca, Mexico",Bozal,sourced,Bozal,TRUE,FALSE,Mezcal Artesanal; Espadin; Pechuga,NAS,,,94.0,47.0,,,,https://www.mezcalreviews.com/mezcal/bozal-guias-de-calabaza/,2026-06-08,https://www.mezcalreviews.com/wp-content/uploads/2023/01/bozal-guias-de-calabeza.jpg,mezcal_mexico
Mezcal,Bozal (CRM NOM-O472X),"Rio de Ejutla, Oaxaca, Mexico",Bozal,sourced,Bozal,TRUE,FALSE,"Mezcal Artesanal; Espadin, Mexicano, Tobaziche; Pechuga",NAS,,,94.0,47.0,,,,https://www.mezcalreviews.com/mezcal/bozal-iberico/,2026-06-08,https://www.mezcalreviews.com/wp-content/uploads/2020/04/bozal-iberico-mezcal.jpg,mezcal_mexico
Mezcal,Bozal (CRM NOM-O472X),"Sola de Vega, Oaxaca, Mexico",Bozal,sourced,Bozal,TRUE,FALSE,Mezcal Ancestral; Jabali; clay-pot,NAS,,,94.0,47.0,,,,https://www.mezcalreviews.com/mezcal/bozal-jabali/,2026-06-08,https://www.mezcalreviews.com/wp-content/uploads/2020/04/bozal-jabali-mezcal.jpg,mezcal_mexico
Mezcal,Bozal (CRM NOM-O472X),"San Luis Amatlan, Oaxaca, Mexico",Bozal,sourced,Bozal,TRUE,FALSE,Mezcal Artesanal; Madrecuishe,NAS,,,92.0,46.0,,,,https://www.mezcalreviews.com/mezcal/bozal-madrecuishe/,2026-06-08,https://www.mezcalreviews.com/wp-content/uploads/2020/09/bozal-madrecuishe-mezcal.jpg,mezcal_mexico
Mezcal,Bozal (CRM NOM-O363X / NOM-O472X),"Mazatlán, Guerrero, Mexico",Bozal,sourced,Bozal,TRUE,FALSE,Mezcal Artesanal; Pechuga,NAS,,,93.8,46.9,,,,https://www.mezcalreviews.com/mezcal/bozal-pechuga/; https://bozalmezcal.com/bz_tn_pechuga_060123/,2026-10-04,https://www.mezcalreviews.com/wp-content/uploads/2017/05/Bozal-Pechuga.jpg,mezcal_mexico
Mezcal,Bozal (CRM NOM-O472X),"Mazatlán, Guerrero, Mexico",Bozal,sourced,Bozal,TRUE,FALSE,Mezcal Artesanal; Sacatoro,NAS,,,89.6,44.8,,,,https://www.mezcalreviews.com/mezcal/bozal-sacatoro/,2026-06-08,https://www.mezcalreviews.com/wp-content/uploads/2019/08/bozal-sacatoro-agave-sacatoro.jpg,mezcal_mexico
Mezcal,Bozal (CRM NOM-O472X),"Santa Ana, Oaxaca, Mexico",Bozal,sourced,Bozal,TRUE,FALSE,Mezcal Artesanal; Tepextate,NAS,,,90.0,45.0,,,,https://www.mezcalreviews.com/mezcal/bozal-tepeztate/,2026-06-08,https://www.mezcalreviews.com/wp-content/uploads/2019/02/bozal-tepeztate.jpg,mezcal_mexico
Mezcal,Bozal (CRM NOM-O472X),"San Juan Bautista, Oaxaca, Mexico",Bozal,sourced,Bozal,TRUE,FALSE,Mezcal Ancestral; Tobala; clay-pot,NAS,,,92.4,46.2,,,,https://www.mezcalreviews.com/mezcal/bozal-tobala-2/,2026-06-08,https://www.mezcalreviews.com/wp-content/uploads/2019/03/bozal-tobala-mezcal.jpg,mezcal_mexico
Mezcal,Bozal (CRM NOM-O363X / NOM-O472X),"Ejutla, Oaxaca, Mexico",Bozal,sourced,Bozal,TRUE,FALSE,Mezcal Artesanal; Tobaziche,NAS,,,94.0,47.0,,,,https://www.mezcalreviews.com/mezcal/bozal-tobasiche/; https://bozalmezcal.com/bz_tn_tobasiche_032723/,2026-10-04,https://www.mezcalreviews.com/wp-content/uploads/2017/01/bozal-tobasiche.jpg,mezcal_mexico
Mezcal,Convite (CRM NOM-O231X),"San Baltazar Guélavila, Oaxaca, Mexico",Convite,own_make,,FALSE,FALSE,Mezcal Artesanal; Coyote,NAS,,,92.0,46.0,,,,https://www.mezcalreviews.com/mezcal/convite-coyote/,2026-06-08,https://www.mezcalreviews.com/wp-content/uploads/2018/12/convite-mezcal-coyote.jpg,mezcal_mexico
Mezcal,Convite (CRM NOM-O231X),"San Baltazar Guélavila, Oaxaca, Mexico",Convite,own_make,,FALSE,FALSE,"Mezcal Artesanal; Lumbre, Madrecuishe, Tepextate, Tobala, Tobaziche",NAS,,,92.0,46.0,,,,https://www.mezcalreviews.com/mezcal/convite-ensamble-silvestre/,2026-06-08,https://www.mezcalreviews.com/wp-content/uploads/2018/12/convite-mezcal-ensamble-silvestre.jpg,mezcal_mexico
Mezcal,Convite (CRM NOM-O231X),"San Baltazar Guélavila, Oaxaca, Mexico",Convite,own_make,,FALSE,FALSE,Mezcal Artesanal; Espadin,NAS,,,76.0,38.0,,,,https://www.mezcalreviews.com/mezcal/convite-esencial/,2026-06-08,https://www.mezcalreviews.com/wp-content/uploads/2019/01/convite-esencial-mezcal.jpg,mezcal_mexico
Mezcal,Convite (CRM NOM-O231X),"San Baltazar Guélavila, Oaxaca, Mexico",Convite,own_make,,FALSE,FALSE,"Mezcal Artesanal; Espadin, Madrecuishe",NAS,,,92.0,46.0,,,,https://www.mezcalreviews.com/mezcal/convite-espadin-madrecuishe/,2026-06-08,https://www.mezcalreviews.com/wp-content/uploads/2019/01/convite-mezcal-espadin-madrecuishe.jpg,mezcal_mexico
Mezcal,Convite (CRM NOM-O231X),"San Baltazar Guélavila, , Mexico",Convite,own_make,,FALSE,FALSE,Mezcal Artesanal; Jabali,NAS,,,92.0,46.0,,,,https://www.mezcalreviews.com/mezcal/convite-jabali/,2026-06-08,https://www.mezcalreviews.com/wp-content/uploads/2018/12/convite-mezcal-jabali.jpg,mezcal_mexico
Mezcal,Convite (CRM NOM-O231X),"San Baltazar Guélavila, Oaxaca, Mexico",Convite,own_make,,FALSE,FALSE,Mezcal Artesanal; Tepextate,NAS,,,92.0,46.0,,,,https://www.mezcalreviews.com/mezcal/convite-tepextate/,2026-06-08,https://www.mezcalreviews.com/wp-content/uploads/2018/12/convite-mezcal-tepextate.jpg,mezcal_mexico
Mezcal,Convite (CRM NOM-O231X),"San Baltazar Guélavila, Oaxaca, Mexico",Convite,own_make,,FALSE,FALSE,Mezcal Artesanal; Tobala,NAS,,,92.0,46.0,,,,https://www.mezcalreviews.com/mezcal/convite-tobala/,2026-06-08,https://www.mezcalreviews.com/wp-content/uploads/2018/12/convite-mezcal-tobala.jpg,mezcal_mexico
Mezcal,El Buho (CRM NOM-O110X),"Santiago Matatlán, Oaxaca, Mexico",El Buho,sourced,El Buho,TRUE,FALSE,Mezcal Artesanal; Arroqueño; Especial,NAS,,,106.0,53.0,,,,https://www.mezcalreviews.com/mezcal/el-buho-arroqueno/,2026-06-08,https://www.mezcalreviews.com/wp-content/uploads/2021/03/el-buho-arroqueno.jpg,mezcal_mexico
Mezcal,El Buho (CRM NOM-O110X),"Santiago Matatlán, Oaxaca, Mexico",El Buho,sourced,El Buho,TRUE,FALSE,Mezcal Artesanal; Cuishe; Especial,NAS,,2017 Release,96.0,48.0,,,,https://www.mezcalreviews.com/mezcal/el-buho-especial-cuishe/,2026-10-02,https://www.mezcalreviews.com/wp-content/uploads/2018/08/el-buho-cuishe-mezcal.jpg,mezcal_mexico
Mezcal,El Buho (CRM NOM-O110X),"Santiago Matatlán, Oaxaca, Mexico",El Buho,sourced,El Buho,TRUE,FALSE,"Mezcal Artesanal; Arroqueño, Barril, Coyote, Cuishe; Especial",NAS,,2019 Release,100.0,50.0,,,,https://www.mezcalreviews.com/mezcal/el-buho-especial-ensamble/,2026-10-02,https://www.mezcalreviews.com/wp-content/uploads/2018/08/el-buho-especial-ensamble-mezcal.jpg,mezcal_mexico
Mezcal,El Buho (CRM NOM-O110X),"Santiago Matatlán, Oaxaca, Mexico",El Buho,sourced,El Buho,TRUE,FALSE,Mezcal Artesanal; Jabali; Especial,NAS,,2017 Release,87.0,43.5,,,,https://www.mezcalreviews.com/mezcal/el-buho-especial-jabali/,2026-10-02,https://www.mezcalreviews.com/wp-content/uploads/2018/08/el-buho-jabali-mezcal.jpg,mezcal_mexico
Mezcal,El Buho (CRM NOM-O110X),"Santiago Matatlán, Oaxaca, Mexico",El Buho,sourced,El Buho,TRUE,FALSE,Mezcal Artesanal; Pulquero; Especial,NAS,,2019 Release,96.0,48.0,,,,https://www.mezcalreviews.com/mezcal/el-buho-especial-pulquero/,2026-10-02,https://www.mezcalreviews.com/wp-content/uploads/2018/08/el-buho-pulquero-mezcal.jpg,mezcal_mexico
Mezcal,El Buho (CRM NOM-O110X),"Santiago Matatlán, Oaxaca, Mexico",El Buho,sourced,El Buho,TRUE,FALSE,Mezcal Artesanal; Tepextate; Especial,NAS,,2017 Release,96.0,48.0,,,,https://www.mezcalreviews.com/mezcal/el-buho-especial-tepextate/,2026-10-02,https://www.mezcalreviews.com/wp-content/uploads/2018/08/el-buho-tepeztate-mezcal.jpg,mezcal_mexico
Mezcal,El Buho (CRM NOM-O110X),"Santiago Matatlán, Oaxaca, Mexico",El Buho,sourced,El Buho,TRUE,FALSE,Mezcal Artesanal; Espadin,NAS,,,86.0,43.0,,,,https://www.mezcalreviews.com/mezcal/el-buho-mezcal/; https://elbuhomezcal.com/product/espadin/,2026-10-04,https://www.mezcalreviews.com/wp-content/uploads/2016/12/el-buho.jpg,mezcal_mexico
Mezcal,El Buho (CRM NOM-O110X),"Santiago Matatlán, Oaxaca, Mexico",El Buho,sourced,El Buho,TRUE,FALSE,Mezcal Artesanal; Espadin; capón; Especial,NAS,,,94.0,47.0,,,,https://www.mezcalreviews.com/mezcal/el-buho-puro-capon/,2026-06-08,https://www.mezcalreviews.com/wp-content/uploads/2021/03/el-buho-espadin-puro-capon.jpg,mezcal_mexico
Mezcal,El Buho (CRM NOM-O110X),"Santiago Matatlán, Oaxaca, Mexico",El Buho,sourced,El Buho,TRUE,FALSE,"Mezcal Artesanal; Espadin, Tobala; Especial",NAS,,2017 Release,94.0,47.0,,,,https://www.mezcalreviews.com/mezcal/el-buho-tobala-espadin/,2026-10-02,https://www.mezcalreviews.com/wp-content/uploads/2018/08/el-buho-tobala-espadin-ensamble-mezcal.jpg,mezcal_mexico
Mezcal,Gusto Historico (CRM NOM verify),"Miahuatlán, Oaxaca, Mexico",Gusto Histórico,sourced,Gusto Histórico,TRUE,FALSE,Mezcal Artesanal; Madrecuishe; mezcalero Juan Ramirez,NAS,,,93.2,46.6,,,,https://www.mezcalreviews.com/mezcal/gusto-historico-madrecuixe-juan-ramirez/,2026-06-08,https://www.mezcalreviews.com/wp-content/uploads/2023/12/gusto-historico-madrecuixe-juan-ramirez.jpg,mezcal_mexico
Mezcal,La Nina del Mezcal (CRM NOM-O170X),"Santiago Matatlán, Oaxaca, Mexico",La Niña del Mezcal,sourced,La Niña del Mezcal,TRUE,FALSE,Mezcal Artesanal; Espadin,NAS,,,96.0,48.0,,,,https://www.mezcalreviews.com/mezcal/la-nina-del-mezcal-espadin/,2026-06-08,https://www.mezcalreviews.com/wp-content/uploads/2017/03/la-nina-del-mezcal-espadin.jpg,mezcal_mexico
Mezcal,La Nina del Mezcal (CRM NOM-O170X),"Santiago Matatlán, Oaxaca, Mexico",La Niña del Mezcal,sourced,La Niña del Mezcal,TRUE,FALSE,Mezcal Artesanal; Madrecuishe,NAS,,,87.2,43.6,,,,https://www.mezcalreviews.com/mezcal/la-nina-del-mezcal-madrecuixe/,2026-06-08,https://www.mezcalreviews.com/wp-content/uploads/2017/12/la-nina-del-mezcal-madrecuixe-1.jpg,mezcal_mexico
Mezcal,La Nina del Mezcal (CRM NOM-O170X),"Santiago Matatlán, Oaxaca, Mexico",La Niña del Mezcal,sourced,La Niña del Mezcal,TRUE,FALSE,Mezcal Artesanal; Espadin; Pechuga,NAS,,,98.4,49.2,,,,https://www.mezcalreviews.com/mezcal/la-nina-del-mezcal-pechuga/,2026-06-08,https://www.mezcalreviews.com/wp-content/uploads/2017/12/la-nina-del-mezcal-pehcuga.jpg,mezcal_mexico
Mezcal,La Nina del Mezcal (CRM NOM-O170X),"Santiago Matatlán, Oaxaca, Mexico",La Niña del Mezcal,sourced,La Niña del Mezcal,TRUE,FALSE,Mezcal Artesanal; Espadin; Primario,NAS,,,80.0,40.0,,,,https://www.mezcalreviews.com/mezcal/la-nina-del-mezcal-primario/,2026-06-08,https://www.mezcalreviews.com/wp-content/uploads/2017/03/la-nina-del-mezcal-primario.jpg,mezcal_mexico
Mezcal,La Nina del Mezcal (CRM NOM-O170X),"San Juan del Rio, Oaxaca, Mexico",La Niña del Mezcal,sourced,La Niña del Mezcal,TRUE,FALSE,Mezcal Artesanal; Tobala,NAS,,,96.8,48.4,,,,https://www.mezcalreviews.com/mezcal/la-nina-del-mezcal-tobala/,2026-06-23,https://www.mezcalreviews.com/wp-content/uploads/2017/12/la-nina-del-mezcal-tobala.jpg,mezcal_mexico
Mezcal,Lalocura (CRM NOM-O602X),"Santa Catarina Minas, Oaxaca, Mexico",Lalocura,sourced,Lalocura,TRUE,FALSE,Mezcal Ancestral; Cuishe; clay-pot,NAS,,,94.0,47.0,,,,https://www.mezcalreviews.com/mezcal/lalocura-cuishe/,2026-06-08,https://www.mezcalreviews.com/wp-content/uploads/2018/07/Lalocura-cuishe.jpg,mezcal_mexico
Mezcal,Lalocura (CRM NOM-O602X),"Santa Catarina Minas, Oaxaca, Mexico",Lalocura,sourced,Lalocura,TRUE,FALSE,"Mezcal Ancestral; Cuishe, Tepextate; clay-pot",NAS,,,100.0,50.0,,,,https://www.mezcalreviews.com/mezcal/lalocura-cuixe-tepeztate/,2026-06-08,https://www.mezcalreviews.com/wp-content/uploads/2025/02/lalocura-mezcal-generic.jpg,mezcal_mexico
Mezcal,Lalocura (CRM NOM-O602X),"Santa Catarina Minas, Oaxaca, Mexico",Lalocura,sourced,Lalocura,TRUE,FALSE,Mezcal Ancestral; Espadin; clay-pot,NAS,,,98.0,49.0,,,,https://www.mezcalreviews.com/mezcal/lalocura-espadin/,2026-06-08,https://www.mezcalreviews.com/wp-content/uploads/2018/07/lalocura-mezcal-espadin.jpg,mezcal_mexico
Mezcal,Lalocura (CRM NOM-O602X),"Santa Catarina Minas, Oaxaca, Mexico",Lalocura,sourced,Lalocura,TRUE,FALSE,"Mezcal Ancestral; Espadin, Tobaziche; clay-pot; Pechuga",NAS,,,98.0,49.0,,,,https://www.mezcalreviews.com/mezcal/lalocura-pechuga/,2026-06-08,https://www.mezcalreviews.com/wp-content/uploads/2019/02/lalocura-pechuga.jpg,mezcal_mexico
Mezcal,Lalocura (CRM NOM-O602X),"Santa Catarina Minas, Oaxaca, Mexico",Lalocura,sourced,Lalocura,TRUE,FALSE,Mezcal Ancestral; San Martinero; clay-pot,NAS,,,98.0,49.0,,,,https://www.mezcalreviews.com/mezcal/lalocura-san-martinero/,2026-06-08,https://www.mezcalreviews.com/wp-content/uploads/2018/07/lalocura-mezcal-san-martinero.jpg,mezcal_mexico
Mezcal,Lalocura (CRM NOM-O602X),"Santa Catarina Minas, Oaxaca, Mexico",Lalocura,sourced,Lalocura,TRUE,FALSE,Mezcal Ancestral; Tepextate; clay-pot,NAS,,,102.0,51.0,,,,https://www.mezcalreviews.com/mezcal/lalocura-tepeztate/,2026-06-08,https://www.mezcalreviews.com/wp-content/uploads/2018/07/Lalocura-mezcal-tepeztate.jpg,mezcal_mexico
Mezcal,Lalocura (CRM NOM-O602X),"Santa Catarina Minas, Oaxaca, Mexico",Lalocura,sourced,Lalocura,TRUE,FALSE,Mezcal Ancestral; Tobala; clay-pot,NAS,,,98.0,49.0,,,,https://www.mezcalreviews.com/mezcal/lalocura-tobala/,2026-06-08,https://www.mezcalreviews.com/wp-content/uploads/2018/07/lalocura-tobala.jpg,mezcal_mexico
Mezcal,Lalocura (CRM NOM-O602X),"Santa Catarina Minas, Oaxaca, Mexico",Lalocura,sourced,Lalocura,TRUE,FALSE,Mezcal Ancestral; Tobaziche; clay-pot,NAS,,,98.0,49.0,,,,https://www.mezcalreviews.com/mezcal/lalocura-tobasiche/,2026-06-08,https://www.mezcalreviews.com/wp-content/uploads/2018/07/lalocura-tobasiche.jpg,mezcal_mexico
Mezcal,Lalocura (CRM NOM-O602X),"Santa Catarina Minas, Oaxaca, Mexico",Lalocura,sourced,Lalocura,TRUE,FALSE,"Mezcal Ancestral; Espadin, Tobaziche; clay-pot",NAS,,,98.0,49.0,,,,https://www.mezcalreviews.com/mezcal/lalocura-tobasiche-espadin/,2026-06-08,https://www.mezcalreviews.com/wp-content/uploads/2018/07/Lalocura-mezcal-tobasiche-espadin.jpg,mezcal_mexico
Mezcal,Mal Bien (CRM NOM verify),"Ejutla, Oaxaca, Mexico",Mal Bien,sourced,Mal Bien,TRUE,FALSE,Mezcal Artesanal; Arroqueño; mezcalero Félix Ramírez Mendez,NAS,,,93.4,46.7,,,,https://www.mezcalreviews.com/mezcal/mal-bien-arroqueno-felix-ramirez/,2026-06-08,https://www.mezcalreviews.com/wp-content/uploads/2026/02/mal-bien-arroqueno-ramirez.jpg,mezcal_mexico
Mezcal,Marca Negra (CRM NOM-O72X),"Santa Maria La Pila, Oaxaca, Mexico",Marca Negra,sourced,Marca Negra,TRUE,FALSE,Mezcal Artesanal; Arroqueño,NAS,,,96.0,48.0,,,,https://www.mezcalreviews.com/mezcal/marca-negra-arroqueno/,2026-06-08,https://www.mezcalreviews.com/wp-content/uploads/2016/11/marca-negra-arroqueno.jpg,mezcal_mexico
Mezcal,Marca Negra (CRM NOM verify),"Chilapa de Álvarez, Guerrero, Mexico",Marca Negra,sourced,Marca Negra,TRUE,FALSE,Mezcal Artesanal,NAS,,,96.0,48.0,,,,https://www.mezcalreviews.com/mezcal/marca-negra-cupreata/,2026-06-08,https://www.mezcalreviews.com/wp-content/uploads/2020/12/marca-negra-cupreata.jpg,mezcal_mexico
Mezcal,Marca Negra (CRM NOM-O396X / NOM-O72X),"Santa Maria La Pila, Oaxaca, Mexico",Marca Negra,sourced,Marca Negra,TRUE,FALSE,Mezcal Artesanal; Mexicano,NAS,,,98.0,49.0,,,,https://www.mezcalreviews.com/mezcal/marca-negra-dobadan/,2026-06-08,https://www.mezcalreviews.com/wp-content/uploads/2016/09/marca-negra-mezcal-dobadan.jpg,mezcal_mexico
Mezcal,Marca Negra (CRM NOM-O396X / NOM-O72X),"Ejutla, Oaxaca, Mexico",Marca Negra,sourced,Marca Negra,TRUE,FALSE,"Mezcal Artesanal; Bicuishe, Espadin, Madrecuishe, Mexicano, San Martinero",NAS,,,96.0,48.0,,,,https://www.mezcalreviews.com/mezcal/marca-negra-ensamble/,2026-06-08,https://www.mezcalreviews.com/wp-content/uploads/2016/09/marca-negra-mezcal-ensemble.jpg,mezcal_mexico
Mezcal,Marca Negra (CRM NOM-O232X / NOM-O396X / NOM-O72X),"Ejutla, Oaxaca, Mexico",Marca Negra,sourced,Marca Negra,TRUE,FALSE,Mezcal Artesanal; Espadin,NAS,,,100.0,50.0,,,,https://www.mezcalreviews.com/mezcal/marca-negra-espadin/,2026-06-08,https://www.mezcalreviews.com/wp-content/uploads/2016/09/marca-negra-mezcal-espadin.jpg,mezcal_mexico
Mezcal,Marca Negra (CRM NOM-O72X),"Ejutla, Oaxaca, Mexico",Marca Negra,sourced,Marca Negra,TRUE,FALSE,Mezcal Artesanal; San Martinero,NAS,,2017 Release,92.0,46.0,,,,https://www.mezcalreviews.com/mezcal/marca-negra-sanmartin/,2026-10-02,https://www.mezcalreviews.com/wp-content/uploads/2017/09/marca-negra-mezcal-sanmartin.jpg,mezcal_mexico
Mezcal,Marca Negra (CRM NOM-O232X),"San Luis del Rio, Oaxaca, Mexico",Marca Negra,sourced,Marca Negra,TRUE,FALSE,Mezcal Artesanal; Sierra Negra,NAS,,2019 Release,92.0,46.0,,,,https://www.mezcalreviews.com/mezcal/marca-negra-sierra-negra/,2026-10-02,https://www.mezcalreviews.com/wp-content/uploads/2019/05/marca-negra-mezcal-generic.jpg,mezcal_mexico
Mezcal,Marca Negra (CRM NOM-O72X),"San Luis del Rio, Oaxaca, Mexico",Marca Negra,sourced,Marca Negra,TRUE,FALSE,Mezcal Artesanal; Tepextate,NAS,,,94.0,47.0,,,,https://www.mezcalreviews.com/mezcal/marca-negra-tepeztate/,2026-06-08,https://www.mezcalreviews.com/wp-content/uploads/2016/11/marca-negra-tepeztate.jpg,mezcal_mexico
Mezcal,Marca Negra (CRM NOM-O72X),"San Luis del Rio, Oaxaca, Mexico",Marca Negra,sourced,Marca Negra,TRUE,FALSE,Mezcal Artesanal; Tobala,NAS,,,96.0,48.0,,,,https://www.mezcalreviews.com/mezcal/marca-negra-tobala/,2026-06-08,https://www.mezcalreviews.com/wp-content/uploads/2016/09/marca-negra-mezcal-tobala.jpg,mezcal_mexico
Mezcal,Mezcalero (CRM NOM-O14X),"San Juan del Rio, Oaxaca, Mexico",Mezcalero,sourced,Mezcalero,TRUE,FALSE,"Mezcal Artesanal; Tepextate, Tobala; mezcalero Joel Antonio Cruz",NAS,,2009 Release; No. 1,91.2,45.6,,,,https://www.mezcalreviews.com/mezcal/mezcalero-no-1/,2026-10-02,https://www.mezcalreviews.com/wp-content/uploads/2016/09/mezcalero-generic.jpg,mezcal_mexico
Mezcal,Mezcalero (CRM NOM-O14X),"San Juan del Rio, Oaxaca, Mexico",Mezcalero,sourced,Mezcalero,TRUE,FALSE,Mezcal Artesanal; Sierra Negra; mezcalero Rodolfo Juan Juarez,NAS,,2014 Release; No. 10,93.4,46.7,,,,https://www.mezcalreviews.com/mezcal/mezcalero-no-10/,2026-10-02,https://www.mezcalreviews.com/wp-content/uploads/2016/09/mezcalero-generic.jpg,mezcal_mexico
Mezcal,Mezcalero (CRM NOM-O14X),"Miahuatlán, Oaxaca, Mexico",Mezcalero,sourced,Mezcalero,TRUE,FALSE,"Mezcal Artesanal; Bicuishe, Espadin, Madrecuishe, Mexicano; mezcalero Alberto Ortiz",NAS,,2014 Release; No. 11,94.6,47.3,,,,https://www.mezcalreviews.com/mezcal/mezcalero-no-11/,2026-10-02,https://www.mezcalreviews.com/wp-content/uploads/2016/09/mezcalero-generic.jpg,mezcal_mexico
Mezcal,Mezcalero (CRM NOM-O14X),"San Miguel, Michoacán, Mexico",Mezcalero,sourced,Mezcalero,TRUE,FALSE,Mezcal Artesanal; mezcalero Emilio Vieyra,NAS,,2015 Release; No. 12,92.6,46.3,,,,https://www.mezcalreviews.com/mezcal/mezcalero-no-12/,2026-10-02,https://www.mezcalreviews.com/wp-content/uploads/2016/09/mezcalero-generic.jpg,mezcal_mexico
Mezcal,Mezcalero (CRM NOM-O14X),"San Luis del Rio, Oaxaca, Mexico",Mezcalero,sourced,Mezcalero,TRUE,FALSE,"Mezcal Artesanal; Tepextate, Tobala; mezcalero Luis Cruz",NAS,,2015 Release; No. 13,94.6,47.3,,,,https://www.mezcalreviews.com/mezcal/mezcalero-no-13/,2026-10-02,https://www.mezcalreviews.com/wp-content/uploads/2016/09/mezcalero-13.jpg,mezcal_mexico
Mezcal,Mezcalero (CRM NOM-O14X),"Potrero, Oaxaca, Mexico",Mezcalero,sourced,Mezcalero,TRUE,FALSE,Mezcal Artesanal; Arroqueño; mezcalero Jesus Rios,NAS,,2015 Release; No. 14,95.4,47.7,,,,https://www.mezcalreviews.com/mezcal/mezcalero-no-14/,2026-10-02,https://www.mezcalreviews.com/wp-content/uploads/2016/09/mezcalero-14.jpg,mezcal_mexico
Mezcal,Mezcalero (CRM NOM-O14X),"San Luis del Rio, Oaxaca, Mexico",Mezcalero,sourced,Mezcalero,TRUE,FALSE,Mezcal Artesanal; Sierra Negra; mezcalero Baltazar Cruz Gomez,NAS,,2016 Release; No. 15,94.4,47.2,,,,https://www.mezcalreviews.com/mezcal/mezcalero-no-15/,2026-10-02,https://www.mezcalreviews.com/wp-content/uploads/2016/09/mezcalero-15.jpg,mezcal_mexico
Mezcal,Mezcalero (CRM NOM-O14X),"Santa Maria La Pila, Oaxaca, Mexico",Mezcalero,sourced,Mezcalero,TRUE,FALSE,Mezcal Artesanal; Madrecuishe; mezcalero Valente Angel García,NAS,,2016 Release; No. 16,94.4,47.2,,,,https://www.mezcalreviews.com/mezcal/mezcalero-no-16/,2026-10-02,https://www.mezcalreviews.com/wp-content/uploads/2016/09/mezcalero-16.jpg,mezcal_mexico
Mezcal,Mezcalero (CRM NOM-O14X),"San Baltazar Guélavila, Oaxaca, Mexico",Mezcalero,sourced,Mezcalero,TRUE,FALSE,"Mezcal Artesanal; Espadin, Lumbre; mezcalero Cirilo Hernandez",NAS,,2016 Release; No. 17,96.0,48.0,,,,https://www.mezcalreviews.com/mezcal/mezcalero-no-17/,2026-10-02,https://www.mezcalreviews.com/wp-content/uploads/2016/12/mezcalero-17.jpg,mezcal_mexico
Mezcal,Mezcalero (CRM NOM-O14X),"Sola de Vega, Oaxaca, Mexico",Mezcalero,sourced,Mezcalero,TRUE,FALSE,Mezcal Ancestral; Arroqueño; clay-pot; mezcalero Jesus Rios,NAS,,2018 Release; No. 20,97.0,48.5,,,,https://www.mezcalreviews.com/mezcal/mezcalero-no-20/,2026-10-02,https://www.mezcalreviews.com/wp-content/uploads/2018/06/Mezcalero-20.jpg,mezcal_mexico
Mezcal,Mezcalero (CRM NOM-O14X),"San Luis del Rio, Oaxaca, Mexico",Mezcalero,sourced,Mezcalero,TRUE,FALSE,"Mezcal Artesanal; Cirial, Tepextate, Tobala; mezcalero Baltazar Cruz Gomez",NAS,,2018 Release; No. 21,96.0,48.0,,,,https://www.mezcalreviews.com/mezcal/mezcalero-no-21/,2026-10-02,https://www.mezcalreviews.com/wp-content/uploads/2016/09/mezcalero-generic.jpg,mezcal_mexico
Mezcal,Mezcalero (CRM NOM-O14X),"Santa Maria La Pila, Oaxaca, Mexico",Mezcalero,sourced,Mezcalero,TRUE,FALSE,Mezcal Artesanal; Bicuishe; mezcalero Valente Angel García,NAS,,2019 Release; No. 22,94.8,47.4,,,,https://www.mezcalreviews.com/mezcal/mezcalero-no-22/,2026-10-02,https://www.mezcalreviews.com/wp-content/uploads/2016/09/mezcalero-generic.jpg,mezcal_mexico
Mezcal,Mezcalero (CRM NOM-O14X),"San Baltazar Guélavila, Oaxaca, Mexico",Mezcalero,sourced,Mezcalero,TRUE,FALSE,Mezcal Artesanal; Sierrudo; mezcalero Cirilo Hernandez,NAS,,2019 Release; No. 23,92.0,46.0,,,,https://www.mezcalreviews.com/mezcal/mezcalero-no-23/,2026-10-02,https://www.mezcalreviews.com/wp-content/uploads/2019/08/mezcalero-no-23.jpg,mezcal_mexico
Mezcal,Mezcalero (CRM NOM-O14X),"San Luis del Rio, Oaxaca, Mexico",Mezcalero,sourced,Mezcalero,TRUE,FALSE,"Mezcal Artesanal; Espadin, Tepextate; mezcalero Baltazar Cruz Gomez",NAS,,2020 Release; No. 24,92.8,46.4,,,,https://www.mezcalreviews.com/mezcal/mezcalero-no-24/,2026-10-02,https://www.mezcalreviews.com/wp-content/uploads/2020/04/mezcalero-24-mezcal-tepextate-espadin.jpg,mezcal_mexico
Mezcal,Mezcalero (CRM NOM-O14X),"San Baltazar Guélavila, Oaxaca, Mexico",Mezcalero,sourced,Mezcalero,TRUE,FALSE,Mezcal Artesanal; Tobala; mezcalero Cirilo Hernandez,NAS,2013,2021 Release; No. 25,95.0,47.5,,,,https://www.mezcalreviews.com/mezcal/mezcalero-no-25/;https://craftdistillers.com/trade-info/mezcalero-info/,2026-10-02,https://www.mezcalreviews.com/wp-content/uploads/2016/09/mezcalero-generic.jpg,mezcal_mexico
Mezcal,Mezcalero (CRM NOM-O14X),"Santa Maria La Pila, Oaxaca, Mexico",Mezcalero,sourced,Mezcalero,TRUE,FALSE,Mezcal Artesanal; Arroqueño; mezcalero Valente Angel García,NAS,2018,2021 Release; No. 26,94.0,47.0,,,,https://www.mezcalreviews.com/mezcal/mezcalero-no-26/;https://craftdistillers.com/trade-info/mezcalero-info/,2026-10-02,https://www.mezcalreviews.com/wp-content/uploads/2016/09/mezcalero-generic.jpg,mezcal_mexico
Mezcal,Mezcalero (CRM NOM-O14X),"San Juan del Rio, Oaxaca, Mexico",Mezcalero,sourced,Mezcalero,TRUE,FALSE,"Mezcal Artesanal; Espadin, Jabali, Tepextate; mezcalero Rodolfo Juan Juarez",NAS,2019,2021 Release; No. 27,92.0,46.0,,,,https://www.mezcalreviews.com/mezcal/mezcalero-no-27/;https://craftdistillers.com/trade-info/mezcalero-info/,2026-10-02,https://www.mezcalreviews.com/wp-content/uploads/2016/09/mezcalero-generic.jpg,mezcal_mexico
Mezcal,Mezcalero (CRM NOM-O14X),"Santa Maria La Pila, Oaxaca, Mexico",Mezcalero,sourced,Mezcalero,TRUE,FALSE,"Mezcal Artesanal; Bicuishe, Espadin, Madrecuishe, Mexicano; mezcalero Valente Angel García",NAS,2013,2023 Release; No. 28,94.0,47.0,,,,https://www.mezcalreviews.com/mezcal/mezcalero-no-28/;https://craftdistillers.com/trade-info/mezcalero-info/,2026-10-02,https://www.mezcalreviews.com/wp-content/uploads/2016/09/mezcalero-generic.jpg,mezcal_mexico
Mezcal,Mezcalero (CRM NOM-O14X),"Santiago Matatlán, Oaxaca, Mexico",Mezcalero,sourced,Mezcalero,TRUE,FALSE,Mezcal Artesanal; Tepextate; mezcalero Octavio Jiménez Monterroza,NAS,2019,2023 Release; No. 29,93.0,46.5,,,,https://www.mezcalreviews.com/mezcal/mezcalero-no-29/;https://craftdistillers.com/trade-info/mezcalero-info/,2026-10-02,https://www.mezcalreviews.com/wp-content/uploads/2023/05/mezcalero-29.jpg,mezcal_mexico
Mezcal,Mezcalero (CRM NOM-O14X),"Santa Maria La Pila, Oaxaca, Mexico",Mezcalero,sourced,Mezcalero,TRUE,FALSE,"Mezcal Artesanal; Espadin, Mexicano; mezcalero Valente Angel García",NAS,,2011 Release; No. 3,94.0,47.0,,,,https://www.mezcalreviews.com/mezcal/mezcalero-no-3/,2026-10-02,https://www.mezcalreviews.com/wp-content/uploads/2016/09/mezcalero-generic.jpg,mezcal_mexico
Mezcal,Mezcalero (CRM NOM-O14X),"Potrero, Oaxaca, Mexico",Mezcalero,sourced,Mezcalero,TRUE,FALSE,Mezcal Ancestral; Arroqueño; clay-pot; mezcalero Felix Garcia,NAS,,2013 Release; No. 9,92.0,46.0,,,,https://www.mezcalreviews.com/mezcal/mezcalero-no-9/,2026-10-02,https://www.mezcalreviews.com/wp-content/uploads/2016/09/mezcalero-generic.jpg,mezcal_mexico
Mezcal,Mezcalero (CRM NOM-O14X),"Miahuatlán, Oaxaca, Mexico",Mezcalero Special Bottling,sourced,Mezcalero Special Bottling,TRUE,FALSE,Mezcal Artesanal; Madrecuishe; mezcalero Alberto Ortiz,NAS,,2015 Release; Special Bottling No. 1,100.0,50.0,,,,https://www.mezcalreviews.com/mezcal/mezcalero-special-bottling-no-1/,2026-10-02,https://www.mezcalreviews.com/wp-content/uploads/2016/09/mezcalero-special-bottling-2.jpg,mezcal_mexico
Mezcal,Mezcalero (CRM NOM-O14X),"Santa Maria La Pila, Oaxaca, Mexico",Mezcalero Special Bottling,sourced,Mezcalero Special Bottling,TRUE,FALSE,Mezcal Artesanal; Mexicano; mezcalero Valente Angel García,NAS,,2016 Release; Special Bottling No. 2,94.0,47.0,,,,https://www.mezcalreviews.com/mezcal/mezcalero-special-bottling-no-2/,2026-10-02,https://www.mezcalreviews.com/wp-content/uploads/2016/09/mezcalero-special-bottling-2.jpg,mezcal_mexico
Mezcal,Mezcalero (CRM NOM-O14X),"San Juan del Rio, Oaxaca, Mexico",Mezcalero Special Bottling,sourced,Mezcalero Special Bottling,TRUE,FALSE,Mezcal Artesanal; Tobala; mezcalero Rodolfo Juan Juarez,NAS,,2017 Release; Special Bottling No. 3,97.0,48.5,,,,https://www.mezcalreviews.com/mezcal/mezcalero-special-bottling-no-3/,2026-10-02,https://www.mezcalreviews.com/wp-content/uploads/2017/07/Mezcalero-special-release-3.jpg,mezcal_mexico
Mezcal,Mezcalero (CRM NOM-O14X),"Santa Maria La Pila, Oaxaca, Mexico",Mezcalero Special Bottling,sourced,Mezcalero Special Bottling,TRUE,FALSE,"Mezcal Artesanal; Bicuishe, Espadin; mezcalero Valente Angel García",NAS,,2018 Release; Special Bottling No. 4,94.8,47.4,,,,https://www.mezcalreviews.com/mezcal/mezcalero-special-bottling-no-4-de-cabra/,2026-10-02,https://www.mezcalreviews.com/wp-content/uploads/2018/01/mezcalero-sp-edition-no-4-de-cabra.jpg,mezcal_mexico
Mezcal,Mezcalero (CRM NOM-O14X),"Nombre de Dios, Durango, Mexico",Mezcalero Special Bottling,sourced,Mezcalero Special Bottling,TRUE,FALSE,Mezcal Artesanal; Cenizo,NAS,2019,2019 Release; Special Bottling No. 5,94.0,47.0,,,,https://www.mezcalreviews.com/mezcal/mezcalero-special-bottling-no-5/;https://craftdistillers.com/trade-info/mezcalero-info/,2026-10-02,https://www.mezcalreviews.com/wp-content/uploads/2020/03/mezcalero-special-edition-5-mezcal-durango.jpg,mezcal_mexico
Mezcal,Mezcalero (CRM NOM-O14X),"San Juan del Rio, Oaxaca, Mexico",Mezcalero Special Bottling,sourced,Mezcalero Special Bottling,TRUE,FALSE,Mezcal Artesanal; Azul; mezcalero Rodolfo Juan Juarez,NAS,2022,2023 Release; Special Bottling No. 6,96.0,48.0,,,,https://www.mezcalreviews.com/mezcal/mezcalero-special-bottling-no-6/;https://craftdistillers.com/trade-info/mezcalero-info/,2026-10-02,https://www.mezcalreviews.com/wp-content/uploads/2023/10/mezcalero-special-edition-number-six.jpg,mezcal_mexico
Mezcal,Mezcalosfera (CRM NOM-O315X),"Miahuatlán, Oaxaca, Mexico",Mezcalosfera,sourced,Mezcalosfera,TRUE,FALSE,"Mezcal Artesanal; Bicuishe, Madrecuishe, Tobala; mezcalero Margarito Cortés",NAS,,,90.6,45.3,,,,https://www.mezcalreviews.com/mezcal/mezcalosfera-bicuishe-tobala-madrecuishe-margarito-cortes/,2026-06-08,https://www.mezcalreviews.com/wp-content/uploads/2017/06/mezcalosfera-sample-bottle.jpg,mezcal_mexico
Mezcal,Mezcalosfera (CRM NOM-O315X),"Miahuatlán, Oaxaca, Mexico",Mezcalosfera,sourced,Mezcalosfera,TRUE,FALSE,"Mezcal Artesanal; Bicuishe, Madrecuishe, Verde; mezcalero Emanuel Ramos",NAS,,2017 Release,96.6,48.3,,,,https://www.mezcalreviews.com/mezcal/mezcalosfera-bicuixe-madrecuixe-verde/,2026-10-02,https://www.mezcalreviews.com/wp-content/uploads/2017/06/mezcalosfera-sample-bottle.jpg,mezcal_mexico
Mezcal,Mezcalosfera (CRM NOM-O315X),"Miahuatlán, Oaxaca, Mexico",Mezcalosfera,sourced,Mezcalosfera,TRUE,FALSE,Mezcal Artesanal; Espadin; Pechuga; mezcalero Margarito Cortés,NAS,,2017 Release,106.2,53.1,,,,https://www.mezcalreviews.com/mezcal/mezcalosfera-con-mango-y-chile-habanero/,2026-10-02,https://www.mezcalreviews.com/wp-content/uploads/2017/06/mezcalosfera-sample-bottle.jpg,mezcal_mexico
Mezcal,Mezcalosfera (CRM NOM-O315X),"Miahuatlán, Oaxaca, Mexico",Mezcalosfera,sourced,Mezcalosfera,TRUE,FALSE,Mezcal Artesanal; Espadin; Pechuga; mezcalero Job Cortés,NAS,,,90.0,45.0,,,,https://www.mezcalreviews.com/mezcal/mezcalosfera-con-mango-y-chile-habanero-job-cortes/,2026-06-08,https://www.mezcalreviews.com/wp-content/uploads/2017/06/mezcalosfera-sample-bottle.jpg,mezcal_mexico
Mezcal,Mezcalosfera (CRM NOM-O315X),"Miahuatlán, Oaxaca, Mexico",Mezcalosfera,sourced,Mezcalosfera,TRUE,FALSE,Mezcal Artesanal; Espadin; Pechuga; mezcalero Margarito Cortés; con Cacao,NAS,,2017 Release,104.6,52.3,,,,https://www.mezcalreviews.com/mezcal/mezcalosfera-espadin-con-cacao/,2026-10-02,https://www.mezcalreviews.com/wp-content/uploads/2017/06/mezcalosfera-sample-bottle.jpg,mezcal_mexico
Mezcal,Mezcalosfera (CRM NOM-O315X),"Miahuatlán, Oaxaca, Mexico",Mezcalosfera,sourced,Mezcalosfera,TRUE,FALSE,Mezcal Artesanal; Espadin; Pechuga; mezcalero Margarito Cortés; con Café,NAS,,,94.2,47.1,,,,https://www.mezcalreviews.com/mezcal/mezcalosfera-espadin-con-cafe/,2026-06-08,https://www.mezcalreviews.com/wp-content/uploads/2017/06/mezcalosfera-sample-bottle.jpg,mezcal_mexico
Mezcal,Mezcalosfera (CRM NOM-O315X),"Miahuatlán, Oaxaca, Mexico",Mezcalosfera,sourced,Mezcalosfera,TRUE,FALSE,"Mezcal Artesanal; Espadin, Jabali; mezcalero Victor Ramos",NAS,,,95.4,47.7,,,,https://www.mezcalreviews.com/mezcal/mezcalosfera-espadin-jabali/,2026-06-08,https://www.mezcalreviews.com/wp-content/uploads/2017/06/mezcalosfera-sample-bottle.jpg,mezcal_mexico
Mezcal,Mezcalosfera (CRM NOM-O315X),"Miahuatlán, Oaxaca, Mexico",Mezcalosfera,sourced,Mezcalosfera,TRUE,FALSE,Mezcal Artesanal; Madrecuishe; mezcalero Margarito Cortés,NAS,,2017 Release,106.8,53.4,,,,https://www.mezcalreviews.com/mezcal/mezcalosfera-madrecuixe/,2026-10-02,https://www.mezcalreviews.com/wp-content/uploads/2017/06/mezcalosfera-sample-bottle.jpg,mezcal_mexico
Mezcal,Mezcalosfera (CRM NOM-O315X),"Miahuatlán, Oaxaca, Mexico",Mezcalosfera,sourced,Mezcalosfera,TRUE,FALSE,"Mezcal Artesanal; Bicuishe, Madrecuishe, Tepextate, Tobaziche; mezcalero Emanuel Ramos",NAS,,2016 Release,102.2,51.1,,,,https://www.mezcalreviews.com/mezcal/mezcalosfera-madrecuixe-bicuixe-tobaxiche-tepextate/,2026-10-02,https://www.mezcalreviews.com/wp-content/uploads/2017/06/mezcalosfera-sample-bottle.jpg,mezcal_mexico
Mezcal,Mezcalosfera (CRM NOM-O315X),"Miahuatlán, Oaxaca, Mexico",Mezcalosfera,sourced,Mezcalosfera,TRUE,FALSE,Mezcal Artesanal; Tobaziche; mezcalero Emanuel Ramos,NAS,,2019 Release,105.0,52.5,,,,https://www.mezcalreviews.com/mezcal/mezcalosfera-maguey-tobasiche/,2026-10-02,https://www.mezcalreviews.com/wp-content/uploads/2017/06/mezcalosfera-sample-bottle.jpg,mezcal_mexico
Mezcal,Mezcalosfera (CRM NOM-O315X),"Miahuatlán, Oaxaca, Mexico",Mezcalosfera,sourced,Mezcalosfera,TRUE,FALSE,"Mezcal Artesanal; Madrecuishe, Tobala; mezcalero Felipe Cortés",NAS,,2016 Release,105.2,52.6,,,,https://www.mezcalreviews.com/mezcal/mezcalosfera-tobala-madrecuixe/,2026-10-02,https://www.mezcalreviews.com/wp-content/uploads/2017/06/mezcalosfera-tobala-madrecuixe.jpg,mezcal_mexico
Mezcal,Mezcalosfera (CRM NOM-O315X),"Miahuatlán, Oaxaca, Mexico",Mezcalosfera,sourced,Mezcalosfera,TRUE,FALSE,"Mezcal Artesanal; Cuishe, Espadin, Madrecuishe, Tobala, Verde; mezcalero Felipe Cortés",NAS,,2016 Release,104.2,52.1,,,,https://www.mezcalreviews.com/mezcal/mezcalosfera-tobala-verde-madrecuixe-cuixe-espadin/,2026-10-02,https://www.mezcalreviews.com/wp-content/uploads/2017/06/mezcalosfera-sample-bottle.jpg,mezcal_mexico
Mezcal,Rezpiral (CRM NOM verify),"Rio Seco, Oaxaca, Mexico",Rezpiral,sourced,Rezpiral,TRUE,FALSE,"Mezcal Artesanal; Cuishe, Espadin, Jabali, Mexicano; mezcalero Alejandrina Aragón Hernandez",NAS,,,90.2,45.1,,,,https://www.mezcalreviews.com/mezcal/rezpiral-jabali-mexicano-espadin-cuishe-alejandrina-nicolas/,2026-06-08,https://www.mezcalreviews.com/wp-content/uploads/2025/06/rezpiral-jabali-mexicano-espadin-cuishe.jpg,mezcal_mexico
Mezcal,Rezpiral (CRM NOM verify),"Rio Seco, Oaxaca, Mexico",Rezpiral,sourced,Rezpiral,TRUE,FALSE,Mezcal Artesanal; Tepextate; mezcalero Alejandrina Aragón Hernandez,NAS,,,97.4,48.7,,,,https://www.mezcalreviews.com/mezcal/rezpiral-tepeztate-alejandrina-nicolas-hernandez/,2026-06-08,https://www.mezcalreviews.com/wp-content/uploads/2025/04/rezpiral-tepextate-alejandrina.jpg,mezcal_mexico
Mezcal,Rezpiral (CRM NOM verify),"San Baltazar Chichicapam, Oaxaca, Mexico",Rezpiral,sourced,Rezpiral,TRUE,FALSE,"Mezcal Artesanal; Tepextate, Tobala; mezcalero Berta Vasquez",NAS,,,93.0,46.5,,,,https://www.mezcalreviews.com/mezcal/rezpiral-tobala-tepeztate-berta-vasquez/,2026-06-08,https://www.mezcalreviews.com/wp-content/uploads/2018/03/rezpiral-sample-bottle-mezcal.jpg,mezcal_mexico
Mezcal,Los Siete Misterios (CRM NOM-O153X),"Sola de Vega, Oaxaca, Mexico",Siete Misterios,sourced,Siete Misterios,TRUE,FALSE,Mezcal Ancestral; Arroqueño; clay-pot,NAS,,,98.4,49.2,,,,https://www.mezcalreviews.com/mezcal/siete-misterios-arroqueno/,2026-06-08,https://www.mezcalreviews.com/wp-content/uploads/2016/12/siete-misterios-arroqueno.jpg,mezcal_mexico
Mezcal,Los Siete Misterios (CRM NOM-O153X),"Sola de Vega, Oaxaca, Mexico",Siete Misterios,sourced,Siete Misterios,TRUE,FALSE,Mezcal Ancestral; Barril; clay-pot,NAS,,,96.0,48.0,,,,https://www.mezcalreviews.com/mezcal/siete-misterios-barril/,2026-06-23,https://www.mezcalreviews.com/wp-content/uploads/2016/12/siete-misterios-barril.jpg,mezcal_mexico
Mezcal,Los Siete Misterios (CRM NOM-O153X),"Sola de Vega, Oaxaca, Mexico",Siete Misterios,sourced,Siete Misterios,TRUE,FALSE,Mezcal Ancestral; Coyote; clay-pot,NAS,,,92.0,46.0,,,,https://www.mezcalreviews.com/mezcal/siete-misterios-coyote/,2026-06-08,https://www.mezcalreviews.com/wp-content/uploads/2016/12/siete-misterios-coyote.jpg,mezcal_mexico
Mezcal,Los Siete Misterios (CRM NOM-O153X),"San Luis del Rio, Oaxaca, Mexico",Siete Misterios,sourced,Siete Misterios,TRUE,FALSE,Mezcal Artesanal; Tobala,NAS,,,97.0,48.5,,,,https://www.mezcalreviews.com/mezcal/siete-misterios-doba-la/,2026-06-23,https://www.mezcalreviews.com/wp-content/uploads/2020/05/siete-misterios-doba-la-mezcal.jpg,mezcal_mexico
Mezcal,Los Siete Misterios (CRM NOM-O153X),"San Dionisio Ocotepec, Oaxaca, Mexico",Siete Misterios,sourced,Siete Misterios,TRUE,FALSE,Mezcal Artesanal; Espadin,NAS,,,88.0,44.0,,,,https://www.mezcalreviews.com/mezcal/siete-misterios-doba-yej/,2026-06-23,https://www.mezcalreviews.com/wp-content/uploads/2016/12/siete-misterios-doba-yej.jpg,mezcal_mexico
Mezcal,Los Siete Misterios (CRM NOM-O153X),"Sola de Vega, Oaxaca, Mexico",Siete Misterios,sourced,Siete Misterios,TRUE,FALSE,Mezcal Ancestral; Espadin; clay-pot,NAS,,,98.0,49.0,,,,https://www.mezcalreviews.com/mezcal/siete-misterios-espadin/,2026-06-08,https://www.mezcalreviews.com/wp-content/uploads/2016/12/siete-misterios-espadin-1.jpg,mezcal_mexico
Mezcal,Los Siete Misterios (CRM NOM-O153X),"San Dionisio Ocotepec, Oaxaca, Mexico",Siete Misterios,sourced,Siete Misterios,TRUE,FALSE,"Mezcal Artesanal; Espadin, Mexicanito",NAS,,,90.0,45.0,,,,https://www.mezcalreviews.com/mezcal/siete-misterios-espadin-mexicanito-ensamble/,2026-06-23,https://www.mezcalreviews.com/wp-content/uploads/2025/02/siete-misterios-espadin-mexicanito-ensamble.jpg,mezcal_mexico
Mezcal,Los Siete Misterios (CRM NOM-O153X),"Sola de Vega, Oaxaca, Mexico",Siete Misterios,sourced,Siete Misterios,TRUE,FALSE,Mezcal Ancestral; Mexicano; clay-pot,NAS,,,94.0,47.0,,,,https://www.mezcalreviews.com/mezcal/siete-misterios-mexicano/,2026-06-08,https://www.mezcalreviews.com/wp-content/uploads/2016/12/siete-misterios-mexicano.jpg,mezcal_mexico
Mezcal,Los Siete Misterios (CRM NOM-O153X),"Santiago Matatlán, Oaxaca, Mexico",Siete Misterios,sourced,Siete Misterios,TRUE,FALSE,Mezcal Artesanal; Espadin; Pechuga,NAS,,,94.0,47.0,,,,https://www.mezcalreviews.com/mezcal/siete-misterios-pechuga/,2026-06-08,https://www.mezcalreviews.com/wp-content/uploads/2016/12/siete-misterios-pechuga.jpg,mezcal_mexico
Mezcal,Los Siete Misterios (CRM NOM-O153X),"Sola de Vega, Oaxaca, Mexico",Siete Misterios,sourced,Siete Misterios,TRUE,FALSE,Mezcal Ancestral; Tobala; clay-pot,NAS,,,100.0,50.0,,,,https://www.mezcalreviews.com/mezcal/siete-misterios-tobala/,2026-06-23,https://www.mezcalreviews.com/wp-content/uploads/2016/12/siete-misterios-tobala.jpg,mezcal_mexico
Mezcal,Mezcal Tosba (CRM NOM-O164X),"San Cristobal Lachirioag, Oaxaca, Mexico",Tosba,own_make,,FALSE,FALSE,Mezcal Artesanal; Arroqueño,NAS,,,,,,,,https://www.mezcalreviews.com/mezcal/tosba-arroqueno/,2026-06-08,https://www.mezcalreviews.com/wp-content/uploads/2019/05/tosba-arroqueno.jpg,mezcal_mexico
Mezcal,Mezcal Tosba (CRM NOM-O164X),"San Cristobal Lachirioag, Oaxaca, Mexico",Tosba,own_make,,FALSE,FALSE,Mezcal Artesanal; Cenizo,NAS,,2020 Release,100.0,50.0,,,,https://www.mezcalreviews.com/mezcal/tosba-cenizo/,2026-10-02,https://www.mezcalreviews.com/wp-content/uploads/2020/11/mezcal-tosba-cenizo.jpg,mezcal_mexico
Mezcal,Mezcal Tosba (CRM NOM-O164X),"San Cristobal Lachirioag, Oaxaca, Mexico",Tosba,own_make,,FALSE,FALSE,Mezcal Artesanal; Espadilla,NAS,,2021 Release,98.4,49.2,,,,https://www.mezcalreviews.com/mezcal/tosba-espadilla/,2026-10-02,https://www.mezcalreviews.com/wp-content/uploads/2019/05/tosba-arroqueno.jpg,mezcal_mexico
Mezcal,Mezcal Tosba (CRM NOM-O164X),"San Cristobal Lachirioag, Oaxaca, Mexico",Tosba,own_make,,FALSE,FALSE,Mezcal Artesanal; Espadin,NAS,,,84.0,42.0,,,,https://www.mezcalreviews.com/mezcal/tosba-espadin/,2026-06-08,https://www.mezcalreviews.com/wp-content/uploads/2016/09/tosba-espadin-mezcal-joven.jpg,mezcal_mexico
Mezcal,Mezcal Tosba (CRM NOM-O164X),"San Cristobal Lachirioag, Oaxaca, Mexico",Tosba,own_make,,FALSE,FALSE,Mezcal Artesanal; Espadin; Pechuga,NAS,,,92.0,46.0,,,,https://www.mezcalreviews.com/mezcal/tosba-pechuga/,2026-06-08,https://www.mezcalreviews.com/wp-content/uploads/2016/09/mezcal-tosba-pechuga.jpg,mezcal_mexico
Mezcal,Mezcal Tosba (CRM NOM-O164X),"San Cristobal Lachirioag, Oaxaca, Mexico",Tosba,own_make,,FALSE,FALSE,Mezcal Artesanal; Espadin; Pechuga,NAS,,2021 Release,96.2,48.1,,,,https://www.mezcalreviews.com/mezcal/tosba-pechuga-de-borrego/,2026-10-02,https://www.mezcalreviews.com/wp-content/uploads/2016/09/mezcal-tosba-pechuga.jpg,mezcal_mexico
Mezcal,Mezcal Tosba (CRM NOM-O164X),"San Cristobal Lachirioag, Oaxaca, Mexico",Tosba,own_make,,FALSE,FALSE,Mezcal Artesanal; Tepextate,NAS,,,95.6,47.8,,,,https://www.mezcalreviews.com/mezcal/tosba-tepextate/,2026-06-08,https://www.mezcalreviews.com/wp-content/uploads/2017/11/mezcal-tosba-tepextate.jpg,mezcal_mexico
Mezcal,Mezcal Tosba (CRM NOM-O164X),"San Cristobal Lachirioag, Oaxaca, Mexico",Tosba,own_make,,FALSE,FALSE,Mezcal Artesanal; Tobala,NAS,,,98.0,49.0,,,,https://www.mezcalreviews.com/mezcal/tosba-tobala/,2026-06-08,https://www.mezcalreviews.com/wp-content/uploads/2016/09/tosba-tobala-mezcal-joven.jpg,mezcal_mexico
Mezcal,Mezcal Tosba (CRM NOM-O164X),"San Cristobal Lachirioag, Oaxaca, Mexico",Tosba,own_make,,FALSE,FALSE,Mezcal Artesanal; Warash,NAS,,,101.2,50.6,,,,https://www.mezcalreviews.com/mezcal/tosba-warash/,2026-06-08,https://www.mezcalreviews.com/wp-content/uploads/2018/09/mezcal-tosba-warash.jpg,mezcal_mexico
Mezcal,Don Mateo de la Sierra (CRM NOM-M218C),"Pino Bonito, Michoacán, Mexico",Don Mateo,own_make,NULL,FALSE,FALSE,Mezcal Artesanal; Cupreata; Michoacán,NULL,NULL,NULL,92,46.0,NULL,NULL,NULL,https://www.mezcalreviews.com/mezcal/don-mateo-cupreata/,2026-06-08,https://www.mezcalreviews.com/wp-content/uploads/2019/06/don-mateo-mezcal-cupreata-bottle.jpg,mezcal_mexico
Mezcal,Don Mateo de la Sierra (CRM NOM-M218C),"Pino Bonito, Michoacán, Mexico",Don Mateo,own_make,NULL,FALSE,FALSE,Mezcal Artesanal; wild Cupreata; aged in glass 1 year; Michoacán,NULL,NULL,NULL,92,46.0,NULL,NULL,NULL,https://www.mezcalreviews.com/mezcal/don-mateo-silvestre/,2026-06-08,https://www.mezcalreviews.com/wp-content/uploads/2019/07/don-mateo-silvestre.jpg,mezcal_mexico
Mezcal,Don Mateo de la Sierra (CRM NOM-M218C),"San Miguel, Michoacán, Mexico",Don Mateo,own_make,NULL,FALSE,FALSE,Mezcal Artesanal; Alto (Inaequidens); Michoacán,NULL,NULL,NULL,92,46.0,NULL,NULL,NULL,https://www.mezcalreviews.com/mezcal/don-mateo-alto/,2026-06-08,https://www.mezcalreviews.com/wp-content/uploads/2019/06/don-mateo-mezcal-alto-bottle.jpg,mezcal_mexico
Mezcal,Don Mateo de la Sierra (CRM NOM-M218C),"Pino Bonito, Michoacán, Mexico",Don Mateo,own_make,NULL,FALSE,FALSE,Mezcal Artesanal; Manso Sahuayo (Agave sp.); Michoacán,NULL,NULL,NULL,96,48.0,NULL,NULL,NULL,https://www.mezcalreviews.com/mezcal/don-mateo-manso-de-sahuayo/,2026-06-08,https://www.mezcalreviews.com/wp-content/uploads/2020/07/don-mateo-manso-de-sahuayo.jpg,mezcal_mexico
Mezcal,Don Mateo de la Sierra (CRM NOM-M218C),"San Miguel, Michoacán, Mexico",Don Mateo,own_make,NULL,FALSE,FALSE,Mezcal Artesanal; Pechuga; Cenizo/Cupreata; chicken/deer; Michoacán,NULL,NULL,NULL,90,45.0,NULL,NULL,NULL,https://www.mezcalreviews.com/mezcal/don-mateo-pechuga/,2026-06-08,https://www.mezcalreviews.com/wp-content/uploads/2016/12/don-mateo-pechuga.jpg,mezcal_mexico
Mezcal,Don Mateo de la Sierra (CRM NOM-M218C),"San Miguel, Michoacán, Mexico",Don Mateo,own_make,NULL,FALSE,FALSE,Mezcal Artesanal; Pechuga; Cupreata/Cenizo; turkey/venison/rabbit/iguana; K&L exclusive; Michoacán,NULL,NULL,NULL,96,48.0,NULL,NULL,NULL,https://www.mezcalreviews.com/mezcal/don-mateo-pechuga-delia-vargas-vieyra/,2026-06-08,https://www.mezcalreviews.com/wp-content/uploads/2020/01/don-mateo-pechuga-delia-vargas-vieyra-mezcal.jpg,mezcal_mexico
Mezcal,Don Mateo de la Sierra (CRM NOM-M218C),"San Miguel, Michoacán, Mexico",Don Mateo,own_make,NULL,FALSE,FALSE,Mezcal Artesanal; Cupreata; aged in glass 5 years; first batch certified in Michoacán; 192 bottles,NULL,NULL,2019 Release,96,48.0,NULL,NULL,NULL,https://www.mezcalreviews.com/mezcal/don-mateo-el-legado/,2026-10-02,https://www.mezcalreviews.com/wp-content/uploads/2019/04/don-mateo-el-legado-bottle.jpg,mezcal_mexico
Mezcal,Siembra Metl / Don Mateo de la Sierra (CRM NOM-M218C),"Pino Bonito, Michoacán, Mexico",Siembra Metl,own_make,NULL,FALSE,FALSE,Mezcal Artesanal; Cupreata; aged in glass 6 months; Michoacán,NULL,NULL,NULL,92,46.0,NULL,NULL,NULL,https://www.mezcalreviews.com/mezcal/siembra-metl-don-mateo-cupreata/,2026-06-08,https://www.mezcalreviews.com/wp-content/uploads/2016/11/siembra-metl-cupreata2.jpg,mezcal_mexico
Mezcal,Siembra Metl / Don Mateo de la Sierra (CRM NOM-M218C),"Pino Bonito, Michoacán, Mexico",Siembra Metl,own_make,NULL,FALSE,FALSE,Mezcal Artesanal; Manso Sahuayo / Cenizo (Americana); Michoacán,NULL,NULL,NULL,96,48.0,NULL,NULL,NULL,https://www.mezcalreviews.com/mezcal/siembra-metl-don-mateo-cenizo/,2026-06-08,https://www.mezcalreviews.com/wp-content/uploads/2016/11/siembra-metl-cenizo.jpg,mezcal_mexico
Mezcal,Lagrimas de Dolores (CRM NOM-D175G),"Hacienda Dolores, Durango, Mexico",Lagrimas de Dolores,own_make,NULL,FALSE,FALSE,Mezcal; Cenizo (Agave durangensis); Durango,NULL,NULL,NULL,90,45.0,NULL,NULL,NULL,https://www.mezcalreviews.com/mezcal/lagrimas-de-dolores-joven/,2026-06-08,https://www.mezcalreviews.com/wp-content/uploads/2017/06/lagrimas-joven.jpg,mezcal_mexico
Mezcal,Lagrimas de Dolores (CRM NOM-D175G),"El Mezquital, Durango, Mexico",Lagrimas de Dolores,own_make,NULL,FALSE,FALSE,Mezcal; Masparillo (Agave maximiliana); Durango,NULL,NULL,NULL,94,47.0,NULL,NULL,NULL,https://www.mezcalreviews.com/mezcal/lagrimas-de-dolores-masparillo/,2026-06-08,https://www.mezcalreviews.com/wp-content/uploads/2019/11/lagrimas-de-delores-masparillo-mezcal.jpg,mezcal_mexico
Mezcal,Lagrimas de Dolores (CRM NOM-D175G),"Hacienda Dolores, Durango, Mexico",Lagrimas de Dolores,own_make,NULL,FALSE,FALSE,Mezcal; Cenizo (Agave durangensis); Añejo; Durango,1 Year,NULL,NULL,80,40.0,NULL,white oak,NULL,https://www.mezcalreviews.com/mezcal/lagrimas-de-dolores-anejo/,2026-06-08,https://www.mezcalreviews.com/wp-content/uploads/2017/06/lagrimas-anejo.jpg,mezcal_mexico
Mezcal,Lagrimas de Dolores (CRM NOM-D175G),"Durango, Durango, Mexico",Lagrimas de Dolores,own_make,NULL,FALSE,FALSE,Mezcal; Tepemete; rare wild agave; Durango,NULL,NULL,NULL,NULL,NULL,NULL,NULL,NULL,https://www.mezcalreviews.com/mezcal/lagrimas-de-dolores-tepemete/;https://www.mezcalreviews.com/filter-by/brand/lagrimas-de-dolores/,2026-10-04,https://www.mezcalreviews.com/wp-content/uploads/2020/01/lagrimas-de-dolores-tepemete-mezcal.jpg,mezcal_mexico
Mezcal,Lagrimas de Dolores (CRM NOM-D175G),"Durango, Durango, Mexico",Lagrimas de Dolores,own_make,NULL,FALSE,FALSE,Mezcal; Lamparillo; rare wild agave; Durango,NULL,NULL,NULL,NULL,NULL,NULL,NULL,NULL,https://www.mezcalreviews.com/mezcal/lagrimas-de-dolores-lamparillo/;https://www.mezcalreviews.com/filter-by/brand/lagrimas-de-dolores/,2026-10-04,https://www.mezcalreviews.com/wp-content/uploads/2020/02/lagrimas-de-dolores-lamparillo-mezcal.jpg,mezcal_mexico
Mezcal,Lagrimas de Dolores (CRM NOM-D175G),"Durango, Durango, Mexico",Lagrimas de Dolores,own_make,NULL,FALSE,FALSE,Mezcal; Verde; Durango,NULL,NULL,NULL,NULL,NULL,NULL,NULL,NULL,https://www.mezcalreviews.com/mezcal/lagrimas-de-dolores-verde/;https://www.mezcalreviews.com/filter-by/brand/lagrimas-de-dolores/,2026-10-04,https://www.mezcalreviews.com/wp-content/uploads/2020/02/lagrimas-de-dolores-verde-mezcal.jpg,mezcal_mexico
Mezcal,Lagrimas de Dolores (CRM NOM-D175G),"Durango, Durango, Mexico",Lagrimas de Dolores,own_make,NULL,FALSE,FALSE,Mezcal; Castilla; Durango,NULL,NULL,NULL,NULL,NULL,NULL,NULL,NULL,https://www.mezcalreviews.com/mezcal/lagrimas-de-dolores-castilla/;https://www.mezcalreviews.com/filter-by/brand/lagrimas-de-dolores/,2026-10-04,https://www.mezcalreviews.com/wp-content/uploads/2020/02/lagrimas-de-dolores-castilla-mezcal.jpg,mezcal_mexico
Mezcal,Lagrimas de Dolores (CRM NOM-D175G),"Durango, Durango, Mexico",Lagrimas de Dolores,own_make,NULL,FALSE,FALSE,Mezcal; Sierreño; Durango,NULL,NULL,NULL,94,47.0,NULL,NULL,NULL,https://www.mezcalreviews.com/mezcal/lagrimas-de-dolores-sierreno/;https://www.mezcalreviews.com/filter-by/brand/lagrimas-de-dolores/,2026-10-04,https://www.mezcalreviews.com/wp-content/uploads/2020/02/lagrimas-de-dolores-sierreno-mezcal.jpg,mezcal_mexico
Mezcal,Derrumbes (CRM NOM-F283D; palenque NOM-S47L),"Bocas, San Luis Potosí, Mexico",Derrumbes,sourced,Derrumbes,TRUE,FALSE,"Mezcal; Salmiana; San Luis Potosí; tahona-milled, copper",NULL,NULL,NULL,86,43.0,NULL,NULL,NULL,https://www.mezcalreviews.com/mezcal/derrumbes-san-luis-potosi/,2026-06-08,https://www.mezcalreviews.com/wp-content/uploads/2016/10/derrumbes-san-luis-potosi.jpg,mezcal_mexico
Mezcal,Derrumbes (CRM NOM-F283D),"Nombre de Dios, Durango, Mexico",Derrumbes,sourced,Derrumbes,TRUE,FALSE,Mezcal; Cenizo (Agave durangensis); Durango; duranguense still,NULL,NULL,NULL,90,45.0,NULL,NULL,NULL,https://www.mezcalreviews.com/mezcal/derrumbes-durango/,2026-06-08,https://www.mezcalreviews.com/wp-content/uploads/2017/08/derrumbes-generic.jpg,mezcal_mexico
Mezcal,Derrumbes (CRM NOM-F283D),"Tzitzio, Michoacán, Mexico",Derrumbes,sourced,Derrumbes,TRUE,FALSE,Mezcal; Cupreata + Alto (Inaequidens); Michoacán; Filipino still,NULL,NULL,NULL,90,45.0,NULL,NULL,NULL,https://www.mezcalreviews.com/mezcal/derrumbes-michoacan/,2026-06-08,https://www.mezcalreviews.com/wp-content/uploads/2016/10/derrumbes-michoacan.jpg,mezcal_mexico
Mezcal,Derrumbes (CRM NOM-F283D),"San Carlos, Tamaulipas, Mexico",Derrumbes,sourced,Derrumbes,TRUE,FALSE,Mezcal; ensamble Funkiana/Univittata/Americana; Tamaulipas; copper,NULL,NULL,NULL,98,49.0,NULL,NULL,NULL,https://www.mezcalreviews.com/mezcal/derrumbes-tamaulipas/,2026-06-08,https://www.mezcalreviews.com/wp-content/uploads/2017/08/derrumbes-generic.jpg,mezcal_mexico
Mezcal,Derrumbes (CRM NOM-F283D),"Huitzila, Zacatecas, Mexico",Derrumbes,sourced,Derrumbes,TRUE,FALSE,"Mezcal; Azul (Agave tequilana); Zacatecas; tahona-milled, copper",NULL,NULL,NULL,96,48.0,NULL,NULL,NULL,https://www.mezcalreviews.com/mezcal/derrumbes-zacatecas/,2026-06-08,https://www.mezcalreviews.com/wp-content/uploads/2017/08/derrumbes-zacatecas.jpg,mezcal_mexico
Mezcal,Sanzekan Cupreata - Romelio (CRM NOM verify),"Ahuacuotzintla, Guerrero, Mexico",Sanzekan,own_make,NULL,FALSE,FALSE,Class TBD; Cupreata (Papalote); Guerrero,NULL,NULL,NULL,NULL,NULL,NULL,NULL,NULL,https://www.mezcalreviews.com/mezcal/sanzekan-cupreata-romelio/,2026-06-08,https://www.mezcalreviews.com/wp-content/uploads/2024/02/sanzekan-romelio-cupreata.jpg,mezcal_mexico
Mezcal,Zignum / Casa Armando Guillermo Prieto (CRM NOM-O50X),"Tlacolula, Oaxaca, Mexico",Zignum,own_make,NULL,FALSE,FALSE,Mezcal; Espadin (angustifolia); industrial autoclave/column; Oaxaca; Silver,NULL,NULL,NULL,80,40.0,NULL,NULL,NULL,https://www.mezcalreviews.com/mezcal/zignum-silver/,2026-06-08,https://www.mezcalreviews.com/wp-content/uploads/2017/03/zignum-joven-mezcal-bottle-2.jpeg,mezcal_mexico
Mezcal,Zignum / Casa Armando Guillermo Prieto (CRM NOM-O50X),"Tlacolula, Oaxaca, Mexico",Zignum,own_make,NULL,FALSE,FALSE,Mezcal; Espadin (angustifolia); Reposado; industrial autoclave; Oaxaca,9 Months,NULL,NULL,80,40.0,NULL,American oak,NULL,https://www.mezcalreviews.com/mezcal/zignum-reposado/,2026-06-08,https://www.mezcalreviews.com/wp-content/uploads/2017/03/zignum-reposado-mezcal-bottle.jpeg,mezcal_mexico
Mezcal,Zignum / Casa Armando Guillermo Prieto (CRM NOM-O50X),"Tlacolula, Oaxaca, Mexico",Zignum,own_make,NULL,FALSE,FALSE,Mezcal; Espadin (angustifolia); Añejo; industrial autoclave; Oaxaca,18 Months,NULL,NULL,80,40.0,NULL,French oak,NULL,https://www.mezcalreviews.com/mezcal/zignum-anejo/,2026-06-08,https://www.mezcalreviews.com/wp-content/uploads/2017/03/zignum-anejo-mezcal-bottle.jpeg,mezcal_mexico
Mezcal,Zignum / Casa Armando Guillermo Prieto (CRM NOM-O50X),"Tlacolula, Oaxaca, Mexico",Zignum,own_make,NULL,FALSE,FALSE,Mezcal; Espadin (angustifolia); Añejo Cristalino; filtered; industrial autoclave; Oaxaca,24 Months,NULL,2022 Release,80,40.0,NULL,French oak,NULL,https://www.mezcalreviews.com/mezcal/zignum-anejo-cristalino/,2026-10-02,https://www.mezcalreviews.com/wp-content/uploads/2023/04/zignum-.jpg,mezcal_mexico
Mezcal,Mezcal Benevá (CRM NOM-O06X),"Santiago Matatlán, Oaxaca, Mexico",Benevá,own_make,NULL,FALSE,FALSE,Mezcal; industrial; Oaxaca; Joven,NULL,NULL,NULL,NULL,NULL,NULL,NULL,NULL,https://www.mezcalreviews.com/filter-by/brand/beneva-mezcal/;https://www.mezcalreviews.com/filter-by/nom/o06x/,2026-06-08,NULL,mezcal_mexico
Mezcal,Mezcal Benevá (CRM NOM-O06X),"Santiago Matatlán, Oaxaca, Mexico",Benevá,own_make,NULL,FALSE,FALSE,Mezcal; industrial; Reposado; con gusano; Oaxaca,NULL,NULL,NULL,NULL,NULL,NULL,oak,NULL,https://www.mezcalreviews.com/filter-by/brand/beneva-mezcal/;https://www.mezcalreviews.com/filter-by/nom/o06x/,2026-06-08,NULL,mezcal_mexico
Mezcal,Mezcal Benevá (CRM NOM-O06X),"Santiago Matatlán, Oaxaca, Mexico",Benevá,own_make,NULL,FALSE,FALSE,Mezcal; industrial; Añejo; Oaxaca,NULL,NULL,NULL,NULL,NULL,NULL,oak,NULL,https://www.mezcalreviews.com/filter-by/brand/beneva-mezcal/;https://www.mezcalreviews.com/filter-by/nom/o06x/,2026-06-08,NULL,mezcal_mexico
Mezcal,Mezcal Benevá (CRM NOM-O06X),"Santiago Matatlán, Oaxaca, Mexico",Benevá,own_make,NULL,FALSE,FALSE,Mezcal; industrial; Extra Añejo; Oaxaca,NULL,NULL,NULL,NULL,NULL,NULL,oak,NULL,https://www.mezcalreviews.com/filter-by/brand/beneva-mezcal/;https://www.mezcalreviews.com/filter-by/nom/o06x/,2026-06-08,NULL,mezcal_mexico
Mezcal,Palenque Gregorio Velasco (CRM NOM-O637X),"San Luis del Río, Oaxaca, Mexico",Dos Hombres,sourced,Dos Hombres,TRUE,FALSE,Mezcal Artesanal; Espadín,NAS,,,84,42.0,,,,https://www.doshombres.com/products/espadin-mezcal;https://www.mezcalreviews.com/mezcal/dos-hombres-mezcal/;https://www.oldtowntequila.com/dos-hombres-espadin-mezcal-artesanal-joven-750ml/,2026-06-27,https://www.mezcalreviews.com/wp-content/uploads/2019/07/dos-hombres-mezcal-breaking-bad-walter-white-jesse-pinkman-bryan-cranston-aaron-paul.jpg,mezcal_mexico
Mezcal,Palenque Gregorio Velasco (CRM NOM-O637X),"San Luis del Río, Oaxaca, Mexico",Dos Hombres,sourced,Dos Hombres,TRUE,FALSE,Mezcal Artesanal; Tobalá,NAS,,,90,45.0,,,,https://www.doshombres.com/products/tobala-mezcal;https://www.mezcalreviews.com/mezcal/dos-hombres-tobala/,2026-06-27,https://www.mezcalreviews.com/wp-content/uploads/2020/12/dos-hombres-mezcal-tobala.jpg,mezcal_mexico
Mezcal,Bottler/palenque (CRM NOM-O491X),"Santiago Matatlán, Oaxaca, Mexico",Casamigos,sourced,Casamigos,TRUE,FALSE,Mezcal Artesanal; Espadín,NAS,,,80,40.0,,,,https://www.casamigos.com/en-us/our-tequilas/mezcal;https://www.mezcalreviews.com/mezcal/casamigos-mezcal-joven/;https://www.totalwine.com/spirits/mezcal/casamigos-mezcal-joven/p/192858750,2026-06-27,https://www.mezcalreviews.com/wp-content/uploads/2018/02/casamigos-mezcal.jpg,mezcal_mexico
Mezcal,Casa Tradición (CRM NOM-D291G),"Durango, Mexico",Clase Azul,sourced,Clase Azul,TRUE,FALSE,Mezcal; Cenizo (Agave durangensis),NAS,,,80,40.0,,,,https://claseazul.com/clase-azul-family/mezcal-clase-azul_durango;https://www.mezcalreviews.com/mezcal/clase-azul-durango/,2026-06-08,https://www.mezcalreviews.com/wp-content/uploads/2016/12/clase-azul-mezcal.jpg,mezcal_mexico
Mezcal,Casa Tradición (CRM NOM verify),"Guerrero, Mexico",Clase Azul,sourced,Clase Azul,TRUE,FALSE,Mezcal; Papalote (Agave cupreata),NAS,,,84,42.0,,,,https://claseazul.com/clase-azul-family-mezcal;https://www.mezcalreviews.com/mezcal/clase-azul-guerrero/,2026-06-08,https://www.mezcalreviews.com/wp-content/uploads/2021/04/clase-azul-guerrero-mezcal.jpg,mezcal_mexico
Mezcal,Casa Tradición (CRM NOM verify),"San Luis Potosí, Mexico",Clase Azul,sourced,Clase Azul,TRUE,FALSE,Mezcal; Salmiana (Agave salmiana),NAS,,,86,43.0,,,,https://claseazul.com/clase-azul-family/mezcal-clase-azul-san-luis;https://www.mezcalreviews.com/mezcal/clase-azul-san-luis-potosi/,2026-06-08,https://www.mezcalreviews.com/wp-content/uploads/2024/02/clase-azul-mezcal-san-luis-potosi.jpg,mezcal_mexico
Mezcal,Mezcal portion CRM NOM verify (tequila portion El Viejito NOM-1107),"Oaxaca, Mexico (mezcal) / Atotonilco el Alto, Jalisco, Mexico (tequila)",Santo,sourced,Santo,TRUE,FALSE,Class TBD; tequila-mezcal blend (blanco tequila + Espadín mezcal),NAS,,,80,40.0,,,,https://shop.santospirits.com/products/santo-mezquila;https://www.bevnet.com/spirits/2024/sammy-hagar-and-guy-fieri-reintroduce-unique-tequila-and-mezcal-blend-santo-mezquila/;https://bottleraiders.com/agave/santo-mezquila-relaunched-by-guy-fieri-and-sammy-hagar/,2026-06-27,http://shop.santospirits.com/cdn/shop/files/mezquila_front.webp,mezcal_mexico
Mezcal,Rey Campero (CRM NOM-O185X),"Candelaria Yegolé, Oaxaca, Mexico",Rey Campero,own_make,NULL,FALSE,FALSE,Mezcal Artesanal; Madrecuishe; Romulo Sanchez Parada,NULL,NULL,NULL,96,48,NULL,NULL,NULL,https://www.mezcalreviews.com/mezcal/rey-campero-madre-cuishe/,2026-06-24,https://www.mezcalreviews.com/wp-content/uploads/2016/09/rey-campero-madre-cuishe-mezcal-joven.jpg,mezcal_mexico
Mezcal,Rey Campero (CRM NOM-AMMA3),"Candelaria Yegolé, Oaxaca, Mexico",Rey Campero,own_make,NULL,FALSE,FALSE,Mezcal Artesanal; Espadin; Pechuga de Codorniz; Vicente Sánchez Parada,NULL,NULL,NULL,96,48,NULL,NULL,NULL,https://www.mezcalreviews.com/mezcal/rey-campero-pechuga-de-codorniz/,2026-10-04,https://www.mezcalreviews.com/wp-content/uploads/2022/07/rey-campero-pechuga-de-codorniz.jpg,mezcal_mexico
Mezcal,El Jolgorio (CRM NOM-O98X),"Sola de Vega, Oaxaca, Mexico",El Jolgorio,sourced,El Jolgorio,TRUE,FALSE,Mezcal Artesanal; Espadin; Pechuga Navideña (Christmas release),NULL,NULL,NULL,96,48,NULL,NULL,NULL,https://www.mezcalreviews.com/mezcal/el-jolgorio-pechuga-navidena/,2026-06-24,https://www.mezcalreviews.com/wp-content/uploads/2020/02/mezcal-el-jolgorio-pechuga-navidena.jpg,mezcal_mexico
Mezcal,Lalocura (CRM NOM-O602X),"Santa Catarina Minas, Oaxaca, Mexico",Lalocura,sourced,Lalocura,TRUE,FALSE,Mezcal Ancestral; Arroqueño; clay-pot,NULL,NULL,NULL,95.8,47.9,NULL,NULL,NULL,https://www.mezcalreviews.com/mezcal/lalocura-arroqueno/,2026-06-24,https://www.mezcalreviews.com/wp-content/uploads/2023/02/lalocura-arroqueno.jpg,mezcal_mexico
Mezcal,Lalocura (CRM NOM-O602X),"Santa Catarina Minas, Oaxaca, Mexico",Lalocura,sourced,Lalocura,TRUE,FALSE,Mezcal Ancestral; Espadin; clay-pot; Puntas,NULL,NULL,NULL,138,69,NULL,NULL,NULL,https://www.mezcalreviews.com/mezcal/lalocura-puntas-de-espadin/,2026-06-24,https://www.mezcalreviews.com/wp-content/uploads/2023/12/lalocura-puntas-de-espadin.jpg,mezcal_mexico
Mezcal,Lalocura (CRM NOM-O602X),"Santa Catarina Minas, Oaxaca, Mexico",Lalocura,sourced,Lalocura,TRUE,FALSE,Mezcal Ancestral; Espadin; clay-pot; Capón (con quiote),NULL,NULL,NULL,101.28,50.64,NULL,NULL,NULL,https://www.mezcalreviews.com/mezcal/lalocura-espadin-con-quiote-capon/,2026-06-24,https://www.mezcalreviews.com/wp-content/uploads/2021/08/lalocura-espadin-con-quiote-agave-mixtape-bottle.jpg,mezcal_mexico
Mezcal,Lalocura (CRM NOM-O602X),"Santa Catarina Minas, Oaxaca, Mexico",Lalocura,sourced,Lalocura,TRUE,FALSE,"Mezcal Ancestral; Tobaziche, Barril; clay-pot",NULL,NULL,NULL,100,50,NULL,NULL,NULL,https://www.mezcalreviews.com/mezcal/lalocura-tobasiche-barril/,2026-06-24,https://www.mezcalreviews.com/wp-content/uploads/2025/02/lalocura-mezcal-generic.jpg,mezcal_mexico
Mezcal,Bozal (CRM NOM-O472X),"Santa Catarina Minas, Oaxaca, Mexico",Bozal,sourced,Bozal,TRUE,FALSE,Mezcal Ancestral; Espadin; clay-pot; Pechuga (Cempasúchil/marigold),NULL,NULL,NULL,94,47,NULL,NULL,NULL,https://www.mezcalreviews.com/mezcal/bozal-cempasuchil/,2026-06-24,https://www.mezcalreviews.com/wp-content/uploads/2024/10/bozal-cempasuchil-mezcal.jpg,mezcal_mexico
Mezcal,Bozal (CRM NOM-O472X),"Rio de Ejutla, Oaxaca, Mexico",Bozal,sourced,Bozal,TRUE,FALSE,Mezcal Artesanal; Espadin; Pechuga (Guias de Calabaza/pumpkin),NULL,NULL,NULL,94,47,NULL,NULL,NULL,https://www.mezcalreviews.com/mezcal/bozal-guias-de-calabaza/,2026-06-24,https://www.mezcalreviews.com/wp-content/uploads/2023/01/bozal-guias-de-calabeza.jpg,mezcal_mexico
Mezcal,Convite (CRM NOM-O231X),"San Baltazar Guélavila, Oaxaca, Mexico",Convite,own_make,,FALSE,FALSE,Mezcal Artesanal; Espadin; Esencial (entry release),NULL,NULL,NULL,76,38,NULL,NULL,NULL,https://www.mezcalreviews.com/mezcal/convite-esencial/,2026-06-24,https://www.mezcalreviews.com/wp-content/uploads/2019/01/convite-esencial-mezcal.jpg,mezcal_mexico
Mezcal,Del Maguey (CRM NOM-O41X),"Santo Domingo Albarradas, Oaxaca, Mexico",Del Maguey,sourced,Del Maguey,TRUE,FALSE,Mezcal Artesanal; Espadín; Santo Domingo Albarradas single-village release,NULL,NULL,NULL,96,48,NULL,NULL,NULL,https://www.mezcalreviews.com/mezcal/del-maguey-santo-domingo-albarradas/,2026-06-24,https://www.mezcalreviews.com/wp-content/uploads/2019/07/del-maguey-mezcal-bottle-santo-domingo.jpg,mezcal_mexico
Mezcal,Del Maguey (CRM NOM-O41X),"San Pablo Ameyaltepec, Puebla, Mexico",Del Maguey,sourced,Del Maguey,TRUE,FALSE,"Mezcal Artesanal; Pizorra, Tobalá; San Pablo Ameyaltepec single-village release",NULL,NULL,NULL,94,47,NULL,NULL,NULL,https://www.mezcalreviews.com/mezcal/del-maguey-san-pablo-ameyaltepec/,2026-06-24,https://www.mezcalreviews.com/wp-content/uploads/2016/11/del-maguey-san-pablo-ameyaltepec.jpg,mezcal_mexico
Mezcal,Del Maguey (CRM NOM-O41X),"San José Río Minas, Oaxaca, Mexico",Del Maguey,sourced,Del Maguey,TRUE,FALSE,Mezcal Artesanal; Espadín; San José Río Minas single-village release,NULL,NULL,NULL,96,48,NULL,NULL,NULL,https://www.mezcalreviews.com/mezcal/del-maguey-san-jose-rio-minas/,2026-06-24,https://www.mezcalreviews.com/wp-content/uploads/2016/12/del-maguey-san-jose-rio-minas-1.jpg,mezcal_mexico
Mezcal,Del Maguey (CRM NOM-O41X),"San Pedro Taviche, Oaxaca, Mexico",Del Maguey,sourced,Del Maguey,TRUE,FALSE,"Mezcal Artesanal; ensamble Espadín, Tepextate, Tobalá, Tobaziche; San Pedro Taviche single-village release",NULL,NULL,NULL,98,49,NULL,NULL,NULL,https://www.mezcalreviews.com/mezcal/del-maguey-san-pedro-taviche/,2026-06-24,https://www.mezcalreviews.com/wp-content/uploads/2017/05/del-maguey-san-padero-taviche.jpg,mezcal_mexico
Mezcal,Del Maguey (CRM NOM-O41X),"San Dionisio Ocotepec, Oaxaca, Mexico",Del Maguey,sourced,Del Maguey,TRUE,FALSE,Mezcal Artesanal; Espadín; Las Milpas release,NULL,NULL,NULL,92,46,NULL,NULL,NULL,https://www.mezcalreviews.com/mezcal/del-maguey-las-milpas/,2026-06-24,https://www.mezcalreviews.com/wp-content/uploads/2019/07/del-maguey-mezcal-bottle-las-milpas.jpg,mezcal_mexico
Mezcal,Rey Campero (CRM NOM-AMMA3),"Candelaria Yegolé, Oaxaca, Mexico",Rey Campero,own_make,,FALSE,FALSE,Mezcal Artesanal; Chuparrosa; Vicente Sánchez Parada,,,2026 Release,107.4,53.7,Chuparrosa (A. americana),,,https://www.mezcalreviews.com/mezcal/rey-campero-chuparrosa/; https://www.skurnik.com/sku/mezcal-chuparossa-rey-campero/,2026-10-02,https://www.skurnik.com/wp-content/uploads/1980/01/mezcal-chuparossa-rey-campero-2.jpeg,mezcal_mexico
Mezcal,Rey Campero (CRM NOM-AMMA3),"Candelaria Yegolé, Oaxaca, Mexico",Rey Campero,own_make,,FALSE,FALSE,"Mezcal Artesanal; Coyote, Mexicano Penca Larga; Vicente Sánchez Parada",,,2026 Release,105,52.5,Mexicano Penca Larga / Coyote,,,https://www.mezcalreviews.com/mezcal/rey-campero-mexicano-penca-larga-coyote/; https://www.oldtowntequila.com/rey-campero-mexicano-penca-larga-coyote-ensamble-mezcal-750ml/,2026-10-02,https://www.mezcalreviews.com/wp-content/uploads/2026/07/rey-campero-mexicano-penca-largo-coyote-bottle.jpg,mezcal_mexico
Mezcal,Undisclosed (Oaxaca),"Santa Ana del Río, Oaxaca, Mexico",Penumbra,sourced,Penumbra,TRUE,FALSE,Mezcal Artesanal; Espadín,,,,92,46,Espadín 100% (A. angustifolia),,,https://www.penumbramezcal.com/our-mezcal/; https://www.bevnet.com/pr/2026/08/20/introducing-penumbra-mezcal-a-singlepalenque-espadin-created-by-chip-tate-ffws-master-distiller-of-innovation; https://www.fredminnick.com/2026/08/13/penumbra-mezcal-launches-via-foley-family-wines-spirits/,2026-10-02,https://dg6qn11ynnp6a.cloudfront.net/press-releases/363050957.penumbra.bottle.render.12.10.25.png,mezcal_mexico
Mezcal,Mezcales de Tamaulipas (CRM NOM-T40M),"Jiménez, Tamaulipas, Mexico",El Tinieblo,own_make,,FALSE,FALSE,"Mezcal Artesanal; Ensamble, Tamaulipas; Joven",,,,80,40,Espadín / Verde Cenizo / Jarcia / Amole,,,https://eltinieblo.com.mx/producto/el-tinieblo-joven/; https://www.mezcalreviews.com/mezcal/el-tinieblo-joven/; https://www.oldtowntequila.com/el-tinieblo-mezcal-joven/; https://eltinieblo.com.mx/somos-mezcal-el-tinieblo/,2026-10-04,https://eltinieblo.com.mx/wp-content/uploads/2022/11/joven-negro_full.png,mezcal_mexico
Mezcal,Mezcales de Tamaulipas (CRM NOM-T40M),"Jiménez, Tamaulipas, Mexico",El Tinieblo,own_make,,FALSE,FALSE,"Mezcal Artesanal; Ensamble, Reposado, Tamaulipas",9 Months,,,80,40,Espadín / Verde Cenizo / Jarcia / Amole,"American and French white oak (ex-Tennessee whiskey, tequila, red wine)",,https://eltinieblo.com.mx/producto/el-tinieblo-reposado/; https://www.mezcalreviews.com/mezcal/el-tinieblo-reposado/; https://www.oldtowntequila.com/el-tinieblo-mezcal-reposado/; https://eltinieblo.com.mx/somos-mezcal-el-tinieblo/,2026-10-04,https://eltinieblo.com.mx/wp-content/uploads/2022/11/repo-negro_full.png,mezcal_mexico
Mezcal,Mezcales de Tamaulipas (CRM NOM-T40M),"Jiménez, Tamaulipas, Mexico",El Tinieblo,own_make,,FALSE,FALSE,"Mezcal Artesanal; Espadín, Añejo, Tamaulipas",7 Years,,,80,40,Espadín (A. angustifolia),American and French white oak (ex-Tennessee whiskey),,https://eltinieblo.com.mx/producto/el-tinieblo-anejo/; https://www.mezcalreviews.com/mezcal/el-tinieblo-anejo/; https://www.oldtowntequila.com/el-tinieblo-mezcal-anejo/; https://eltinieblo.com.mx/somos-mezcal-el-tinieblo/,2026-10-04,https://eltinieblo.com.mx/wp-content/uploads/2022/11/anejo-negro_full.png,mezcal_mexico
Mezcal,Mezcales de Tamaulipas (CRM NOM-T40M),"Jiménez, Tamaulipas, Mexico",El Tinieblo,own_make,,FALSE,FALSE,"Mezcal Artesanal; Montana, Tamaulipas; Edición Especial",,,,94,47,Maguey Rojo (A. montana),,,https://eltinieblo.com.mx/producto/el-tinieblo-montana/; https://www.mezcalreviews.com/mezcal/el-tinieblo-montana/; https://eltinieblo.com.mx/somos-mezcal-el-tinieblo/,2026-10-04,https://eltinieblo.com.mx/wp-content/uploads/2022/11/montana-negro_full.png,mezcal_mexico
Mezcal,Hacienda de Jaral de Berrio (CRM NOM-G33T),"Jaral de Berrio, San Felipe, Guanajuato, Mexico",Marqués,own_make,,FALSE,FALSE,"Mezcal Artesanal; Salmiana, Guanajuato; Plata",,,,80,40,Salmiana (A. salmiana),,,https://www.oldtowntequila.com/marques-plata-mezcal-by-de-jaral/; https://www.mezcalreviews.com/mezcal/marques-plata/; https://jaraldeberrio.com/,2026-10-04,https://www.mezcalreviews.com/wp-content/uploads/2018/10/mezcal-marques-plata.jpg,mezcal_mexico
Mezcal,Hacienda de Jaral de Berrio (CRM NOM-G33T),"Jaral de Berrio, San Felipe, Guanajuato, Mexico",Marqués,own_make,,FALSE,FALSE,"Mezcal Artesanal; Salmiana, Reposado, Guanajuato",,,,80,40,Salmiana (A. salmiana),American oak,,https://www.oldtowntequila.com/marques-reposado-mezcal/; https://www.mezcalreviews.com/mezcal/marquez-reposado/; https://jaraldeberrio.com/,2026-10-04,https://www.mezcalreviews.com/wp-content/uploads/2018/10/mezcal-marques-reposado.jpg,mezcal_mexico
Mezcal,Mezcal de Leyendas (CRM NOM-O117X),"Hacienda Santa Isabel, San Luis Potosí, Mexico",Mezcal de Leyendas,sourced,Mezcal de Leyendas,TRUE,FALSE,"Mezcal Artesanal; Verde, San Luis Potosí; Juan José Hernández",,,,90.2,45.1,Verde (A. salmiana),,,https://mezcaldeleyendas.com/verde-slp; https://www.hitimewine.net/mezcales-de-leyendas-san-luis-potosi-mague-verde-nom-0117x-118759; https://www.mezcalreviews.com/mezcal/leyenda-san-luis-potosi/,2026-10-04,https://mezcaldeleyendas.com/wp-content/uploads/2020/09/Mezcal_de_Leyendas_Botella_Verde_SLP.jpg,mezcal_mexico
Mezcal,Mezcal de Leyendas (CRM NOM-D104G / NOM-O117X),"Nombre de Dios, Durango, Mexico",Mezcal de Leyendas,sourced,Mezcal de Leyendas,TRUE,FALSE,"Mezcal Artesanal; Cenizo, Durango; José Ventura Gallegos",,,,94.4,47.2,Cenizo (A. durangensis),,,https://mezcaldeleyendas.com/cenizo; https://www.mezcalreviews.com/mezcal/leyenda-durango/,2026-10-04,https://mezcaldeleyendas.com/wp-content/uploads/2020/09/Mezcal_de_Leyendas_Botella_Cenizo.jpg,mezcal_mexico
Mezcal,Hacienda de Bañuelos (CRM NOM-Z73C),"Zacatecas, Mexico",Hacienda de Bañuelos,own_make,,FALSE,FALSE,"Mezcal; Azul, Zacatecas; Joven",,,,80.8,40.4,Blue Weber (A. tequilana),,,http://backroadsimporting.com/portfolio/mezcal-de-zacatecas; https://www.mezcalreviews.com/mezcal/hacienda-de-banuelos-zacatecas/,2026-10-04,https://www.mezcalreviews.com/wp-content/uploads/2020/05/hacienda-de-banuelos-mezcal-bottle.jpg,mezcal_mexico
Mezcal,Burrito Fiestero (CRM NOM-O316X),"San Nicolas, Durango, Mexico",Burrito Fiestero,sourced,Burrito Fiestero,TRUE,FALSE,"Mezcal Ancestral; Tepemete, Durango; Juan Manuel Conde",,,,98.8,49.4,Tepemete,,,https://www.hitimewine.net/burrito-fiestero-durango-98.8pf-tepemete-750ml-nom-0316x-mezcal-ancestral-joven-123315; https://www.mezcalreviews.com/mezcal/burrito-fiestero-tepemete/,2026-10-04,https://www.mezcalreviews.com/wp-content/uploads/2020/07/burrito-fiestero-tepemete-ancestral.jpg,mezcal_mexico
Mezcal,Mezcal Vago (CRM NOM-O188X),"Hacienda Tapanala, Oaxaca, Mexico",Vago,own_make,,FALSE,FALSE,Mezcal Artesanal; Espadín; El Manantial,,,,86,43,Espadín (A. angustifolia),,,https://www.mezcalreviews.com/mezcal/vago-el-manantial/; https://www.oldtowntequila.com/vago-el-manantial-espadin-mezcal/; https://www.hitimewine.net/mezcal-vago-el-manantial-hijos-de-barriga-750-86pf-hacienda-tapanala-129929,2026-10-04,https://www.mezcalreviews.com/wp-content/uploads/2025/07/mezcal-vago-el-manantial.jpg,mezcal_mexico
Mezcal,Ilegal Mezcal (CRM NOM-O305X),"Oaxaca, Mexico",Ilegal,sourced,Ilegal,TRUE,FALSE,"Mezcal Artesanal; Espadín, Reposado; Caribbean Cask Finish",,,,84,42,Espadín,,Caribbean rum cask,https://www.mezcalreviews.com/mezcal/ilegal-carribean-cask-finish/; https://www.hitimewine.net/ilegal-mezcal-reposado-caribbean-rum-cask-84pf-750-special-edition-126805,2026-10-04,https://www.mezcalreviews.com/wp-content/uploads/2024/12/ilegal-mezcal-carribean-cask-finish.jpg,mezcal_mexico
Mezcal,Ilegal Mezcal (CRM NOM-O305X),"Tlacolula, Oaxaca, Mexico",Ilegal,sourced,Ilegal,TRUE,FALSE,"Mezcal Artesanal; Espadín, Añejo; 7 Year Limited Edition",7 Years,,,82.64,41.32,Espadín,French oak,,https://www.mezcalreviews.com/mezcal/ilegal-7-year-anejo/; https://www.oldtowntequila.com/ilegal-mezcal-aged-7-years-anejo-limited-edition/,2026-10-04,https://www.mezcalreviews.com/wp-content/uploads/2023/02/ilegal-mezcal-7-year-anejo.jpg,mezcal_mexico
