spirit_type,distillery,distillery_location,spirit_name,producer_type,producer_brand,is_ndp,is_template,special_designation,age_statement,vintage,batch_lot,proof,abv,mash_bill,barrel_type,cask_finish,source_urls,last_verified,label_image_url,cohort
Scotch,Balblair,"Edderton, Highland",Balblair,own_make,,FALSE,FALSE,Single Malt,12 Years,,,92,46,100% malted barley,Ex-bourbon (double-fired American oak),Ex-bourbon (Spanish oak finish),https://www.thewhiskyexchange.com/p/48761/balblair-12-year-old; https://thewhiskeywash.com/reviews/whisky-reviews-balblair-12-15-18-25-year-single-malt-scotches/,2026-06-26,https://img.thewhiskyexchange.com/540/blbob.12yo.jpg,scotch_highlands
Scotch,Balblair,"Edderton, Highland",Balblair,own_make,,FALSE,FALSE,Single Malt,15 Years,,,92,46,100% malted barley,Ex-bourbon,Ex-bourbon (first-fill Spanish oak butts),https://www.thewhiskyexchange.com/p/48762/balblair-15-year-old; https://thewhiskeywash.com/reviews/whisky-reviews-balblair-12-15-18-25-year-single-malt-scotches/,2026-06-26,https://img.thewhiskyexchange.com/540/blbob.15yo.jpg,scotch_highlands
Scotch,Balblair,"Edderton, Highland",Balblair,own_make,,FALSE,FALSE,Single Malt,18 Years,,,92,46,100% malted barley,Ex-bourbon,Ex-bourbon (first-fill Spanish oak butts),https://www.thewhiskyexchange.com/p/48763/balblair-18-year-old; https://thewhiskeywash.com/reviews/whisky-reviews-balblair-12-15-18-25-year-single-malt-scotches/,2026-06-26,https://img.thewhiskyexchange.com/540/blbob.18yo.jpg,scotch_highlands
Scotch,Balblair,"Edderton, Highland",Balblair,own_make,,FALSE,FALSE,Single Malt,21 Years,,,92,46,100% malted barley,Ex-bourbon,Ex-bourbon (Oloroso sherry butts),https://www.masterofmalt.com/whiskies/balblair/balblair-21-year-old-whisky/; https://www.thewhiskyexchange.com/p/72740/balblair-21-year-old,2026-06-26,https://cdn11.bigcommerce.com/s-e8lbekfe7c/images/stencil/1024w/attribute_rule_images/62086_source_1774599647.jpg,scotch_highlands
Scotch,Balblair,"Edderton, Highland",Balblair,own_make,,FALSE,FALSE,Single Malt,25 Years,,,92,46,100% malted barley,Ex-bourbon,Ex-bourbon (Spanish oak Oloroso),https://www.thewhiskyexchange.com/p/48764/balblair-25-year-old; https://distiller.com/spirits/balblair-25-year,2026-06-26,https://img.thewhiskyexchange.com/540/blbob.25yo.jpg,scotch_highlands
Scotch,Clynelish,"Brora, Highland",Clynelish,own_make,,FALSE,FALSE,Single Malt,14 Years,,,92,46,100% malted barley,Ex-bourbon,,https://www.masterofmalt.com/distilleries/clynelish-whisky-distillery/; https://www.dramface.com/all-reviews/2024/clynelish-14,2026-06-04,NULL,scotch_highlands
Scotch,Clynelish,"Brora, Highland",Clynelish,own_make,,FALSE,FALSE,Single Malt; Distillers Edition,14 Years,,,92,46,100% malted barley,Ex-bourbon,Oloroso Seco,https://whiskyinternationalonline.com/products/clynelish-2021-distillers-edition-46; https://www.whisky.com/whisky-database/details/clynelish-the-distillers-edition-1.html,2026-06-26,http://whiskyinternationalonline.com/cdn/shop/files/clynelishdistillers_edition_2021_v2.jpg,scotch_highlands
Scotch,Glen Ord,"Muir of Ord, Highland",The Singleton of Glen Ord,own_make,,FALSE,FALSE,Single Malt,12 Years,,,80,40,100% malted barley,Ex-bourbon,,https://greatdrams.com/a-detailed-look-at-the-singleton-of-glen-ord-range/; https://www.whiskylifestyle.com/tasting-notes-singleton-of-glen-ord-12-year-old/,2026-06-28,NULL,scotch_highlands
Scotch,Glen Ord,"Muir of Ord, Highland",The Singleton of Glen Ord,own_make,,FALSE,FALSE,Single Malt,15 Years,,,80,40,100% malted barley,Ex-bourbon,,https://greatdrams.com/a-detailed-look-at-the-singleton-of-glen-ord-range/; https://www.whiskylifestyle.com/tasting-notes-singleton-of-glen-ord-15-year-old/,2026-06-28,NULL,scotch_highlands
Scotch,Glen Ord,"Muir of Ord, Highland",The Singleton of Glen Ord,own_make,,FALSE,FALSE,Single Malt,18 Years,,,80,40,100% malted barley,Ex-bourbon,,https://greatdrams.com/a-detailed-look-at-the-singleton-of-glen-ord-range/; https://www.whiskylifestyle.com/singleton-of-glen-ord-18-year-old/,2026-06-28,NULL,scotch_highlands
Scotch,Glen Ord,"Muir of Ord, Highland",The Singleton of Glen Ord,own_make,,FALSE,FALSE,Single Malt,21 Years,,,86,43,100% malted barley,Ex-bourbon,,https://greatdrams.com/a-detailed-look-at-the-singleton-of-glen-ord-range/,2026-06-28,NULL,scotch_highlands
Scotch,Glenmorangie,"Tain, Highland",Glenmorangie,own_make,,FALSE,FALSE,Single Malt,12 Years,,,80,40,100% malted barley,Ex-bourbon,,https://www.glenmorangie.com/en-us/products/the-original-12-years-old/,2026-06-26,http://www.glenmorangie.com/cdn/shop/files/Glenmorangie_OG12_bottle.png,scotch_highlands
Scotch,Glenmorangie,"Tain, Highland",Glenmorangie,own_make,,FALSE,FALSE,Single Malt; Sherry Cask; Lasanta,12 Years,,,86,43,100% malted barley,Ex-bourbon,Oloroso and Pedro Ximenez sherry,https://www.glenmorangie.com/en-us/products/the-lasanta/; https://www.thewhiskyexchange.com/p/12603/glenmorangie-lasanta-12-year-old-sherry-cask-finish,2026-06-26,http://www.glenmorangie.com/cdn/shop/products/Glenmorangie-Lasanta-2022-packshot-RVB_medium.width-1280x-prop.png,scotch_highlands
Scotch,Glenmorangie,"Tain, Highland",Glenmorangie,own_make,,FALSE,FALSE,Single Malt,14 Years,,,92,46,100% malted barley,Ex-bourbon,Ruby port pipes,https://www.glenmorangie.com/en-us/products/the-quinta-ruban/,2026-06-26,http://www.glenmorangie.com/cdn/shop/files/Glenmorangie_Quinta_Ruban_bottle.png,scotch_highlands
Scotch,Glenmorangie,"Tain, Highland",Glenmorangie,own_make,,FALSE,FALSE,Single Malt,16 Years,,,92,46,100% malted barley,Ex-bourbon,Sweet white wine (Sauternes/Monbazillac/Moscatel/Tokaji),https://www.glenmorangie.com/en-us/products/the-nectar-16-years-old/; https://whiskyadvocate.com/Glenmorangie-16-year-old-The-Nectar-46,2026-06-26,https://www.glenmorangie.com/cdn/shop/files/Glenmorangie_The_Nectar_bottle.png,scotch_highlands
Scotch,Glenmorangie,"Tain, Highland",Glenmorangie,own_make,,FALSE,FALSE,Single Malt,18 Years,,,86,43,100% malted barley,Ex-bourbon,Oloroso sherry (partial),https://www.glenmorangie.com/en-us/products/the-infinita-18-years-old; https://whiskyadvocate.com/Glenmorangie-The-Infinita-18-year-old-43,2026-06-26,http://www.glenmorangie.com/cdn/shop/files/Glenmorangie_The_Infinita_18_bottle.png,scotch_highlands
Scotch,Glenmorangie,"Tain, Highland",Glenmorangie,own_make,,FALSE,FALSE,Single Malt; Signet,NAS,,,92,46,100% malted barley,Ex-bourbon,,https://www.glenmorangie.com/en-us/products/glenmorangie-signet-reserve/; https://www.drinkmonger.com/glenmorangie-signet-46-70cl/,2026-06-26,http://www.glenmorangie.com/cdn/shop/files/Glenmorangie_SignetReserve_bottle.png,scotch_highlands
Scotch,Glenmorangie,"Tain, Highland",Glenmorangie,own_make,,FALSE,FALSE,Single Malt,25 Years,,,86,43,100% malted barley,Ex-bourbon,Malmsey Madeira,https://www.glenmorangie.com/en-us/pages/glenmorangie-25-years-old-the-altus; https://whiskyadvocate.com/Glenmorangie-The-Altus-25-year-old-43,2026-06-04,NULL,scotch_highlands
Scotch,Glenmorangie,"Tain, Highland",Glenmorangie,own_make,,FALSE,FALSE,Single Malt,30 Years,,,86,43,100% malted barley,Ex-bourbon,Burgundy red wine,https://www.thespiritsbusiness.com/2026/03/glenmorangie-adds-30yo-whisky-to-core-range/; https://thewhiskeywash.com/whiskey-news/glenmorangie-unveils-the-thirty-as-part-of-core-range/,2026-06-26,https://www.thespiritsbusiness.com/content/uploads/2026/03/Glenmorangie-The-Thirty.jpg,scotch_highlands
Scotch,Glenmorangie,"Tain, Highland",Glenmorangie,own_make,,FALSE,FALSE,Single Malt; Triple Cask Reserve,NAS,,,80,40,100% malted barley,Ex-bourbon,New charred American oak and ex-rye (partial),https://www.glenmorangie.com/en-us/products/glenmorangie-triple-cask-reserve/; https://whiskyadvocate.com/Glenmorangie-Triple-Cask-Reserve-40,2026-06-26,http://www.glenmorangie.com/cdn/shop/files/Glenmorangie_Triple_Cask_Reserve_bottle.png,scotch_highlands
Scotch,Glenmorangie,"Tain, Highland",Glenmorangie,own_make,,FALSE,FALSE,Single Malt; X,NAS,,,80,40,100% malted barley,Ex-bourbon,New charred virgin oak (partial),https://www.glenmorangie.com/en-us/products/x-by-glenmorangie/,2026-06-26,http://www.glenmorangie.com/cdn/shop/products/X-Bottle.png,scotch_highlands
Scotch,Old Pulteney,"Wick, Highland",Old Pulteney,own_make,,FALSE,FALSE,Single Malt,12 Years,,,80,40,100% malted barley,Ex-bourbon,,https://oldpulteney.com/products/12-years-single-malt-scotch-whisky; https://www.masterofmalt.com/whiskies/pulteney/old-pulteney-12-year-old-whisky/?sku=79678,2026-06-26,http://oldpulteney.com/cdn/shop/files/OldPulteney12YOnobox.png,scotch_highlands
Scotch,Old Pulteney,"Wick, Highland",Old Pulteney,own_make,,FALSE,FALSE,Single Malt,15 Years,,,92,46,100% malted barley,Ex-bourbon,Ex-bourbon (Spanish oak),https://oldpulteney.com/products/15-years-old-single-malt-scotch-whisky; https://www.masterofmalt.com/whiskies/pulteney/old-pulteney-15-year-old/?sku=79680,2026-06-26,http://oldpulteney.com/cdn/shop/files/15_Year_Old_Product_Hero_Shopify.png,scotch_highlands
Scotch,Old Pulteney,"Wick, Highland",Old Pulteney,own_make,,FALSE,FALSE,Single Malt,18 Years,,,92,46,100% malted barley,Ex-bourbon,Ex-bourbon (Spanish oak),https://oldpulteney.com/products/18-years-old-single-malt-scotch-whisky; https://www.masterofmalt.com/whiskies/pulteney/old-pulteney-18-year-old-whisky/?sku=79681,2026-06-26,http://oldpulteney.com/cdn/shop/files/OldPulteney18YONOBox_64a5c5c5-defa-4984-9834-ea7728f60a7c.png,scotch_highlands
Scotch,Old Pulteney,"Wick, Highland",Old Pulteney,own_make,,FALSE,FALSE,Single Malt,25 Years,,,92,46,100% malted barley,Ex-bourbon,Ex-bourbon (Spanish oak),https://oldpulteney.com/products/25-year-old-single-malt-scotch-whisky; https://www.masterofmalt.com/whiskies/pulteney/old-pulteney-25-year-old-whisky/?sku=89098,2026-06-26,http://oldpulteney.com/cdn/shop/files/Old_Pulteney_25_Year_Old_Product_Card.png,scotch_highlands
Scotch,Old Pulteney,"Wick, Highland",Old Pulteney,own_make,,FALSE,FALSE,Single Malt; Huddart,NAS,,,92,46,100% malted barley,Ex-bourbon,Ex-peated whisky casks,https://oldpulteney.com/products/huddart; https://distiller.com/spirits/old-pulteney-huddart,2026-06-26,http://oldpulteney.com/cdn/shop/files/HuddartShopifyProductImage.png,scotch_highlands
Scotch,Old Pulteney,"Wick, Highland",Old Pulteney,own_make,,FALSE,FALSE,Single Malt; Harbour,NAS,,,80,40,100% malted barley,Ex-bourbon,,https://oldpulteney.com/products/harbour; https://www.masterofmalt.com/whiskies/pulteney/old-pulteney-harbour-whisky/?sku=135914,2026-06-26,http://oldpulteney.com/cdn/shop/files/Harbour_Product_hero_shopify.png,scotch_highlands
Scotch,Royal Brackla,"Nairn, Highland",Royal Brackla,own_make,,FALSE,FALSE,Single Malt; Sherry Cask,12 Years,,,92,46,100% malted barley,Ex-bourbon,Oloroso sherry,https://www.royalbrackla.com/our-whiskies/12-year-old-whisky/; https://www.royalbrackla.com/our-whiskies/,2026-06-28,NULL,scotch_highlands
Scotch,Royal Brackla,"Nairn, Highland",Royal Brackla,own_make,,FALSE,FALSE,Single Malt; Sherry Cask,18 Years,,,92,46,100% malted barley,Ex-bourbon,Palo Cortado sherry,https://www.royalbrackla.com/our-whiskies/18-year-old-whisky/; https://www.royalbrackla.com/our-whiskies/,2026-06-28,NULL,scotch_highlands
Scotch,Royal Brackla,"Nairn, Highland",Royal Brackla,own_make,,FALSE,FALSE,Single Malt; Sherry Cask,21 Years,,,92,46,100% malted barley,Ex-bourbon,"Pedro Ximenez, Oloroso, and Palo Cortado sherry (blend)",https://www.royalbrackla.com/our-whiskies/21-year-old-whisky/; https://www.royalbrackla.com/our-whiskies/,2026-06-28,NULL,scotch_highlands
Scotch,Royal Brackla,"Nairn, Highland",Royal Brackla,own_make,,FALSE,FALSE,Single Malt; Sherry Cask,25 Years,,,92,46,100% malted barley,Ex-bourbon,Pedro Ximenez sherry,https://www.royalbrackla.com/our-whiskies/; https://shop.dewars.com/products/royal-brackla-25-year-old-whisky,2026-06-28,NULL,scotch_highlands
Scotch,Teaninich,"Alness, Highland",Teaninich,own_make,,FALSE,FALSE,Single Malt,10 Years,,,86,43,100% malted barley,Ex-bourbon,,https://distiller.com/spirits/teaninich-10-flora-fauna; https://www.htfw.com/teaninich-flora-fauna-single-malt-scotch-10-year-old-whisky,2026-06-04,NULL,scotch_highlands
Scotch,Teaninich,"Alness, Highland",Teaninich,own_make,,FALSE,FALSE,Single Malt; Cask Strength,17 Years,1999,,111.8,55.9,100% malted barley,Ex-bourbon (refill hogsheads and barrels),,https://distiller.com/spirits/teaninich-17-year-2017-special-release; https://whiskyadvocate.com/Teaninich-17-year-old-Diageo-Special-Releases-2017-55-9,2026-06-04,NULL,scotch_highlands
Scotch,The Dalmore,"Alness, Highland",The Dalmore,own_make,,FALSE,FALSE,Single Malt,12 Years,,,80,40,100% malted barley,Ex-bourbon,,https://www.thedalmore.com/en/our-collections/the-principal-collection/the-12/; https://www.pastemagazine.com/drink/whiskey/dalmore-scotch-whisky-reviews-12-15-18-cigar-malt,2026-06-28,NULL,scotch_highlands
Scotch,The Dalmore,"Alness, Highland",The Dalmore,own_make,,FALSE,FALSE,Single Malt; Sherry Cask,12 Years,,,86,43,100% malted barley,Ex-bourbon,Matusalem Oloroso sherry,https://www.thedalmore.com/en/our-collections/the-principal-collection/12-sherry-cask-select/; https://whiskyadvocate.com/Dalmore-12-year-old-Sherry-Cask-Select-43,2026-06-28,NULL,scotch_highlands
Scotch,The Dalmore,"Alness, Highland",The Dalmore,own_make,,FALSE,FALSE,Single Malt,15 Years,,,80,40,100% malted barley,Ex-bourbon,"Matusalem, Apostoles, Amoroso Oloroso sherry (triple sherry)",https://www.thedalmore.com/en/our-collections/the-principal-collection/the-15/; https://www.pastemagazine.com/drink/whiskey/dalmore-scotch-whisky-reviews-12-15-18-cigar-malt,2026-06-28,NULL,scotch_highlands
Scotch,The Dalmore,"Alness, Highland",The Dalmore,own_make,,FALSE,FALSE,Single Malt,17 Years,,,84,42,100% malted barley,Ex-bourbon,"Amoroso, Apostoles, Matusalem Oloroso sherry",https://onemoredram.com/2026/01/31/the-dalmore-announces-new-core-range-expression-the-dalmore-aged-17-years/; https://www.masterofmalt.com/blog/post/the-dalmore-17-year-old-joins-core-range/,2026-06-26,https://onemoredram.com/wp-content/uploads/2026/01/the-dalmore-aged-17-years-01-31-2026.jpg,scotch_highlands
Scotch,The Dalmore,"Alness, Highland",The Dalmore,own_make,,FALSE,FALSE,Single Malt,18 Years,,,86,43,100% malted barley,Ex-bourbon,Matusalem Oloroso sherry,https://www.thedalmore.com/en/our-collections/the-principal-collection/the-18/; https://whiskyforeveryone.com/review-the-dalmore-18-years-old/,2026-06-28,NULL,scotch_highlands
Scotch,The Dalmore,"Alness, Highland",The Dalmore,own_make,,FALSE,FALSE,Single Malt,21 Years,,,87.6,43.8,100% malted barley,Ex-bourbon,Matusalem Oloroso sherry (30-year-old casks),https://www.thedalmore.com/en/our-collections/the-principal-collection/the-21/; https://woodencork.com/products/the-dalmore-21-year-old-scotch-whisky,2026-06-28,NULL,scotch_highlands
Scotch,The Dalmore,"Alness, Highland",The Dalmore,own_make,,FALSE,FALSE,Single Malt; King Alexander III,NAS,,,80,40,100% malted barley,Ex-bourbon,"Bourbon, Oloroso sherry, Madeira, Marsala, Port pipes, Cabernet Sauvignon",https://www.thedalmore.com/en/our-collections/the-principal-collection/king-alexander-iii/,2026-06-28,NULL,scotch_highlands
Scotch,The Dalmore,"Alness, Highland",The Dalmore,own_make,,FALSE,FALSE,Single Malt; Cigar Malt Reserve,NAS,,,88,44,100% malted barley,Ex-bourbon,"Tawny port pipes (Matusalem sherry, Cabernet Sauvignon)",https://www.thedalmore.com/en-us/our-collections/the-principal-collection/cigar-malt-reserve/; https://whiskyadvocate.com/Dalmore-Cigar-Malt-Reserve-44,2026-06-28,NULL,scotch_highlands
Scotch,The Dalmore,"Alness, Highland",The Dalmore,own_make,,FALSE,FALSE,Single Malt; Port Wood Reserve,NAS,,,93,46.5,100% malted barley,Ex-bourbon,Tawny port pipes,https://www.thedalmore.com/en/our-collections/the-principal-collection/port-wood-reserve/; https://winenliquor.com/p/dalmore-port-wood-reserve/,2026-06-28,NULL,scotch_highlands
Scotch,Tomatin,"Tomatin, Highland",Tomatin,own_make,,FALSE,FALSE,Single Malt,10 Years,,,80,40,100% malted barley,Ex-bourbon,,https://tomatin.com/shop/core-range/10-year-old/,2026-06-04,NULL,scotch_highlands
Scotch,Tomatin,"Tomatin, Highland",Tomatin,own_make,,FALSE,FALSE,Single Malt; Legacy,NAS,,,86,43,100% malted barley,Ex-bourbon and virgin oak,,https://tomatin.com/shop/core-range/legacy/,2026-06-26,https://tomatin.com/wp-content/uploads/2019/09/New-Legacy-Bottle-Only-Web-601x1024.png,scotch_highlands
Scotch,Tomatin,"Tomatin, Highland",Tomatin,own_make,,FALSE,FALSE,Single Malt,12 Years,,,86,43,100% malted barley,Ex-bourbon,Refill sherry,https://tomatin.com/shop/core-range/12-year-old/; https://www.royalmilewhiskies.com/tomatin-12-year-old-triple-cask-43-70cl/,2026-06-26,https://tomatin.com/wp-content/uploads/2024/01/12-Bottle-Website.png,scotch_highlands
Scotch,Tomatin,"Tomatin, Highland",Tomatin,own_make,,FALSE,FALSE,Single Malt; Sherry Cask,12 Years,,,80,40,100% malted barley,Oloroso sherry,,https://tomatin.com/shop/core-range/12-year-old-sherry-cask/,2026-06-04,NULL,scotch_highlands
Scotch,Tomatin,"Tomatin, Highland",Tomatin,own_make,,FALSE,FALSE,Single Malt; Cask Strength,NAS,,,115,57.5,100% malted barley,Ex-bourbon and first-fill Oloroso sherry,,https://tomatin.com/shop/core-range/cask-strength/; https://www.masterofmalt.com/whiskies/tomatin/tomatin-cask-strength-57-point-5-percent-whisky/,2026-06-26,https://tomatin.com/wp-content/uploads/2024/01/CS-AMcC-Bottle-130122-1.png,scotch_highlands
Scotch,Tomatin,"Tomatin, Highland",Tomatin,own_make,,FALSE,FALSE,Single Malt,14 Years,,,92,46,100% malted barley,Ex-bourbon,Tawny port casks,https://tomatin.com/shop/core-range/14-year-old/,2026-06-04,NULL,scotch_highlands
Scotch,Tomatin,"Tomatin, Highland",Tomatin,own_make,,FALSE,FALSE,Single Malt; Sherry Cask,18 Years,,,92,46,100% malted barley,Ex-bourbon,Oloroso sherry butts,https://tomatin.com/shop/core-range/18-year-old/,2026-06-26,https://tomatin.com/wp-content/uploads/2024/01/18-AMcC-Bottle-130122.png,scotch_highlands
Scotch,Tomatin,"Tomatin, Highland",Tomatin,own_make,,FALSE,FALSE,Single Malt; Sherry Cask,36 Years,,Batch 11,90.2,45.1,100% malted barley,Ex-bourbon,Oloroso sherry butts,https://tomatin.com/shop/prestige/36-year-old/,2026-06-04,NULL,scotch_highlands
Scotch,Tomatin,"Tomatin, Highland",Cu Bocan,own_make,,FALSE,FALSE,Single Malt; Peated,NAS,,,92,46,100% malted barley,"Ex-bourbon, Oloroso sherry, North American virgin oak",,https://tomatin.com/shop/cu-bocan/signature/,2026-06-26,https://tomatin.com/wp-content/uploads/2024/01/cu-bocan-signature.webp,scotch_highlands
Scotch,Tomatin,"Tomatin, Highland",Cu Bocan,own_make,,FALSE,FALSE,Single Malt; Peated,12 Years,,Batch 1,92,46,100% malted barley,Ex-bourbon,Caribbean rum casks,https://tomatin.com/shop/cu-bocan/12-year-old-batch-1/,2026-06-04,NULL,scotch_highlands
Scotch,Tomatin,"Tomatin, Highland",Cu Bocan,own_make,,FALSE,FALSE,Single Malt; Peated,15 Years,,2023 Release,100,50,100% malted barley,Oloroso sherry,,https://tomatin.com/shop/cu-bocan/15-year-old-2023-edition/; https://www.thewhiskyexchange.com/p/73209/cu-bocan-15-year-old-2023-edition,2026-06-04,NULL,scotch_highlands
Scotch,Wolfburn,"Thurso, Highland",Wolfburn,own_make,,FALSE,FALSE,Single Malt; Northland,8 Years,,,92,46,100% malted barley,American oak quarter casks (first-fill),,https://wolfburn.com/products/8-year-old-northland-46-vol-70cl,2026-06-26,https://wolfburn.com/cdn/shop/files/Wolfburn_8_Year_Old_Single_Malt_Scotch_Whisky_1_1200x628_crop_center.jpg,scotch_highlands
Scotch,Wolfburn,"Thurso, Highland",Wolfburn,own_make,,FALSE,FALSE,Single Malt; Aurora,NAS,,,92,46,100% malted barley,Ex-bourbon and ex-sherry casks,,https://wolfburn.com/products/aurora-46-vol-70cl,2026-06-04,NULL,scotch_highlands
Scotch,Wolfburn,"Thurso, Highland",Wolfburn,own_make,,FALSE,FALSE,Single Malt; Peated; Morven,NAS,,,92,46,100% malted barley (10 ppm),Ex-bourbon and ex-sherry casks,,https://wolfburn.com/products/morven-46-vol-70cl,2026-06-04,NULL,scotch_highlands
Scotch,Wolfburn,"Thurso, Highland",Wolfburn,own_make,,FALSE,FALSE,Single Malt; Cask Strength; Langskip,NAS,,,116,58,100% malted barley,First-fill ex-bourbon barrels,,https://wolfburn.com/products/langskip-58-vol-70cl,2026-06-04,NULL,scotch_highlands
Scotch,Wolfburn,"Thurso, Highland",Wolfburn,own_make,,FALSE,FALSE,Single Malt; Sherry Cask,10 Years,,,92,46,100% malted barley,Second-fill Oloroso sherry casks,,https://wolfburn.com/products/10-year-old-46-vol-70cl,2026-06-04,NULL,scotch_highlands
Scotch,Wolfburn,"Thurso, Highland",Wolfburn,own_make,,FALSE,FALSE,Single Malt; Peated,12 Years,,,92,46,100% malted barley (lightly peated),Second-fill Oloroso sherry butts and ex-bourbon casks,,https://wolfburn.com/products/12-year-old-single-malt-scotch-whisky-46-vol-70cl,2026-06-26,https://wolfburn.com/cdn/shop/files/Wolfburn_12_Year_Old_1200x628_crop_center.jpg,scotch_highlands
Scotch,Wolfburn,"Thurso, Highland",Wolfburn,own_make,,FALSE,TRUE,Single Malt; Single Cask; Kylver Series,NAS,,,,,100% malted barley,,,https://wolfburn.com/pages/kylverseries,2026-06-04,NULL,scotch_highlands
Scotch,Wolfburn,"Thurso, Highland",Wolfburn,own_make,,FALSE,FALSE,Single Malt; Peated; Small Batch,NAS,,128,92,46,100% malted barley (lightly peated),First-fill ex-bourbon half casks,,https://www.htfw.com/wolfburn-no-128-small-batch-release-1-whisky,2026-06-26,https://www.htfw.com/media/catalog/product/cache/51223aefd935e9442ebd0868a3d13ae4/l/p/lp8285_2_1.jpg,scotch_highlands
Scotch,Wolfburn,"Thurso, Highland",Wolfburn,own_make,,FALSE,FALSE,Single Malt; Small Batch,10 Years,,416,92,46,100% malted barley,"First-fill ruby port pipes (Douro Valley, Portugal)",,https://wolfburn.com/products/small-batch-416-single-malt-scotch-whisky-46-vol-70cl,2026-06-26,https://wolfburn.com/cdn/shop/files/Wolfburn_Small_Batch_416_10_Year_Old_Whisky_1200x628_crop_center.jpg,scotch_highlands
Scotch,Wolfburn,"Thurso, Highland",Wolfburn,own_make,,FALSE,FALSE,Single Malt; Peated; Small Batch,NAS,,458,92,46,100% malted barley (lightly peated),First-fill Pedro Ximenez sherry butts and first-fill ex-bourbon barrels (50/50),,https://wolfburn.com/products/small-batch-458-46-vol-70cl,2026-06-04,NULL,scotch_highlands
Scotch,Wolfburn,"Thurso, Highland",Wolfburn,own_make,,FALSE,FALSE,Single Malt,NAS,2017,,92,46,100% malted barley,First-fill ex-bourbon,Cognac casks,https://wolfburn.com/products/cognac-cask-finished-single-malt-scotch-whisky,2026-06-26,https://wolfburn.com/cdn/shop/files/Wolfburn_Cognac_Cask_Finished_Single_Malt_Whisky_1200x628_crop_center.jpg,scotch_highlands
Scotch,Wolfburn,"Thurso, Highland",Wolfburn,own_make,,FALSE,FALSE,Single Malt; Cask Strength; Single Cask,12 Years,2013,Cask No. 163,107,53.5,100% malted barley,Oloroso sherry butt (single cask),,https://wolfburn.com/products/2025-anniversary-series-53-5-vol-70cl,2026-06-04,NULL,scotch_highlands
Scotch,Wolfburn,"Thurso, Highland",Wolfburn,own_make,,FALSE,FALSE,Single Malt; Cask Strength; Single Cask,12 Years,2013,Cask No. 811,110.4,55.2,100% malted barley,Single cask (Warehouse No. 1),,https://wolfburn.com/products/2026-anniversary-series-single-malt-scotch-whisky-55-2-vol-70cl-1,2026-06-28,NULL,scotch_highlands
Scotch,Invergordon,"Invergordon, Highland",Invergordon,own_make,,FALSE,FALSE,Single Grain,14 Years,,,86,43,,Combination of refill and first-fill ex-bourbon casks (American white oak),,https://www.invergordonwhisky.com/en-us/our-whisky/invergordon-14/; https://www.totalwine.com/spirits/scotch/invergordon-14yr-single-grain-scotch-whisky/p/2126214174,2026-06-26,https://www.invergordonwhisky.com/media/beapkgfe/invergordon14_bottlefront-edited-1-1.png,scotch_highlands
Scotch,Invergordon,"Invergordon, Highland",Invergordon,own_make,,FALSE,FALSE,Single Grain,18 Years,,,86,43,,Combination of refill and first-fill ex-bourbon casks (American white oak),,https://www.invergordonwhisky.com/en-us/our-whisky/invergordon-18/; https://www.totalwine.com/spirits/scotch/invergordon-18yr-single-grain-scotch-whisky/p/2126214192,2026-06-26,https://www.invergordonwhisky.com/media/twym2mlh/invergordon14_bottlefront-edited-1-2.png,scotch_highlands
Scotch,Invergordon,"Invergordon, Highland",Invergordon,own_make,,FALSE,FALSE,Single Grain,21 Years,,,92,46,,Combination of refill and first-fill ex-bourbon casks (American white oak),,https://www.invergordonwhisky.com/en-us/our-whisky/invergordon-21/; https://www.totalwine.com/spirits/scotch/invergordon-21yr-single-grain-scotch-whisky/p/2126214195,2026-06-26,https://www.invergordonwhisky.com/media/fhwkigmf/invergordon14_bottlefront-edited-1-3.png,scotch_highlands
Scotch,GlenWyvis,"Dingwall, Highland",GlenWyvis,own_make,,FALSE,FALSE,Single Malt; Inaugural Release,NAS,2018,01/21,100,50,100% malted barley,First-fill ex-Tennessee whiskey barrels; first-fill ex-Moscatel; refill hogsheads,,https://glenwyvis.com/inaugural-whisky/; https://www.royalmilewhiskies.com/glen-wyvis-inaugural-release-50-70cl/,2026-06-04,NULL,scotch_highlands
Scotch,GlenWyvis,"Dingwall, Highland",GlenWyvis,own_make,,FALSE,FALSE,Single Malt,NAS,2018,02/18,93,46.5,100% malted barley (Concerto),First-fill ex-Tennessee whiskey casks; first-fill Oloroso hogsheads; refill hogsheads,,https://glenwyvis.com/product/glenwyvis-single-malt-whisky-batch-02-18-700ml/; https://www.thewhiskyexchange.com/p/67598/glenwyvis-2018-batch-2-3-year-old,2026-06-26,https://glenwyvis.com/wp-content/uploads/2025/04/GlenWyvis-Single-Malt-Whisky-Batch-02-18-700ml.webp,scotch_highlands
Scotch,GlenWyvis,"Dingwall, Highland",GlenWyvis,own_make,,FALSE,FALSE,Single Malt,NAS,2019,01/19,93,46.5,100% malted barley (Concerto and Laureate),Red wine casks; Moscatel casks; Marsala cask; refill casks,,https://glenwyvis.com/product/glenwyvis-single-malt-whisky-batch-01-19-700ml/,2026-06-26,https://glenwyvis.com/wp-content/uploads/2025/04/GlenWyvis-Single-Malt-Whisky-Batch-01-19-700ml.webp,scotch_highlands
Scotch,GlenWyvis,"Dingwall, Highland",GlenWyvis,own_make,,FALSE,FALSE,Single Malt; The Drover,NAS,,,93,46.5,100% malted barley,First-fill Sauternes barrique; first-fill Madeira hogshead; first-fill bourbon barrel; first-fill Oloroso hogshead,,https://glenwyvis.com/product/glenwyvis-single-malt-whisky-the-drover/,2026-06-26,https://glenwyvis.com/wp-content/uploads/2025/05/GlenWyvis-The-Drover.webp,scotch_highlands
Scotch,GlenWyvis,"Dingwall, Highland",GlenWyvis,own_make,,FALSE,FALSE,Single Malt; The Weaveress,NAS,,,93,46.5,100% malted barley,First-fill Ruby Port barrique; refill Oloroso Sherry hogshead,,https://glenwyvis.com/product/glenwyvis-single-malt-whisky-highland-legacy-series-2-baineach-the-weaveress/,2026-06-26,https://glenwyvis.com/wp-content/uploads/2026/03/Highland-Legacy-Series-2-Baineach-The-Weaveress.webp,scotch_highlands
Scotch,Aberfeldy,"Aberfeldy, Highland",Aberfeldy,own_make,,FALSE,FALSE,Single Malt,12 Years,,,80,40,100% malted barley,"Ex-bourbon, ex-sherry, refill, re-char oak",,https://www.aberfeldy.com/our-whiskies/12-year-old-whisky/; https://www.thewhiskyexchange.com/p/40978/aberfeldy-12-year-old-the-golden-dram,2026-06-28,NULL,scotch_highlands
Scotch,Aberfeldy,"Aberfeldy, Highland",Aberfeldy,own_make,,FALSE,FALSE,Single Malt; Sherry Cask,16 Years,,,80,40,100% malted barley,"Ex-bourbon, refill, re-char casks",First-fill Oloroso sherry cask finish (6 months),https://www.thewhiskyexchange.com/p/30845/aberfeldy-16-year-old; https://www.masterofmalt.com/whiskies/aberfeldy/aberfeldy-16-year-old-whisky/,2026-06-26,https://img.thewhiskyexchange.com/540/abfob.16yov1.jpg,scotch_highlands
Scotch,Aberfeldy,"Aberfeldy, Highland",Aberfeldy,own_make,,FALSE,FALSE,Single Malt,21 Years,,,80,40,100% malted barley,"Ex-bourbon, ex-sherry, refill, re-char oak",,https://www.aberfeldy.com/our-whiskies/21-year-old-whisky/; https://www.thewhiskyexchange.com/p/5258/aberfeldy-21-year-old,2026-06-28,NULL,scotch_highlands
Scotch,Aberfeldy,"Aberfeldy, Highland",Aberfeldy,own_make,,FALSE,FALSE,Single Malt; Sherry Cask; 125th Anniversary,25 Years,,,92,46,100% malted barley,Refill oak casks,"Oloroso sherry cask finish; non-chill filtered, no colour added",https://www.aberfeldy.com/our-whiskies/125-anniversary-25-year-old/; https://www.thewhiskyexchange.com/p/83780/aberfeldy-25-year-old-125th-anniversary,2026-06-28,NULL,scotch_highlands
Scotch,Aberfeldy,"Aberfeldy, Highland",Aberfeldy,own_make,,FALSE,FALSE,Single Malt; Madeira,12 Years,,,80,40,100% malted barley,"Ex-bourbon, ex-sherry, refill, re-char oak",Madeira cask finish (Bual and Malvasia Malmsey); travel retail exclusive,https://www.masterofmalt.com/whiskies/aberfeldy/aberfeldy-12-year-old-madeira-cask-whisky/; https://whiskymag.com/articles/aberfeldy-launches-madeira-cask-finished-malts-in-travel-retail/,2026-06-26,https://cdn11.bigcommerce.com/s-e8lbekfe7c/images/stencil/1024w/attribute_rule_images/64480_source_1766053892.jpg,scotch_highlands
Scotch,Aberfeldy,"Aberfeldy, Highland",Aberfeldy,own_make,,FALSE,FALSE,Single Malt; Madeira,16 Years,,,80,40,100% malted barley,"Ex-bourbon, ex-sherry, refill, re-char oak",Madeira cask finish (Bual and Malvasia Malmsey); travel retail exclusive,https://www.aberfeldy.com/our-whiskies/16-year-old-madeira-whisky/; https://www.masterofmalt.com/whiskies/aberfeldy/aberfeldy-16-year-old-madeira-cask-finish-whisky/,2026-06-26,https://dvuv85vtaarf3.cloudfront.net/wp-content/uploads/sites/13/2021/11/03065546/bc7b1a3f-2f5b-4535-b2cc-44edf95f804c.jpg,scotch_highlands
Scotch,Aberfeldy,"Aberfeldy, Highland",Aberfeldy,own_make,,FALSE,FALSE,Single Malt; Red Wine Cask,18 Years,,,86,43,100% malted barley,"Ex-bourbon, refill, re-char casks",Cote Rotie (Rhone Valley) red wine cask finish,https://www.aberfeldy.com/our-whiskies/18-year-old-madeira-whisky/; https://www.thewhiskyexchange.com/p/84156/aberfeldy-18-year-old-sangiovese-italian-wine-cask,2026-06-26,https://dvuv85vtaarf3.cloudfront.net/wp-content/uploads/sites/13/2021/11/03134156/HEADER-11.jpg,scotch_highlands
Scotch,Ardmore,"Kennethmont, Highland",Ardmore,own_make,,FALSE,FALSE,Single Malt; Peated; Legacy,NAS,,,80,40,100% malted barley,Ex-bourbon barrel,,https://www.thewhiskyexchange.com/p/26248/ardmore-legacy; https://www.masterofmalt.com/whiskies/ardmore/the-ardmore-legacy-whisky/,2026-06-26,https://img.thewhiskyexchange.com/540/ardob.non1.jpg,scotch_highlands
Scotch,Ardmore,"Kennethmont, Highland",Ardmore,own_make,,FALSE,FALSE,Single Malt; Peated; Tradition,NAS,,,92,46,100% malted barley,Ex-bourbon barrels,125-litre quarter cask finish,https://www.thewhiskyexchange.com/p/7234/ardmore-traditional-cask; https://www.masterofmalt.com/whiskies/ardmore-traditional-whisky/,2026-06-26,https://img.thewhiskyexchange.com/540/ardob.non.jpg,scotch_highlands
Scotch,Ardmore,"Kennethmont, Highland",Ardmore,own_make,,FALSE,FALSE,Single Malt; Peated,12 Years,,,92,46,100% malted barley,American white oak ex-bourbon barrels,Port pipe finish; non-chill filtered,https://www.thewhiskyexchange.com/p/31020/ardmore-12-year-old-port-wood-finish; https://www.masterofmalt.com/whiskies/ardmore/ardmore-12-year-old-port-wood-finish-whisky/,2026-06-26,https://img.thewhiskyexchange.com/540/ardob.12yov1.jpg,scotch_highlands
Scotch,Ardmore,"Kennethmont, Highland",Ardmore,own_make,,FALSE,FALSE,Single Malt; Peated; Triple Wood,NAS,,,92,46,100% malted barley,"Ex-bourbon casks, quarter casks, puncheons (triple wood)",,https://www.masterofmalt.com/whiskies/ardmore/; https://www.whisky.com/whisky-database/details/ardmore-triple-wood.html,2026-06-26,https://cdn11.bigcommerce.com/s-e8lbekfe7c/images/stencil/1024w/attribute_rule_images/33737_source_1758882917.jpg,scotch_highlands
Scotch,Ben Nevis,"Fort William, Highland",Ben Nevis,own_make,,FALSE,FALSE,Single Malt,10 Years,,,92,46,100% malted barley,Mix of ex-bourbon and ex-sherry hogsheads,,https://www.thewhiskyexchange.com/p/718/ben-nevis-10-year-old,2026-06-26,https://img.thewhiskyexchange.com/540/bnvob.10yo.jpg,scotch_highlands
Scotch,Ben Nevis,"Fort William, Highland",Ben Nevis,own_make,,FALSE,FALSE,Single Malt; Coire Leis,NAS,,,92,46,100% malted barley,First-fill ex-bourbon casks,,https://www.tyndrumwhisky.com/ben-nevis-coire-leis.html; https://malt-review.com/2021/09/25/ben-nevis-coire-leis/,2026-06-26,https://assets.tyndrumwhisky.com/media/catalog/product/cache/d729507224976e0fa2bede0a4487e1cb/a/u/aug22-benneviscoireleis.jpg,scotch_highlands
Scotch,Ben Nevis,"Fort William, Highland",Ben Nevis,own_make,,FALSE,FALSE,Single Malt; Peated; McDonald's Traditional,NAS,,,92,46,100% malted barley,Ex-bourbon American oak and European oak sherry casks,,https://malt-review.com/2022/09/27/macdonalds-ben-nevis-traditional/; https://www.vaultofspirits.com/whisky/single-malt/mcdonalds-traditional-ben-nevis-pure-malt-46/,2026-06-04,NULL,scotch_highlands
Scotch,Ben Nevis,"Fort William, Highland",Ben Nevis,own_make,,FALSE,FALSE,Single Malt; Cask Strength,10 Years,2008,Batch 1,124.8,62.4,100% malted barley,"First-fill ex-bourbon, ex-sherry, and wine casks (filled 21 April 2008)",,https://www.thewhiskyexchange.com/p/47527/ben-nevis-10-year-old-cask-strength-batch-no1,2026-06-26,https://img.thewhiskyexchange.com/540/bnvob.10yov2.jpg,scotch_highlands
Scotch,Blair Athol,"Pitlochry, Highland",Blair Athol,own_make,,FALSE,FALSE,Single Malt,12 Years,,,86,43,100% malted barley,Predominantly ex-bourbon casks; small proportion ex-sherry,,https://www.masterofmalt.com/whiskies/blair-athol-12-year-old-whisky/; https://distiller.com/spirits/blair-athol-12-year-flora-fauna,2026-06-26,https://cdn11.bigcommerce.com/s-e8lbekfe7c/images/stencil/1024w/attribute_rule_images/33687_source_1777312940.jpg,scotch_highlands
Scotch,Blair Athol,"Pitlochry, Highland",Blair Athol,own_make,,FALSE,FALSE,Single Malt; Cask Strength,23 Years,1993,,116.8,58.4,100% malted barley,Ex-bodega European oak butts,,https://www.thewhiskyworld.com/blair-athol-1993-23-year-old-special-releases-2017-p1503; https://whiskyadvocate.com/Blair-Athol-23-year-old-Diageo-Special-Releases-2017-58-4,2026-06-04,NULL,scotch_highlands
Scotch,Deanston,"Doune, Highland",Deanston,own_make,,FALSE,FALSE,Single Malt,12 Years,,,92.6,46.3,100% malted barley,Ex-bourbon casks,,https://deanstonmalt.com/en-us/products/whisky-core-range-12-year-old; https://www.masterofmalt.com/whiskies/deanston/deanston-12-year-old-whisky/,2026-06-26,http://deanstonmalt.com/cdn/shop/files/Deanston12YOBottleandDramHeroShot.png,scotch_highlands
Scotch,Deanston,"Doune, Highland",Deanston,own_make,,FALSE,FALSE,Single Malt,18 Years,,,92.6,46.3,100% malted barley,Ex-bourbon hogsheads,First-fill Kentucky bourbon cask finish,https://deanstonmalt.com/en-us/products/18-year-old; https://www.thewhiskyexchange.com/p/47802/deanston-18-year-old-bourbon-matured,2026-06-26,http://deanstonmalt.com/cdn/shop/files/Deanston_18YO_Bottle_and_Dram_Hero_Shot.png,scotch_highlands
Scotch,Deanston,"Doune, Highland",Deanston,own_make,,FALSE,FALSE,Single Malt; Virgin Oak,NAS,,,92.6,46.3,100% malted barley,Ex-bourbon barrels,Virgin American oak cask finish,https://deanstonmalt.com/en-us/products/virgin-oak; https://www.thewhiskyexchange.com/p/14469/deanston-virgin-oak,2026-06-26,http://deanstonmalt.com/cdn/shop/files/Deanston_Virgin_Oak_Bottle_and_Dram_Hero_Shot.png,scotch_highlands
Scotch,Deanston,"Doune, Highland",Deanston,own_make,,FALSE,FALSE,Single Malt; Cask Strength; Virgin Oak,NAS,,Batch 1 (2023),117,58.5,100% malted barley,Ex-bourbon barrels,Virgin American oak cask finish; non-chill filtered,https://deanstonmalt.com/en-us/products/virgin-oak-cask-strength-2023-edition; https://www.masterofmalt.com/whiskies/deanston/deanston-virgin-oak-cask-strength-whisky/,2026-06-26,http://deanstonmalt.com/cdn/shop/files/Deanston_Virgin_Oak_Cask_Strength_Bottle_and_Dram_Hero_Shot.png,scotch_highlands
Scotch,Deanston,"Doune, Highland",Deanston,own_make,,FALSE,FALSE,Single Malt; Bourbon Cask; Kentucky Cask,NAS,,,80,40,100% malted barley,First-fill and second-fill ex-bourbon casks (Kentucky),,https://www.masterofmalt.com/whiskies/deanston/deanston-kentucky-cask-matured-whisky/; https://scotchwhiskyworld.com/product/deanston-malt-scotch-whisky-kentucky/,2026-06-26,https://cdn11.bigcommerce.com/s-e8lbekfe7c/images/stencil/1024w/attribute_rule_images/43771_source_1758884509.jpg,scotch_highlands
Scotch,Edradour,"Pitlochry, Highland",Edradour,own_make,,FALSE,FALSE,Single Malt,10 Years,,,80,40,100% malted barley,Ex-bourbon barrels and Oloroso sherry casks,,https://www.thewhiskyexchange.com/p/1902/edradour-10-year-old; https://www.masterofmalt.com/whiskies/edradour-10-year-old-whisky/,2026-06-26,https://img.thewhiskyexchange.com/540/edrob.10yov1.jpg,scotch_highlands
Scotch,Edradour,"Pitlochry, Highland",Edradour,own_make,,FALSE,FALSE,Single Malt; Sherry Cask; Caledonia,12 Years,,,92,46,100% malted barley,Ex-bourbon barrels,Oloroso sherry casks (4-5 years finishing),https://www.edradour.com/caledonia-12-year-old; https://www.thewhiskyexchange.com/p/10992/edradour-12-year-old-caledonia-selection-sherry-cask,2026-06-26,https://www.edradour.com/media/6f/3e/07/1668600236/Caledonia%2012%20Year%20Old.jpg,scotch_highlands
Scotch,Edradour,"Pitlochry, Highland",Ballechin,own_make,,FALSE,FALSE,Single Malt; Heavily Peated,10 Years,,,92,46,100% malted barley,Ex-bourbon casks with ex-Oloroso sherry top-dressing,,https://www.edradour.com/shop; https://whiskyadvocate.com/Edradour-Ballechin-10-year-old-46,2026-06-26,https://www.edradour.com/media/7c/99/90/1666969620/Edradour%20logo%20Scotlands%20Little%20Gem.svg,scotch_highlands
Scotch,Edradour,"Pitlochry, Highland",Edradour,own_make,,FALSE,TRUE,Single Malt; Single Cask; Cask Strength; Straight from the Cask,NAS,,,,,100% malted barley,"Varies by cask (sherry butt, Madeira, Port, Chardonnay, Sauternes, Bordeaux, Burgundy, Marsala)",,https://www.edradour.com/straight-from-the-cask-10-year-old; https://www.masterofmalt.com/distilleries/edradour-whisky-distillery/,2026-06-26,https://www.edradour.com/media/b2/9e/ae/1668599958/Straight%20From%20The%20Cask%2010%20Year%20Old.jpg,scotch_highlands
Scotch,Fettercairn,"Fettercairn, Highland",Fettercairn,own_make,,FALSE,FALSE,Single Malt,12 Years,,,80,40,100% malted barley,Ex-bourbon barrel,,https://www.masterofmalt.com/whiskies/fettercairn/fettercairn-12-year-old-whisky/,2026-06-26,https://cdn11.bigcommerce.com/s-e8lbekfe7c/images/stencil/1024w/attribute_rule_images/10830_source_1779439940.jpg,scotch_highlands
Scotch,Fettercairn,"Fettercairn, Highland",Fettercairn,own_make,,FALSE,FALSE,Single Malt,16 Years,,Batch 4,92.8,46.4,100% malted barley,Ex-bourbon barrel,Port pipe,https://www.masterofmalt.com/whiskies/fettercairn/fettercairn-16-year-old-1l-whisky/; https://reallygoodwhisky.com/en-us/products/fettercairn-16-year-old-batch-4-single-malt-scotch-whisky-70cl-46-4,2026-06-26,https://cdn11.bigcommerce.com/s-e8lbekfe7c/images/stencil/1024w/attribute_rule_images/50037_source_1761857441.jpg,scotch_highlands
Scotch,Fettercairn,"Fettercairn, Highland",Fettercairn,own_make,,FALSE,FALSE,Single Malt,18 Years,,,93.6,46.8,100% malted barley,Ex-bourbon barrel,Virgin Scottish oak,https://maltrunners.com/2023/05/28/fettercairn-12-year-fettercairn-16-year-fettercairn-18-year/; https://torontowhiskysociety.ca/2023/05/22/review-fettercairn-12-fettercairn-16-2022-fettercairn-18/,2026-06-26,https://maltrunners.com/wp-content/uploads/2023/06/pxl_20230519_002222208.jpg,scotch_highlands
Scotch,Fettercairn,"Fettercairn, Highland",Fettercairn,own_make,,FALSE,FALSE,Single Malt,22 Years,,,94,47,100% malted barley,Ex-bourbon barrel,,https://www.masterofmalt.com/whiskies/fettercairn/fettercairn-22-year-old-whisky/,2026-06-26,https://cdn11.bigcommerce.com/s-e8lbekfe7c/images/stencil/1024w/attribute_rule_images/54983_source_1780081834.jpg,scotch_highlands
Scotch,Fettercairn,"Fettercairn, Highland",Fettercairn,own_make,,FALSE,FALSE,Single Malt,28 Years,,,84,42,100% malted barley,Ex-bourbon barrel,,https://www.fettercairnwhisky.com/en-us/our-whisky/prestige-range/28-year-old/; https://www.masterofmalt.com/whiskies/fettercairn/fettercairn-28-year-old-whisky/,2026-06-26,https://www.fettercairnwhisky.com/media/y20n1211/fettercairn_seal.png,scotch_highlands
Scotch,Fettercairn,"Fettercairn, Highland",Fettercairn,own_make,,FALSE,FALSE,Single Malt; Warehouse 2,NAS,,Batch No. 001,99.4,49.7,100% malted barley,Ex-bourbon barrel,Port pipe; Sherry butt; Sherry barrel,https://www.masterofmalt.com/whiskies/fettercairn/fettercairn-warehouse-2-batch-no-001-whisky/,2026-06-26,https://cdn11.bigcommerce.com/s-e8lbekfe7c/images/stencil/1024w/attribute_rule_images/51325_source_1758884199.jpg,scotch_highlands
Scotch,Fettercairn,"Fettercairn, Highland",Fettercairn,own_make,,FALSE,FALSE,Single Malt; Warehouse 2,NAS,,Batch No. 002,97,48.5,100% malted barley,Ex-bourbon barrel,Port pipe; Sherry butt; Sherry barrel,https://www.masterofmalt.com/whiskies/fettercairn/fettercairn-warehouse-2-batch-no-002-whisky/,2026-06-26,https://cdn11.bigcommerce.com/s-e8lbekfe7c/images/stencil/1024w/attribute_rule_images/48537_source_1758884318.jpg,scotch_highlands
Scotch,Glencadam,"Brechin, Highland",Glencadam,own_make,,FALSE,FALSE,Single Malt; Origin 1825,NAS,,,80,40,100% malted barley,Ex-bourbon barrel,Oloroso sherry,https://www.glencadamwhisky.com/products/glencadam-origin-1825; https://www.masterofmalt.com/whiskies/glencadam/glencadam-origin-1825-whisky/,2026-06-26,http://www.glencadamwhisky.com/cdn/shop/files/Glencadam----Origin-min_2000x2500.png,scotch_highlands
Scotch,Glencadam,"Brechin, Highland",Glencadam,own_make,,FALSE,FALSE,Single Malt,10 Years,,,92,46,100% malted barley,Ex-bourbon barrel,,https://www.thewhiskyexchange.com/p/9398/glencadam-10-year-old,2026-06-26,https://img.thewhiskyexchange.com/540/gcdob.10yo.jpg,scotch_highlands
Scotch,Glencadam,"Brechin, Highland",Glencadam,own_make,,FALSE,FALSE,Single Malt,13 Years,,Batch 3,92,46,100% malted barley,Ex-bourbon barrel,,https://www.thewhiskyexchange.com/p/53123/glencadam-13-year-old-batch-3,2026-06-26,https://img.thewhiskyexchange.com/540/gcdob.13yov1.jpg,scotch_highlands
Scotch,Glencadam,"Brechin, Highland",Glencadam,own_make,,FALSE,FALSE,Single Malt,15 Years,,,92,46,100% malted barley,Ex-bourbon barrel,,https://www.thewhiskyexchange.com/p/9408/glencadam-15-year-old,2026-06-26,https://img.thewhiskyexchange.com/540/gcdob.15yov2.jpg,scotch_highlands
Scotch,Glencadam,"Brechin, Highland",Glencadam,own_make,,FALSE,FALSE,Single Malt,18 Years,,,92,46,100% malted barley,Ex-bourbon barrel,,https://www.thewhiskyexchange.com/p/33529/glencadam-18-year-old,2026-06-26,https://img.thewhiskyexchange.com/540/gcdob.18yo.jpg,scotch_highlands
Scotch,Glencadam,"Brechin, Highland",Glencadam,own_make,,FALSE,FALSE,Single Malt,21 Years,,,92,46,100% malted barley,Ex-bourbon barrel,,https://topwhiskies.com/blogs/whisky-reviews/glencadam-vertical-10-15-and-21-year-old-whiskies-reviewed,2026-06-28,NULL,scotch_highlands
Scotch,Glencadam,"Brechin, Highland",Glencadam,own_make,,FALSE,FALSE,Single Malt; The Remarkable,25 Years,,,92,46,100% malted barley,Ex-bourbon barrel,,https://www.frootbat.com/p/331195/glencadam-the-remarkable-25-year-old-single-malt-scotch-whisky,2026-06-04,NULL,scotch_highlands
Scotch,Glen Garioch,"Oldmeldrum, Highland",Glen Garioch,own_make,,FALSE,FALSE,Single Malt; Founder's Reserve,NAS,,,96,48,100% malted barley,Ex-bourbon barrel,Ex-sherry barrel,https://www.glengarioch.com/whiskies/core-range/founders-reserve,2026-06-04,NULL,scotch_highlands
Scotch,Glen Garioch,"Oldmeldrum, Highland",Glen Garioch,own_make,,FALSE,FALSE,Single Malt,12 Years,,,96,48,100% malted barley,Ex-bourbon barrel,Ex-sherry barrel,https://www.glengarioch.com/whiskies/core-range/12-years-old,2026-06-04,NULL,scotch_highlands
Scotch,Glen Garioch,"Oldmeldrum, Highland",Glen Garioch,own_make,,FALSE,FALSE,Single Malt; Renaissance,15 Years,,,103.8,51.9,100% malted barley,Ex-bourbon barrel,,https://www.glengarioch.com/whiskies/vintage-releases/the-renaissance-chapter-1,2026-06-04,NULL,scotch_highlands
Scotch,Glen Garioch,"Oldmeldrum, Highland",Glen Garioch,own_make,,FALSE,FALSE,Single Malt; Virgin Oak,NAS,,,96,48,100% malted barley,Virgin American white oak,,https://www.glengarioch.com/whiskies/vintage-releases/virgin-oak,2026-06-04,NULL,scotch_highlands
Scotch,Glengoyne,"Dumgoyne, Highland",Glengoyne,own_make,,FALSE,FALSE,Single Malt,10 Years,,,86,43,100% malted barley,Ex-sherry and refill oak casks,,https://www.glengoyne.com/our-whisky/our-collection/10-year-old,2026-06-04,NULL,scotch_highlands
Scotch,Glengoyne,"Dumgoyne, Highland",Glengoyne,own_make,,FALSE,FALSE,Single Malt,12 Years,,,86,43,100% malted barley,Ex-sherry and refill oak casks,,https://www.glengoyne.com/our-whisky/our-collection/12-year-old,2026-06-04,NULL,scotch_highlands
Scotch,Glengoyne,"Dumgoyne, Highland",Glengoyne,own_make,,FALSE,FALSE,Single Malt,15 Years,,,86,43,100% malted barley,Ex-sherry and refill oak casks,,https://www.glengoyne.com/shop/our-whisky-collection/our-core-collection,2026-06-04,NULL,scotch_highlands
Scotch,Glengoyne,"Dumgoyne, Highland",Glengoyne,own_make,,FALSE,FALSE,Single Malt,18 Years,,,86,43,100% malted barley,First-fill European and American oak sherry; refill oak,,https://www.glengoyne.com/our-whisky/our-collection/18-year-old,2026-06-04,NULL,scotch_highlands
Scotch,Glengoyne,"Dumgoyne, Highland",Glengoyne,own_make,,FALSE,FALSE,Single Malt; Sherry Cask,21 Years,,,86,43,100% malted barley,First-fill European oak sherry casks,,https://www.thewhiskyexchange.com/p/2161/glengoyne-21-year-old-sherry-cask,2026-06-26,https://img.thewhiskyexchange.com/540/ggoob.21yo.jpg,scotch_highlands
Scotch,Glengoyne,"Dumgoyne, Highland",Glengoyne,own_make,,FALSE,FALSE,Single Malt,25 Years,,,86,43,100% malted barley,Sherry oak casks,,https://www.glengoyne.com/our-whisky/fine-rare/25-year-old-highland-single-malt-scotch-whisky,2026-06-04,NULL,scotch_highlands
Scotch,Glengoyne,"Dumgoyne, Highland",Glengoyne,own_make,,FALSE,FALSE,Single Malt,30 Years,,,93.6,46.8,100% malted barley,Sherry oak casks,,https://www.glengoyne.com/our-whisky/fine-rare/30-year-old; https://www.thewhiskyexchange.com/p/71409/glengoyne-30-year-old,2026-10-03,NULL,scotch_highlands
Scotch,Glengoyne,"Dumgoyne, Highland",Glengoyne,own_make,,FALSE,FALSE,Single Malt; Cask Strength,NAS,,Batch 11,121,60.5,100% malted barley,"Refill, oloroso sherry, and bourbon casks",,https://www.masterofmalt.com/whiskies/glengoyne/glengoyne-cask-strength-whisky/; https://www.glengoyne.com/our-whisky/our-collection/; https://www.thewhiskyexchange.com/p/86955/glengoyne-cask-strength-batch-11,2026-10-03,https://cdn11.bigcommerce.com/s-e8lbekfe7c/images/stencil/1024w/attribute_rule_images/64803_source_1777118453.jpg,scotch_highlands
Scotch,Glengoyne,"Dumgoyne, Highland",Glengoyne,own_make,,FALSE,FALSE,Single Malt; Sherry Cask; Teapot Dram,NAS,,Batch No. 011,119.4,59.7,100% malted barley,First-fill sherry casks,,https://www.glengoyne.com/news/glengoyne-launches-teapot-dram-batch-no.011; https://thewhiskeywash.com/whiskey-news/glengoyne-releases-teapot-dram-batch-011/,2026-06-04,NULL,scotch_highlands
Scotch,Glenturret,"Crieff, Highland",The Glenturret,own_make,,FALSE,FALSE,Single Malt; Triple Wood,NAS,,2025,90,45,100% malted barley,American and European oak sherry-seasoned casks and bourbon barrels,,https://theglenturret.com/collections/whisky/products/triple-wood-2025,2026-06-26,http://theglenturret.com/cdn/shop/files/TW_3Q_P_2025-WEB.jpg,scotch_highlands
Scotch,Glenturret,"Crieff, Highland",The Glenturret,own_make,,FALSE,FALSE,Single Malt; Peated,10 Years,,2025,93.2,46.6,100% malted barley,American and European oak casks,,https://theglenturret.com/collections/whisky/products/10-years-old-peat-smoked-2025,2026-06-26,http://theglenturret.com/cdn/shop/files/10_3Q_Pack_2025-WEB.jpg,scotch_highlands
Scotch,Glenturret,"Crieff, Highland",The Glenturret,own_make,,FALSE,FALSE,Single Malt,12 Years,,2025,92.4,46.2,100% malted barley,American oak with Oloroso and Pedro Ximenez sherry-seasoned casks,,https://theglenturret.com/collections/whisky/products/12-years-old-2025,2026-06-26,http://theglenturret.com/cdn/shop/files/Untitled_design.png,scotch_highlands
Scotch,Glenturret,"Crieff, Highland",The Glenturret,own_make,,FALSE,FALSE,Single Malt,15 Years,,2025,93,46.5,100% malted barley,European and American oak,,https://theglenturret.com/collections/whisky/products/15-years-old-2025,2026-06-26,http://theglenturret.com/cdn/shop/files/15_3Q_Pack_2025-WEB.jpg,scotch_highlands
Scotch,Glenturret,"Crieff, Highland",The Glenturret,own_make,,FALSE,FALSE,Single Malt,25 Years,,2025,82,41,100% malted barley,Three sherry casks; European and American oak,,https://theglenturret.com/products/25-years-old-2025,2026-06-26,http://theglenturret.com/cdn/shop/files/25_3Q_Bott_2025-WEB.jpg,scotch_highlands
Scotch,Glenturret,"Crieff, Highland",The Glenturret,own_make,,FALSE,FALSE,Single Malt,30 Years,,2024,81.2,40.6,100% malted barley,"European oak, Oloroso, Pedro Ximenez",Port pipe,https://theglenturret.com/products/30-years-old-2024,2026-06-28,NULL,scotch_highlands
Scotch,Knockdhu,"Knock, Highland",anCnoc,own_make,,FALSE,FALSE,Single Malt,12 Years,,,80,40,100% malted barley,Ex-bourbon and ex-sherry casks,,https://www.ancnoc.com/our-whiskies/1-12-years-old,2026-06-26,https://www.ancnoc.com/assets/000/000/002/anCnoc-12YO-Bottle-_-Tube-75cl_800wide_shareable.jpg,scotch_highlands
Scotch,Knockdhu,"Knock, Highland",anCnoc,own_make,,FALSE,FALSE,Single Malt,18 Years,,,92,46,100% malted barley,Spanish oak ex-sherry casks and American oak ex-bourbon barrels,,https://www.ancnoc.com/our-whiskies/2-18-years-old,2026-06-26,https://www.ancnoc.com/assets/000/000/003/anCnoc-18-B_T-high-res-updated_800wide_shareable.jpg,scotch_highlands
Scotch,Knockdhu,"Knock, Highland",anCnoc,own_make,,FALSE,FALSE,Single Malt,24 Years,,,92,46,100% malted barley,Ex-bourbon and ex-sherry casks,,https://www.ancnoc.com/our-whiskies/3-24-years-old,2026-06-26,https://www.ancnoc.com/assets/000/000/004/anCnoc-24yo-B_T-800wide_shareable.jpg,scotch_highlands
Scotch,Knockdhu,"Knock, Highland",anCnoc,own_make,,FALSE,FALSE,Single Malt; Peated; Peatheart,NAS,,Batch 3,92,46,100% malted barley,Ex-bourbon barrel,,https://www.ancnoc.com/our-whiskies/114-peatheart-batch-3,2026-06-26,https://www.ancnoc.com/assets/000/000/274/IMG_6552_copy_shareable.jpg,scotch_highlands
Scotch,Knockdhu,"Knock, Highland",anCnoc,own_make,,FALSE,FALSE,Single Malt; Peated; Sherry Cask,NAS,,,86,43,100% malted barley,Ex-bourbon barrel,Oloroso sherry,https://www.ancnoc.com/our-whiskies/113-sherry-cask-finish-peated-edition,2026-06-26,https://www.ancnoc.com/assets/000/000/269/IMG_6525_copy_shareable.jpg,scotch_highlands
Scotch,Loch Lomond,"Alexandria, Highland",Loch Lomond,own_make,,FALSE,FALSE,Single Malt,12 Years,,,92,46,100% malted barley,"Ex-bourbon casks (first-fill, refill, re-charred American oak)",,https://www.masterofmalt.com/whiskies/loch-lomond/loch-lomond-12-year-old-whisky/?sku=57169,2026-06-26,https://cdn11.bigcommerce.com/s-e8lbekfe7c/images/stencil/1024w/attribute_rule_images/20815_source_1782279654.jpg,scotch_highlands
Scotch,Loch Lomond,"Alexandria, Highland",Loch Lomond,own_make,,FALSE,FALSE,Single Malt,18 Years,,,92,46,100% malted barley,Ex-bourbon casks (American oak),,https://www.masterofmalt.com/whiskies/loch-lomond/loch-lomond-18-year-old-whisky/?sku=57170,2026-06-26,https://cdn11.bigcommerce.com/s-e8lbekfe7c/images/stencil/1024w/attribute_rule_images/56211_source_1782279653.jpg,scotch_highlands
Scotch,Loch Lomond,"Alexandria, Highland",Loch Lomond,own_make,,FALSE,FALSE,Single Malt; Original,NAS,,,80,40,100% malted barley,American oak ex-bourbon,,https://www.masterofmalt.com/whiskies/loch-lomond/loch-lomond-original-whisky/?sku=43407,2026-06-26,https://cdn11.bigcommerce.com/s-e8lbekfe7c/images/stencil/1024w/attribute_rule_images/25459_source_1782279655.jpg,scotch_highlands
Scotch,Loch Lomond,"Alexandria, Highland",Inchmurrin,own_make,,FALSE,FALSE,Single Malt,12 Years,,,92,46,100% malted barley,"Ex-bourbon, refill and re-charred American oak casks",,https://www.masterofmalt.com/whiskies/loch-lomond/inchmurrin-12-year-old-island-collection-whisky/?sku=45262,2026-06-26,https://cdn11.bigcommerce.com/s-e8lbekfe7c/images/stencil/1024w/attribute_rule_images/24793_source_1782279654.jpg,scotch_highlands
Scotch,Loch Lomond,"Alexandria, Highland",Inchmoan,own_make,,FALSE,FALSE,Single Malt; Peated,12 Years,,,92,46,100% malted barley,"Ex-bourbon, refill and re-charred American oak casks",,https://www.masterofmalt.com/whiskies/loch-lomond/inchmoan-12-year-old-whisky/?sku=62523,2026-06-26,https://cdn11.bigcommerce.com/s-e8lbekfe7c/images/stencil/1024w/attribute_rule_images/18333_source_1773163841.jpg,scotch_highlands
Scotch,Loch Lomond,"Alexandria, Highland",Loch Lomond,own_make,,FALSE,FALSE,Single Grain,NAS,,,97.6,48.8,,First-fill and second-fill American oak bourbon barrels,,https://www.masterofmalt.com/whiskies/loch-lomond/loch-lomond-coffey-still-single-grain-distillers-choice-whisky/?sku=125611; https://www.thewhiskyexchange.com/p/32644/loch-lomond-single-grain,2026-06-26,https://cdn11.bigcommerce.com/s-e8lbekfe7c/images/stencil/1024w/attribute_rule_images/40238_source_1776640274.jpg,scotch_highlands
Scotch,Macduff,"Banff, Highland",The Deveron,own_make,,FALSE,FALSE,Single Malt,12 Years,,,80,40,100% malted barley,Ex-bourbon casks,,https://malt-review.com/2015/11/23/the-deveron-12-18-years-old/; https://whiskygospel.com/2016/02/11/the-deveron-12-macduff-distillery-review/,2026-06-04,NULL,scotch_highlands
Scotch,Macduff,"Banff, Highland",The Deveron,own_make,,FALSE,FALSE,Single Malt,18 Years,,,80,40,100% malted barley,Ex-bourbon casks,,https://malt-review.com/2015/11/23/the-deveron-12-18-years-old/; https://www.tastethedram.com/single-post/2017/04/19/deveron-18-scotch-single-malt-review/,2026-06-04,NULL,scotch_highlands
Scotch,Macduff,"Banff, Highland",The Deveron,own_make,,FALSE,FALSE,Single Malt,25 Years,,,80,40,100% malted barley,,,https://www.thedeveron.com/,2026-06-04,NULL,scotch_highlands
Scotch,Oban,"Oban, Highland",Oban,own_make,,FALSE,FALSE,Single Malt,14 Years,,,86,43,100% malted barley,Ex-bourbon oak; worm tub condensed,,https://www.malts.com/en-us/products/oban-14-year-old-single-malt-scotch-whisky-750ml; https://www.obanwhisky.com/whiskies/14-years-old,2026-06-04,NULL,scotch_highlands
Scotch,Oban,"Oban, Highland",Oban,own_make,,FALSE,FALSE,Single Malt; Little Bay,NAS,,,86,43,100% malted barley,"Sherry casks, ex-bourbon hogsheads, ex-bourbon refill casks; small-cask finish",,https://www.obanwhisky.com/whiskies/little-bay,2026-06-04,NULL,scotch_highlands
Scotch,Oban,"Oban, Highland",Oban,own_make,,FALSE,FALSE,Single Malt,NAS,,,86,43,100% malted barley,Ex-bourbon,Montilla Fino sherry cask,https://www.thewhiskyexchange.com/p/70795/oban-distillers-edition; https://www.masterofmalt.com/whiskies/oban/oban-distillers-edition-whisky/,2026-06-26,https://img.thewhiskyexchange.com/540/obnob.non5.jpg,scotch_highlands
Scotch,Oban,"Oban, Highland",Oban,own_make,,FALSE,FALSE,Single Malt,18 Years,,,86,43,100% malted barley,American oak,,https://www.masterofmalt.com/distilleries/oban-whisky-distillery/,2026-06-04,NULL,scotch_highlands
Scotch,Royal Lochnagar,"Crathie, Highland",Royal Lochnagar,own_make,,FALSE,FALSE,Single Malt,12 Years,,,80,40,100% malted barley,Ex-bourbon and sherry casks,,https://www.malts.com/en-nl/products/royal-lochnagar-12-year-old-single-malt-scotch-whisky-70cl; https://www.masterofmalt.com/whiskies/royal-lochnagar-12-year-old-whisky/,2026-06-04,NULL,scotch_highlands
Scotch,Royal Lochnagar,"Crathie, Highland",Royal Lochnagar,own_make,,FALSE,FALSE,Single Malt,NAS,,,80,40,100% malted barley,Ex-bourbon,Muscat wine cask,https://www.malts.com/en-gb/our-whisky-brands/royal-lochnagar/; https://distiller.com/spirits/royal-lochnagar-distillers-edition,2026-06-04,NULL,scotch_highlands
Scotch,Royal Lochnagar,"Crathie, Highland",Royal Lochnagar,own_make,,FALSE,FALSE,Single Malt; Selected Reserve,NAS,,,86,43,100% malted barley,Sherry casks and bourbon casks,,https://www.malts.com/en-gb/our-whisky-brands/royal-lochnagar/royal-lochnagar-selected-reserve/,2026-06-04,NULL,scotch_highlands
Scotch,Tullibardine,"Blackford, Highland",Tullibardine,own_make,,FALSE,FALSE,Single Malt; Sovereign,NAS,,,86,43,100% malted barley,First-fill ex-bourbon barrels,,https://shop.tullibardine.com/products/sovereign; https://www.tullibardine.com/whisky/signature-range,2026-06-26,http://shop.tullibardine.com/cdn/shop/products/Tullibardine-Sovereign-bottle_box-JPG_1200x1200.jpg,scotch_highlands
Scotch,Tullibardine,"Blackford, Highland",Tullibardine,own_make,,FALSE,FALSE,Single Malt; 225,NAS,,,86,43,100% malted barley,First-fill ex-bourbon barrels,Sauternes cask,https://shop.tullibardine.com/products/sauternes,2026-06-26,http://shop.tullibardine.com/cdn/shop/products/Tullibardine-225SauternesCaskFinish-bottle_box-PNG_1200x1200.png,scotch_highlands
Scotch,Tullibardine,"Blackford, Highland",Tullibardine,own_make,,FALSE,FALSE,Single Malt; 228,NAS,,,86,43,100% malted barley,First-fill ex-bourbon barrels,Burgundy (Pinot Noir) cask,https://shop.tullibardine.com/products/228-burgundy-cask-finish,2026-06-26,http://shop.tullibardine.com/cdn/shop/products/Tullibardine-228BurgundyCaskFinish-bottle_box-PNG_1200x1200.png,scotch_highlands
Scotch,Tullibardine,"Blackford, Highland",Tullibardine,own_make,,FALSE,FALSE,Single Malt; 500,NAS,,,86,43,100% malted barley,First-fill ex-bourbon barrels,Sherry butt,https://shop.tullibardine.com/products/500-sherry-cask-finish,2026-06-26,http://shop.tullibardine.com/cdn/shop/products/Tullibardine-500SherryCaskFinish-bottle_box-PNG_1200x1200.png,scotch_highlands
Scotch,Tullibardine,"Blackford, Highland",Tullibardine,own_make,,FALSE,FALSE,Single Malt,20 Years,,,86,43,100% malted barley,First-fill ex-bourbon barrels,,https://www.tullibardine.com/whisky/signature-range; https://whiskyadvocate.com/Tullibardine-20-year-old-43,2026-06-04,NULL,scotch_highlands
Scotch,Tullibardine,"Blackford, Highland",Tullibardine,own_make,,FALSE,FALSE,Single Malt,25 Years,,,86,43,100% malted barley,Ex-sherry hogsheads,,https://www.tullibardine.com/whisky/signature-range; https://www.htfw.com/tullibardine-single-malt-scotch-25-year-old-whisky,2026-06-04,NULL,scotch_highlands
Scotch,Tullibardine,"Blackford, Highland",Tullibardine,own_make,,FALSE,FALSE,Single Malt,18 Years,,,86,43,100% malted barley,First-fill bourbon and sherry casks,,https://shop.tullibardine.com/products/tullibardine-18-year-old,2026-06-26,http://shop.tullibardine.com/cdn/shop/files/18YO_70Cl_Groupweb_0e0c04c5-af7e-4cef-a502-2f339c22738a_1200x1200.jpg,scotch_highlands
Scotch,Tullibardine,"Blackford, Highland",Tullibardine,own_make,,FALSE,TRUE,Single Malt; Single Cask; Cask Strength; The Marquess Collection,NAS,,,,,100% malted barley,,,https://shop.tullibardine.com/collections/the-marquess-collection,2026-06-26,http://shop.tullibardine.com/cdn/shop/collections/limited_edition1_1200x1200.jpg,scotch_highlands
Scotch,Aberargie,"Aberargie, Highland",Aberargie,own_make,,FALSE,FALSE,Single Malt; Inaugural Release,NAS,,,96.4,48.2,52% Golden Promise / 48% Laureate malted barley,50% first-fill bourbon barrels; 50% first-fill sherry casks,,https://aberargie.com/products/aberargie-inaugural-single-malt-scotch-whisky; https://thewhiskeywash.com/whiskey-news/aberargie-distillery-launches-first-single-malt-whisky/,2026-06-26,http://aberargie.com/cdn/shop/files/A-66.jpg,scotch_highlands
Scotch,Nc'nean,"Drimnin, Highland",Nc'nean,own_make,,FALSE,FALSE,Single Malt,NAS,,,92,46,100% malted barley (organic),"55% STR red wine casks, 43% ex-bourbon barrels, 2% Oloroso sherry casks",,https://ncnean.com/collections/all-spirits/products/organic-single-malt,2026-06-26,http://ncnean.com/cdn/shop/files/Flagship_copy.jpg,scotch_highlands
Scotch,Nc'nean,"Drimnin, Highland",Nc'nean,own_make,,FALSE,FALSE,Single Malt; Cask Strength,NAS,,,118,59,100% malted barley (organic),"55% STR red wine casks, 43% ex-American whiskey casks, 2% Oloroso sherry casks",,https://ncnean.com/collections/all-spirits/products/cask-strength,2026-06-26,http://ncnean.com/cdn/shop/files/Cask_Strength_copy_44b8b71e-1067-44a2-b51b-36a6bcdd2dac.jpg,scotch_highlands
Scotch,Nc'nean,"Drimnin, Highland",Nc'nean,own_make,,FALSE,TRUE,Single Malt; Single Cask; Aon,NAS,,,,,100% malted barley (organic),,,https://ncnean.com/collections/all-spirits/products/aon-17-163-madeira-single-cask; https://ncnean.com/collections/all-spirits,2026-06-26,http://ncnean.com/cdn/shop/files/12AonCarrieCocktailComp.jpg,scotch_highlands
Scotch,Nc'nean,"Drimnin, Highland",Nc'nean,own_make,,FALSE,TRUE,Single Malt; Quiet Rebels,NAS,,,,,100% malted barley (organic),,,https://ncnean.com/collections/all-spirits/products/quiet-rebels-simon-limited-edition; https://ncnean.com/collections/all-spirits,2026-06-26,http://ncnean.com/cdn/shop/files/QRSimon.jpg,scotch_highlands
Scotch,Ardnamurchan,"Glenbeg, Highland",Ardnamurchan,own_make,,FALSE,FALSE,Single Malt; Peated,NAS,,,93.6,46.8,100% malted barley,Ex-bourbon and ex-sherry casks (50:50 unpeated to peated spirit),,https://ardnamurchandistillery.com/our-whiskies/ad-core,2026-06-28,NULL,scotch_highlands
Scotch,Ardnamurchan,"Glenbeg, Highland",Ardnamurchan,own_make,,FALSE,FALSE,Single Malt; Cask Strength; Peated,NAS,,,116.6,58.3,100% malted barley,Ex-bourbon and ex-sherry casks (peated spirit),,https://ardnamurchandistillery.com/our-whiskies/ad-limited-release; https://www.masterofmalt.com/whiskies/ardnamurchan/ardnamurchan-ad-cask-strength-release-2024-whisky/,2026-10-03,https://ardnamurchandistillery.com/assets/images/_1200x630_crop_center-center_none/14049/5.jpg,scotch_highlands
Scotch,Ardnamurchan,"Glenbeg, Highland",Ardnamurchan,own_make,,FALSE,FALSE,Single Malt; Sherry Cask,NAS,,,100,50,100% malted barley,Pedro Ximenez and Oloroso sherry butts and hogsheads (peated and unpeated),,https://ardnamurchandistillery.com/our-whiskies/ad-sherry-release; https://www.thewhiskyexchange.com/p/82893/ardnamurchan-sherry-cask-release-2024-edition,2026-06-28,NULL,scotch_highlands
Scotch,Ardnamurchan,"Glenbeg, Highland",Ardnamurchan,own_make,,FALSE,FALSE,Single Malt; Paul Launois,NAS,,AD/06:22,114.6,57.3,100% malted barley,"Ex-Paul Launois Champagne barrels (unpeated spirit, 13 casks)",,https://www.masterofmalt.com/whiskies/ardnamurchan/ardnamurchan-ad-06-22-paul-launois-whisky/; https://ardnamurchandistillery.com/our-whiskies/ad-paul,2026-06-26,https://cdn11.bigcommerce.com/s-e8lbekfe7c/images/stencil/1024w/attribute_rule_images/44417_source_1758884458.jpg,scotch_highlands
Scotch,Ardnamurchan,"Glenbeg, Highland",Ardnamurchan,own_make,,FALSE,FALSE,Single Malt; Peated,10 Years,,Batch 1,93.6,46.8,100% malted barley,"98% ex-bourbon barrels, 2% sherry casks (52% unpeated, 48% peated)",,https://ardnamurchandistillery.com/our-whiskies; https://www.masterofmalt.com/distilleries/ardnamurchan/,2026-06-26,https://ardnamurchandistillery.com/assets/images/_1200x630_crop_center-center_none/AD-Core-Lifestyle-1_2024-05-07-101915_ygmm.jpg,scotch_highlands
Scotch,Ardnamurchan,"Glenbeg, Highland",Ardnamurchan,own_make,,FALSE,TRUE,Single Malt; Single Cask; Cask Strength,NAS,,,,,100% malted barley,,,https://ardnamurchandistillery.com/our-whiskies,2026-06-26,https://ardnamurchandistillery.com/assets/images/_1200x630_crop_center-center_none/AD-Core-Lifestyle-1_2024-05-07-101915_ygmm.jpg,scotch_highlands
Scotch,Dornoch,"Dornoch, Highland",Dornoch,own_make,,FALSE,TRUE,Single Malt; Single Cask; Cask Strength,NAS,,,,,100% malted barley (biodynamic floor-malted heritage varieties),"First-fill bourbon octaves, ex-sherry octaves, PX octaves, refill bourbon; small format casks (50-100L)",,https://www.thompsonbrosdistillers.com/previous-bottlings-dornochsinglemalt/; https://www.thompsonbrosdistillers.com/,2026-06-04,NULL,scotch_highlands
Scotch,Highland Park,"Kirkwall, Orkney",Highland Park,own_make,,FALSE,FALSE,Single Malt; Peated; Viking Honour,12 Years,,,80,40,100% malted barley,Sherry-seasoned European and American oak,,https://www.masterofmalt.com/whiskies/highland-park/highland-park-12-year-old-viking-honour-whisky/; https://www.thewhiskyexchange.com/p/6941/highland-park-12-year-old-viking-honour,2026-06-26,https://cdn11.bigcommerce.com/s-e8lbekfe7c/images/stencil/1024w/attribute_rule_images/17319_source_1772914832.jpg,scotch_highlands
Scotch,Highland Park,"Kirkwall, Orkney",Highland Park,own_make,,FALSE,FALSE,Single Malt; Peated; Viking Pride,18 Years,,,86,43,100% malted barley,Sherry-seasoned European and American oak,,https://www.masterofmalt.com/whiskies/highland-park/highland-park-18-year-old-viking-pride-whisky/; https://www.thewhiskyexchange.com/p/6942/highland-park-18-year-old-viking-pride,2026-06-26,https://cdn11.bigcommerce.com/s-e8lbekfe7c/images/stencil/1024w/attribute_rule_images/16528_source_1777459264.jpg,scotch_highlands
Scotch,Highland Park,"Kirkwall, Orkney",Highland Park,own_make,,FALSE,FALSE,Single Malt; Peated; Sherry Cask,15 Years,,,88,44,100% malted barley,Sherry-seasoned European and American oak; refill casks,,https://www.masterofmalt.com/whiskies/highland-park/highland-park-15-year-old-whisky/; https://www.thewhiskyexchange.com/p/82900/highland-park-15-year-old,2026-06-26,https://cdn11.bigcommerce.com/s-e8lbekfe7c/images/stencil/1024w/attribute_rule_images/59265_source_1782432662.jpg,scotch_highlands
Scotch,Highland Park,"Kirkwall, Orkney",Highland Park,own_make,,FALSE,FALSE,Single Malt; Peated,21 Years,,2023 Release,92,46,100% malted barley,Bourbon hogsheads; first-fill sherry European and American oak; Rioja casks,,https://www.masterofmalt.com/whiskies/highland-park/highland-park-21-year-old-2023-release-whisky/,2026-06-26,https://cdn11.bigcommerce.com/s-e8lbekfe7c/images/stencil/1024w/attribute_rule_images/59644_source_1779361431.jpg,scotch_highlands
Scotch,Highland Park,"Kirkwall, Orkney",Highland Park,own_make,,FALSE,FALSE,Single Malt; Peated,25 Years,,2023 Release,92,46,100% malted barley,First-fill sherry European and American oak hogsheads and butts; refill,,https://www.masterofmalt.com/whiskies/highland-park/highland-park-25-year-old-2023-release-whisky/,2026-06-26,https://cdn11.bigcommerce.com/s-e8lbekfe7c/images/stencil/1024w/attribute_rule_images/60419_source_1776971448.jpg,scotch_highlands
Scotch,Highland Park,"Kirkwall, Orkney",Highland Park,own_make,,FALSE,FALSE,Single Malt; Peated; Sherry Cask,30 Years,,,91.4,45.7,100% malted barley,Sherry-seasoned oak; refill casks,,https://www.thewhiskyexchange.com/p/20709/highland-park-30-year-old; https://shop.highlandparkwhisky.com/collections/whisky/products/30-year-old,2026-06-26,https://img.thewhiskyexchange.com/540/hlpob.30yov2.jpg,scotch_highlands
Scotch,Highland Park,"Kirkwall, Orkney",Highland Park,own_make,,FALSE,FALSE,Single Malt; Peated,40 Years,,Spring 2019 Release,86.4,43.2,100% malted barley,,,https://www.masterofmalt.com/whiskies/highland-park/highland-park-40-year-old-spring-2019-release-whisky/,2026-06-26,https://cdn11.bigcommerce.com/s-e8lbekfe7c/images/stencil/1024w/attribute_rule_images/3365_source_1777380127.jpg,scotch_highlands
Scotch,Highland Park,"Kirkwall, Orkney",Highland Park,own_make,,FALSE,FALSE,Single Malt; Cask Strength; Peated,NAS,,Release No.4,128.6,64.3,100% malted barley,First-fill sherry European and American oak; refill; ex-bourbon; ex-port,,https://www.masterofmalt.com/whiskies/-highland-park-cask-strength-release-no4-whisky/,2026-06-04,NULL,scotch_highlands
Scotch,Highland Park,"Kirkwall, Orkney",Highland Park,own_make,,FALSE,FALSE,Single Malt; Peated; Valkyrie,NAS,,,91.8,45.9,100% malted barley,Sherry-seasoned American and European oak; ex-bourbon,,https://www.masterofmalt.com/blog/post/new-arrival-of-the-week-highland-park-valfather/,2026-06-26,https://www.masterofmalt.com/blog/wp-content/uploads/2019/08/valfather-yoast.jpg,scotch_highlands
Scotch,Highland Park,"Kirkwall, Orkney",Highland Park,own_make,,FALSE,FALSE,Single Malt; Peated; Valknut,NAS,,,93.6,46.8,100% malted barley,Sherry-seasoned American oak,,https://www.highlandparkwhisky.com; https://www.masterofmalt.com/distilleries/highland-park-whisky-distillery/,2026-06-28,NULL,scotch_highlands
Scotch,Highland Park,"Kirkwall, Orkney",Highland Park,own_make,,FALSE,FALSE,Single Malt; Peated; Valfather,NAS,,,94,47,100% malted barley,Refill casks,,https://www.masterofmalt.com/blog/post/new-arrival-of-the-week-highland-park-valfather/; https://www.whiskybase.com/whiskies/whisky/136696/highland-park-valfather,2026-06-26,https://www.masterofmalt.com/blog/wp-content/uploads/2019/08/valfather-yoast.jpg,scotch_highlands
Scotch,Highland Park,"Kirkwall, Orkney",Highland Park,own_make,,FALSE,TRUE,Single Malt; Single Cask; Peated,NAS,,,,,100% malted barley,,,https://www.masterofmalt.com/distilleries/highland-park-whisky-distillery/,2026-06-04,NULL,scotch_highlands
Scotch,Scapa,"St Ola, Orkney",Scapa,own_make,,FALSE,FALSE,Single Malt; Skiren,NAS,,,80,40,100% malted barley,First-fill American oak,,https://www.masterofmalt.com/whiskies/scapa/scapa-skiren-whisky/; https://www.thewhiskyexchange.com/p/29792/scapa-skiren,2026-06-26,https://cdn11.bigcommerce.com/s-e8lbekfe7c/images/stencil/1024w/attribute_rule_images/24924_source_1773331922.jpg,scotch_highlands
Scotch,Scapa,"St Ola, Orkney",Scapa,own_make,,FALSE,FALSE,Single Malt; Peated; Glansa,NAS,,,80,40,100% malted barley,American oak,Ex-peated whisky cask finish,https://www.masterofmalt.com/whiskies/scapa/scapa-glansa-whisky/; https://www.thewhiskyexchange.com/p/34589/scapa-glansa,2026-06-26,https://cdn11.bigcommerce.com/s-e8lbekfe7c/images/stencil/1024w/attribute_rule_images/20963_source_1765036229.jpg,scotch_highlands
Scotch,Scapa,"St Ola, Orkney",Scapa,own_make,,FALSE,FALSE,Single Malt,16 Years,,,80,40,100% malted barley,American oak,,https://www.thewhiskyexchange.com/p/82932/scapa-16-year-old; https://www.masterofmalt.com/whiskies/scapa/scapa-16-year-old-whisky/,2026-06-26,https://img.thewhiskyexchange.com/540/scpob.16yov2.jpg,scotch_highlands
Scotch,Talisker,"Carbost, Isle of Skye",Talisker,own_make,,FALSE,FALSE,Single Malt; Peated,10 Years,,,91.6,45.8,100% malted barley,American oak,,https://www.masterofmalt.com/whiskies/talisker/talisker-10-year-old-whisky/; https://www.thewhiskyexchange.com/p/4838/talisker-10-year-old-small-bottle,2026-06-26,https://cdn11.bigcommerce.com/s-e8lbekfe7c/images/stencil/1024w/attribute_rule_images/31517_source_1782130852.jpg,scotch_highlands
Scotch,Talisker,"Carbost, Isle of Skye",Talisker,own_make,,FALSE,FALSE,Single Malt; Peated; Storm,NAS,,,91.6,45.8,100% malted barley,American oak,,https://www.thewhiskyexchange.com/p/19204/talisker-storm; https://www.masterofmalt.com/whiskies/talisker/talisker-storm-whisky/,2026-06-26,https://img.thewhiskyexchange.com/540/talob.non7.jpg,scotch_highlands
Scotch,Talisker,"Carbost, Isle of Skye",Talisker,own_make,,FALSE,FALSE,Single Malt; Peated; Skye,NAS,,,91.6,45.8,100% malted barley,American oak,,https://www.thewhiskyexchange.com/p/28161/talisker-skye; https://www.masterofmalt.com/whiskies/talisker/talisker-skye-whisky/,2026-06-26,https://img.thewhiskyexchange.com/540/talob.non12.jpg,scotch_highlands
Scotch,Talisker,"Carbost, Isle of Skye",Talisker,own_make,,FALSE,FALSE,Single Malt; Peated; Port Pipe; Port Ruighe,NAS,,,91.6,45.8,100% malted barley,American oak,Ruby port cask,https://www.thewhiskyexchange.com/p/19988/talisker-port-ruighe-port-finish; https://www.masterofmalt.com/whiskies/talisker/talisker-port-ruighe-whisky/,2026-06-26,https://img.thewhiskyexchange.com/540/talob.non8.jpg,scotch_highlands
Scotch,Talisker,"Carbost, Isle of Skye",Talisker,own_make,,FALSE,FALSE,Single Malt; Peated; Sherry Cask,NAS,,,91.6,45.8,100% malted barley,American oak,Amoroso sherry cask finish,https://www.thewhiskyexchange.com/p/69328/talisker-distillers-edition; https://www.masterofmalt.com/whiskies/talisker/talisker-distillers-edition-whisky/,2026-06-26,https://img.thewhiskyexchange.com/540/talob.non22.jpg,scotch_highlands
Scotch,Talisker,"Carbost, Isle of Skye",Talisker,own_make,,FALSE,FALSE,Single Malt; Peated,18 Years,,,91.6,45.8,100% malted barley,American oak; sherry-seasoned oak,,https://www.masterofmalt.com/whiskies/talisker/talisker-18-year-old-whisky/,2026-06-26,https://cdn11.bigcommerce.com/s-e8lbekfe7c/images/stencil/1024w/attribute_rule_images/30762_source_1774528844.jpg,scotch_highlands
Scotch,Talisker,"Carbost, Isle of Skye",Talisker,own_make,,FALSE,FALSE,Single Malt; Peated,25 Years,,2021 Release,91.6,45.8,100% malted barley,American oak hogsheads; European oak refill,,https://www.masterofmalt.com/whiskies/talisker/talisker-25-year-old-whisky/; https://www.thewhiskyexchange.com/p/66552/talisker-25-year-old,2026-06-26,https://cdn11.bigcommerce.com/s-e8lbekfe7c/images/stencil/1024w/attribute_rule_images/25646_source_1773403254.jpg,scotch_highlands
Scotch,Talisker,"Carbost, Isle of Skye",Talisker,own_make,,FALSE,FALSE,Single Malt; Peated,30 Years,,2022 Release,99.2,49.6,100% malted barley,American oak,,https://www.masterofmalt.com/whiskies/talisker/talisker-30-year-old-2022-release-whisky/; https://www.htfw.com/talisker-2022-edition-single-malt-scotch-30-year-old-whisky,2026-06-26,https://cdn11.bigcommerce.com/s-e8lbekfe7c/images/stencil/1024w/attribute_rule_images/39282_source_1773654040.jpg,scotch_highlands
Scotch,Talisker,"Carbost, Isle of Skye",Talisker,own_make,,FALSE,FALSE,Single Malt; Peated; Surge,NAS,,,91.6,45.8,100% malted barley,American oak,,https://www.thewhiskyexchange.com/p/86219/talisker-surge; https://www.masterofmalt.com/whiskies/talisker/talisker-surge-whisky/,2026-06-26,https://img.thewhiskyexchange.com/540/talob.non26.jpg,scotch_highlands
Scotch,Talisker,"Carbost, Isle of Skye",Talisker,own_make,,FALSE,FALSE,Single Malt; Cask Strength; Peated,NAS,,Special Releases 2023,119.4,59.7,100% malted barley,American oak,,https://www.thewhiskyexchange.com/p/72469/talisker-natural-cask-strength-special-releases-2023,2026-06-26,https://img.thewhiskyexchange.com/540/talob.non24.jpg,scotch_highlands
Scotch,Talisker,"Carbost, Isle of Skye",Talisker,own_make,,FALSE,FALSE,Single Malt; Cask Strength; Peated,11 Years,,Special Releases 2022,110.2,55.1,100% malted barley,American oak,,https://www.thewhiskyexchange.com/p/68622/talisker-11-year-old-special-releases-2022,2026-06-26,https://img.thewhiskyexchange.com/540/talob.11yo.jpg,scotch_highlands
Scotch,Torabhaig,"Teangue, Isle of Skye",Torabhaig,own_make,,FALSE,FALSE,Single Malt; Peated; The Legacy Series,NAS,,2017,92,46,100% malted barley,Ex-bourbon; American oak,,https://www.masterofmalt.com/whiskies/torabhaig/torabhaig-legacy-2017-whisky/; https://www.thewhiskyexchange.com/p/58738/torabhaig-legacy-series-2017,2026-06-26,https://cdn11.bigcommerce.com/s-e8lbekfe7c/images/stencil/1024w/attribute_rule_images/52086_source_1758884179.jpg,scotch_highlands
Scotch,Torabhaig,"Teangue, Isle of Skye",Torabhaig,own_make,,FALSE,FALSE,Single Malt; Peated; Allt Gleann,NAS,,,92,46,100% malted barley,Ex-bourbon; American oak,,https://www.masterofmalt.com/whiskies/torabhaig/torabhaig-allt-gleann-the-legacy-series-whisky/; https://www.thewhiskyexchange.com/p/60512/torabhaig-allt-gleann,2026-06-26,https://cdn11.bigcommerce.com/s-e8lbekfe7c/images/stencil/1024w/attribute_rule_images/48515_source_1774035043.jpg,scotch_highlands
Scotch,Torabhaig,"Teangue, Isle of Skye",Torabhaig,own_make,,FALSE,FALSE,Single Malt; Cask Strength; Peated; Allt Gleann,NAS,,,122.2,61.1,100% malted barley,Ex-bourbon; American oak,,https://www.masterofmalt.com/whiskies/torabhaig/torabhaig-allt-gleann-batch-strength-the-legacy-series-whisky/,2026-06-26,https://cdn11.bigcommerce.com/s-e8lbekfe7c/images/stencil/1024w/attribute_rule_images/37469_source_1772911851.jpg,scotch_highlands
Scotch,Torabhaig,"Teangue, Isle of Skye",Torabhaig,own_make,,FALSE,FALSE,Single Malt; Heavily Peated; Sherry Cask; Cnoc Na Moine,NAS,,,92,46,100% malted barley,Bourbon; American oak; oloroso and Pedro Ximenez sherry casks,,https://www.masterofmalt.com/whiskies/torabhaig/torabhaig-cnoc-na-moine-the-legacy-series-whisky/; https://www.thewhiskyexchange.com/p/80590/torabhaig-legacy-series-cnoc-na-moine,2026-06-26,https://cdn11.bigcommerce.com/s-e8lbekfe7c/images/stencil/1024w/attribute_rule_images/60561_source_1779304245.jpg,scotch_highlands
Scotch,Torabhaig,"Teangue, Isle of Skye",Torabhaig,own_make,,FALSE,FALSE,Single Malt; Peated; Sound of Sleat,NAS,,,92,46,100% malted barley,New American oak; ex-bourbon; refill American oak,,https://www.masterofmalt.com/whiskies/torabhaig/torabhaig-sound-of-sleat-the-legacy-series-whisky/; https://www.thewhiskyexchange.com/p/84662/torabhaig-sound-of-sleat,2026-06-26,https://cdn11.bigcommerce.com/s-e8lbekfe7c/images/stencil/1024w/attribute_rule_images/35071_source_1782468071.jpg,scotch_highlands
Scotch,Torabhaig,"Teangue, Isle of Skye",Torabhaig,own_make,,FALSE,FALSE,Single Malt; Cask Strength; Peated; Sound of Sleat,NAS,,,120.4,60.2,100% malted barley,New American oak; ex-bourbon; refill American oak,,https://www.thewhiskyexchange.com/p/86062/torabhaig-sound-of-sleat-batch-strength; https://www.masterofmalt.com/whiskies/torabhaig/torabhaig-sound-of-sleat-batch-strength-whisky/,2026-06-26,https://img.thewhiskyexchange.com/540/trbob.non5.jpg,scotch_highlands
Scotch,Tobermory,"Tobermory, Isle of Mull",Tobermory,own_make,,FALSE,FALSE,Single Malt,12 Years,,,92.6,46.3,100% malted barley,American oak; sherry-seasoned casks,,https://www.masterofmalt.com/whiskies/tobermory/tobermory-12-year-old-whisky/,2026-06-26,https://cdn11.bigcommerce.com/s-e8lbekfe7c/images/stencil/1024w/attribute_rule_images/6023_source_1782316245.jpg,scotch_highlands
Scotch,Tobermory,"Tobermory, Isle of Mull",Tobermory,own_make,,FALSE,FALSE,Single Malt; Sherry Cask,15 Years,,,92.6,46.3,100% malted barley,Gonzalez Byass Oloroso sherry casks,,https://www.masterofmalt.com/whiskies/tobermory-15-year-old-whisky/,2026-06-26,https://cdn11.bigcommerce.com/s-e8lbekfe7c/images/stencil/1024w/attribute_rule_images/31437_source_1773331392.jpg,scotch_highlands
Scotch,Tobermory,"Tobermory, Isle of Mull",Tobermory,own_make,,FALSE,FALSE,Single Malt; Sherry Cask,23 Years,,,92.6,46.3,100% malted barley,Oloroso sherry cask,,https://www.masterofmalt.com/whiskies/tobermory/tobermory-23-year-old-oloroso-sherry-cask-finish-whisky/,2026-06-26,https://cdn11.bigcommerce.com/s-e8lbekfe7c/images/stencil/1024w/attribute_rule_images/53854_source_1772140234.jpg,scotch_highlands
Scotch,Tobermory,"Tobermory, Isle of Mull",Ledaig,own_make,,FALSE,FALSE,Single Malt; Peated,10 Years,,,92.6,46.3,100% malted barley,American oak; sherry-seasoned oak,,https://www.masterofmalt.com/whiskies/tobermory/ledaig-10-year-old-whisky/,2026-06-26,https://cdn11.bigcommerce.com/s-e8lbekfe7c/images/stencil/1024w/attribute_rule_images/31671_source_1782385338.jpg,scotch_highlands
Scotch,Tobermory,"Tobermory, Isle of Mull",Ledaig,own_make,,FALSE,FALSE,Single Malt; Peated,18 Years,,,92.6,46.3,100% malted barley,American oak; sherry-seasoned oak,,https://www.masterofmalt.com/whiskies/tobermory/ledaig-18-year-old-whisky/,2026-06-26,https://cdn11.bigcommerce.com/s-e8lbekfe7c/images/stencil/1024w/attribute_rule_images/25870_source_1781808038.jpg,scotch_highlands
Scotch,Tobermory,"Tobermory, Isle of Mull",Ledaig,own_make,,FALSE,FALSE,Single Malt; Peated,NAS,,,92.6,46.3,100% malted barley,American oak,Rioja wine cask finish,https://www.masterofmalt.com/whiskies/tobermory/ledaig-rioja-cask-finish-sinclair-series-whisky/,2026-06-26,https://cdn11.bigcommerce.com/s-e8lbekfe7c/images/stencil/1024w/attribute_rule_images/52901_source_1782394316.jpg,scotch_highlands
Scotch,Tobermory,"Tobermory, Isle of Mull",Ledaig,own_make,,FALSE,FALSE,Single Malt; Cask Strength; Peated; Hebridean Moon,10 Years,,,117.6,58.8,100% malted barley,American oak,,https://www.masterofmalt.com/whiskies/tobermory/ledaig-hebridean-moon-10-year-old-single-malt-whisky/,2026-06-26,https://cdn11.bigcommerce.com/s-e8lbekfe7c/images/stencil/1024w/attribute_rule_images/63959_source_1781775721.jpg,scotch_highlands
Scotch,Tobermory,"Tobermory, Isle of Mull",Ledaig,own_make,,FALSE,FALSE,Single Malt; Cask Strength; Peated; Castaway,NAS,,,122.2,61.1,100% malted barley,Caribbean rum and Mexican tequila casks,,https://www.masterofmalt.com/whiskies/tobermory/ledaig-castaway-whisky/; https://tobermorydistillery.com/en-us/products/ledaig-castaway,2026-06-26,https://cdn11.bigcommerce.com/s-e8lbekfe7c/images/stencil/1024w/attribute_rule_images/97954_source_1781684444.jpg,scotch_highlands
Scotch,Isle of Jura,"Craighouse, Isle of Jura",Jura,own_make,,FALSE,FALSE,Single Malt,12 Years,,,80,40,100% malted barley,Ex-Bourbon barrels,Oloroso sherry cask finish,https://www.jurawhisky.com/en-gb/our-whisky/aged-range/12-year-old/; https://www.masterofmalt.com/whiskies/jura/jura-12-year-old-whisky/,2026-06-04,NULL,scotch_highlands
Scotch,Isle of Jura,"Craighouse, Isle of Jura",Jura,own_make,,FALSE,FALSE,Single Malt,14 Years,,,80,40,100% malted barley,Ex-Bourbon barrels,American Rye cask finish,https://www.jurawhisky.com/en-gb/our-whisky/aged-range/14-year-old/; https://www.thewhiskyexchange.com/p/66506/jura-14-year-old-american-rye-cask,2026-06-04,NULL,scotch_highlands
Scotch,Isle of Jura,"Craighouse, Isle of Jura",Jura,own_make,,FALSE,FALSE,Single Malt,18 Years,,,88,44,100% malted barley,Ex-Bourbon barrels,Bordeaux red wine cask finish,https://www.jurawhisky.com/en-gb/our-whisky/aged-range/18-year-old/; https://www.thewhiskyexchange.com/p/42532/jura-18-year-old-red-wine-finish,2026-06-04,NULL,scotch_highlands
Scotch,Isle of Jura,"Craighouse, Isle of Jura",Jura,own_make,,FALSE,FALSE,Single Malt,21 Years,,,93.4,46.7,100% malted barley,Ex-Bourbon barrels; Virgin American white oak casks,,https://www.jurawhisky.com/en-gb/our-whisky/rare-aged/21-year-old-tide/; https://www.thewhiskyexchange.com/p/49134/jura-21-year-old-tide,2026-06-04,NULL,scotch_highlands
Scotch,Isle of Jura,"Craighouse, Isle of Jura",Jura,own_make,,FALSE,FALSE,Single Malt; Seven Wood,NAS,,,84,42,100% malted barley,Ex-Bourbon American white oak; six French virgin oak casks,,https://www.jurawhisky.com/en/all-whisky/signature-series/jura-seven-wood/; https://www.thewhiskyexchange.com/p/42531/jura-seven-wood,2026-06-04,NULL,scotch_highlands
Scotch,Isle of Jura,"Craighouse, Isle of Jura",Jura,own_make,,FALSE,FALSE,Single Malt; Bourbon Cask,NAS,,,80,40,100% malted barley,Ex-Bourbon barrels,,https://www.jurawhisky.com/en-gb/our-whisky/cask-editions/american-bourbon-cask/,2026-06-04,NULL,scotch_highlands
Scotch,Isle of Jura,"Craighouse, Isle of Jura",Jura,own_make,,FALSE,FALSE,Single Malt,NAS,,,80,40,100% malted barley,Ex-Bourbon barrels,Caribbean rum cask finish,https://www.jurawhisky.com/en-us/our-whisky/cask-editions/caribbean-rum-cask/; https://www.thewhiskyexchange.com/p/62708/jura-caribbean-rum-cask,2026-06-04,NULL,scotch_highlands
Scotch,Isle of Jura,"Craighouse, Isle of Jura",Jura,own_make,,FALSE,FALSE,Single Malt; Sherry Cask,12 Years,,,92,46,100% malted barley,Ex-Bourbon barrels,Oloroso and PX sherry hogshead finish,https://www.jurawhisky.com/en-gb/our-whisky/special-limited-releases/12-year-old-oloroso-edition/; https://thewhiskeywash.com/whiskey-news/jura-12-year-old-oloroso-edition-new-sherry-finished-scotch/,2026-06-04,NULL,scotch_highlands
Scotch,Isle of Jura,"Craighouse, Isle of Jura",Jura,own_make,,FALSE,FALSE,Single Malt; Sherry Cask; Perspective No. 01,16 Years,,,93,46.5,100% malted barley,Ex-Bourbon barrels,Oloroso sherry cask finish (up to 4 years),https://www.jurawhisky.com/en-gb/our-whisky/special-limited-releases/perspective-no-01/; https://www.thespiritsbusiness.com/2024/09/jura-unveils-perspective-no-1/,2026-06-04,NULL,scotch_highlands
Scotch,Isle of Arran,"Lochranza, Isle of Arran",Arran,own_make,,FALSE,FALSE,Single Malt,10 Years,,,92,46,100% malted barley,Ex-Bourbon barrels (majority); ex-Sherry casks,,https://www.arranwhisky.com/shop-whiskies/arran-single-malts; https://www.masterofmalt.com/distilleries/arran-whisky-distillery/,2026-06-04,NULL,scotch_highlands
Scotch,Isle of Arran,"Lochranza, Isle of Arran",Arran,own_make,,FALSE,FALSE,Single Malt,14 Years,,,92,46,100% malted barley,Ex-Bourbon barrels (majority); Palo Cortado sherry casks,,https://www.arranwhisky.com/shop-whiskies/arran-single-malts/219-arran-14-year-old-single-malt; https://www.thespiritsbusiness.com/2026/05/arran-14yo-returns-alongside-new-30yo/,2026-06-04,NULL,scotch_highlands
Scotch,Isle of Arran,"Lochranza, Isle of Arran",Arran,own_make,,FALSE,FALSE,Single Malt; Sherry Cask,18 Years,,,92,46,100% malted barley,Ex-Bourbon and ex-Sherry casks,,https://www.arranwhisky.com/news/213-introducing-the-18-21-yearold; https://www.masterofmalt.com/distilleries/arran-whisky-distillery/,2026-06-26,https://www.arranwhisky.com/assets/000/000/573/Arran_21YOCloseup-02JUL19_low_detail.jpg,scotch_highlands
Scotch,Isle of Arran,"Lochranza, Isle of Arran",Arran,own_make,,FALSE,FALSE,Single Malt; Sherry Cask,21 Years,,,92,46,100% malted barley,Ex-Sherry casks (fully matured),,https://www.arranwhisky.com/news/213-introducing-the-18-21-yearold; https://shop.hotalingandco.com/products/arran-21-year-old-single-malt-scotch-whisky,2026-06-26,https://www.arranwhisky.com/assets/000/000/573/Arran_21YOCloseup-02JUL19_low_detail.jpg,scotch_highlands
Scotch,Isle of Arran,"Lochranza, Isle of Arran",Arran,own_make,,FALSE,FALSE,Single Malt; Sherry Cask,25 Years,,,92,46,100% malted barley,Ex-Bourbon (65%) and ex-Sherry (35%) casks; sherry hogshead finish,,https://www.arranwhisky.com/shop-whiskies/arran-single-malts; https://nickollsandperks.com/p/arran-25-year-old-103471581211/,2026-06-04,NULL,scotch_highlands
Scotch,Isle of Arran,"Lochranza, Isle of Arran",Arran,own_make,,FALSE,FALSE,Single Malt; Sherry Cask,30 Years,,,92,46,100% malted barley,Ex-Sherry hogsheads (early production stock),,https://www.arranwhisky.com/shop-whiskies/arran-limited-editions/214-arran-single-malt-30-year-old-first-release; https://www.thespiritsbusiness.com/2026/05/arran-14yo-returns-alongside-new-30yo/,2026-06-04,NULL,scotch_highlands
Scotch,Isle of Arran,"Lochranza, Isle of Arran",Arran,own_make,,FALSE,FALSE,Single Malt; Cask Strength; Quarter Cask,NAS,,,112.4,56.2,100% malted barley,Ex-Bourbon barrels; American oak quarter casks (125L),,https://www.arranwhisky.com/shop-whiskies/arran-single-malts/14-arran-quarter-cask-whisky-the-bothy; https://www.masterofmalt.com/whiskies/arran/arran-bothy-quarter-cask-whisky/,2026-06-04,NULL,scotch_highlands
Scotch,Isle of Arran,"Lochranza, Isle of Arran",Arran,own_make,,FALSE,FALSE,Single Malt; Sherry Cask; Cask Strength,NAS,,,111.6,55.8,100% malted barley,Ex-Oloroso sherry butts (100%),,https://www.arranwhisky.com/shop-whiskies/arran-single-malts/45-arran-sherry-cask-the-bodega; https://www.thewhiskyexchange.com/b/40/arran-single-malt-scotch-whisky,2026-06-04,NULL,scotch_highlands
Scotch,Isle of Arran,"Lochranza, Isle of Arran",Arran,own_make,,FALSE,FALSE,Single Malt; Bourbon Cask; Barrel Reserve,NAS,,,86,43,100% malted barley,Ex-Bourbon barrels (100%),,https://www.arranwhisky.com/shop-whiskies/arran-single-malts/6-arran-barrel-reserve-single-malt; https://www.drinkhacker.com/2022/04/02/review-arran-barrel-reserve-10-years-old-and-robert-burns-2022/,2026-06-04,NULL,scotch_highlands
Scotch,Isle of Arran,"Lochranza, Isle of Arran",Arran,own_make,,FALSE,FALSE,Single Malt; Robert Burns,NAS,,,86,43,100% malted barley,Ex-Bourbon (70%); ex-Sherry hogsheads (30%),,https://www.arranwhisky.com/shop-whiskies/arran-single-malts/10-the-robert-burns-single-malt-scotch-whisky; https://www.thewhiskyexchange.com/p/19677/arran-robert-burns-single-malt,2026-06-04,NULL,scotch_highlands
Scotch,Isle of Arran,"Lochranza, Isle of Arran",Arran,own_make,,FALSE,FALSE,Single Malt; Amarone,NAS,,,100,50,100% malted barley,Ex-Bourbon barrels (~8 yr),Amarone wine cask finish,https://www.arranwhisky.com/shop-whiskies/arran-single-malts/31-arran-malt-amarone-wine-finish; https://www.thewhiskyexchange.com/p/12907/arran-amarone-cask-finish,2026-06-04,NULL,scotch_highlands
Scotch,Isle of Arran,"Lochranza, Isle of Arran",Arran,own_make,,FALSE,FALSE,Single Malt; Sauternes,NAS,,,100,50,100% malted barley,Ex-Bourbon barrels (~8 yr),Sauternes wine cask finish,https://www.arranwhisky.com/shop-whiskies/arran-single-malts/8-arran-malt-sauternes-wine-finish; https://www.thewhiskyexchange.com/p/19180/arran-sauternes-cask-finish,2026-06-04,NULL,scotch_highlands
Scotch,Isle of Arran,"Lochranza, Isle of Arran",Arran,own_make,,FALSE,FALSE,Single Malt; Port,NAS,,,100,50,100% malted barley,Ex-Bourbon barrels (~8 yr),Port wine cask finish,https://www.arranwhisky.com/shop-whiskies/arran-single-malts; https://www.drinkhacker.com/2025/04/22/review-arran-sauternes-cask-port-cask-and-amarone-cask/,2026-06-04,NULL,scotch_highlands
Scotch,Lagg,"Kilmory, Isle of Arran",Lagg,own_make,,FALSE,FALSE,Single Malt; Heavily Peated; Inaugural Release,NAS,,Batch 1,100,50,100% malted barley,Ex-Bourbon barrels (100%),,https://www.arranwhisky.com/shop-whiskies/lagg-whisky/lagg-single-malts/179-lagg-single-malt-inaugural-release-batch-1; https://www.masterofmalt.com/whiskies/lagg/lagg-inaugural-release-batch-1-whisky/,2026-06-04,NULL,scotch_highlands
Scotch,Lagg,"Kilmory, Isle of Arran",Lagg,own_make,,FALSE,FALSE,Single Malt; Heavily Peated; Inaugural Release,NAS,2019,Batch 2,100,50,100% malted barley,Ex-Bourbon barrels,Oloroso sherry firkin cask finish,https://www.laggwhisky.com/our-whiskies/133-lagg-single-malt-inaugural-release-batch-2; https://www.masterofmalt.com/whiskies/lagg/lagg-inaugural-release-batch-2-whisky/,2026-06-04,NULL,scotch_highlands
Scotch,Lagg,"Kilmory, Isle of Arran",Lagg,own_make,,FALSE,FALSE,Single Malt; Heavily Peated; Kilmory,NAS,,,92,46,100% malted barley,"Ex-Bourbon barrels, first fill (100%)",,https://www.laggwhisky.com/our-whiskies/112-lagg-single-malt-kilmory-edition; https://www.arranwhisky.com/shop-whiskies/lagg-whisky/lagg-single-malts/135-lagg-single-malt-kilmory-edition,2026-06-04,NULL,scotch_highlands
Scotch,Lagg,"Kilmory, Isle of Arran",Lagg,own_make,,FALSE,FALSE,Single Malt; Heavily Peated; Sherry Cask; Corriecravie,NAS,,,110,55,100% malted barley,Ex-Bourbon barrels,Oloroso sherry hogshead finish,https://www.laggwhisky.com/our-whiskies/114-lagg-single-malt-corriecravie-edition; https://www.masterofmalt.com/whiskies/lagg/lagg-corriecravie-whisky/,2026-06-04,NULL,scotch_highlands
Scotch,Lagg,"Kilmory, Isle of Arran",Lagg,own_make,,FALSE,TRUE,Single Malt; Heavily Peated; Single Cask,NAS,,,,,100% malted barley,,,https://www.laggwhisky.com/our-whiskies,2026-06-04,NULL,scotch_highlands
Scotch,Abhainn Dearg,"Uig, Isle of Lewis",Abhainn Dearg,own_make,,FALSE,FALSE,Single Malt; Spirit of Lewis,NAS,,,92,46,100% malted barley,Ex-Bourbon casks,,https://www.thewhiskyexchange.com/p/16025/abhainn-dearg-spirit-of-lewis; https://www.masterofmalt.com/spirit/abhainn-dearg/abhainn-dearg-the-spirit-of-lewis-spirit/,2026-06-26,https://img.thewhiskyexchange.com/540/abdob.non1.jpg,scotch_highlands
Scotch,Abhainn Dearg,"Uig, Isle of Lewis",Abhainn Dearg,own_make,,FALSE,FALSE,Single Malt,10 Years,,,92,46,100% malted barley,Ex-Bourbon casks (Buffalo Trace),,https://abhainndeargdistillery.co.uk/store/Abhainn-Dearg-X-Single-Malt-70cl-p125921748; https://scotchwhisky.com/magazine/latest-news/22367/abhainn-dearg-releases-first-10-year-old/,2026-06-26,https://d2j6dbq0eux0bg.cloudfront.net/images/746024/952920085.jpg,scotch_highlands
Scotch,Isle of Raasay,Raasay,Isle of Raasay,own_make,,FALSE,FALSE,Single Malt; Peated,NAS,,,92.8,46.4,100% malted barley,Ex-Rye whiskey (~60%); virgin Chinkapin oak (~25%); Bordeaux red wine (~14%),,https://raasaydistillery.com/raasay-whisky/single-malt/; https://raasaydistillery.com/product/raasay-single-malt-whisky/,2026-06-26,https://raasaydistillery.com/wp-content/uploads/2025/01/raasay-whisky-single-malt-social.jpg,scotch_highlands
Scotch,Isle of Raasay,Raasay,Isle of Raasay,own_make,,FALSE,FALSE,Single Malt; Peated; Sherry Cask; Dun Cana,NAS,,,104,52,100% malted barley,Ex-Rye whiskey (first maturation); Oloroso and PX quarter casks (second maturation),,https://raasaydistillery.com/raasay-whisky/dun-cana-sherry-quarter-cask/; https://www.masterofmalt.com/whiskies/raasay/isle-of-raasay-dun-cana-third-edition-whisky/,2026-06-26,https://raasaydistillery.com/wp-content/uploads/2023/11/isle-of-raasay-dun-cana-sherry-quarter-cask-dun-can-social.jpg,scotch_highlands
Scotch,Isle of Raasay,Raasay,Isle of Raasay,own_make,,FALSE,FALSE,Single Malt; Peated; Cask Strength,NAS,,,122.6,61.3,100% malted barley,Ex-Rye whiskey; virgin Chinkapin oak; Bordeaux red wine (Na Sia six-cask recipe),,https://raasaydistillery.com/product/single-malt-cask-strength/; https://www.masterofmalt.com/whiskies/raasay/isle-of-raasay-cask-strength-2025-release-whisky/,2026-06-26,https://raasaydistillery.com/wp-content/uploads/2024/04/isle-of-raasay-single-malt-cask-strength-2025-packshot-transparent.png,scotch_highlands
Scotch,Isle of Raasay,Raasay,Isle of Raasay,own_make,,FALSE,TRUE,Single Malt; Peated; Single Cask; Cask Strength,NAS,,,,,100% malted barley,,,https://raasaydistillery.com/raasay-whisky/single-cask-bottlings/,2026-06-26,https://raasaydistillery.com/wp-content/uploads/2022/09/na-sia-single-cask-series-social.jpg,scotch_highlands
Scotch,Isle of Harris,"Tarbert, Isle of Harris",The Hearach,own_make,,FALSE,TRUE,Single Malt; Peated,NAS,,,92,46,100% malted barley,Ex-Bourbon barrels; ex-Oloroso sherry butts; ex-Fino sherry butts,,https://harrisdistillery.com/products/the-hearach-single-malt-5; https://www.masterofmalt.com/whiskies/isle-of-harris/isle-of-harris-the-hearach-whisky/,2026-06-04,NULL,scotch_highlands
Scotch,Glenmorangie,"Tain, Highland",Glenmorangie,own_make,,FALSE,FALSE,Single Malt; Port Cask; Quinta Ruban,14 Years,,,92,46,100% malted barley,Ex-bourbon American oak,Ruby Port pipes,https://thewhiskeyjug.com/scotch-whisky/glenmorangie-quinta-ruban-14-years-review/; https://88bamboo.co/blogs/whisky-reviews/tasting-through-glenmorangies-core-range,2026-06-26,https://thewhiskeyjug.com/wp-content/uploads/2022/01/Glenmorangie-Quinta-Ruban-14-Years-Review-e1642208073556.jpg,scotch_highlands
Scotch,Glenmorangie,"Tain, Highland",Glenmorangie,own_make,,FALSE,FALSE,Single Malt; Sauternes Cask; Nectar d'Or,12 Years,,,92,46,100% malted barley,Ex-bourbon American oak,Sauternes wine casks,https://88bamboo.co/blogs/whisky-reviews/tasting-through-glenmorangies-core-range; https://en.wikipedia.org/wiki/Glenmorangie_distillery,2026-06-26,http://88bamboo.co/cdn/shop/articles/Image_Editor_11_1200x1200.png,scotch_highlands
Scotch,Glenmorangie,"Tain, Highland",Glenmorangie,own_make,,FALSE,FALSE,Single Malt; A Tale of the Forest,NAS,,,92,46,100% malted barley,Ex-bourbon casks; botanical-kilned barley,,https://thewhiskeyjug.com/scotch-whiskey/glenmorangie-a-tale-of-the-forest-review/; https://whiskyoftheweek.co.uk/glenmorangie-tale-of-the-forest/,2026-06-26,https://thewhiskeyjug.com/wp-content/uploads/2023/02/Glenmorangie-A-Tale-Of-The-Forest-Review-e1675965057865.jpg,scotch_highlands
Scotch,Glenmorangie,"Tain, Highland",Glenmorangie,own_make,,FALSE,FALSE,Single Malt; A Tale of Cake,NAS,,,92,46,100% malted barley,Ex-bourbon casks,Tokaji dessert wine casks,https://www.whiskyandwisdom.com/glenmorangie-a-tale-of-cake/; https://www.whisky.com/whisky-database/details/miniatur-glenmorangie-a-tale-of-cake.html,2026-06-26,https://www.whiskyandwisdom.com/wp-content/uploads/Glenmorangie-A-Tale-of-Cake-Limited-Edition.jpg,scotch_highlands
Scotch,Glenmorangie,"Tain, Highland",Glenmorangie,own_make,,FALSE,FALSE,Single Malt; A Tale of Winter,NAS,,,86,43,100% malted barley,Ex-bourbon casks,Marsala wine casks,https://www.masterofmalt.com/whiskies/glenmorangie/glenmorangie-a-tale-of-tokyo-whisky/,2026-06-26,https://cdn11.bigcommerce.com/s-e8lbekfe7c/images/stencil/1024w/attribute_rule_images/63407_source_1781859693.jpg,scotch_highlands
Scotch,Glenmorangie,"Tain, Highland",Glenmorangie,own_make,,FALSE,FALSE,Single Malt; Mizunara Cask; A Tale of Tokyo,NAS,,,92,46,100% malted barley,Ex-bourbon and ex-sherry casks,Japanese Mizunara oak,https://www.masterofmalt.com/whiskies/glenmorangie/glenmorangie-a-tale-of-tokyo-whisky/; https://www.whisky.com/whisky-database/details/glenmorangie-a-tale-of-tokyo-1.html,2026-06-26,https://cdn11.bigcommerce.com/s-e8lbekfe7c/images/stencil/1024w/attribute_rule_images/63407_source_1781859693.jpg,scotch_highlands
Scotch,Highland Park,"Kirkwall, Highland",Highland Park,own_make,,FALSE,FALSE,Single Malt; Peated; Sherry Cask; Viking Heart,15 Years,,,88,44,100% malted barley,Sherry-seasoned European and American oak; refill casks,,https://www.drinkhacker.com/2022/02/28/review-highland-park-viking-heart-15-years-old-2022-and-cask-strength-release-no-2/; https://whiskyunplugged.com/2022/04/07/tasting-notes-highland-park-15-years-old-viking-heart/,2026-06-26,https://www.drinkhacker.com/wp-content/uploads/2022/01/HP-21-15-YEAR-OLD-LABEL-750ML-3-scaled.jpg,scotch_highlands
Scotch,Highland Park,"Kirkwall, Highland",Highland Park,own_make,,FALSE,FALSE,Single Malt; Peated; Rioja Wine Cask; Twisted Tattoo,16 Years,,,93.4,46.7,100% malted barley,Ex-bourbon casks,Spanish Rioja wine-seasoned casks,https://www.htfw.com/highland-park-twisted-tattoo-single-malt-scotch-16-year-old-whisky; https://www.caskers.com/highland-park-twisted-tattoo-16-year-old-single-malt-scotch-whisky/,2026-06-26,https://www.htfw.com/media/catalog/product/cache/51223aefd935e9442ebd0868a3d13ae4/l/p/lp11416_2_1.jpg,scotch_highlands
Scotch,Highland Park,"Kirkwall, Highland",Highland Park,own_make,,FALSE,FALSE,Single Malt; Peated; Sherry Cask; Dragon Legend,NAS,,,86.2,43.1,100% malted barley,Sherry-seasoned European oak,,https://www.whiskybase.com/whiskies/whisky/99873/highland-park-dragon-legend; https://distiller.com/spirits/highland-park-dragon-legend/tastes,2026-06-26,NULL,scotch_highlands
Scotch,Highland Park,"Kirkwall, Highland",Highland Park,own_make,,FALSE,FALSE,Single Malt; Peated; Spirit of the Bear,NAS,,,80,40,100% malted barley,Sherry-seasoned American oak,,https://www.masterofmalt.com/whiskies/highland-park/highland-park-spirit-of-the-bear-whisky/; https://www.cellartracker.com/wine.asp?iWine=3938592,2026-06-26,https://cdn11.bigcommerce.com/s-e8lbekfe7c/images/stencil/1024w/attribute_rule_images/9663_source_1773418874.jpg,scotch_highlands
Scotch,Highland Park,"Kirkwall, Highland",Highland Park,own_make,,FALSE,FALSE,Single Malt; Cask Strength; Peated; Release No.3,NAS,,Release No.3,128.2,64.1,100% malted barley,First-fill sherry-seasoned American and European oak; refill casks,,https://www.whisky.com/whisky-database/details/highland-park-cask-strength-release-no-3.html; https://onemoredram.com/2022/09/01/highland-park-launches-cask-strength-release-no-3/,2026-06-26,NULL,scotch_highlands
Scotch,The Dalmore,"Alness, Highland",The Dalmore,own_make,,FALSE,FALSE,Single Malt; Port Pipe Finish,25 Years,,,84,42,100% malted barley,American white oak ex-bourbon; Palomino Fino sherry butts,Tawny Port pipes,https://whiskyadvocate.com/Dalmore-25-year-old-42; https://www.royalmilewhiskies.com/dalmore-25-year-old-42-70cl/,2026-06-26,http://whiskyadvocate.com/get/files/image/galleries/Dalmore-25-year-old_300.png,scotch_highlands
Scotch,The Dalmore,"Alness, Highland",The Dalmore,own_make,,FALSE,FALSE,Single Malt; Vintage Release,NAS,2003,,93.8,46.9,100% malted barley,American white oak ex-bourbon; dessert and fortified wine casks,,https://www.royalmilewhiskies.com/dalmore-2003-46-9-70cl/,2026-06-26,https://www.royalmilewhiskies.com/media/catalog/product/cache/082e1828dfd60e1a2093c9f050ba2c25/s/b/sb5175_5013967019195.jpg,scotch_highlands
Scotch,Talisker,"Carbost, Highland",Talisker,own_make,,FALSE,FALSE,Single Malt; Cask Strength; Peated; 57 North,NAS,,,114,57,100% malted barley,Ex-bourbon casks,,https://www.masterofmalt.com/whiskies/talisker/talisker-57-degree-north-whisky/,2026-06-26,https://cdn11.bigcommerce.com/s-e8lbekfe7c/images/stencil/1024w/attribute_rule_images/31451_source_1773331393.jpg,scotch_highlands
Scotch,Talisker,"Carbost, Highland",Talisker,own_make,,FALSE,FALSE,Single Malt; Cask Strength; Peated; Tidal Churn,8 Years,,Special Releases 2024,117.4,58.7,100% malted barley,"Stone-spun, lightly re-toasted casks",,https://www.masterofmalt.com/whiskies/talisker/talisker-8-year-old-special-release-2024-whisky/; https://distiller.com/spirits/talisker-8-year-2024-special-release/tastes,2026-06-26,https://cdn11.bigcommerce.com/s-e8lbekfe7c/images/stencil/1024w/attribute_rule_images/59575_source_1782228033.jpg,scotch_highlands
Scotch,Tomatin,"Tomatin, Highland",Tomatin,own_make,,FALSE,FALSE,Single Malt; Port Cask,14 Years,,,92,46,100% malted barley,Ex-bourbon barrels,Tawny Port casks,https://www.masterofmalt.com/whiskies/tomatin/tomatin-14-year-old-port-wood-finish-whisky/; https://www.thedramble.com/tastings/tomatin/tomatin-14-year-old-portwood-finish/,2026-06-26,https://cdn11.bigcommerce.com/s-e8lbekfe7c/images/stencil/1024w/attribute_rule_images/28660_source_1781002428.jpg,scotch_highlands
Scotch,Isle of Arran,"Lochranza, Highland",Arran,own_make,,FALSE,FALSE,Single Malt; Cask Strength; Peated; Machrie Moor,NAS,,,112.4,56.2,100% malted barley,Ex-bourbon casks,,https://www.tyndrumwhisky.com/arran-machrie-moor-cask-strength.html; https://be.whisky.com/shop/en/product/Arran-Machrie-Moor-Cask-Strength.html,2026-06-26,https://assets.tyndrumwhisky.com/media/catalog/product/cache/d729507224976e0fa2bede0a4487e1cb/d/e/dec21-machriemoorcs.jpg,scotch_highlands
Scotch,Isle of Arran,"Lochranza, Highland",Arran,own_make,,FALSE,FALSE,Single Malt; Peated; Machrie Moor,10 Years,,,92,46,100% malted barley,First-fill ex-bourbon casks,,https://www.royalmilewhiskies.com/arran-10-year-old-machrie-moor-46-70cl/,2026-06-26,https://www.royalmilewhiskies.com/media/catalog/product/cache/082e1828dfd60e1a2093c9f050ba2c25/s/b/sb3716_5060044484742.jpg,scotch_highlands
Scotch,Isle of Arran,"Lochranza, Highland",Arran,own_make,,FALSE,FALSE,Single Malt; Cask Strength; Quarter Cask; The Bothy,NAS,,,112.4,56.2,100% malted barley,First-fill ex-bourbon barrels,American oak quarter casks (125 litre),https://www.arranwhisky.com/shop-whiskies/arran-single-malts/14-arran-quarter-cask-whisky-the-bothy; https://www.thewhiskyexchange.com/p/30232/arran-the-bothy-quarter-cask-batch-1,2026-06-26,NULL,scotch_highlands
Scotch,Glengoyne,"Dumgoyne, Highland",Glengoyne,own_make,,FALSE,FALSE,Single Malt; Cask Strength; Batch 6,NAS,,Batch No. 6,119.6,59.8,100% malted barley,Sherry casks; refill casks,,https://www.glengoyne.com/glengoyne-cask-strength-batch-6; https://www.glengoyne.com/our-whisky/our-collection/cask-strength,2026-06-26,NULL,scotch_highlands
Scotch,Glengoyne,"Dumgoyne, Highland",Glengoyne,own_make,,FALSE,FALSE,Single Malt; Cask Strength; Batch 7,NAS,,Batch No. 007,117.8,58.9,100% malted barley,Sherry casks; refill casks,,https://www.glengoyne.com/our-whisky/our-collection/cask-strength; https://www.amazon.co.uk/Glengoyne-Strength-Highland-Single-Scotch/dp/B0C7RMNNFY,2026-06-26,NULL,scotch_highlands
Scotch,Old Pulteney,"Wick, Highland",Old Pulteney,own_make,,FALSE,FALSE,Single Malt; Pineau des Charentes Cask; Coastal Series,NAS,,,92,46,100% malted barley,American oak casks,Ex-Pineau des Charentes French oak casks,https://oldpulteney.com/whiskies/pineau-des-charentes/; https://www.masterofmalt.com/whiskies/pulteney/old-pulteney-pineau-des-charentes-coastal-series-the-maritime-malt-whisky/,2026-06-26,NULL,scotch_highlands
Scotch,Loch Lomond,"Alexandria, Highland",Loch Lomond,own_make,,FALSE,FALSE,Single Malt,14 Years,,,92,46,100% malted barley,Refill American oak casks,Lightly toasted Limousin French oak,https://www.masterofmalt.com/whiskies/loch-lomond/loch-lomond-14-year-old-whisky/; https://www.dramface.com/all-reviews/loch-lomond-14,2026-06-26,https://cdn11.bigcommerce.com/s-e8lbekfe7c/images/stencil/1024w/attribute_rule_images/54678_source_1774623055.jpg,scotch_highlands
Scotch,Loch Lomond,"Alexandria, Highland",Inchmurrin,own_make,,FALSE,FALSE,Single Malt,18 Years,,,92,46,100% malted barley,Refill and recharred oak casks,,https://www.lochlomondwhiskies.com/pages/global-travel-retail; https://www.caskers.com/loch-lomond-18-year-old-single-malt-scotch-whisky/,2026-06-26,NULL,scotch_highlands
Scotch,Aberfeldy,"Aberfeldy, Highland",Aberfeldy,own_make,,FALSE,FALSE,Single Malt; Napa Cabernet Sauvignon Cask,15 Years,,,86,43,100% malted barley,Ex-bourbon casks,Napa Valley Cabernet Sauvignon red wine casks,https://www.aberfeldy.com/us/en/our-whiskies/15-year-old-napavalley-whisky/; https://www.thewhiskyexchange.com/p/68756/aberfeldy-15-year-old-napa-valley-red-wine-cask,2026-06-28,NULL,scotch_highlands
Scotch,Aberfeldy,"Aberfeldy, Highland",Aberfeldy,own_make,,FALSE,FALSE,Single Malt; Tuscan Red Wine Cask,18 Years,,,86,43,100% malted barley,Refill and hogshead casks,Bolgheri Tuscan red wine casks,https://www.aberfeldy.com/us/en/our-whiskies/18-year-old-tuscan-whisky/,2026-10-03,NULL,scotch_highlands
Scotch,Aberfeldy,"Aberfeldy, Highland",Aberfeldy,own_make,,FALSE,FALSE,Single Malt; Sangiovese Red Wine Cask,18 Years,,,92,46,100% malted barley,Refill and hogshead casks,First-fill Sangiovese wine casks (Valdarno di Sopra),https://shop.dewars.com/products/aberfeldy-18-year-old-whisky-sangiovese-red-wine-finish,2026-10-03,http://shop.dewars.com/cdn/shop/files/aberfeldy-18-year-old-sangiovese.jpg,scotch_highlands
Scotch,Glenturret,"Crieff, Highland",The Glenturret,own_make,,FALSE,FALSE,Single Malt; Peated; 2024 Release,7 Years,,2024 Release,92,46,100% malted barley,American oak; European oak,,https://theglenturret.com/products/7-years-old-peat-smoked-2024; https://www.thewhiskyexchange.com/p/81788/glenturret-7-year-old-peat-smoked-2024-release,2026-06-28,NULL,scotch_highlands
Scotch,Ardnamurchan,"Glenbeg, Highland",Ardnamurchan,own_make,,FALSE,FALSE,Single Malt; Cask Strength; Peated; AD/10.21,NAS,,AD/10.21,97.2,48.6,100% malted barley,65% ex-bourbon; 35% ex-sherry casks,,https://www.whisky.com/whisky-database/details/ardnamurchan-ad0922-cask-strength.html; https://www.whiskylifestyle.com/two-ardnamurchan-releases/,2026-06-26,NULL,scotch_highlands
Scotch,Ardnamurchan,"Glenbeg, Highland",Ardnamurchan,own_make,,FALSE,FALSE,Single Malt; Cask Strength; Peated; AD/09.23,NAS,,AD/09.23,116.2,58.1,100% malted barley,90% ex-bourbon; 10% ex-sherry casks,,https://www.stillspirit.com/en-us/products/ardnamurchan-ad-09-23-cask-strength,2026-06-26,http://www.stillspirit.com/cdn/shop/files/ardnamurchan-ad-09-23-cask-strength-all-spirits-45885106520345.jpg,scotch_highlands
Scotch,Ardmore,"Kennethmont, Highland",Ardmore,own_make,,FALSE,FALSE,Single Malt; Peated; Port Wood Finish,12 Years,,,92,46,100% malted barley,American white oak ex-bourbon casks,Port pipes,https://www.masterofmalt.com/whiskies/ardmore/ardmore-12-year-old-port-wood-finish-whisky/; https://www.thewhiskyexchange.com/p/31020/ardmore-12-year-old-port-wood-finish,2026-06-26,https://cdn11.bigcommerce.com/s-e8lbekfe7c/images/stencil/1024w/attribute_rule_images/24168_source_1758883199.jpg,scotch_highlands
Scotch,Torabhaig,"Teangue, Highland",Torabhaig,own_make,,FALSE,FALSE,Single Malt; Cask Strength; Heavily Peated; Allt Gleann Batch Strength,NAS,,Batch Strength,122.2,61.1,100% malted barley,First-fill bourbon barrels; refill whisky casks,,https://torabhaig.com/products/torabhaig-single-malt-allt-gleann-batch-strength; https://www.farehamwinecellar.co.uk/product/torabhaig-allt-gleann-batch-strength/,2026-06-26,http://torabhaig.com/cdn/shop/files/Altt-Gleann-Batch-Strength-Bottle-and-Carton-low-res.png,scotch_highlands
Scotch,Wolfburn,"Thurso, Highland",Wolfburn,own_make,,FALSE,FALSE,Single Malt; Small Batch; No. 375,NAS,,No. 375,92,46,100% malted barley,First-fill bourbon casks (100 litre); ex-oloroso sherry hogsheads,,https://www.whisky.com/whisky-database/details/wolfburn-small-batch-release-no-375.html; https://www.htfw.com/wolfburn-no-375-small-batch-release-3,2026-06-26,NULL,scotch_highlands
Scotch,Clynelish,"Brora, Highland",Clynelish,own_make,,FALSE,FALSE,Single Malt; Cask Strength; Rare Series,42 Years,1983,,99,49.5,,American oak hogsheads (full maturation),,https://whiskyadvocate.com/diageo-rare-series-2026; https://www.diageorareandexceptional.com/us/rare-series; https://www.diageorareandexceptional.com/us/rare-spirits/rare-whisky/clynelish-1983-single-malt-scotch-whisky-rare-series,2026-10-03,https://images.ctfassets.net/3agjva8gbrgl/1NQTmyW2QWJPfZmwr8eWQ8/20216bfd4758921557e7d577861f8c5f/imresizer-GPW_RARE_SERIES_BOTTLE_IBC_CLYNELISH_PACKSHOT_RGB.png,scotch_highlands
Scotch,Talisker,"Carbost, Isle of Skye",Talisker,own_make,,FALSE,FALSE,Single Malt; Peated; Cask Strength; Rare Series,33 Years,1992,,120.2,60.1,,Refill American and European oak casks,Amoroso-seasoned American oak hogsheads (over 20 years),https://whiskyadvocate.com/diageo-rare-series-2026; https://whiskyinternationalonline.com/products/talisker-1992-33-year-old-single-malt-whisky-rare-series-60-1; https://www.diageorareandexceptional.com/us/rare-series,2026-10-02,https://whiskyinternationalonline.com/cdn/shop/files/Talisker_1993.webp,scotch_highlands
Scotch,Blair Athol,"Pitlochry, Highland",Blair Athol,own_make,,FALSE,FALSE,Single Malt; Cask Strength; Rare Series,34 Years,1991,,101.6,50.8,,Refill European oak casks,Pedro Ximenez-seasoned new American oak hogsheads,https://whiskyadvocate.com/diageo-rare-series-2026; https://www.diageorareandexceptional.com/us/rare-series; https://www.diageorareandexceptional.com/us/rare-spirits/rare-whisky/blair-athol-1991-single-malt-scotch-whisky-rare-series,2026-10-03,https://images.ctfassets.net/3agjva8gbrgl/2tql0PbR1Lr9JBmAQ5CwDV/6ee0d4e64895f10458f07c2b49989b44/imresizer-GPW_RARE_SERIES_BOTTLE_IBC_BLAIR_ATHOL_PACKSHOT_RGB.png,scotch_highlands
Scotch,Oban,"Oban, Highland",Oban,own_make,,FALSE,FALSE,Single Malt; Port Cask Finish; 15 Year Old Cask Finish Series,15 Years,,,104.2,52.1,,American oak hogsheads,American oak Port casks,https://woodencork.com/products/oban-15-year-port-cask-finish-scotch-whisky-exclusive-release; https://www.thebarreltap.com/products/oban-15-year-port-cask-finish-scotch-whisky-exclusive-release; https://thewhiskywire.com/2026/03/10/oban-launches-new-limited-edition-port-finished-single-malt/,2026-10-02,https://woodencork.com/cdn/shop/files/Oban15YearPortCaskFinishScotchWhiskyExclusiveRelease.webp,scotch_highlands
Scotch,Oban,"Oban, Highland",Oban,own_make,,FALSE,FALSE,Single Malt; Cask Strength; Rum Cask Finish; Distillery Exclusive; Little Curiosities,NAS,,,115,57.5,,Ex-bourbon barrels,Ex-rum casks,https://whiskyinternationalonline.com/products/oban-little-curiosities-distillery-exclusive-release-57-5; https://thewhiskywire.com/2026/07/13/oban-launches-new-distillery-exclusive-release/,2026-10-02,https://whiskyinternationalonline.com/cdn/shop/files/Oban-Distillery-Exclusive.jpg,scotch_highlands
Scotch,Royal Lochnagar,"Crathie, Highland",Royal Lochnagar,own_make,,FALSE,FALSE,Single Malt; Cask Strength; Cognac Cask Finish; Pursuits Edition,26 Years,,,114.8,57.4,,,French oak Cognac casks,https://whiskyinternationalonline.com/products/royal-lochnagar-26-year-old-distillery-exclusive-57-4; https://thewhiskywire.com/2026/09/07/royal-lochnagar-launches-new-26-year-old-single-malt/,2026-10-02,https://whiskyinternationalonline.com/cdn/shop/files/Lochnagar_26_YO.webp,scotch_highlands
Scotch,Glenmorangie,"Tain, Highland",Glenmorangie,own_make,,FALSE,FALSE,Single Malt; Red Wine Cask Finish; Harrison Ford Limited Edition,NAS,,,93,46.5,,Ex-bourbon casks,Toasted Portuguese red wine casks,https://www.glenmorangie.com/products/glenmorangie-harrison-ford-limited-edition; https://thewhiskywire.com/2026/05/05/glenmorangie-launches-new-harrison-ford-limited-edition-release/,2026-10-02,https://www.glenmorangie.com/cdn/shop/files/Harrison_Ford_Box_1_Bottle.png,scotch_highlands
Scotch,Glenmorangie,"Tain, Highland",Glenmorangie,own_make,,FALSE,FALSE,Single Malt; Cask Strength; 50 Years Old,50 Years,,,91.4,45.7,,"Bourbon hogsheads and first-fill Oloroso sherry butts, married in a refill hogshead",,https://thewhiskywire.com/2026/09/24/glenmorangie-launches-50-year-old-single-malt-whisky/; https://thewhiskeywash.com/whiskey-news/glenmorangie-unveils-its-oldest-ever-whisky-at-50-years-old/; https://spiritory.com/glenmorangie-50-years-old; https://www.glenmorangie.com/pages/glenmorangie-50-years-old,2026-10-03,https://dataspiritory.b-cdn.net/assets/images/skus/whisky/glenmorangie-50-years-old-2.png,scotch_highlands
Scotch,The Dalmore,"Alness, Highland",The Dalmore,own_make,,FALSE,FALSE,Single Malt; Cask Strength; Marsala Cask Finish; Distillery Select,14 Years,,2026 Release,107.4,53.7,,American white oak ex-bourbon barrels,Semisecco Marsala casks (1 year 9 months),https://www.thedalmore.com/en-gb/distillery-select/; https://thewhiskywire.com/2026/08/13/the-dalmore-launches-its-latest-distillery-select-release/,2026-10-02,https://i0.wp.com/thewhiskywire.com/wp-content/uploads/2026/08/dalmore-2012.jpg,scotch_highlands
Scotch,Glencadam,"Brechin, Highland",Glencadam,own_make,,FALSE,FALSE,Single Malt; Calvados Cask Finish; Reserve de Calvados,17 Years,,,92,46,,Ex-bourbon casks,Calvados barrels (Normandy),https://www.glencadamwhisky.com/products/glencadam-17-years-old-reserve-de-calvados; https://thewhiskywire.com/2026/01/21/glencadam-launches-new-calvados-finished-release/,2026-10-02,https://www.glencadamwhisky.com/cdn/shop/files/GC17Calvados.png,scotch_highlands
Scotch,Tullibardine,"Blackford, Highland",Tullibardine,own_make,,FALSE,FALSE,Single Malt; Cask Strength; Bourbon Cask; The Marquess Collection; The Murray,NAS,2013,2026 Release,112.2,56.1,,First-fill bourbon barrels,,https://shop.tullibardine.com/products/the-murray-2013-cask-strength; https://thewhiskywire.com/2026/04/01/tullibardine-launches-new-marquess-collection-release/,2026-10-02,https://shop.tullibardine.com/cdn/shop/files/TheMurray2013CS_1200x1200.jpg,scotch_highlands
Scotch,Old Pulteney,"Wick, Highland",Old Pulteney,own_make,,FALSE,FALSE,Single Malt; Manzanilla and Oloroso Sherry Cask; 200th Anniversary Distillery Exclusive,10 Years,,,96,48,,"Ex-bourbon casks, then ex-Manzanilla and ex-Oloroso sherry casks",,https://www.oldpulteney.com/products/200-year-distillery-exclusive; https://thewhiskywire.com/2026/05/28/old-pulteney-launches-200th-anniversary-release/,2026-10-02,https://oldpulteney.com/cdn/shop/files/200_year_Distillery_Exclusive.png,scotch_highlands
Scotch,Old Pulteney,"Wick, Highland",Old Pulteney,own_make,,FALSE,FALSE,Single Malt; 200th Anniversary,50 Years,,,81.6,40.8,,"Four casks, predominantly American oak with European oak",,https://www.oldpulteney.com/products/50-years-old-single-malt-scotch-whisky; https://thewhiskywire.com/2026/06/16/old-pulteney-launches-new-50-and-30-year-old-releases/,2026-10-02,https://oldpulteney.com/cdn/shop/files/OP_50_bottle_and_pack_closed_portrait.jpg,scotch_highlands
Scotch,Old Pulteney,"Wick, Highland",Old Pulteney,own_make,,FALSE,FALSE,Single Malt; Cask Strength; 200th Anniversary,30 Years,,,100.8,50.4,,,,https://www.oldpulteney.com/products/30-years-old-single-malt-scotch-whisky; https://thewhiskywire.com/2026/06/16/old-pulteney-launches-new-50-and-30-year-old-releases/,2026-10-02,https://oldpulteney.com/cdn/shop/files/30_pack_shot_1.jpg,scotch_highlands
Scotch,Glenturret,"Crieff, Highland",The Glenturret,own_make,,FALSE,FALSE,Single Malt; Sherry Cask; Eclosion,NAS,,,92.4,46.2,,European oak PX sherry casks and an American oak puncheon,,https://whiskyinternationalonline.com/products/glenturret-eclosion-limited-edition-2026-single-malt-whisky-46-2; https://thewhiskywire.com/2026/05/27/glenturret-launches-new-limited-edition-release/,2026-10-02,https://whiskyinternationalonline.com/cdn/shop/files/Glenturret-Eclosion.jpg,scotch_highlands
Scotch,Glenturret,"Crieff, Highland",The Glenturret,own_make,,FALSE,FALSE,Single Malt; Sauternes Cask Finish; Deux Terrains,21 Years,,,85.6,42.8,,Sherry-seasoned oak casks,Chateau Lafaurie-Peyraguey Sauternes casks,https://theglenturret.com/products/deux-terrains; https://thewhiskywire.com/2026/07/06/glenturret-launches-new-21-year-old-single-malt/,2026-10-02,https://theglenturret.com/cdn/shop/files/Story_d879a91d-7d45-4f3c-b2a6-797baf354b70.png,scotch_highlands
Scotch,Glenturret,"Crieff, Highland",The Glenturret,own_make,,FALSE,FALSE,Single Malt; Peated; Remanence,NAS,,,96.8,48.4,,American and European oak casks,,https://theglenturret.com/products/remanence; https://thewhiskywire.com/2026/09/11/the-glenturret-launches-new-limited-edition-peated-single-malt/,2026-10-02,https://theglenturret.com/cdn/shop/files/GT-Remanence-Bottle-Box-MR.jpg,scotch_highlands
Scotch,Glenturret,"Crieff, Highland",The Glenturret,own_make,,FALSE,FALSE,Single Malt; Sherry Cask; Extremely Scarce Collection,20 Years,,2026 Release,95.2,47.6,,Four European oak casks,,https://theglenturret.com/products/20-years-old; https://thewhiskywire.com/2026/09/25/glenturret-launches-new-20-year-old-release-as-part-of-its-2026-extremely-scarce-collection/,2026-10-02,https://theglenturret.com/cdn/shop/files/GT-20YO-Bottle_Box-Hi-WEB2.jpg,scotch_highlands
Scotch,Glenturret,"Crieff, Highland",The Glenturret,own_make,,FALSE,FALSE,Single Malt; Sherry Cask; Extremely Scarce Collection,25 Years,,2026 Release,80.4,40.2,,European sherry oak casks,,https://theglenturret.com/products/25-years-old; https://thewhiskywire.com/2026/09/25/glenturret-launches-new-20-year-old-release-as-part-of-its-2026-extremely-scarce-collection/,2026-10-02,https://theglenturret.com/cdn/shop/files/GT25YO-2026-Bottle_Box-MidRes_2.jpg,scotch_highlands
Scotch,Loch Lomond,"Alexandria, Highland",Loch Lomond,own_make,,FALSE,FALSE,Single Malt; Oloroso Sherry Cask Finish; The Original Series,NAS,,,80,40,,"First-fill, refill and re-charred American oak casks",Oloroso sherry casks (six months),https://www.lochlomondwhiskies.com/products/loch-lomond-original-oloroso-sherry-cask-finish; https://thewhiskywire.com/2026/03/24/loch-lomond-whiskies-launches-the-original-series/,2026-10-02,https://www.lochlomondwhiskies.com/cdn/shop/files/Loch-lomond-The-Original-Series-Oloroso-Sherry-Cask.webp,scotch_highlands
Scotch,Loch Lomond,"Alexandria, Highland",Loch Lomond,own_make,,FALSE,FALSE,Single Malt; Peated; Rioja Cask Finish; The Original Series,NAS,,,80,40,,American oak casks,First-fill Rioja red wine casks,https://www.lochlomondwhiskies.com/products/loch-lomond-original-rioja-finish; https://thewhiskywire.com/2026/03/24/loch-lomond-whiskies-launches-the-original-series/,2026-10-02,https://www.lochlomondwhiskies.com/cdn/shop/files/Loch-lomond-The-Original-Series-Peated-Rioja-Cask_58897821-5917-4d7b-933d-48ea8599aa8c.webp,scotch_highlands
Scotch,Loch Lomond,"Alexandria, Highland",Loch Lomond,own_make,,FALSE,FALSE,Single Malt; Peated; Tawny Port Finish; Waypoint Series; Inversnaid to Inverarnan,31 Years,1992,,88.2,44.1,,Ex-bourbon American oak casks,Tawny Port pipes (12 months),https://www.lochlomondwhiskies.com/products/waypoint-series-inversnaid-to-inverarnan-whisky; https://thewhiskywire.com/2026/09/01/loch-lomond-launches-new-31-year-old-single-malt/,2026-10-02,https://www.lochlomondwhiskies.com/cdn/shop/files/loch-lomond-whiskies-waypoint-31yearold.webp,scotch_highlands
Scotch,Loch Lomond,"Alexandria, Highland",Loch Lomond,own_make,,FALSE,FALSE,Single Malt; Cask Strength; 60th Anniversary,18 Years,,,103.8,51.9,Malted Barley (fermented with Chardonnay wine yeast),Refill American oak casks,,https://www.lochlomondwhiskies.com/products/loch-lomond-whiskies-60th-anniversary-18-year-old-whisky,2026-10-02,https://www.lochlomondwhiskies.com/cdn/shop/files/loch-lomond-60th-anniversary-18-year-packaging-web_2735b9c4-18e5-4ff2-b9f2-c604212be5ae.png,scotch_highlands
Scotch,Loch Lomond,"Alexandria, Highland",Loch Lomond,own_make,,FALSE,FALSE,Single Malt; The Open Special Edition 2026; Royal Birkdale,NAS,,2026 Release,92,46,,American oak barrels,,https://www.lochlomondwhiskies.com/products/open-special-edition-royal-birkdale,2026-10-02,https://www.lochlomondwhiskies.com/cdn/shop/files/loch-lomond-Open-special-edition-2026-bottle-box.webp,scotch_highlands
Scotch,Loch Lomond,"Alexandria, Highland",Loch Lomond,own_make,,FALSE,FALSE,Single Malt; Tawny Port Cask Finish; The Open Course Collection 2026; Royal Birkdale,19 Years,2006,2026 Release,93.8,46.9,,American oak,Tawny Port casks,https://www.lochlomondwhiskies.com/products/the-open-course-collection-2026-154th-open-royal-birkdale,2026-10-02,https://www.lochlomondwhiskies.com/cdn/shop/files/loch-lomond-Open-Course-Collection-2026-box-bottle.webp,scotch_highlands
Scotch,Loch Lomond,"Alexandria, Highland",Loch Lomond,own_make,,FALSE,FALSE,Single Grain; Cask Strength; Distillery Edition Eleven,4 Years,,,119.2,59.6,Malted Barley 70% / Unmalted Barley 30%,Second-fill bourbon barrels,,https://www.lochlomondwhiskies.com/products/distillery-edition-eleven-4-year-old-single-grain-scotch-whisky,2026-10-02,https://www.lochlomondwhiskies.com/cdn/shop/files/loch-lomond-whisky-distillery-edition-11_e74766d1-37cf-437c-ab02-be5c08f66b1f.webp,scotch_highlands
Scotch,Torabhaig,"Teangue, Isle of Skye",Torabhaig,own_make,,FALSE,FALSE,Single Malt; Cask Strength; The Distillers' Series; Iona's First Edition,NAS,,,121.8,60.9,Malted Barley (unpeated base) / Chocolate Malt 10%,,,https://www.torabhaig.com/products/the-distillers-series-ionas-first-edition; https://thewhiskywire.com/2026/08/27/torabhaig-launches-new-limited-edition-distillers-series/,2026-10-02,https://torabhaig.com/cdn/shop/files/IonaDistillersSeriesBottleFront_70clmin.png,scotch_highlands
Scotch,Torabhaig,"Teangue, Isle of Skye",Torabhaig,own_make,,FALSE,FALSE,Single Malt; Peated; Cask Strength; The Distillers' Series; Niall's First Edition,NAS,,,118.6,59.3,Malted Barley 90% (peated) / Dark Crystal Malt 5%,,,https://www.torabhaig.com/products/the-distillers-series-nialls-first-edition; https://thewhiskywire.com/2026/08/27/torabhaig-launches-new-limited-edition-distillers-series/,2026-10-02,https://torabhaig.com/cdn/shop/files/NiallDistillersSeriesBottleFrontMockup_70clcopy.png,scotch_highlands
Scotch,Torabhaig,"Teangue, Isle of Skye",Torabhaig,own_make,,FALSE,FALSE,Single Malt; Heavily Peated; Cask Strength; Distillery Reserve; 100 PPM,NAS,2020,,121,60.5,Malted Barley 100% (peated to over 100 PPM),First-fill bourbon and first-fill Oloroso hogsheads,,https://www.torabhaig.com/products/torabhaig-distillery-reserve-100ppm,2026-10-02,https://torabhaig.com/cdn/shop/files/100PPM_Packshot.png,scotch_highlands
Scotch,Torabhaig,"Teangue, Isle of Skye",Torabhaig,own_make,,FALSE,FALSE,Single Malt; Peated; Cask Strength; Distillery Reserve; The Winged Isle,NAS,,,121.2,60.6,,,,https://www.torabhaig.com/products/torabhaig-distillery-reserve-the-winged-isle,2026-10-02,https://www.torabhaig.com/cdn/shop/files/WingedIsleBottlePackshot.png,scotch_highlands
Scotch,Torabhaig,"Teangue, Isle of Skye",Torabhaig,own_make,,FALSE,FALSE,Single Malt; Peated; Cask Strength; Stout Cask Finish; Distillery Reserve,NAS,2019,,115.8,57.9,,Fresh bourbon casks,Casks seasoned with Isle of Skye Brewing Co. stout,https://www.torabhaig.com/products/torabhaig-distillery-reserve-stout-finish,2026-10-02,https://www.torabhaig.com/cdn/shop/files/SkyeBrewingPackshot.png,scotch_highlands
Scotch,Torabhaig,"Teangue, Isle of Skye",Torabhaig,own_make,,FALSE,FALSE,Single Malt; Peated; Taigh,NAS,,,92,46,,"First-fill bourbon barrels, refill bourbon casks and Madeira casks",,https://www.torabhaig.com/products/torabhaig-taigh,2026-10-02,https://www.torabhaig.com/cdn/shop/files/Taigh_BottleandBox_Front_UKcopymin.png,scotch_highlands
Scotch,Isle of Arran,"Lochranza, Isle of Arran",Arran,own_make,,FALSE,FALSE,Single Malt; Cabernet Sauvignon Cask Finish; James Hutton The Geologist,13 Years,,,92,46,,Bourbon barrels (six years),Australian Cabernet Sauvignon casks (seven years),https://thewhiskywire.com/2026/06/03/arran-launches-new-collaborative-limited-edition-release/; https://thewhiskeywash.com/whiskey-news/arran-honors-james-hutton-with-limited-edition-wine-cask-finsihed-single-malt/,2026-10-02,https://i0.wp.com/thewhiskywire.com/wp-content/uploads/2026/06/arran-james-hutton.jpg,scotch_highlands
Scotch,Isle of Arran,"Lochranza, Isle of Arran",Arran,own_make,,FALSE,FALSE,Single Malt; Cask Strength; White Stag Eleventh Release,11 Years,,Eleventh Release,104,52,,,,https://whiskyinternationalonline.com/products/arran-white-stag-eleventh-release-single-malt-whisky-52,2026-10-02,https://whiskyinternationalonline.com/cdn/shop/files/Arran-White-Stagg.jpg,scotch_highlands
Scotch,Isle of Arran,"Lochranza, Isle of Arran",Arran,own_make,,FALSE,FALSE,Single Malt; Cask Strength; Harmony Edition Vol. 9,8 Years,,2026 Release; Vol. 9,110,55,,"Port, Amarone and Sauternes wine casks",,https://whiskyinternationalonline.com/products/arran-harmony-edition-vol-9-2026-single-malt-whisky,2026-10-02,https://whiskyinternationalonline.com/cdn/shop/files/Arron-the-Arron-Harmony-Edition.jpg,scotch_highlands
Scotch,Lagg,"Kilmory, Isle of Arran",Lagg,own_make,,FALSE,FALSE,Single Malt; Peated; Cask Strength; Manzanilla Sherry Cask Finish; Small Batch,NAS,,,115.2,57.6,,First- and second-fill bourbon barrels,First-fill Manzanilla sherry casks (over one year),https://thewhiskywire.com/2026/04/14/lagg-distillery-launches-new-manzanilla-sherry-finished-release/; https://thewhiskeywash.com/whiskey-news/lagg-launches-manzanilla-sherry-finish-scotch-whisky/; https://www.singleandavailable.com.my/product/lagg-manzanila-peated-sherry-cask-finish-57-6/; https://www.thewhiskyexchange.com/p/87768/lagg-manzanilla-finish-small-batch,2026-10-03,https://www.singleandavailable.com.my/wp-content/uploads/2026/08/Lagg-Peated-Manzanilla-Sherry.png,scotch_highlands
Scotch,Isle of Jura,"Craighouse, Isle of Jura",Jura,own_make,,FALSE,FALSE,Single Malt; Cask Strength; Single Cask; Armagnac Cask Finish; Feis Ile 2026,16 Years,,2026 Release,110.6,55.3,,Second-fill bourbon barrels,Single 400L Armagnac cask (18 months),https://www.jurawhisky.com/en-us/community/feis-ile/; https://thewhiskywire.com/2026/05/19/jura-launches-two-special-feis-ile-limited-editions/,2026-10-02,,scotch_highlands
Scotch,Isle of Jura,"Craighouse, Isle of Jura",Jura,own_make,,FALSE,FALSE,Single Malt; Cask Strength; Single Cask; Sauternes Cask Finish; Feis Ile 40th Anniversary Release,24 Years,,2026 Release,97.6,48.8,,Refill bourbon barrels,Single Sauternes barrique (eight years),https://www.jurawhisky.com/en-us/community/feis-ile/; https://thewhiskywire.com/2026/05/19/jura-launches-two-special-feis-ile-limited-editions/,2026-10-02,,scotch_highlands
Scotch,Tomatin,"Tomatin, Highland",Tomatin,own_make,,FALSE,FALSE,Single Malt; Cask Strength; Single Cask; PX Sherry Cask; Year of the Horse,NAS,2011,2026 Release; Cask #37607,113,56.5,,First-fill Pedro Ximenez sherry butt (bota gorda),,https://tomatin.com/shop/limited-releases/year-of-the-horse-2026/; https://thewhiskywire.com/2026/01/12/tomatin-launches-lunar-new-year-single-cask-release/; https://thewhiskeywash.com/whiskey-news/tomatin-celebrates-year-of-the-horse-with-limited-edition-single-cask-whisky/,2026-10-02,https://tomatin.com/wp-content/uploads/2025/12/Untitled-design-29.png,scotch_highlands
Scotch,Tomatin,"Tomatin, Highland",Tomatin,own_make,,FALSE,FALSE,Single Malt; Cask Strength; Single Cask; PX Sherry Cask; UK Exclusive,15 Years,2011,Cask No. 37316,117.6,58.8,,First-fill Pedro Ximenez sherry butt,,https://tomatin.com/blog/whisky-lifestyle/introducing-tomatin-2011-single-cask-uk-exclusive/; https://thewhiskywire.com/2026/09/29/tomatin-launches-new-uk-exclusive-single-cask-release/,2026-10-02,https://tomatin.com/wp-content/uploads/2026/09/JJD_1007-scaled.jpg,scotch_highlands
Scotch,Tomatin,"Tomatin, Highland",Cu Bocan,own_make,,FALSE,FALSE,Single Malt; Peated; Creation #8; Ice Wine and Verdejo Casks,,,,92,46,,Canadian ice wine casks (Pillitteri) and Spanish Verdejo casks (Belondrade),,https://tomatin.com/blog/whisky-lifestyle/introducing-cu-bocan-creation-8/; https://thewhiskywire.com/2026/05/20/cu-bocan-launches-its-latest-creation-series-release-2/,2026-10-02,https://tomatin.com/wp-content/uploads/2026/05/Cu-Bocan-Horizontal-Centre-2-1-scaled.jpg,scotch_highlands
Scotch,Arbikie,"Inverkeilor, Highland",Arbikie,own_make,,FALSE,FALSE,Single Malt; Single Estate; The Signature,10 Years,,,96,48,"Malted Barley 100% (Odyssey, Arbikie Estate)",Ex-bourbon barrels (six),,https://www.thearbikie.com/products/the-signature; https://thewhiskywire.com/2026/09/07/arbikie-launches-its-first-single-estate-single-malt-scotch-whisky/,2026-10-02,https://www.thearbikie.com/cdn/shop/files/TheArbikie_17.jpg,scotch_highlands
Scotch,Strathearn,"Methven, Highland",Strathearn,own_make,,FALSE,FALSE,Single Malt; Batch 03,NAS,,Batch 03,100,50,Malted Barley 100% (Maris Otter),"Ex-bourbon, virgin oak and ex-sherry oak casks (31-cask vatting)",,https://www.douglaslaing.com/products/strathearn-single-malt-batch-03; https://thewhiskywire.com/2026/07/27/strathearn-launches-its-latest-single-malt/,2026-10-02,https://cdn.shopify.com/s/files/1/0550/7072/0171/files/StrathearnSingleMalt02Tile_42249116-2254-428a-abd6-adf59b94d560.png,scotch_highlands
Scotch,Aberargie,"Aberargie, Highland",Aberargie,own_make,,FALSE,FALSE,Single Malt; Expressions Series; Laureate,NAS,,,96.4,48.2,Malted Barley 100% (Laureate),First-fill bourbon casks 32% / first-fill sherry casks 68%,,https://aberargie.com/products/aberargie-expressions-laureate; https://thewhiskywire.com/2026/07/30/aberargie-distillery-to-launch-two-new-single-malts/,2026-10-02,https://aberargie.com/cdn/shop/files/WB-2_no_bg_2_219f647a-cf09-47f3-977c-8c0e2857a183.png,scotch_highlands
Scotch,Aberargie,"Aberargie, Highland",Aberargie,own_make,,FALSE,FALSE,Single Malt; Expressions Series; Golden Promise,NAS,,,96.4,48.2,Malted Barley 100% (Golden Promise),First-fill bourbon casks 68% / first-fill sherry casks 32%,,https://aberargie.com/products/aberargie-expressions-golden-promise; https://thewhiskywire.com/2026/07/30/aberargie-distillery-to-launch-two-new-single-malts/,2026-10-02,https://aberargie.com/cdn/shop/files/WB-1_no_bg_a3625167-c7d7-4a64-bbc9-796bcf201a08.jpg,scotch_highlands
Scotch,Deanston,"Doune, Highland",Deanston,own_make,,FALSE,FALSE,Single Malt; Chronicles; 60th Anniversary Edition,NAS,,,95.6,47.8,,,,https://whiskyinternationalonline.com/products/deanston-chronicles-60th-anniversary-edition-single-malt-whisky-47-8,2026-10-02,https://whiskyinternationalonline.com/cdn/shop/files/Deanston_Chronicles_Anniversary_Edition.jpg,scotch_highlands
Scotch,Isle of Raasay,Raasay,Isle of Raasay,own_make,,FALSE,FALSE,Single Malt; Peated; Hungarian Oak; Oak Species 2026,NAS,,2026 Release,100,50,,Hungarian oak,,https://whiskyinternationalonline.com/products/isle-of-raasay-single-malt-oak-species-2026-hungarian-oak-50,2026-10-02,https://whiskyinternationalonline.com/cdn/shop/files/Rassay.webp,scotch_highlands
Scotch,Highland Park,"Kirkwall, Orkney",Highland Park,own_make,,FALSE,FALSE,Single Malt; Peated; New American Oak Finish; Between You and I; Laila Gohar,17 Years,,,95,47.5,,,New American oak,https://www.delmesaliquor.com/products/highland-park-between-you-and-i-17-year-old-single-malt-scotch-whisky-2026; https://www.fredminnick.com/2026/10/01/highland-park-releases-between-you-and-i-17-year-single-malt/,2026-10-02,https://www.delmesaliquor.com/cdn/shop/files/highland-park-between-you-and-i-17-year-old-2026_48d68bc7-ea85-4860-afa7-f6b28e37b011.jpg,scotch_highlands
Scotch,Glenglassaugh,"Portsoy, Highland",Glenglassaugh,own_make,,FALSE,FALSE,Single Malt,12 Years,,,90,45,,"Bourbon, sherry and red wine casks",,https://www.glenglassaugh.com/core-range-whiskies/12-year/; https://www.thewhiskyexchange.com/p/71874/glenglassaugh-12-year-old,2026-10-03,https://www.glenglassaugh.com/wp-content/uploads/2023/05/GG-12-Year-Bottle-Cropped.png,scotch_highlands
Scotch,Glenglassaugh,"Portsoy, Highland",Glenglassaugh,own_make,,FALSE,FALSE,Single Malt; Sandend,NAS,,,101,50.5,,"Bourbon, sherry and manzanilla casks",,https://www.glenglassaugh.com/core-range-whiskies/sandend/; https://www.thewhiskyexchange.com/p/71872/glenglassaugh-sandend,2026-10-03,https://www.glenglassaugh.com/wp-content/uploads/2023/05/GG-Sandend-Bottle-Cropped.png,scotch_highlands
Scotch,Glenglassaugh,"Portsoy, Highland",Glenglassaugh,own_make,,FALSE,FALSE,Single Malt; Peated; Portsoy,NAS,,,98.2,49.1,,"Sherry, bourbon and port casks",,https://www.glenglassaugh.com/core-range-whiskies/portsoy/; https://www.thewhiskyexchange.com/p/71873/glenglassaugh-portsoy,2026-10-03,https://www.glenglassaugh.com/wp-content/uploads/2023/05/GG-Portsoy-Bottle-Cropped.png,scotch_highlands
Scotch,Glenglassaugh,"Portsoy, Highland",Glenglassaugh,own_make,,FALSE,FALSE,Single Malt,15 Years,,,92,46,,Pedro Ximenez sherry casks and Spanish wine casks,,https://www.glenglassaugh.com/core-range-whiskies/15-years-old/; https://www.thewhiskyexchange.com/p/87777/glenglassaugh-15-year-old,2026-10-03,https://www.glenglassaugh.com/wp-content/uploads/2026/07/gg-us-15.png,scotch_highlands
Scotch,Glendronach,"Forgue, Highland",The Glendronach,own_make,,FALSE,FALSE,Single Malt; Sherry Cask,12 Years,,,86,43,,Pedro Ximenez and Oloroso sherry casks,,https://www.glendronachdistillery.com/product/aged-12-years/; https://www.thewhiskyexchange.com/p/81812/glendronach-12-year-old-sherry-cask-matured,2026-10-03,https://www.glendronachdistillery.com/wp-content/uploads/2024/07/GD_12YO-1-1.png,scotch_highlands
Scotch,Glendronach,"Forgue, Highland",The Glendronach,own_make,,FALSE,FALSE,Single Malt; Sherry Cask,15 Years,,,92,46,,Pedro Ximenez and Oloroso sherry casks,,https://www.glendronachdistillery.com/product/aged-15-years/; https://www.thewhiskyexchange.com/p/64061/glendronach-15-year-old-sherry-cask-matured,2026-10-03,https://www.glendronachdistillery.com/wp-content/uploads/2024/07/GD_15YO-2-1.png,scotch_highlands
Scotch,Glendronach,"Forgue, Highland",The Glendronach,own_make,,FALSE,FALSE,Single Malt; Sherry Cask,18 Years,,,92,46,,Oloroso sherry casks,,https://www.glendronachdistillery.com/product/aged-18-years/; https://www.thewhiskyexchange.com/p/81813/glendronach-18-year-old-sherry-cask-matured,2026-10-03,https://www.glendronachdistillery.com/wp-content/uploads/2024/07/GD_18YO-2-2.png,scotch_highlands
Scotch,Glendronach,"Forgue, Highland",The Glendronach,own_make,,FALSE,FALSE,Single Malt; Sherry Cask,21 Years,,,96,48,,Oloroso and Pedro Ximenez sherry casks,,https://www.glendronachdistillery.com/product/the-glendronach-aged-21-years/; https://www.thewhiskyexchange.com/p/85299/glendronach-21-year-old,2026-10-03,https://www.glendronachdistillery.com/wp-content/uploads/2025/09/GD_Ultra-Premium_21_Year_Legals_square.jpg,scotch_highlands
Scotch,Glendronach,"Forgue, Highland",The Glendronach,own_make,,FALSE,FALSE,Single Malt; Sherry Cask,30 Years,,,93.6,46.8,,"Oloroso, Pedro Ximenez and Amontillado sherry casks",,https://www.glendronachdistillery.com/product/aged-30-years/; https://www.htfw.com/glendronach-highland-single-malt-scotch-30-year-old-whisky,2026-10-03,https://www.glendronachdistillery.com/wp-content/uploads/2025/09/GD_Ultra-Premium_30_Year__square.jpg,scotch_highlands
Scotch,Glendronach,"Forgue, Highland",The Glendronach,own_make,,FALSE,FALSE,Single Malt; Sherry Cask,40 Years,,2025 Release,87.8,43.9,,Oloroso and Pedro Ximenez sherry casks,,https://www.glendronachdistillery.com/product/aged-40-years/; https://www.htfw.com/glendronach-2025-edition-highland-single-malt-scotch-40-year-old-whisky,2026-10-03,https://www.glendronachdistillery.com/wp-content/uploads/2025/09/GD_Ultra-Premium_40_Year_square.jpg,scotch_highlands
Scotch,Dalwhinnie,"Dalwhinnie, Highland",Dalwhinnie,own_make,,FALSE,FALSE,Single Malt,15 Years,,,86,43,,,,https://www.malts.com/en-gb/products/dalwhinnie-15-year-old-single-malt-scotch-whisky-70cl; https://www.thewhiskyexchange.com/p/1814/dalwhinnie-15-year-old,2026-10-03,https://img.thewhiskyexchange.com/540/dalob.15yov1.jpg,scotch_highlands
Scotch,Dalwhinnie,"Dalwhinnie, Highland",Dalwhinnie,own_make,,FALSE,FALSE,Single Malt; Winter's Gold,NAS,,,86,43,,,,https://www.thewhiskyexchange.com/p/29813/dalwhinnie-winters-gold; https://www.htfw.com/dalwhinnie-winters-gold-highland-single-malt-scotch-whisky,2026-10-03,https://img.thewhiskyexchange.com/540/dalob.non1.jpg,scotch_highlands
Scotch,Dalwhinnie,"Dalwhinnie, Highland",Dalwhinnie,own_make,,FALSE,FALSE,Single Malt; Oloroso Cask Finish; Distillers Edition,,2006,2021 Release,86,43,,,Ex-bodega Oloroso sherry casks,https://www.malts.com/en-gb/products/dalwhinnie-2021-distillers-edition-single-malt-scotch-whisky-70cl; https://www.htfw.com/dalwhinnie-2021-distillers-edition-single-malt-scotch-2006-15-year-old-whisky,2026-10-03,https://www.htfw.com/media/catalog/product/cache/6517c62f5899ad6aa0ba23ceb3eeff97/l/p/lp15829_2_1_1.jpg,scotch_highlands
Scotch,Dalwhinnie,"Dalwhinnie, Highland",Dalwhinnie,own_make,,FALSE,FALSE,Single Malt; Special Release,30 Years,,2019 Release,109.4,54.7,,American oak casks,,https://www.malts.com/en-gb/products/dalwhinnie-30-year-old-special-release-2019-single-malt-scotch-whisky-70cl; https://www.htfw.com/dalwhinnie-2019-special-release-single-malt-scotch-30-year-old-whisky,2026-10-03,https://www.htfw.com/media/catalog/product/cache/6517c62f5899ad6aa0ba23ceb3eeff97/l/p/lp11397_2_1.jpg,scotch_highlands
Scotch,Dalwhinnie,"Dalwhinnie, Highland",Dalwhinnie,own_make,,FALSE,FALSE,Single Malt; Special Release,30 Years,,2020 Release,103.8,51.9,,Refill hogsheads,,https://www.malts.com/en-gb/products/dalwhinnie-30-year-old-special-release-2020-single-malt-scotch-whisky-70cl; https://www.htfw.com/dalwhinnie-2020-special-release-single-malt-scotch-1989-30-year-old-whisky,2026-10-03,https://www.htfw.com/media/catalog/product/cache/6517c62f5899ad6aa0ba23ceb3eeff97/l/p/lp12492_2_1.jpg,scotch_highlands
Scotch,Ardnamurchan,"Glenbeg, Highland",Ardnamurchan,own_make,,FALSE,FALSE,Single Malt; Cask Strength; Paul Launois,8 Years,,,114.8,57.4,,Bourbon casks,Paul Launois Champagne barriques,https://www.thewhiskyexchange.com/p/87337/ardnamurchan-2017-paul-launois-8-year-old,2026-10-03,https://img.thewhiskyexchange.com/540/amcob.2017.jpg,scotch_highlands
Scotch,Highland Park,"Kirkwall, Orkney",Highland Park,own_make,,FALSE,FALSE,Single Malt; Cask Strength; Peated; Heather,NAS,,,127.2,63.6,,First-fill European and American sherry-seasoned oak casks and refill casks,,https://www.thewhiskyexchange.com/p/53747/highland-park-cask-strength-heather,2026-10-03,https://img.thewhiskyexchange.com/540/hlpob.non16.jpg,scotch_highlands
Scotch,Loch Lomond,"Alexandria, Highland",Loch Lomond,own_make,,FALSE,FALSE,Single Malt; Distillery Edition Twelve,10 Years,,,113.2,56.6,Malted Barley (fermented with Chardonnay wine yeast),Two ex-bourbon American oak casks,,https://www.lochlomondwhiskies.com/products/distillery-edition-twelve,2026-10-03,https://www.lochlomondwhiskies.com/cdn/shop/files/loch-lomond-whiskies-distillery-edition-12_7cd87bd8-1a12-417a-afda-81df0712c4d2.webp,scotch_highlands
Scotch,Oban,"Oban, Highland",Oban,own_make,,FALSE,FALSE,Single Malt; Special Release; Heart of the Harbour,12 Years,,2025 Release,109.4,54.7,,Ex-bourbon American oak casks,,https://www.thewhiskyexchange.com/p/67437/oban-12-year-old-special-releases-2025; https://www.malts.com/en-gb/special-releases-2025,2026-10-03,https://img.thewhiskyexchange.com/540/obnob.12yov7.jpg,scotch_highlands
Scotch,Talisker,"Carbost, Isle of Skye",Talisker,own_make,,FALSE,FALSE,Single Malt; Peated; Special Release; Molten Seas,14 Years,,2025 Release,107.8,53.9,,Ex-bourbon barrels,New American oak casks toasted with volcanic rock,https://www.thewhiskyexchange.com/p/85632/talisker-14-year-old-special-releases-2025; https://www.malts.com/en-gb/special-releases-2025,2026-10-03,https://img.thewhiskyexchange.com/540/talob.14yo.jpg,scotch_highlands
Scotch,Clynelish,"Brora, Highland",Clynelish,own_make,,FALSE,FALSE,Single Malt; Cask Strength; Special Release; Waxen Sun,18 Years,,2025 Release,103.2,51.6,,Refill casks,,https://www.malts.com/en-gb/products/clynelish-waxen-sun-single-malt-whisky-special-releases-2025; https://whiskyinternationalonline.com/products/clynelish-18-year-old-special-releases-2025-51-6,2026-10-03,https://whiskyinternationalonline.com/cdn/shop/files/ClynelishSR2025.webp,scotch_highlands
Scotch,Glen Ord,"Muir of Ord, Highland",The Singleton of Glen Ord,own_make,,FALSE,FALSE,Single Malt; Special Release; Into the Blue,17 Years,,2025 Release,111,55.5,,Refill casks,Second-fill ex-sherry butts and ex-mezcal barrels,https://www.thewhiskyexchange.com/p/85680/singleton-of-glen-ord-17-year-old-special-releases-2025; https://www.malts.com/en-gb/special-releases-2025,2026-10-03,https://img.thewhiskyexchange.com/540/godob.17yo.jpg,scotch_highlands
Scotch,Teaninich,"Alness, Highland",Teaninich,own_make,,FALSE,FALSE,Single Grain; Special Release,8 Years,,2025 Release,120.6,60.3,Malted Rye / Malted Barley,American oak ex-bourbon barrels,,https://www.thewhiskyexchange.com/p/86194/teaninich-8-year-old-single-grain-special-releases-2025,2026-10-03,https://img.thewhiskyexchange.com/540/grain_tnc08yo.jpg,scotch_highlands
Scotch,Isle of Raasay,Raasay,Isle of Raasay,own_make,,FALSE,FALSE,Single Malt; Peated; Cask Strength,NAS,,2026 Release,122.2,61.1,,"Ex-rye whisky, Chinkapin oak and Bordeaux red wine casks",,https://www.thewhiskyexchange.com/p/88160/isle-of-raasay-cask-strength-single-malt-2026-release,2026-10-03,https://img.thewhiskyexchange.com/540/raaob.non21.jpg,scotch_highlands
Scotch,Ardnamurchan,"Glenbeg, Highland",Ardnamurchan,own_make,,FALSE,FALSE,Single Malt; Peated; The Midgie,NAS,,2026 Release,96,48,,"Ex-bourbon, tawny port and ruby port casks",,https://www.thewhiskyexchange.com/p/87295/ardnamurchan-the-midgie-2026-release,2026-10-03,https://img.thewhiskyexchange.com/540/amcob.non30.jpg,scotch_highlands
Scotch,Ardnamurchan,"Glenbeg, Highland",Ardnamurchan,own_make,,FALSE,FALSE,Single Malt; Sherry Cask; AD/ Heritage Barley,NAS,,2026 Release,116.8,58.4,"Malted Barley 100% (Golden Promise, unpeated)",Pedro Ximenez and Oloroso sherry casks,,https://www.thewhiskyexchange.com/p/88474/ardnamurchan-ad-heritage-barley-sherry-cask-2026-release,2026-10-03,https://img.thewhiskyexchange.com/540/amcob.non34.jpg,scotch_highlands
Scotch,Ardnamurchan,"Glenbeg, Highland",Ardnamurchan,own_make,,FALSE,FALSE,Single Malt; Bourbon Cask; AD/ Heritage Barley,NAS,,2026 Release,117.2,58.6,"Malted Barley 100% (Golden Promise, unpeated)",Ex-bourbon casks,,https://www.thewhiskyexchange.com/p/88473/ardnamurchan-ad-heritage-barley-bourbon-cask-2026-release,2026-10-03,https://img.thewhiskyexchange.com/540/amcob.non33.jpg,scotch_highlands
