spirit_type,distillery,distillery_location,spirit_name,producer_type,producer_brand,is_ndp,is_template,special_designation,age_statement,vintage,batch_lot,proof,abv,mash_bill,barrel_type,cask_finish,source_urls,last_verified,label_image_url,cohort
Tequila,Hacienda Patrón (NOM 1492),"Atotonilco el Alto, Jalisco, Mexico",Patrón,own_make,,FALSE,FALSE,Blanco; 100% Agave,NAS,,,80,40,100% Blue Weber Agave,,,https://www.patrontequila.com,2026-06-08,https://www.patrontequila.com/binaries/content/gallery/patrontequila/products/patron-silver/2025_plp_silver.jpg,tequila_mexico
Tequila,Hacienda Patrón (NOM 1492),"Atotonilco el Alto, Jalisco, Mexico",Patrón,own_make,,FALSE,FALSE,Reposado; 100% Agave,NAS,,,80,40,100% Blue Weber Agave,Used American oak,,https://www.totalwine.com/spirits/tequila/reposado/patron-reposado/p/98666750,2026-06-23,https://www.totalwine.com/dynamic/490x/images/98666750/98666750-1-fr.png,tequila_mexico
Tequila,Hacienda Patrón (NOM 1492),"Atotonilco el Alto, Jalisco, Mexico",Patrón,own_make,,FALSE,FALSE,Añejo; 100% Agave,NAS,,,80,40,100% Blue Weber Agave,"American, French and Hungarian oak",,https://www.totalwine.com/spirits/tequila/anejo/patron-anejo-tequila/p/5655750,2026-06-23,"https://www.totalwine.com/dynamic/x1000,sq/images/5655750/5655750-1-fr.png",tequila_mexico
Tequila,Hacienda Patrón (NOM 1492),"Atotonilco el Alto, Jalisco, Mexico",Patrón,own_make,,FALSE,FALSE,Extra Añejo; 100% Agave,NAS,,,80,40,100% Blue Weber Agave,"New and used American, French and Hungarian oak",,https://www.oldtowntequila.com/patron-extra-anejo-750ml/,2026-06-23,https://cdn11.bigcommerce.com/s-u9ww3di/products/7391/images/21272/Patron_Extra_Anejo__54554.1755486004.600.600.png?c=2,tequila_mexico
Tequila,Hacienda Patrón (NOM 1492),"Atotonilco el Alto, Jalisco, Mexico",Patrón,own_make,,FALSE,FALSE,Cristalino; 100% Agave,NAS,,,80,40,100% Blue Weber Agave,"American, French and Hungarian oak; charcoal-filtered clear",,https://www.totalwine.com/spirits/tequila/cristalino/patron-cristalino-tequila/p/2126249777,2026-06-23,"https://www.totalwine.com/dynamic/x1000,sq/images/2126249777/2126249777-1-fr.png",tequila_mexico
Tequila,Hacienda Patrón (NOM 1492),"Atotonilco el Alto, Jalisco, Mexico",Patrón El Cielo,own_make,,FALSE,FALSE,"Blanco; 100% Agave, Highland",NAS,,,80,40,100% Blue Weber Agave,,,https://www.patrontequila.com,2026-06-27,https://www.patrontequila.com/binaries/content/gallery/patrontequila/products/patron-silver/2025_plp_silver.jpg,tequila_mexico
Tequila,Hacienda Patrón (NOM 1492),"Atotonilco el Alto, Jalisco, Mexico",Patrón El Alto,own_make,,FALSE,FALSE,"Reposado; 100% Agave, Highland",NAS,,,80,40,100% Blue Weber Agave,American and French oak (blend),,https://www.patrontequila.com,2026-06-27,https://www.patrontequila.com/binaries/content/gallery/patrontequila/products/patron-silver/2025_plp_silver.jpg,tequila_mexico
Tequila,Hacienda Patrón (NOM 1492),"Atotonilco el Alto, Jalisco, Mexico",Gran Patrón,own_make,,FALSE,FALSE,"Blanco; 100% Agave, Tahona; Platinum",NAS,,,80,40,100% Blue Weber Agave,,,https://www.totalwine.com/spirits/tequila/blancosilver/patron-tequila-gran-platinum/p/14897750,2026-06-23,"https://www.totalwine.com/dynamic/x1000,sq/images/14897750/14897750-1-fr.png",tequila_mexico
Tequila,Hacienda Patrón (NOM 1492),"Atotonilco el Alto, Jalisco, Mexico",Gran Patrón,own_make,,FALSE,FALSE,"Extra Añejo; 100% Agave, Tahona, Brick Oven; Piedra",4 Years,,,80,40,100% Blue Weber Agave,French Limousin and new American oak,,https://www.totalwine.com/spirits/tequila/anejo/patron-tequila-gran-piedra/p/138616750,2026-06-23,"https://www.totalwine.com/dynamic/x1000,sq/images/138616750/138616750-1-fr.png",tequila_mexico
Tequila,Hacienda Patrón (NOM 1492),"Atotonilco el Alto, Jalisco, Mexico",Gran Patrón,own_make,,FALSE,FALSE,"Añejo; 100% Agave, Wine cask; Burdeos",NAS,,,80,40,100% Blue Weber Agave,Used American and new French oak,First-growth Bordeaux wine casks,https://www.totalwine.com/spirits/tequila/anejo/patron-tequila-burdeos-anejo/p/101184750,2026-06-23,"https://www.totalwine.com/dynamic/x1000,sq/images/101184750/101184750-1-fr.png",tequila_mexico
Tequila,Hacienda Patrón (NOM 1492),"Atotonilco el Alto, Jalisco, Mexico",Patrón,own_make,,FALSE,FALSE,Extra Añejo; 100% Agave; 5 Años,5 Years,,,80,40,100% Blue Weber Agave,,,https://www.totalwine.com/spirits/tequila/extra-anejo/patron-extra-anejo-5-anos/p/179038750,2026-06-23,"https://www.totalwine.com/dynamic/x1000,sq/images/179038750/179038750-1-fr.png",tequila_mexico
Tequila,Hacienda Patrón (NOM 1492),"Atotonilco el Alto, Jalisco, Mexico",Patrón,own_make,,FALSE,FALSE,Extra Añejo; 100% Agave; 7 Años,7 Years,,,80,40,100% Blue Weber Agave,French oak,,https://www.totalwine.com/spirits/tequila/extra-anejo/patron-extra-anejo-7-anos/p/145300750,2026-06-23,"https://www.totalwine.com/dynamic/x1000,sq/images/145300750/145300750-1-fr.png",tequila_mexico
Tequila,Hacienda Patrón (NOM 1492),"Atotonilco el Alto, Jalisco, Mexico",Patrón,own_make,,FALSE,FALSE,Extra Añejo; 100% Agave; 10 Años,10 Years,,,80,40,100% Blue Weber Agave,,,https://www.totalwine.com/spirits/tequila/anejo/patron-10-anos-extra-anejo-tequila/p/226828750,2026-06-23,"https://www.totalwine.com/dynamic/x1000,sq/images/226828750/226828750-1-fr.png",tequila_mexico
Tequila,Hacienda Patrón (NOM 1492),"Atotonilco el Alto, Jalisco, Mexico",Patrón,own_make,,FALSE,FALSE,Añejo; 100% Agave; Lot 221,NAS,,,80,40,100% Blue Weber Agave,,,https://www.patrontequila.com,2026-06-27,https://www.patrontequila.com/binaries/content/gallery/patrontequila/products/patron-silver/2025_plp_silver.jpg,tequila_mexico
Tequila,Hacienda Patrón (NOM 1492),"Atotonilco el Alto, Jalisco, Mexico",Patrón,own_make,,FALSE,FALSE,"Blanco; 100% Agave, Smoky; Ahumado",NAS,,,82,41,100% Blue Weber Agave,,,https://www.patrontequila.com,2026-06-27,https://www.patrontequila.com/binaries/content/gallery/patrontequila/products/patron-silver/2025_plp_silver.jpg,tequila_mexico
Tequila,Hacienda Patrón (NOM 1492),"Atotonilco el Alto, Jalisco, Mexico",Patrón,own_make,,FALSE,FALSE,"Reposado; 100% Agave, Smoky; Ahumado",NAS,,,80,40,100% Blue Weber Agave,Oak,,https://www.thebarreltap.com/products/patron-ahumado-reposado-tequila-750ml,2026-06-23,https://www.thebarreltap.com/cdn/shop/files/patron-ahumado-reposado-tequila-750ml-the-barrel-tap-www-thebarreltap-com.webp?v=1691181406,tequila_mexico
Tequila,Hacienda Patrón (NOM 1492),"Atotonilco el Alto, Jalisco, Mexico",Patrón,own_make,,FALSE,FALSE,Extra Añejo; 100% Agave; en Lalique Serie 3,NAS,,,80,40,100% Blue Weber Agave,,,https://www.patrontequila.com,2026-06-27,https://www.patrontequila.com/binaries/content/gallery/patrontequila/products/patron-silver/2025_plp_silver.jpg,tequila_mexico
Tequila,Hacienda Patrón (NOM 1492),"Atotonilco el Alto, Jalisco, Mexico",Patrón Estate Release,own_make,,FALSE,FALSE,"Blanco; 100% Agave, Single Estate, Tahona, Brick Oven",NAS,2018,,84,42,100% Blue Weber Agave,,,https://www.patrontequila.com,2026-06-08,https://cdn.diffords.com/contrib/bws/2019/07/5d3848a456538.jpg,tequila_mexico
Tequila,Hacienda Patrón (NOM 1492),"Atotonilco el Alto, Jalisco, Mexico",Roca Patrón,own_make,,FALSE,FALSE,"Blanco; 100% Agave, Tahona",NAS,,,90,45,100% Blue Weber Agave,,,https://www.patrontequila.com,2026-06-27,https://www.patrontequila.com/binaries/content/gallery/patrontequila/products/patron-silver/2025_plp_silver.jpg,tequila_mexico
Tequila,Hacienda Patrón (NOM 1492),"Atotonilco el Alto, Jalisco, Mexico",Roca Patrón,own_make,,FALSE,FALSE,"Reposado; 100% Agave, Tahona",NAS,,,84,42,100% Blue Weber Agave,Single-use American ex-bourbon,,https://www.patrontequila.com,2026-06-27,https://www.patrontequila.com/binaries/content/gallery/patrontequila/products/patron-silver/2025_plp_silver.jpg,tequila_mexico
Tequila,Hacienda Patrón (NOM 1492),"Atotonilco el Alto, Jalisco, Mexico",Roca Patrón,own_make,,FALSE,FALSE,"Añejo; 100% Agave, Tahona",14 months,,,88,44,100% Blue Weber Agave,American ex-bourbon,,https://www.patrontequila.com,2026-06-08,https://cdn.diffords.com/contrib/bws/2019/12/5df22715f326e.jpg,tequila_mexico
Tequila,Hacienda Patrón (NOM 1492),"Atotonilco el Alto, Jalisco, Mexico",Gran Patrón,own_make,,FALSE,FALSE,"Joven; 100% Agave, Smoky; Smoky",NAS,,,80,40,100% Blue Weber Agave,,,https://www.patrontequila.com,2026-06-27,https://www.patrontequila.com/binaries/content/gallery/patrontequila/products/patron-silver/2025_plp_silver.jpg,tequila_mexico
Tequila,Tequila Cuervo La Rojeña (NOM 1104),"Tequila, Jalisco, Mexico",Jose Cuervo,own_make,,FALSE,FALSE,Joven; Mixto; Especial Gold,,,,80,40,Mixto (min 51% Blue Weber Agave),,,https://www.agavematchmaker.com/agave_spirits/2646-jose-cuervo-especial-gold,2026-06-27,https://www.kuinak.com/system/base_product_images/images/000/008/406/detail/jose-cuervo-especial-gold-2.jpg,tequila_mexico
Tequila,Tequila Cuervo La Rojeña (NOM 1104),"Tequila, Jalisco, Mexico",Jose Cuervo,own_make,,FALSE,FALSE,Blanco; Mixto; Especial Silver,NAS,,,80,40,Mixto (min 51% Blue Weber Agave),,,https://www.agavematchmaker.com/agave_spirits/2614-jose-cuervo-especial-silver,2026-06-27,https://www.kuinak.com/system/base_product_images/images/000/009/413/detail/jose-cuervo-especial-silver-2.jpg,tequila_mexico
Tequila,Tequila Cuervo La Rojeña (NOM 1104),"Tequila, Jalisco, Mexico",Jose Cuervo,own_make,,FALSE,FALSE,Blanco; 100% Agave; Tradicional Plata,NAS,,,80,40,100% Blue Weber Agave,,,https://www.cuervo.com,2026-06-28,NULL,tequila_mexico
Tequila,Tequila Cuervo La Rojeña (NOM 1104),"Tequila, Jalisco, Mexico",Jose Cuervo,own_make,,FALSE,FALSE,Reposado; 100% Agave; Tradicional,NAS,,,80,40,100% Blue Weber Agave,American oak,,https://www.cuervo.com,2026-06-27,https://www.totalwine.com/dynamic/490x/images/216030750/216030750-1-fr.png,tequila_mexico
Tequila,Tequila Cuervo La Rojeña (NOM 1104),"Tequila, Jalisco, Mexico",Jose Cuervo,own_make,,FALSE,FALSE,Añejo; 100% Agave; Tradicional,,,,80,40,100% Blue Weber Agave,American oak,,https://www.cuervo.com,2026-06-08,,tequila_mexico
Tequila,Tequila Cuervo La Rojeña (NOM 1104),"Tequila, Jalisco, Mexico",Jose Cuervo,own_make,,FALSE,FALSE,Cristalino; 100% Agave; Tradicional,NAS,,,80,40,100% Blue Weber Agave,"American oak; blend incl. Reserva Extra Añejo, filtered",,https://www.totalwine.com/spirits/tequila/cristalino/jose-cuervo-tradicional-cristalino-tequila/p/238795750,2026-06-27,https://www.totalwine.com/dynamic/490x/images/238795750/238795750-1-fr.png,tequila_mexico
Tequila,Tequila Cuervo La Rojeña (NOM 1104),"Tequila, Jalisco, Mexico",Reserva de la Familia,own_make,,FALSE,FALSE,Blanco; 100% Agave; Platino,NAS,,,80,40,100% Blue Weber Agave,,,https://www.reservadelafamilia.com/products/platino,2026-06-27,http://reservadelafamilia.com/cdn/shop/files/cuervo-reserva-PLATINO-750ml-02-bottle-desktop-organic-1.png,tequila_mexico
Tequila,Tequila Cuervo La Rojeña (NOM 1104),"Tequila, Jalisco, Mexico",Reserva de la Familia,own_make,,FALSE,FALSE,Reposado; 100% Agave,,,,80,40,100% Blue Weber Agave,Oak,,https://www.reservadelafamilia.com/products/reposado,2026-06-08,https://www.reservadelafamilia.com/cdn/shop/files/Jose-Cuervo-Reserva-De-La-Familia-Reposado.png,tequila_mexico
Tequila,Tequila Cuervo La Rojeña (NOM 1104),"Tequila, Jalisco, Mexico",Reserva de la Familia,own_make,,FALSE,FALSE,"Cristalino; 100% Agave, PX cask",,,,80,40,100% Blue Weber Agave,American oak,Pedro Ximénez sherry casks; filtered,https://www.reservadelafamilia.com/products/anejo-cristalino-organico,2026-06-08,https://www.reservadelafamilia.com/cdn/shop/files/cuervo-reserva-anejo-cristalino-750ml-02-bottle-desktop-1.png,tequila_mexico
Tequila,Tequila Cuervo La Rojeña (NOM 1104),"Tequila, Jalisco, Mexico",Reserva de la Familia,own_make,,FALSE,FALSE,Extra Añejo; 100% Agave,,,,80,40,100% Blue Weber Agave,French and American oak,,https://www.reservadelafamilia.com/products/extra-anejo,2026-06-08,https://www.reservadelafamilia.com/cdn/shop/files/cuervo-reserva-extra-anejo-750ml-02-bottle-desktop.png,tequila_mexico
Tequila,Casa Cuervo Los Camichines (NOM 1122),"Tequila, Jalisco, Mexico",1800,own_make,,FALSE,FALSE,Blanco; 100% Agave,NAS,,,80,40,100% Blue Weber Agave,,,https://www.1800tequila.com/products/blanco; https://www.agavematchmaker.com/distilleries/161-casa-cuervo-s-a-de-c-v,2026-10-04,http://www.1800tequila.com/cdn/shop/files/1800-Blanco-product-image-1_f58103e7-ae9c-4c84-bb8b-0480978f132a.jpg,tequila_mexico
Tequila,Casa Cuervo Los Camichines (NOM 1122),"Tequila, Jalisco, Mexico",1800,own_make,,FALSE,FALSE,Reposado; 100% Agave,,,,80,40,100% Blue Weber Agave,French and American oak,,https://www.1800tequila.com/products; https://www.agavematchmaker.com/distilleries/161-casa-cuervo-s-a-de-c-v,2026-10-04,https://www.totalwine.com/dynamic/490x/images/1799750/1799750-1-fr.png,tequila_mexico
Tequila,Casa Cuervo Los Camichines (NOM 1122),"Tequila, Jalisco, Mexico",1800,own_make,,FALSE,FALSE,Añejo; 100% Agave,,,,80,40,100% Blue Weber Agave,"New American and French oak, high char",,https://www.1800tequila.com/products/anejo; https://www.agavematchmaker.com/distilleries/161-casa-cuervo-s-a-de-c-v,2026-10-04,https://www.totalwine.com/dynamic/490x/images/19049750/19049750-1-fr.png,tequila_mexico
Tequila,Casa Cuervo Los Camichines (NOM 1122),"Tequila, Jalisco, Mexico",1800,own_make,,FALSE,FALSE,"Cristalino; 100% Agave, Port cask",,,,80,40,100% Blue Weber Agave,American and French oak,Port wine casks; charcoal-filtered,https://www.1800tequila.com/products/cristalino; https://www.agavematchmaker.com/distilleries/161-casa-cuervo-s-a-de-c-v,2026-10-04,https://cdn11.bigcommerce.com/s-u9ww3di/products/8838/images/12770/1800_cristalino_anejo___98168.1569624703.600.600.png?c=2,tequila_mexico
Tequila,Casa Cuervo Los Camichines (NOM 1122),"Tequila, Jalisco, Mexico",1800,own_make,,FALSE,FALSE,"Extra Añejo; 100% Agave, Cognac cask; Milenio",,,,80,40,100% Blue Weber Agave,American oak,Cognac casks,https://www.masterofmalt.com/tequila/1800/1800-milenio-extra-anejo-tequila; https://www.agavematchmaker.com/distilleries/161-casa-cuervo-s-a-de-c-v,2026-10-04,https://cdn11.bigcommerce.com/s-u9ww3di/products/5043/images/12735/1800_milenio_tequila__35138.1569008088.600.600.png?c=2,tequila_mexico
Tequila,Casa Cuervo Los Camichines (NOM 1122),"Tequila, Jalisco, Mexico",Gran Centenario,own_make,,FALSE,FALSE,Blanco; 100% Agave; Plata,NAS,,,80,40,100% Blue Weber Agave,Oak-rested,,https://www.grancentenario.com/products/plata; https://www.agavematchmaker.com/distilleries/161-casa-cuervo-s-a-de-c-v,2026-10-04,https://grancentenario.com/wp-content/uploads/2024/02/grancentenario-product-plata-thumbnail-1.png,tequila_mexico
Tequila,Casa Cuervo Los Camichines (NOM 1122),"Tequila, Jalisco, Mexico",Gran Centenario,own_make,,FALSE,FALSE,Reposado; 100% Agave,,,,80,40,100% Blue Weber Agave,New American oak,,https://www.grancentenario.com/products/reposado; https://www.agavematchmaker.com/distilleries/161-casa-cuervo-s-a-de-c-v,2026-10-04,https://grancentenario.com/wp-content/uploads/2024/02/grancentenario-product-reposado-thumbnail-1.png,tequila_mexico
Tequila,Casa Cuervo Los Camichines (NOM 1122),"Tequila, Jalisco, Mexico",Gran Centenario,own_make,,FALSE,FALSE,Añejo; 100% Agave,,,,80,40,100% Blue Weber Agave,New American oak,,https://www.grancentenario.com/products/anejo; https://www.agavematchmaker.com/distilleries/161-casa-cuervo-s-a-de-c-v,2026-10-04,https://grancentenario.com/wp-content/uploads/2024/02/grancentenario-product-anejo-thumbnail-1.png,tequila_mexico
Tequila,Casa Cuervo Los Camichines (NOM 1122),"Tequila, Jalisco, Mexico",Gran Centenario,own_make,,FALSE,FALSE,"Cristalino; 100% Agave, Calvados cask",,,,80,40,100% Blue Weber Agave,,Calvados casks; silver-filtered,https://www.grancentenario.com/products/cristalino; https://www.agavematchmaker.com/distilleries/161-casa-cuervo-s-a-de-c-v,2026-10-04,https://grancentenario.com/wp-content/uploads/2024/02/grancentenario-product-cristalino-thumbnail-1.png,tequila_mexico
Tequila,Casa Cuervo Los Camichines (NOM 1122),"Tequila, Jalisco, Mexico",Gran Centenario,own_make,,FALSE,FALSE,Extra Añejo; 100% Agave; Leyenda,4 Years,,,80,40,100% Blue Weber Agave,French Limousin oak,,https://www.grancentenario.com/products/leyenda; https://www.agavematchmaker.com/distilleries/161-casa-cuervo-s-a-de-c-v,2026-10-04,https://grancentenario.com/wp-content/uploads/2024/02/grancentenario-product-leyenda-thumbnail-1.png,tequila_mexico
Tequila,Casa Cuervo Los Camichines (NOM 1122),"Tequila, Jalisco, Mexico",Gran Centenario,own_make,,FALSE,FALSE,"Extra Añejo; 100% Agave, Bordeaux cask; Gallardo",,,,80,40,100% Blue Weber Agave,Oak,Bordeaux casks,https://www.grancentenario.com/product/gallardo; https://www.agavematchmaker.com/distilleries/161-casa-cuervo-s-a-de-c-v,2026-10-04,https://grancentenario.com/wp-content/uploads/2024/02/grancentenario-product-gallardo-thumbnail-1.png,tequila_mexico
Tequila,Casa Cuervo Los Camichines (NOM 1122),"Tequila, Jalisco, Mexico",Maestro Dobel,own_make,,FALSE,FALSE,Cristalino; 100% Agave; Diamante,,,,80,40,100% Blue Weber Agave,New white oak; double-filtered,,https://www.maestrodobel.com/products/dobel-diamante-cristalino; https://www.agavematchmaker.com/distilleries/161-casa-cuervo-s-a-de-c-v,2026-10-04,https://www.maestrodobel.com/cdn/shop/files/Dobel-Diamante-1_84626d29-3147-435a-ab6e-aa4ee3ed65b3.png,tequila_mexico
Tequila,Casa Cuervo Los Camichines (NOM 1122),"Tequila, Jalisco, Mexico",Maestro Dobel,own_make,,FALSE,FALSE,"Blanco; 100% Agave, Smoky; Humito",NAS,,,80,40,100% Blue Weber Agave,,,https://www.maestrodobel.com/products/dobel-humito; https://www.agavematchmaker.com/distilleries/161-casa-cuervo-s-a-de-c-v,2026-10-04,https://www.maestrodobel.com/cdn/shop/files/dobel-humito-1.png,tequila_mexico
Tequila,Casa Cuervo Los Camichines (NOM 1122),"Tequila, Jalisco, Mexico",Maestro Dobel,own_make,,FALSE,FALSE,Reposado; 100% Agave,6 months,,,80,40,100% Blue Weber Agave,Charred new American white oak,,https://www.maestrodobel.com/products/dobel-reposado; https://www.agavematchmaker.com/distilleries/161-casa-cuervo-s-a-de-c-v,2026-10-04,https://www.maestrodobel.com/cdn/shop/files/dobel-Reposado-1.png,tequila_mexico
Tequila,Casa Cuervo Los Camichines (NOM 1122),"Tequila, Jalisco, Mexico",Maestro Dobel,own_make,,FALSE,FALSE,Añejo; 100% Agave,,,,80,40,100% Blue Weber Agave,Oak,,https://www.maestrodobel.com/products/dobel-anejo; https://www.agavematchmaker.com/distilleries/161-casa-cuervo-s-a-de-c-v,2026-10-04,https://www.maestrodobel.com/cdn/shop/files/dobel-anejo-1.png,tequila_mexico
Tequila,Casa Cuervo Los Camichines (NOM 1122),"Tequila, Jalisco, Mexico",Maestro Dobel,own_make,,FALSE,FALSE,Extra Añejo; 100% Agave; Dobel 50 Cristalino,3 Years,,,80,40,100% Blue Weber Agave,American and Eastern European oak; charcoal-filtered,,https://www.maestrodobel.com/products/dobel-50-cristalino-extra-anejo; https://www.agavematchmaker.com/distilleries/161-casa-cuervo-s-a-de-c-v,2026-10-04,http://www.maestrodobel.com/cdn/shop/files/dobel-50-Cristalino-Extra-Anejo-1_64961730-be79-4834-aadd-d848b4509d54.png,tequila_mexico
Tequila,Casa Cuervo Los Camichines (NOM 1122),"Tequila, Jalisco, Mexico",Maestro Dobel,own_make,,FALSE,TRUE,Extra Añejo; 100% Agave; Atelier,,,,,,100% Blue Weber Agave,New American and European oak,,https://www.totalwine.com/spirits/tequila/extra-anejo/maestro-dobel-atelier-extra-anejo-tequila/p/351684750; https://www.agavematchmaker.com/distilleries/161-casa-cuervo-s-a-de-c-v,2026-10-04,https://www.totalwine.com/dynamic/490x/images/351684750/351684750-1-fr.png,tequila_mexico
Tequila,Casa Sauza (NOM 1102),"Tequila, Jalisco, Mexico",Sauza,own_make,,FALSE,FALSE,Blanco; Mixto; Hacienda Silver,NAS,,,80,40,Mixto (min 51% Blue Weber Agave),,,https://www.sauzatequila.com,2026-06-08,,tequila_mexico
Tequila,Casa Sauza (NOM 1102),"Tequila, Jalisco, Mexico",Sauza,own_make,,FALSE,FALSE,Joven; Mixto; Hacienda Gold,,,,80,40,Mixto (min 51% Blue Weber Agave),Ex-bourbon,,https://www.sauzatequila.com,2026-06-08,,tequila_mexico
Tequila,Casa Sauza (NOM 1102),"Tequila, Jalisco, Mexico",Sauza,own_make,,FALSE,FALSE,Añejo; Mixto; Conmemorativo,,,,80,40,Mixto (min 51% Blue Weber Agave),American oak / ex-bourbon,,https://www.sauzatequila.com,2026-06-08,,tequila_mexico
Tequila,Casa Sauza (NOM 1102),"Tequila, Jalisco, Mexico",Sauza,own_make,,FALSE,FALSE,Blanco; 100% Agave; Signature Blue,NAS,,,80,40,100% Blue Weber Agave,,,https://www.sauzatequila.com,2026-06-08,,tequila_mexico
Tequila,Casa Sauza (NOM 1102),"Tequila, Jalisco, Mexico",Sauza,own_make,,FALSE,FALSE,Reposado; 100% Agave; Signature Blue,2 months,,,80,40,100% Blue Weber Agave,American oak,,https://www.sauzatequila.com,2026-06-08,,tequila_mexico
Tequila,Casa Sauza (NOM 1102),"Tequila, Jalisco, Mexico",Sauza,own_make,,FALSE,FALSE,Extra Añejo; 100% Agave; XA Edición Limitada,3 Years,,,80,40,100% Blue Weber Agave,American oak,,https://www.sauzatequila.com/our-tequilas,2026-06-08,,tequila_mexico
Tequila,Casa Sauza (NOM 1102),"Tequila, Jalisco, Mexico",Hornitos,own_make,,FALSE,FALSE,Blanco; 100% Agave; Plata,NAS,,,80,40,100% Blue Weber Agave,,,https://www.hornitostequila.com/tequilas/plata,2026-06-08,https://www.hornitostequila.com/sites/default/files/2024-05/plata_New-removebg.png,tequila_mexico
Tequila,Casa Sauza (NOM 1102),"Tequila, Jalisco, Mexico",Hornitos,own_make,,FALSE,FALSE,Reposado; 100% Agave,2 months,,,80,40,100% Blue Weber Agave,Large American oak vats/pipones,,https://www.hornitostequila.com/tequilas/reposado,2026-06-08,https://www.hornitostequila.com/sites/default/files/2024-05/Reposado_New-removebg.png,tequila_mexico
Tequila,Casa Sauza (NOM 1102),"Tequila, Jalisco, Mexico",Hornitos,own_make,,FALSE,FALSE,Añejo; 100% Agave,1 year,,,80,40,100% Blue Weber Agave,American oak,,https://www.hornitostequila.com/tequilas/anejo,2026-06-27,https://www.hornitostequila.com/sites/default/files/2024-05/Anejo_New-removebg.png,tequila_mexico
Tequila,Casa Sauza (NOM 1102),"Tequila, Jalisco, Mexico",Hornitos,own_make,,FALSE,FALSE,Cristalino; 100% Agave; Cristalino Reserve,,2025,,80,40,100% Blue Weber Agave,American oak; charcoal-filtered,Rested on Veracruz vanilla beans,https://www.hornitostequila.com/tequilas/cristalino-reserve,2026-06-08,https://www.hornitostequila.com/sites/default/files/2025-10/Cristalino%20Reserve%20for%20Website%20(1).png,tequila_mexico
Tequila,Casa Sauza (NOM 1102),"Tequila, Jalisco, Mexico",Hornitos,own_make,,FALSE,FALSE,Añejo; 100% Agave; Añejo Reserve,,2025,,80,40,100% Blue Weber Agave,"American oak (toasted, charred, toasted triple-barrel)",,https://www.hornitostequila.com/tequilas/anejo-reserve,2026-06-08,https://www.hornitostequila.com/sites/default/files/2025-10/Anejo%20reserve.png,tequila_mexico
Tequila,Casa Sauza (NOM 1102),"Tequila, Jalisco, Mexico",Hornitos,own_make,,FALSE,FALSE,"Añejo; 100% Agave, Bourbon cask; Black Barrel",,,,80,40,100% Blue Weber Agave,Deep-charred American oak (ex-Scotch),Specially toasted oak,https://www.totalwine.com/spirits/tequila/anejo/hornitos-black-barrel-tequila/p/138053750,2026-06-27,https://www.totalwine.com/dynamic/490x/images/138053750/138053750-1-fr.png,tequila_mexico
Tequila,Casa Sauza (NOM 1102),"Tequila, Jalisco, Mexico",Tres Generaciones,own_make,,FALSE,FALSE,Blanco; 100% Agave; Plata,NAS,,,80,40,100% Blue Weber Agave,,,https://www.agavematchmaker.com/brands/984-tres-generaciones,2026-06-08,,tequila_mexico
Tequila,Casa Sauza (NOM 1102),"Tequila, Jalisco, Mexico",Tres Generaciones,own_make,,FALSE,FALSE,Reposado; 100% Agave,2-3 months,,,80,40,100% Blue Weber Agave,New charred American white oak (200L),,https://www.agavematchmaker.com/brands/984-tres-generaciones,2026-06-08,,tequila_mexico
Tequila,Casa Sauza (NOM 1102),"Tequila, Jalisco, Mexico",Tres Generaciones,own_make,,FALSE,FALSE,Añejo; 100% Agave,1 year,,,80,40,100% Blue Weber Agave,First-refill ex-bourbon,,https://www.agavematchmaker.com/brands/984-tres-generaciones,2026-06-08,,tequila_mexico
Tequila,Casa Sauza (NOM 1102),"Tequila, Jalisco, Mexico",Tres Generaciones,own_make,,FALSE,FALSE,Cristalino; 100% Agave; Añejo Cristalino,,,,80,40,100% Blue Weber Agave,American oak; filtered clear,,https://www.agavematchmaker.com/agave_spirits/6382-tres-generaciones-anejo-cristalino-tequila,2026-06-27,https://www.kuinak.com/system/base_product_images/images/000/026/446/detail/tres-generaciones-anejo-cristalino-3.jpg,tequila_mexico
Tequila,Casa Sauza (NOM 1102),"Tequila, Jalisco, Mexico",Tres Generaciones,own_make,,FALSE,FALSE,Reposado; 100% Agave; Certified Organic,,,,80,40,100% Blue Weber Agave,Oak,,https://www.agavematchmaker.com/brands/984-tres-generaciones,2026-06-08,,tequila_mexico
Tequila,Casa Sauza (NOM 1102),"Tequila, Jalisco, Mexico",Tres Generaciones,own_make,,FALSE,TRUE,Blanco; 100% Agave; Cenobio's Batch,,,,,,100% Blue Weber Agave,,,https://www.agavematchmaker.com/brands/984-tres-generaciones,2026-06-08,,tequila_mexico
Tequila,Tequila Don Julio (NOM 1449),"Atotonilco el Alto, Jalisco, Mexico",Don Julio,own_make,,FALSE,FALSE,Blanco; 100% Agave,NAS,,,80,40,100% Blue Weber Agave,,,https://www.donjulio.com/our-tequilas/don-julio-blanco-tequila,2026-06-23,https://www.totalwine.com/dynamic/490x/images/92539750/92539750-1-fr.png,tequila_mexico
Tequila,Tequila Don Julio (NOM 1449),"Atotonilco el Alto, Jalisco, Mexico",Don Julio,own_make,,FALSE,FALSE,Reposado; 100% Agave,8 months,,,80,40,100% Blue Weber Agave,American white oak,,https://www.donjulio.com/our-tequilas/don-julio-reposado-tequila,2026-06-23,https://www.totalwine.com/dynamic/490x/images/92540175/92540175-1-fr.png,tequila_mexico
Tequila,Tequila Don Julio (NOM 1449),"Atotonilco el Alto, Jalisco, Mexico",Don Julio,own_make,,FALSE,FALSE,Añejo; 100% Agave,18 months,,,80,40,100% Blue Weber Agave,Ex-bourbon American white oak,,https://www.donjulio.com/our-tequilas/don-julio-anejo-tequila,2026-06-08,,tequila_mexico
Tequila,Tequila Don Julio (NOM 1449),"Atotonilco el Alto, Jalisco, Mexico",Don Julio,own_make,,FALSE,FALSE,Cristalino; 100% Agave; 70 Añejo Claro,15 months,,,80,40,100% Blue Weber Agave,American white oak; charcoal-filtered,,https://www.donjulio.com/our-tequilas/don-julio-70-cristalino-tequila,2026-06-23,https://www.totalwine.com/dynamic/490x/images/118705750/118705750-1-fr.png,tequila_mexico
Tequila,Tequila Don Julio (NOM 1449),"Atotonilco el Alto, Jalisco, Mexico",Don Julio,own_make,,FALSE,FALSE,Añejo; 100% Agave; 1942,24 months,,,80,40,100% Blue Weber Agave,Ex-bourbon American white oak,,https://www.donjulio.com/our-tequilas/don-julio-1942-tequila,2026-06-23,https://www.totalwine.com/dynamic/490x/images/38388175/38388175-1-fr.png,tequila_mexico
Tequila,Tequila Don Julio (NOM 1449),"Atotonilco el Alto, Jalisco, Mexico",Don Julio,own_make,,FALSE,FALSE,Extra Añejo; 100% Agave; Ultima Reserva,36 months,,,80,40,100% Blue Weber Agave,Ex-bourbon oak (solera),Madeira wine-seasoned casks,https://www.donjulio.com/our-tequilas/don-julio-ultima-reserva,2026-06-08,,tequila_mexico
Tequila,Tequila Don Julio (NOM 1449),"Atotonilco el Alto, Jalisco, Mexico",Don Julio,own_make,,FALSE,FALSE,"Reposado; 100% Agave, Wine cask; Primavera",8 months,,,80,40,100% Blue Weber Agave,American white oak,European cask seasoned with orange-peel-infused wine,https://www.donjulio.com/our-tequilas/don-julio-primavera,2026-06-08,,tequila_mexico
Tequila,Tequila Don Julio (NOM 1449),"Atotonilco el Alto, Jalisco, Mexico",Don Julio,own_make,,FALSE,FALSE,"Reposado; 100% Agave, Port cask; Rosado",4 months,,,80,40,100% Blue Weber Agave,,Ruby Port wine casks (Douro),https://www.donjulio.com/our-tequilas/don-julio-rosado,2026-06-08,,tequila_mexico
Tequila,Tequila Don Julio (NOM 1449),"Atotonilco el Alto, Jalisco, Mexico",Don Julio,own_make,,FALSE,FALSE,"Joven; 100% Agave, Wine cask; Alma Miel",,,,80,40,100% Blue Weber Agave,,Crémant du Limoux barrels (añejo component),https://www.donjulio.com/our-tequilas/don-julio-alma-miel,2026-06-08,,tequila_mexico
Tequila,Tequila Don Julio (NOM 1449),"Atotonilco el Alto, Jalisco, Mexico",Don Julio,own_make,,FALSE,FALSE,Extra Añejo; 100% Agave; Real,NAS,,,80,40,100% Blue Weber Agave,American ex-whiskey casks,Ex-Crown Royal Canadian whisky casks,https://www.diffordsguide.com/beer-wine-spirits/1322/don-julio-real,2026-06-27,https://cdn.diffordsguide.com/bws/7NWPwa/product-image/0/512x.webp,tequila_mexico
Tequila,Tequila Don Julio (NOM 1449),"Atotonilco el Alto, Jalisco, Mexico",Don Julio,own_make,,FALSE,FALSE,"Reposado; 100% Agave, Scotch cask; Double Cask Lagavulin",NAS,2019,,80,40,100% Blue Weber Agave,American white oak,Lagavulin (Islay) casks,https://www.drinkhacker.com/2019/08/28/review-don-julio-tequila-reposado-double-cask-lagavulin-barrel/; https://onemoredram.com/2019/07/10/tequila-don-julio-releases-reposado-double-cask-finished-in-lagavulin-whisky-casks/; https://www.forbes.com/sites/joemicallef/2019/07/20/don-julio-reposado-double-cask-lagavulin-aged-edition-the-return-of-smoky-tequila/,2026-09-22,,tequila_mexico
Tequila,Casa Herradura (NOM 1119),"Amatitán, Jalisco, Mexico",Herradura,own_make,,FALSE,FALSE,Blanco; 100% Agave; Silver,45 days,,,80,40,100% Blue Weber Agave,American white oak,,https://www.herradura.com/blog/product/silver/,2026-06-08,https://www.herradura.com/wp-content/uploads/2024/08/Silver-Profile-1.png,tequila_mexico
Tequila,Casa Herradura (NOM 1119),"Amatitán, Jalisco, Mexico",Herradura,own_make,,FALSE,FALSE,Blanco; 100% Agave,NAS,,,80,40,100% Blue Weber Agave,,,https://www.herradura.com/blog/product/blanco/,2026-06-08,https://www.herradura.com/wp-content/uploads/2024/08/Blanco.png,tequila_mexico
Tequila,Casa Herradura (NOM 1119),"Amatitán, Jalisco, Mexico",Herradura,own_make,,FALSE,FALSE,Reposado; 100% Agave,11 months,,,80,40,100% Blue Weber Agave,Charred American white oak,,https://www.herradura.com/blog/product/reposado/,2026-06-08,https://www.herradura.com/wp-content/uploads/2024/08/Reposado-Profile-1.png,tequila_mexico
Tequila,Casa Herradura (NOM 1119),"Amatitán, Jalisco, Mexico",Herradura,own_make,,FALSE,FALSE,Añejo; 100% Agave,25 months,,,80,40,100% Blue Weber Agave,American white oak,,https://www.herradura.com/blog/product/anejo/,2026-06-08,https://www.herradura.com/wp-content/uploads/2024/08/Anejo-Profile.png,tequila_mexico
Tequila,Casa Herradura (NOM 1119),"Amatitán, Jalisco, Mexico",Herradura,own_make,,FALSE,FALSE,Cristalino; 100% Agave; Ultra,12 months,,,80,40,100% Blue Weber Agave,American white oak; charcoal-filtered,Agave nectar,https://www.herradura.com/blog/product/herradura-ultra/,2026-06-08,https://www.herradura.com/wp-content/uploads/2024/08/Ultra-Profile-783x1024-1.png,tequila_mexico
Tequila,Casa Herradura (NOM 1119),"Amatitán, Jalisco, Mexico",Herradura,own_make,,FALSE,FALSE,Extra Añejo; 100% Agave; Selección Suprema,49 months,,,80,40,100% Blue Weber Agave,American white oak,,https://www.herradura.com/blog/product/seleccion-suprema/,2026-06-08,https://www.herradura.com/wp-content/uploads/2024/08/Suprema-Profile.png,tequila_mexico
Tequila,Casa Herradura (NOM 1119),"Amatitán, Jalisco, Mexico",Herradura,own_make,,FALSE,FALSE,Añejo; 100% Agave; Legend,14 months,,,80,40,100% Blue Weber Agave,"Grooved, heavily-charred American white oak",,https://www.herradura.com/blog/product/legend/,2026-06-08,https://www.herradura.com/wp-content/uploads/2024/08/Legend.png,tequila_mexico
Tequila,Casa Herradura (NOM 1119),"Amatitán, Jalisco, Mexico",Herradura,own_make,,FALSE,FALSE,Reposado; 100% Agave; Double Barrel,12 months,,,80,40,100% Blue Weber Agave,Oak + second toasted oak barrel,,https://www.herradura.com/blog/product/double-barrel-reposado/,2026-06-08,https://www.herradura.com/wp-content/uploads/2024/08/Double-Barrel.png,tequila_mexico
Tequila,Casa Herradura (NOM 1119),"Amatitán, Jalisco, Mexico",Herradura,own_make,,FALSE,FALSE,Extra Añejo; 100% Agave; Aniversario,100 months,,,80,40,100% Blue Weber Agave,American white oak,,https://www.herradura.com/our-products/,2026-06-08,https://www.herradura.com/wp-content/uploads/2024/08/Aniversario.png,tequila_mexico
Tequila,Casa Herradura (NOM 1119),"Amatitán, Jalisco, Mexico",Herradura,own_make,,FALSE,FALSE,"Blanco; 100% Agave, Cask Strength; Directo de Alambique",NAS,,,110,55,100% Blue Weber Agave,,,https://www.tequilamatchmaker.com/tequilas/5745-herradura-directo-de-alambique,2026-06-27,https://www.kuinak.com/system/base_product_images/images/000/006/114/detail/herradura-directo-de-alambique-1.jpg,tequila_mexico
Tequila,Casa Herradura (NOM 1119),"Amatitán, Jalisco, Mexico",Herradura,own_make,,FALSE,FALSE,"Reposado; 100% Agave, Scotch cask; Colección de la Casa Scotch Cask",14 months,,2014 Release,80,40,100% Blue Weber Agave,Charred American oak,Highland & Islay single-malt Scotch casks,https://www.oldtowntequila.com/herradura-coleccion-de-la-casa-scotch-cask/; https://www.prnewswire.com/news-releases/tequila-herradura-unveils-new-limited-edition-coleccion-de-la-casa-scotch-cask-finish-278509641.html,2026-10-02,https://cdn11.bigcommerce.com/s-u9ww3di/products/4394/images/11751/herradura-reposado-scotch-cask-finish-1__78201.1542093918.600.600.jpg,tequila_mexico
Tequila,Casa Herradura (NOM 1119),"Amatitán, Jalisco, Mexico",Herradura,own_make,,FALSE,FALSE,"Reposado; 100% Agave, Port cask; Colección de la Casa Port Cask",,2016,,80,40,100% Blue Weber Agave,Charred American oak,Port casks,https://www.oldtowntequila.com/herradura-coleccion-de-la-casa-port-cask-reposado/,2026-06-27,https://cdn11.bigcommerce.com/s-u9ww3di/products/4390/images/15710/herradura_2016_port_cask_logo__59765.1625518934.600.600.png,tequila_mexico
Tequila,Casa Herradura (NOM 1119),"Amatitán, Jalisco, Mexico",Herradura,own_make,,FALSE,FALSE,"Reposado; 100% Agave, Cognac cask; Colección de la Casa Cognac Cask",14 months,,2013 Release,80,40,100% Blue Weber Agave,American oak,French oak Cognac-region casks,https://www.diffordsguide.com; https://www.oldtowntequila.com/herradura-coleccion-de-la-casa-cognac-cask-finish-reposado-tequila/,2026-10-02,,tequila_mexico
Tequila,Casa Herradura (NOM 1119),"Amatitán, Jalisco, Mexico",Antiguo de Herradura,own_make,,FALSE,FALSE,Blanco; 100% Agave,NAS,,,,,100% Blue Weber Agave,,,https://www.agavematchmaker.com/agave_spirits/2662-antiguo-de-herradura-blanco,2026-06-27,https://www.kuinak.com/system/base_product_images/images/000/002/519/detail/antiguo-de-herradura-blanco-1.jpg,tequila_mexico
Tequila,Casa Herradura (NOM 1119),"Amatitán, Jalisco, Mexico",Antiguo de Herradura,own_make,,FALSE,FALSE,Reposado; 100% Agave,4 months,,,,,100% Blue Weber Agave,Refill American oak,,https://www.agavematchmaker.com/agave_spirits/2663-antiguo-de-herradura-reposado,2026-06-27,https://www.kuinak.com/system/base_product_images/images/000/008/709/detail/antiguo-de-herradura-reposado-3.jpg,tequila_mexico
Tequila,Casa Herradura (NOM 1119),"Amatitán, Jalisco, Mexico",Antiguo de Herradura,own_make,,FALSE,FALSE,Añejo; 100% Agave,1 year,,,76,38,100% Blue Weber Agave,American oak,,https://www.tequila.net,2026-06-08,,tequila_mexico
Tequila,Casa Herradura (NOM 1119),"Amatitán, Jalisco, Mexico",el Jimador,own_make,,FALSE,FALSE,Blanco; 100% Agave,NAS,,,80,40,100% Blue Weber Agave,,,https://www.eljimador.com,2026-06-08,,tequila_mexico
Tequila,Casa Herradura (NOM 1119),"Amatitán, Jalisco, Mexico",el Jimador,own_make,,FALSE,FALSE,Reposado; 100% Agave,2 months,,,80,40,100% Blue Weber Agave,White oak,,https://www.eljimador.com,2026-06-08,,tequila_mexico
Tequila,Casa Herradura (NOM 1119),"Amatitán, Jalisco, Mexico",el Jimador,own_make,,FALSE,FALSE,Añejo; 100% Agave,1 year,,,80,40,100% Blue Weber Agave,Toasted white American oak,,https://www.eljimador.com,2026-06-08,,tequila_mexico
Tequila,Casa Herradura (NOM 1119),"Amatitán, Jalisco, Mexico",el Jimador,own_make,,FALSE,FALSE,Cristalino; 100% Agave,2 months,,,80,40,100% Blue Weber Agave,Deeply charred American white oak; charcoal-filtered,,https://www.eljimador.com/product/cristalino/,2026-06-27,https://www.eljimador.com/wp-content/uploads/2025/10/edited-us_ej_cristalino_front-us_750_2025_newbottle_10056912-3-webp-scaled.webp,tequila_mexico
Tequila,Casa Herradura (NOM 1119),"Amatitán, Jalisco, Mexico",Pepe Lopez,own_make,,FALSE,FALSE,Joven; Mixto; Gold,,,,80,40,Mixto (min 51% Blue Weber Agave),,,https://www.brown-forman.com/brand/pepe-lopez,2026-06-08,,tequila_mexico
Tequila,Casa Herradura (NOM 1119),"Amatitán, Jalisco, Mexico",Pepe Lopez,own_make,,FALSE,FALSE,Blanco; Mixto; Silver,,,,80,40,Mixto (min 51% Blue Weber Agave),,,https://www.brown-forman.com/brand/pepe-lopez,2026-06-08,,tequila_mexico
Tequila,La Alteña Distillery (NOM 1139),"Arandas, Jalisco, Mexico",Tapatío,own_make,,FALSE,FALSE,"Blanco; 100% Agave, Highland",NAS,,,80,40,100% Blue Weber Agave,,,https://www.masterofmalt.com/tequila/la-altena/tapatio-blanco-tequila/,2026-06-27,https://cdn11.bigcommerce.com/s-e8lbekfe7c/images/stencil/1024w/attribute_rule_images/3281_source_1780406598.jpg,tequila_mexico
Tequila,La Alteña Distillery (NOM 1139),"Arandas, Jalisco, Mexico",Tapatío,own_make,,FALSE,FALSE,"Blanco; 100% Agave, Highland, Cask Strength; Blanco 110",NAS,,,110,55,100% Blue Weber Agave,,,https://www.masterofmalt.com/tequila/la-altena/tapatio-110-blanco-tequila/,2026-06-27,https://cdn11.bigcommerce.com/s-e8lbekfe7c/images/stencil/1024w/attribute_rule_images/28864_source_1777749038.jpg,tequila_mexico
Tequila,La Alteña Distillery (NOM 1139),"Arandas, Jalisco, Mexico",Tapatío,own_make,,FALSE,FALSE,"Reposado; 100% Agave, Highland",,,,80,40,100% Blue Weber Agave,American oak,,https://www.masterofmalt.com/tequila/la-altena/tapatio-reposado-tequila/,2026-06-23,https://cdn11.bigcommerce.com/s-e8lbekfe7c/images/stencil/1024w/attribute_rule_images/3270_source_1779302537.jpg?compression=lossy,tequila_mexico
Tequila,La Alteña Distillery (NOM 1139),"Arandas, Jalisco, Mexico",Tapatío,own_make,,FALSE,FALSE,"Añejo; 100% Agave, Highland",,,,76,38,100% Blue Weber Agave,American oak,,https://www.masterofmalt.com/tequila/la-altena/tapatio-anejo-tequila/,2026-06-27,https://cdn11.bigcommerce.com/s-e8lbekfe7c/images/stencil/1024w/attribute_rule_images/3248_source_1780915468.jpg,tequila_mexico
Tequila,La Alteña Distillery (NOM 1139),"Arandas, Jalisco, Mexico",Tapatío,own_make,,FALSE,FALSE,"Extra Añejo; 100% Agave, Highland; Excelencia Gran Reserva",,,,80,40,100% Blue Weber Agave,Used American white oak; glass-rested,,https://www.masterofmalt.com/tequila/la-altena/tapatio-excelencia-gran-reserva-extra-anejo-tequila/,2026-06-27,https://cdn11.bigcommerce.com/s-e8lbekfe7c/images/stencil/1024w/attribute_rule_images/3262_source_1779285045.jpg,tequila_mexico
Tequila,La Alteña Distillery (NOM 1139),"Arandas, Jalisco, Mexico",El Tesoro,own_make,,FALSE,FALSE,"Blanco; 100% Agave, Highland",NAS,,,80,40,100% Blue Weber Agave,,,https://www.eltesorotequila.com/tequilas,2026-06-23,https://cdn11.bigcommerce.com/s-u9ww3di/products/4413/images/22196/El_Tesoro_Blanco_Tequila__08413.1778258128.600.600.png?c=2,tequila_mexico
Tequila,La Alteña Distillery (NOM 1139),"Arandas, Jalisco, Mexico",El Tesoro,own_make,,FALSE,FALSE,"Reposado; 100% Agave, Highland",9-11 months,,,80,40,100% Blue Weber Agave,American oak ex-bourbon,,https://www.eltesorotequila.com/tequilas/el-tesoro-reposado,2026-06-23,https://cdn11.bigcommerce.com/s-u9ww3di/products/4410/images/21833/El_Tesoro_Reposado__66460.1769375144.600.600.jpg?c=2,tequila_mexico
Tequila,La Alteña Distillery (NOM 1139),"Arandas, Jalisco, Mexico",El Tesoro,own_make,,FALSE,FALSE,"Añejo; 100% Agave, Highland",2-3 years,,,80,40,100% Blue Weber Agave,American oak ex-bourbon,,https://www.eltesorotequila.com/tequilas/el-tesoro-anejo,2026-06-23,https://cdn11.bigcommerce.com/s-u9ww3di/products/4409/images/21834/El_Tesoro_Anejo__88604.1769375159.600.600.jpg?c=2,tequila_mexico
Tequila,La Alteña Distillery (NOM 1139),"Arandas, Jalisco, Mexico",El Tesoro,own_make,,FALSE,FALSE,"Extra Añejo; 100% Agave, Highland",4-5 years,,,80,40,100% Blue Weber Agave,American oak ex-bourbon,,https://www.eltesorotequila.com/tequilas/el-tesoro-extra-anejo,2026-06-23,https://cdn11.bigcommerce.com/s-u9ww3di/products/8896/images/21831/El_Tesoro_Extra_Anejo__55414.1769375116.600.600.jpg?c=2,tequila_mexico
Tequila,La Alteña Distillery (NOM 1139),"Arandas, Jalisco, Mexico",El Tesoro,own_make,,FALSE,FALSE,"Extra Añejo; 100% Agave, Cognac cask; Paradiso",5 years,,,80,40,100% Blue Weber Agave,French oak,Ex-Cognac,https://www.eltesorotequila.com/tequilas/el-tesoro-paradiso,2026-06-23,https://cdn11.bigcommerce.com/s-u9ww3di/products/8578/images/12393/el_tesoro_paradiso__39424.1559682440.600.600.png?c=2,tequila_mexico
Tequila,La Alteña Distillery (NOM 1139),"Arandas, Jalisco, Mexico",El Tesoro,own_make,,FALSE,FALSE,Extra Añejo; 100% Agave; 70 Aniversario,7 years,,,,,100% Blue Weber Agave,,,https://www.tequilasource.com/newsreleases/eltesoro-aniversario.html,2026-06-23,https://cdn.specsonline.com/images/products/008068676141.jpg,tequila_mexico
Tequila,La Alteña Distillery (NOM 1139),"Arandas, Jalisco, Mexico",El Tesoro,own_make,,FALSE,FALSE,"Extra Añejo; 100% Agave, Bourbon cask; 85th Anniversary",36 months,,,85,42.5,100% Blue Weber Agave,American oak ex-bourbon,Ex-Booker's bourbon (30th Anniversary barrels),https://www.oldtowntequila.com/el-tesoro-s-extra-anejo-s-85th-anniversary-limited-edition-bottle/,2026-06-23,https://cdn11.bigcommerce.com/s-u9ww3di/products/12374/images/18137/El_Tesoro_85th__70943.1688360173.600.600.jpg?c=2,tequila_mexico
Tequila,La Alteña Distillery (NOM 1139),"Arandas, Jalisco, Mexico",El Tesoro,own_make,,FALSE,TRUE,Reposado; 100% Agave; Single Barrel,,,,,,100% Blue Weber Agave,American oak ex-bourbon,,https://www.eltesorotequila.com/tequilas/el-tesoro-single-barrel-reposado,2026-06-23,https://cdn11.bigcommerce.com/s-u9ww3di/products/15375/images/22247/El_Tesoro_Reposado_Single_Barrel_Tequila_750ml__51708.1779312318.600.600.jpg?c=2,tequila_mexico
Tequila,La Alteña Distillery (NOM 1139),"Arandas, Jalisco, Mexico",El Tesoro,own_make,,FALSE,FALSE,Reposado; 100% Agave; Mundial Basil Hayden Toast Edition,6 months,,,,,100% Blue Weber Agave,Toasted oak,Basil Hayden Toast,https://www.oldtowntequila.com/el-tesoro-mundial-collection-basil-hayden-edition-reposado-tequila/,2026-06-23,https://cdn11.bigcommerce.com/s-u9ww3di/products/14029/images/20242/El_Tesoro_Mundial_Collection_Basil_Hayden_Edition_Reposado_Tequila__42282.1726817915.600.600.png?c=2,tequila_mexico
Tequila,La Alteña Distillery (NOM 1139),"Arandas, Jalisco, Mexico",El Tesoro,own_make,,FALSE,FALSE,Añejo; 100% Agave; Mundial Yamazaki Edition,,,,,,100% Blue Weber Agave,,Ex-Yamazaki Japanese whisky casks,https://www.oldtowntequila.com/el-tesoro-mundial-collection-yamazaki-edition-anejo-tequila/,2026-06-23,https://cdn11.bigcommerce.com/s-u9ww3di/products/14918/images/21483/El_Tesoro_Yamazaki__40208.1761160850.600.600.png?c=2,tequila_mexico
Tequila,La Alteña Distillery (NOM 1139),"Arandas, Jalisco, Mexico",El Tesoro,own_make,,FALSE,FALSE,Añejo; 100% Agave; Mundial Laphroaig Edition,,,,,,100% Blue Weber Agave,,Ex-Laphroaig (peated Scotch),https://www.oldtowntequila.com/el-tesoro-mundial-collection-laphroaig-edition-anejo-tequila/,2026-06-23,https://cdn11.bigcommerce.com/s-u9ww3di/products/13262/images/19262/El_Tesoro_Mundial_Collection_Laphroaig_Edition_Anejo_Tequila__45397.1698255737.600.600.png?c=2,tequila_mexico
Tequila,Tequilera Los Alambiques (NOM 1474),"Arandas, Jalisco, Mexico",Tequila Ocho,own_make,,FALSE,TRUE,"Reposado; 100% Agave, Highland, Single Estate, Cask Strength; Barrel Proof",6 months,,,,,100% Blue Weber Agave,Ex-American oak,,https://www.ochotequila.com/limited-edition/; https://www.tequilaochomexico.com/en/product/tequila-ocho-reposado-barrel-proof-las-raices-2024/; https://www.blackwellswines.com/products/tequila-ocho-reposado-barrel-proof-tequila-single-estate-2025-las-mesa; https://www.tequilareport.com/p/the-soul-of-the-soil-tequila-ocho-expands-with-passion-and-purpose,2026-10-04,https://www.tequilaochomexico.com/wp-content/uploads/2025/10/repo-bp.png,tequila_mexico
Tequila,Tequilera Los Alambiques (NOM 1474),"Arandas, Jalisco, Mexico",Tequila Ocho,own_make,,FALSE,TRUE,"Blanco; 100% Agave, Highland, Single Estate, Cask Strength; Plata Puntas",NAS,,,,,100% Blue Weber Agave,,,https://www.ochotequila.com/limited-edition/; https://www.agavematchmaker.com/agave_spirits/7826-tequila-ocho-plata-puntas-2024-mirandillas; https://www.agavematchmaker.com/agave_spirits/7534-tequila-ocho-plata-puntas-2023-mesa-colorada; https://www.agavematchmaker.com/agave_spirits/7066-tequila-ocho-plata-puntas-2021-la-ladera; https://www.tequilaochomexico.com/en/product/tequila-ocho-plata-la-canada-2022/,2026-10-04,https://thecasklv.com/wp-content/uploads/2024/01/Ocho-Puntas.jpg,tequila_mexico
Tequila,Tequilera Los Alambiques (NOM 1474),"Arandas, Jalisco, Mexico",Tequila Ocho,own_make,,FALSE,TRUE,"Añejo; 100% Agave, Highland, Single Estate, Single Barrel, Cask Strength",12 months,,,,,100% Blue Weber Agave,Ex-American whiskey,,https://www.ochotequila.com/limited-edition/; https://www.agavematchmaker.com/agave_spirits/7335-ocho-tequila-anejo-single-barrel-la-ladera-2021; https://www.agavematchmaker.com/agave_spirits/6084-ocho-tequila-anejo-single-barrel-la-magueyera-2014; https://www.tequilaochomexico.com/en/product/tequila-ocho-anejo-single-barrel-la-mesa-2025/,2026-10-04,https://www.tequilaochomexico.com/wp-content/uploads/2026/08/sb.png,tequila_mexico
Tequila,Tequilera Los Alambiques (NOM 1474),"Arandas, Jalisco, Mexico",Tequila Ocho,own_make,,FALSE,FALSE,"Añejo; 100% Agave, Highland, Single Estate, Bourbon cask; Old Fitz",,,,96,48,100% Blue Weber Agave,Ex-Old Fitzgerald bourbon,,https://www.ochotequila.com/limited-edition/; https://www.agavematchmaker.com/agave_spirits/7988-tequila-ocho-anejo-old-fitzgerald-barrel-select; https://www.tequilaochomexico.com/en/product/anejo-old-fitz-corralillos/,2026-10-04,https://www.tequilaochomexico.com/wp-content/uploads/2025/03/old-fitz.png,tequila_mexico
Tequila,Tequilera Los Alambiques (NOM 1474),"Arandas, Jalisco, Mexico",Tequila Ocho,own_make,,FALSE,FALSE,"Blanco; 100% Agave, Highland, Single Estate",,2015,La Latilla,80,40,100% Blue Weber Agave,,,https://www.ochotequila.com/products-2/; https://www.thewhiskyexchange.com/p/81854/ocho-reposado-tequila-2015-la-latilla; https://www.tequilaochomexico.com/en/product/tequila-ocho-extra-anejo-la-latilla-750-ml/,2026-10-04,,tequila_mexico
Tequila,Tequilera Los Alambiques (NOM 1474),"Arandas, Jalisco, Mexico",Tequila Ocho,own_make,,FALSE,FALSE,"Blanco; 100% Agave, Highland, Single Estate",,2017,Las Águilas,80,40,100% Blue Weber Agave,,,https://www.ochotequila.com/products-2/; https://www.thewhiskyexchange.com/p/81840/ocho-blanco-tequila-2017-las-aguilas; https://whwc.com/ocho-single-estate-plata-tequila-las-aguilas-2017/,2026-10-04,https://img.thewhiskyexchange.com/540/teqla_och2017v1.jpg,tequila_mexico
Tequila,Tequilera Los Alambiques (NOM 1474),"Arandas, Jalisco, Mexico",Tequila Ocho,own_make,,FALSE,FALSE,"Blanco; 100% Agave, Highland, Single Estate",,2016,Puerta del Aire,80,40,100% Blue Weber Agave,,,https://www.ochotequila.com/products-2/; https://www.thewhiskyexchange.com/p/81838/ocho-blanco-tequila-2016-la-puerta-del-aire; https://norfolkwineandspirits.com/shop/tequila-ocho-single-estate-tequila-reposado-la-latilla/,2026-10-04,https://img.thewhiskyexchange.com/540/teqla_och2016v1.jpg,tequila_mexico
Tequila,Tequilera Los Alambiques (NOM 1474),"Arandas, Jalisco, Mexico",Tequila Ocho,own_make,,FALSE,FALSE,"Blanco; 100% Agave, Highland, Single Estate",,2022,El Nacimiento,80,40,100% Blue Weber Agave,,,https://www.ochotequila.com/products-2/; https://www.thewhiskyexchange.com/p/81845/ocho-blanco-tequila-2022-el-nacimento,2026-10-04,https://img.thewhiskyexchange.com/540/teqla_och2022v1.jpg,tequila_mexico
Tequila,Tequilera Los Alambiques (NOM 1474),"Arandas, Jalisco, Mexico",Tequila Ocho,own_make,,FALSE,FALSE,"Blanco; 100% Agave, Highland, Single Estate",,2023,Corralillos,80,40,100% Blue Weber Agave,,,https://www.ochotequila.com/products-2/; https://www.tequilaochomexico.com/en/product/tequila-ocho-plata-la-estancia-2022/; https://www.tequilaochomexico.com/en/product/tequila-ocho-reposado-laguna-colorada-2025/,2026-10-04,https://www.tequilaochomexico.com/wp-content/uploads/2024/03/TO-plata.png,tequila_mexico
Tequila,Tequilera Los Alambiques (NOM 1474),"Arandas, Jalisco, Mexico",Tequila Ocho,own_make,,FALSE,FALSE,"Reposado; 100% Agave, Highland, Single Estate",8 weeks,2012,El Refugio,80,40,100% Blue Weber Agave,Ex-American oak whiskey,,https://www.ochotequila.com/products-2/; https://www.thewhiskyexchange.com/p/81851/ocho-reposado-tequila-2012-el-refugio; https://caskcartel.com/products/ocho-reposado-tequila-2012-el-refugio-tequila-500ml,2026-10-04,https://img.thewhiskyexchange.com/540/teqla_och2012.jpg,tequila_mexico
Tequila,Tequilera Los Alambiques (NOM 1474),"Arandas, Jalisco, Mexico",Tequila Ocho,own_make,,FALSE,FALSE,"Reposado; 100% Agave, Highland, Single Estate",8 weeks,2014,La Magueyera,80,40,100% Blue Weber Agave,Ex-American oak whiskey,,https://www.ochotequila.com/products-2/; https://www.thewhiskyexchange.com/p/81853/ocho-reposado-tequila-2014-la-maguyera,2026-10-04,https://img.thewhiskyexchange.com/540/teqla_och2014.jpg,tequila_mexico
Tequila,Tequilera Los Alambiques (NOM 1474),"Arandas, Jalisco, Mexico",Tequila Ocho,own_make,,FALSE,FALSE,"Reposado; 100% Agave, Highland, Single Estate",8 weeks,2022,El Nacimiento,80,40,100% Blue Weber Agave,Ex-American oak whiskey,,https://www.ochotequila.com/products-2/; https://www.bevnet.com/spirits/2024/tequila-ocho-introduces-new-packaging-unifying-the-brand-globally/; https://vinepair.com/articles/ntk-tequila-ocho/; https://www.thewhiskyexchange.com/p/81845/ocho-blanco-tequila-2022-el-nacimento; https://www.tequilaochomexico.com/en/product/reposado-widow-jane-el-nacimiento-2022/,2026-10-04,,tequila_mexico
Tequila,Tequilera Los Alambiques (NOM 1474),"Arandas, Jalisco, Mexico",Tequila Ocho,own_make,,FALSE,FALSE,"Reposado; 100% Agave, Highland, Single Estate",8 weeks,2023,Corralillos,80,40,100% Blue Weber Agave,Ex-American oak whiskey,,https://www.ochotequila.com/products-2/; https://www.bevnet.com/spirits/2024/tequila-ocho-introduces-new-packaging-unifying-the-brand-globally/; https://vinepair.com/articles/ntk-tequila-ocho/; https://www.tequilaochomexico.com/en/product/tequila-ocho-reposado-la-mula-2021/; https://www.tequilaochomexico.com/en/product/tequila-ocho-reposado-laguna-colorada-2025/,2026-10-04,https://www.tequilaochomexico.com/wp-content/uploads/2025/04/8repo.png,tequila_mexico
Tequila,Tequilera Los Alambiques (NOM 1474),"Arandas, Jalisco, Mexico",Tequila Ocho,own_make,,FALSE,FALSE,"Reposado; 100% Agave, Highland, Single Estate",8 weeks,2024,Mirandillas,80,40,100% Blue Weber Agave,Ex-American oak whiskey,,https://www.ochotequila.com/products-2/; https://www.bevnet.com/spirits/2024/tequila-ocho-introduces-new-packaging-unifying-the-brand-globally/; https://vinepair.com/articles/ntk-tequila-ocho/; https://www.tequilaochomexico.com/en/product/tequila-ocho-reposado-mirandillas-2024/,2026-10-04,https://www.tequilaochomexico.com/wp-content/uploads/2026/05/Captura-de-pantalla-2026-05-25-a-las-9.37.39.png,tequila_mexico
Tequila,Tequilera Los Alambiques (NOM 1474),"Arandas, Jalisco, Mexico",Tequila Ocho,own_make,,FALSE,FALSE,"Reposado; 100% Agave, Highland, Single Estate",8 weeks,2024,Las Raíces,80,40,100% Blue Weber Agave,Ex-American oak whiskey,,https://www.ochotequila.com/products-2/; https://www.bevnet.com/spirits/2024/tequila-ocho-introduces-new-packaging-unifying-the-brand-globally/; https://vinepair.com/articles/ntk-tequila-ocho/; https://www.tequilaochomexico.com/en/product/tequila-ocho-reposado-salto-de-nogales-2026/,2026-10-04,https://www.tequilaochomexico.com/wp-content/uploads/2026/05/Captura-de-pantalla-2026-05-25-a-las-9.37.27.png,tequila_mexico
Tequila,Tequilera Los Alambiques (NOM 1474),"Arandas, Jalisco, Mexico",Tequila Ocho,own_make,,FALSE,FALSE,"Reposado; 100% Agave, Highland, Single Estate",8 weeks,2025,La Mesa,80,40,100% Blue Weber Agave,Ex-American oak whiskey,,https://www.ochotequila.com/products-2/; https://www.bevnet.com/spirits/2024/tequila-ocho-introduces-new-packaging-unifying-the-brand-globally/; https://vinepair.com/articles/ntk-tequila-ocho/; https://ggmerchants.com/product/tequila-ocho-la-mesa-2025-reposado-tequila-750ml/; https://www.delmesaliquor.com/products/tequila-ocho-single-estate-anejo-la-mesa-2025,2026-10-04,https://emipajsw7gt.exactdn.com/wp-content/uploads/2025/10/tequila-ocho-la-mesa-2025-reposado-tequila-750ml.webp,tequila_mexico
Tequila,Tequilera Los Alambiques (NOM 1474),"Arandas, Jalisco, Mexico",Tequila Ocho,own_make,,FALSE,FALSE,"Añejo; 100% Agave, Highland, Single Estate",1 year,2012,El Refugio,80,40,100% Blue Weber Agave,Ex-American oak whiskey,,https://www.ochotequila.com/products-2/; https://www.thewhiskyexchange.com/p/81851/ocho-reposado-tequila-2012-el-refugio; https://norfolkwineandspirits.com/shop/tequila-ocho-single-estate-extra-anejo-el-refugio-2012/,2026-10-04,,tequila_mexico
Tequila,Tequilera Los Alambiques (NOM 1474),"Arandas, Jalisco, Mexico",Tequila Ocho,own_make,,FALSE,FALSE,"Añejo; 100% Agave, Highland, Single Estate",1 year,2014,La Magueyera,80,40,100% Blue Weber Agave,Ex-American oak whiskey,,https://www.ochotequila.com/products-2/; https://www.agavematchmaker.com/agave_spirits/6084-ocho-tequila-anejo-single-barrel-la-magueyera-2014; https://www.thewhiskyexchange.com/p/81853/ocho-reposado-tequila-2014-la-maguyera,2026-10-04,,tequila_mexico
Tequila,Tequilera Los Alambiques (NOM 1474),"Arandas, Jalisco, Mexico",Tequila Ocho,own_make,,FALSE,FALSE,"Añejo; 100% Agave, Highland, Single Estate",1 year,2021,La Mula,80,40,100% Blue Weber Agave,Ex-American oak whiskey,,https://www.ochotequila.com/products-2/; https://www.tequilaochomexico.com/en/product/tequila-ocho-anejo-la-mula-2021/,2026-10-04,https://www.tequilaochomexico.com/wp-content/uploads/2023/05/8A-mula-rotated.jpeg,tequila_mexico
Tequila,Tequilera Los Alambiques (NOM 1474),"Arandas, Jalisco, Mexico",Tequila Ocho,own_make,,FALSE,FALSE,"Añejo; 100% Agave, Highland, Single Estate",1 year,2023,Corralillos,80,40,100% Blue Weber Agave,Ex-American oak whiskey,,https://www.ochotequila.com/products-2/; https://www.tequilaochomexico.com/en/product/tequila-ocho-anejo-corralillos-2023/; https://www.agavematchmaker.com/agave_spirits/2603-ocho-tequila-anejo,2026-10-04,https://www.kuinak.com/system/base_product_images/images/000/030/474/detail/ocho-tequila-anejo-4.jpg,tequila_mexico
Tequila,Tequilera Los Alambiques (NOM 1474),"Arandas, Jalisco, Mexico",Tequila Ocho,own_make,,FALSE,FALSE,"Extra Añejo; 100% Agave, Highland, Single Estate",3 years,2015,La Latilla,80,40,100% Blue Weber Agave,Ex-American oak whiskey,,https://www.ochotequila.com/products-2/; https://www.tequilaochomexico.com/en/product/tequila-ocho-extra-anejo-la-latilla-750-ml/; https://www.tequilaochomexico.com/en/product/tequila-ocho-extra-anejo-la-laja-2019/,2026-10-04,https://www.tequilaochomexico.com/wp-content/uploads/2022/12/t8-tequila-extra-anejo.jpg,tequila_mexico
Tequila,Tequilera Los Alambiques (NOM 1474),"Arandas, Jalisco, Mexico",Tequila Ocho,own_make,,FALSE,FALSE,"Extra Añejo; 100% Agave, Highland, Single Estate",3 years,2021,La Mula,80,40,100% Blue Weber Agave,Ex-American oak whiskey,,https://www.ochotequila.com/products-2/; https://www.tequilaochomexico.com/en/product/tequila-ocho-anejo-la-mula-2021/; https://www.oldtowntequila.com/tequila-ocho-extra-anejo-tequila-la-mula-2021-750ml/,2026-10-04,https://cdn11.bigcommerce.com/s-u9ww3di/products/14769/images/21289/ocho_la_mula_xa_2021__63993.1755814697.600.600.png,tequila_mexico
Tequila,Tequilera Los Alambiques (NOM 1474),"Arandas, Jalisco, Mexico",Tequila Ocho,own_make,,FALSE,FALSE,"Extra Añejo; 100% Agave, Highland, Single Estate",3 years,2022,La Cañada,80,40,100% Blue Weber Agave,Ex-American oak whiskey,,https://www.ochotequila.com/products-2/; https://www.tequilaochomexico.com/en/product/tequila-ocho-anejo-la-canada-2022/; https://www.tequilaochomexico.com/en/product/tequila-ocho-extra-anejo-la-canada-2022/,2026-10-04,,tequila_mexico
Tequila,Tequila Siete Leguas (NOM 1120),"Atotonilco el Alto, Jalisco, Mexico",Siete Leguas,own_make,,FALSE,FALSE,"Blanco; 100% Agave, Tahona",NAS,,,80,40,100% Blue Weber Agave,,,https://www.casasieteleguas.com/en/nuestros-tequilas,2026-06-23,https://cdn11.bigcommerce.com/s-u9ww3di/products/4300/images/21828/Siete_Leguas_Blanco__93854.1769375066.600.600.jpg?c=2,tequila_mexico
Tequila,Tequila Siete Leguas (NOM 1120),"Atotonilco el Alto, Jalisco, Mexico",Siete Leguas,own_make,,FALSE,FALSE,"Blanco; 100% Agave, Tahona, Cask Strength; 47 High Proof",NAS,,,94,47,100% Blue Weber Agave,,,https://raretequilas.com/products/siete-leguas-47-high-proof-blanco,2026-06-23,https://raretequilas.com/cdn/shop/files/siete-leguas-47-high-proof-blanco_1200x1200.jpg?v=1738354769,tequila_mexico
Tequila,Tequila Siete Leguas (NOM 1120),"Atotonilco el Alto, Jalisco, Mexico",Siete Leguas,own_make,,FALSE,FALSE,"Reposado; 100% Agave, Tahona",8 months,,,80,40,100% Blue Weber Agave,Oak,,https://www.casasieteleguas.com/en/nuestros-tequilas,2026-06-23,https://cdn11.bigcommerce.com/s-u9ww3di/products/4299/images/21829/Siete_Leguas_Reposado__58338.1769375086.600.600.jpg?c=2,tequila_mexico
Tequila,Tequila Siete Leguas (NOM 1120),"Atotonilco el Alto, Jalisco, Mexico",Siete Leguas,own_make,,FALSE,FALSE,"Añejo; 100% Agave, Tahona",,,,80,40,100% Blue Weber Agave,Oak,,https://www.casasieteleguas.com/en/nuestros-tequilas,2026-06-23,https://cdn11.bigcommerce.com/s-u9ww3di/products/4298/images/21830/Siete_Leguas_Anejo__86058.1769375099.600.600.jpg?c=2,tequila_mexico
Tequila,Tequila Siete Leguas (NOM 1120),"Atotonilco el Alto, Jalisco, Mexico",Siete Leguas,own_make,,FALSE,FALSE,"Extra Añejo; 100% Agave, Tahona; D'Antaño",5 years,,,76,38,100% Blue Weber Agave,American oak,,https://www.casasieteleguas.com/en/nuestros-tequilas,2026-06-23,https://cdn11.bigcommerce.com/s-u9ww3di/products/4301/images/5992/DSC03552__48206__02432.1635924117.600.600.JPG?c=2,tequila_mexico
Tequila,Tequila Siete Leguas (NOM 1120),"Atotonilco el Alto, Jalisco, Mexico",Siete Leguas,own_make,,FALSE,TRUE,"Extra Añejo; 100% Agave, Tahona, Single Barrel",,,,,,100% Blue Weber Agave,American white oak / used bourbon,,https://www.agavematchmaker.com/agave_spirits/5781,2026-06-27,https://www.kuinak.com/system/base_product_images/images/000/009/632/detail/siete-leguas-single-barrel-extra-anejo-3.jpg,tequila_mexico
Tequila,Tequila Siete Leguas (NOM 1120),"Atotonilco el Alto, Jalisco, Mexico",Siete Leguas,own_make,,FALSE,FALSE,"Blanco; 100% Agave, Tahona; Siete Décadas",NAS,2022,,84,42,100% Blue Weber Agave,,,https://www.casasieteleguas.com/en/nuestros-tequilas,2026-06-27,https://cdn11.bigcommerce.com/s-u9ww3di/products/4300/images/21828/Siete_Leguas_Blanco__93854.1769375066.600.600.jpg?c=2,tequila_mexico
Tequila,Destilería La Fortaleza / Tequila Los Abuelos (NOM 1493),"Tequila, Jalisco, Mexico",Fortaleza,own_make,,FALSE,FALSE,"Blanco; 100% Agave, Tahona, Brick Oven",NAS,,,80,40,100% Blue Weber Agave,,,https://www.tequilafortaleza.com/tequila-fortaleza-blanco,2026-06-23,https://www.saratogawine.com/wp-content/uploads/2024/08/54bccde.png,tequila_mexico
Tequila,Destilería La Fortaleza / Tequila Los Abuelos (NOM 1493),"Tequila, Jalisco, Mexico",Fortaleza,own_make,,FALSE,FALSE,"Blanco; 100% Agave, Tahona, Brick Oven, Still Strength",NAS,,,92,46,100% Blue Weber Agave,,,https://www.tequilafortaleza.com/fortaleza-blanco-still-strength,2026-06-23,https://www.saratogawine.com/wp-content/uploads/2024/11/cfa462d.png,tequila_mexico
Tequila,Destilería La Fortaleza / Tequila Los Abuelos (NOM 1493),"Tequila, Jalisco, Mexico",Fortaleza,own_make,,FALSE,FALSE,"Reposado; 100% Agave, Tahona, Brick Oven",6-8 months,,,80,40,100% Blue Weber Agave,American oak,,https://www.tequilafortaleza.com/tequila-fortaleza-reposado,2026-06-23,https://www.saratogawine.com/wp-content/uploads/2024/10/c939e5e.png,tequila_mexico
Tequila,Destilería La Fortaleza / Tequila Los Abuelos (NOM 1493),"Tequila, Jalisco, Mexico",Fortaleza,own_make,,FALSE,FALSE,"Añejo; 100% Agave, Tahona, Brick Oven",18 months,,,80,40,100% Blue Weber Agave,American oak,,https://www.tequilafortaleza.com/tequila-fortaleza-anejo,2026-06-23,https://www.saratogawine.com/wp-content/uploads/2024/10/e9d3fbf.png,tequila_mexico
Tequila,Destilería La Fortaleza / Tequila Los Abuelos (NOM 1493),"Tequila, Jalisco, Mexico",Fortaleza,own_make,,FALSE,FALSE,"Blanco; 100% Agave, Tahona, Brick Oven; Lot 100",NAS,,Lot 100,80,40,100% Blue Weber Agave,,,https://sipwhiskey.com/products/tequila-fortaleza-blanco-lot-100,2026-06-23,https://www.thebarreltap.com/cdn/shop/files/fortaleza-lot-100-blanco-tequila-750ml-the-barrel-tap-www-thebarreltap-com_50f2ca4f-368c-4f17-8675-d024e2618af0.webp?v=1691179328,tequila_mexico
Tequila,Destilería La Fortaleza / Tequila Los Abuelos (NOM 1493),"Tequila, Jalisco, Mexico",Fortaleza,own_make,,FALSE,FALSE,"Reposado; 100% Agave, Tahona; Winter Blend",,2019,,91.4,45.7,100% Blue Weber Agave,Multi-cask (varies by year),Used American whiskey + new French oak,https://www.thewhiskyexchange.com/p/54242,2026-06-08,,tequila_mexico
Tequila,Destilería La Fortaleza / Tequila Los Abuelos (NOM 1493),"Tequila, Jalisco, Mexico",Fortaleza,own_make,,FALSE,FALSE,"Reposado; 100% Agave, Tahona; Winter Blend",,2020,,92,46,100% Blue Weber Agave,Multi-cask (varies by year),Ex-American whiskey + 2nd-fill French oak + ex-ale American oak,https://tastetequila.com/2020/fortaleza-winter-blend-2020-proof-that-this-year-isnt-all-bad/,2026-09-22,,tequila_mexico
Tequila,Destilería La Fortaleza / Tequila Los Abuelos (NOM 1493),"Tequila, Jalisco, Mexico",Fortaleza,own_make,,FALSE,FALSE,"Reposado; 100% Agave, Tahona; Winter Blend",,2021,,92.6,46.3,100% Blue Weber Agave,Multi-cask (varies by year),American oak + ex-Marsala French oak,https://siptequila.com/products/fortaleza-reposado-winter-blend-2021,2026-06-27,http://siptequila.com/cdn/shop/products/FortalezaReposadoWinterBlend.jpg,tequila_mexico
Tequila,Destilería La Fortaleza / Tequila Los Abuelos (NOM 1493),"Tequila, Jalisco, Mexico",Fortaleza,own_make,,FALSE,FALSE,"Reposado; 100% Agave, Tahona; Winter Blend",,2022,,87,43.5,100% Blue Weber Agave,Multi-cask (varies by year),Ex-bourbon + ex-Tokaji + ex-Oloroso French oak,https://siptequila.com/products/fortaleza-reposado-winter-blend-2022,2026-06-27,http://siptequila.com/cdn/shop/products/2048-Fortaleza_Repo_WinterBlend20222.jpg,tequila_mexico
Tequila,Destilería La Fortaleza / Tequila Los Abuelos (NOM 1493),"Tequila, Jalisco, Mexico",Fortaleza,own_make,,FALSE,FALSE,"Reposado; 100% Agave, Tahona; Winter Blend",,2023,,92.6,46.3,100% Blue Weber Agave,Multi-cask (varies by year),French oak + Hungarian oak + American oak (some ex-charanda),https://winenliquor.com/p/fortaleza-tequila-winter-blend-2023,2026-06-27,https://slash1.winenliquor.com/wp-content/uploads/fortaleza-tequila-winter-blend-2023.jpg,tequila_mexico
Tequila,Destilería La Fortaleza / Tequila Los Abuelos (NOM 1493),"Tequila, Jalisco, Mexico",Fortaleza,own_make,,FALSE,FALSE,"Reposado; 100% Agave, Tahona; Winter Blend",,2024,,93,46.5,100% Blue Weber Agave,Multi-cask (varies by year),American oak (ex-ale) + American oak + French oak (ex-2019 WB),https://woodencork.com,2026-06-08,,tequila_mexico
Tequila,Destilería La Fortaleza / Tequila Los Abuelos (NOM 1493),"Tequila, Jalisco, Mexico",Fortaleza,own_make,,FALSE,FALSE,"Reposado; 100% Agave, Tahona; Winter Blend",,2025,,92,46,100% Blue Weber Agave,Multi-cask (varies by year),Ex-American whiskey + wine-seasoned (Passito di Caluso + Madeira),https://raretequilas.com/products/fortaleza-winter-blend-2025-reposado-tequila,2026-06-27,https://raretequilas.com/cdn/shop/files/fortaleza-winter-blend-2025_1200x1200.jpg,tequila_mexico
Tequila,Tequila Cazadores (NOM 1487),"Arandas, Jalisco, Mexico",Cazadores,own_make,,FALSE,FALSE,"Blanco; 100% Agave, Highland",NAS,,,80,40,100% Blue Weber Agave,,,https://www.cazadores.com/us/en/our-tequila,2026-06-28,NULL,tequila_mexico
Tequila,Tequila Cazadores (NOM 1487),"Arandas, Jalisco, Mexico",Cazadores,own_make,,FALSE,FALSE,"Reposado; 100% Agave, Highland",2 months,,,80,40,100% Blue Weber Agave,New American oak,,https://www.cazadores.com/us/en/our-tequila/cazadores-reposado/,2026-06-28,NULL,tequila_mexico
Tequila,Tequila Cazadores (NOM 1487),"Arandas, Jalisco, Mexico",Cazadores,own_make,,FALSE,FALSE,"Añejo; 100% Agave, Highland",1-3 years,,,80,40,100% Blue Weber Agave,New American oak,,https://www.cazadores.com/us/en/our-tequila/cazadores-anejo/,2026-06-28,NULL,tequila_mexico
Tequila,Tequila Cazadores (NOM 1487),"Arandas, Jalisco, Mexico",Cazadores,own_make,,FALSE,FALSE,"Cristalino; 100% Agave, Highland",,,,80,40,100% Blue Weber Agave,New American oak; charcoal-filtered,,https://www.cazadores.com/us/en/our-tequila/cazadores-anejo-cristalino/,2026-06-28,NULL,tequila_mexico
Tequila,Tequila Cazadores (NOM 1487),"Arandas, Jalisco, Mexico",Cazadores,own_make,,FALSE,FALSE,"Extra Añejo; 100% Agave, Highland",3 years,,,80,40,100% Blue Weber Agave,New American oak,,https://www.cazadores.com/us/en/our-tequila/cazadores-extra-anejo/,2026-06-28,NULL,tequila_mexico
Tequila,Tequila Cazadores (NOM 1487),"Arandas, Jalisco, Mexico",Cazadores,own_make,,FALSE,FALSE,"Extra Añejo; 100% Agave, Highland; Platino",,,,,,100% Blue Weber Agave,American oak; filtered clear,,https://www.tequilamatchmaker.com/agave_spirits/5994-cazadores-extra-anejo-platino,2026-06-23,https://www.kuinak.com/system/base_product_images/images/000/008/130/detail/cazadores-extra-anejo-platino-1.jpg?1514438166,tequila_mexico
Tequila,Tequila Cazadores (NOM 1487),"Arandas, Jalisco, Mexico",Cazadores,own_make,,FALSE,FALSE,"Añejo; 100% Agave, Highland; 100-Year Estate Release",,,,80,40,100% Blue Weber Agave,,,https://www.tequilamatchmaker.com/agave_spirits/7337-cazadores-100-year-estate-release,2026-06-23,https://www.kuinak.com/system/base_product_images/images/000/023/920/detail/cazadores-100-year-estate-release-1.jpg?1674346523,tequila_mexico
Tequila,Tequila Cazadores (NOM 1487),"Arandas, Jalisco, Mexico",Cazadores,own_make,,FALSE,FALSE,"Blanco; 100% Agave, Highland; Día de los Muertos Edition",NAS,,,80,40,100% Blue Weber Agave,,,https://www.tequilamatchmaker.com/agave_spirits/6424-cazadores-tequila-blanco-dia-de-los-muertos-edition,2026-06-23,https://www.kuinak.com/system/base_product_images/images/000/010/657/detail/cazadores-blanco-dia-de-los-muertos-edition-1.jpg?1539707202,tequila_mexico
Tequila,Destilería Colonial de Jalisco / Olmeca (NOM 1111),"Arandas, Jalisco, Mexico",Olmeca,own_make,,FALSE,FALSE,Blanco; Mixto; Silver,NAS,,,76,38,Mixto (min 51% Blue Weber Agave),,,https://www.olmecatequila.com/product/olmeca-silver/,2026-06-23,https://cdn11.bigcommerce.com/s-e8lbekfe7c/images/stencil/1024w/attribute_rule_images/44077_source_1781009591.jpg?compression=lossy,tequila_mexico
Tequila,Destilería Colonial de Jalisco / Olmeca (NOM 1111),"Arandas, Jalisco, Mexico",Olmeca,own_make,,FALSE,FALSE,Joven; Mixto; Gold,,,,76,38,Mixto (min 51% Blue Weber Agave),Oak,,https://www.olmecatequila.com/product/olmeca-gold/,2026-06-28,NULL,tequila_mexico
Tequila,Destilería Colonial de Jalisco / Olmeca (NOM 1111),"Arandas, Jalisco, Mexico",Olmeca,own_make,,FALSE,FALSE,Reposado; Mixto,5 months,,,76,38,Mixto (min 51% Blue Weber Agave),Ex-bourbon,,https://www.olmecatequila.com/product/olmeca-reposado/,2026-06-23,https://cdn11.bigcommerce.com/s-e8lbekfe7c/images/stencil/1024w/attribute_rule_images/19992_source_1781878847.jpg?compression=lossy,tequila_mexico
Tequila,Destilería Colonial de Jalisco / Olmeca (NOM 1111),"Arandas, Jalisco, Mexico",Olmeca,own_make,,FALSE,FALSE,Añejo; Mixto; Extra Aged,13 months,,,76,38,Mixto (min 51% Blue Weber Agave),Small ex-bourbon casks,,https://www.tequilamatchmaker.com/agave_spirits/5648-olmeca-anejo-extra-aged,2026-06-27,https://www.kuinak.com/system/base_product_images/images/000/005/272/detail/olmeca-extra-aged-1.jpg,tequila_mexico
Tequila,Destilería Colonial de Jalisco / Olmeca (NOM 1111),"Arandas, Jalisco, Mexico",Olmeca,own_make,,FALSE,FALSE,Añejo; Mixto; Extra Aged Edición Black,,,,,,Mixto (min 51% Blue Weber Agave),,,https://www.tequilamatchmaker.com/agave_spirits/3142-olmeca-extra-aged-edicion-black,2026-06-27,https://www.kuinak.com/system/base_product_images/images/000/005/275/detail/olmeca-extra-aged-edicion-black-1.jpg,tequila_mexico
Tequila,Destilería Colonial de Jalisco / Olmeca (NOM 1111),"Arandas, Jalisco, Mexico",Olmeca Altos,own_make,,FALSE,FALSE,"Blanco; 100% Agave, Highland; Plata",NAS,,,80,40,100% Blue Weber Agave,,,https://www.tequilamatchmaker.com/agave_spirits/2402-olmeca-altos-plata,2026-06-27,https://www.kuinak.com/system/base_product_images/images/000/001/468/detail/olmeca-altos-plata-1.jpg,tequila_mexico
Tequila,Destilería Colonial de Jalisco / Olmeca (NOM 1111),"Arandas, Jalisco, Mexico",Olmeca Altos,own_make,,FALSE,FALSE,"Reposado; 100% Agave, Highland",6 months,,,80,40,100% Blue Weber Agave,American oak ex-bourbon (200L),,https://www.tequilamatchmaker.com/agave_spirits/2403-olmeca-altos-reposado,2026-06-27,https://www.kuinak.com/system/base_product_images/images/000/009/771/detail/olmeca-altos-reposado-2.jpg,tequila_mexico
Tequila,Destilería Colonial de Jalisco / Olmeca (NOM 1111),"Arandas, Jalisco, Mexico",Olmeca Altos,own_make,,FALSE,FALSE,"Añejo; 100% Agave, Highland",18 months,,,80,40,100% Blue Weber Agave,Ex-bourbon casks,,https://woodencork.com/collections/olmeca-altos,2026-06-08,,tequila_mexico
Tequila,Destilería Colonial de Jalisco / Olmeca (NOM 1111),"Arandas, Jalisco, Mexico",Olmeca Tezón,own_make,,FALSE,FALSE,"Blanco; 100% Agave, Tahona",NAS,,,76,38,100% Blue Weber Agave,,,https://www.diffordsguide.com/beer-wine-spirits/1521/olmeca-tezon-blanco,2026-06-27,https://cdn.diffordsguide.com/bws/AaMwAD/product-image/0/512x.webp,tequila_mexico
Tequila,Destilería Colonial de Jalisco / Olmeca (NOM 1111),"Arandas, Jalisco, Mexico",Olmeca Tezón,own_make,,FALSE,FALSE,"Reposado; 100% Agave, Tahona",8-10 months,,,80,40,100% Blue Weber Agave,Refill bourbon casks,,https://www.diffordsguide.com/beer-wine-spirits/1522/olmeca-tezon-reposado,2026-06-27,https://cdn.diffordsguide.com/bws/7NW51Z/product-image/0/512x.webp,tequila_mexico
Tequila,Destilería Colonial de Jalisco / Olmeca (NOM 1111),"Arandas, Jalisco, Mexico",Olmeca Tezón,own_make,,FALSE,FALSE,"Añejo; 100% Agave, Tahona",18-20 months,,,80,40,100% Blue Weber Agave,Refill bourbon casks,,https://www.diffordsguide.com/beer-wine-spirits/1984/olmeca-tezon-anejo,2026-06-27,https://cdn.diffordsguide.com/bws/DPggRZ/product-image/0/512x.webp,tequila_mexico
Tequila,Tequila Centinela (NOM 1140),"Arandas, Jalisco, Mexico",Centinela,own_make,,FALSE,FALSE,"Blanco; 100% Agave, Highland",NAS,,,80,40,100% Blue Weber Agave,,,https://www.tequilamatchmaker.com/agave_spirits/5265-centinela-blanco,2026-06-27,https://www.kuinak.com/system/base_product_images/images/000/004/747/detail/centinela-blanco-square-bottle-1.jpg,tequila_mexico
Tequila,Tequila Centinela (NOM 1140),"Arandas, Jalisco, Mexico",Centinela,own_make,,FALSE,FALSE,"Reposado; 100% Agave, Highland",18 months,,,80,40,100% Blue Weber Agave,Ex-bourbon barrels,,https://www.tequilamatchmaker.com/agave_spirits/5266-centinela-reposado,2026-06-27,https://www.kuinak.com/system/base_product_images/images/000/034/073/detail/centinela-reposado-3.jpg,tequila_mexico
Tequila,Tequila Centinela (NOM 1140),"Arandas, Jalisco, Mexico",Centinela,own_make,,FALSE,FALSE,"Añejo; 100% Agave, Highland",30 months,,,80,40,100% Blue Weber Agave,Ex-bourbon barrels,,https://www.tequilamatchmaker.com/agave_spirits/5267-centinela-anejo,2026-06-27,https://www.kuinak.com/system/base_product_images/images/000/004/749/detail/centinela-anejo-square-bottle-1.jpg,tequila_mexico
Tequila,Tequila Centinela (NOM 1140),"Arandas, Jalisco, Mexico",Centinela,own_make,,FALSE,FALSE,"Añejo; 100% Agave, Highland; 3 Años",3 years,,,80,40,100% Blue Weber Agave,American oak,,https://www.tequilamatchmaker.com/agave_spirits/3188-centinela-3-anos,2026-06-27,https://www.kuinak.com/system/base_product_images/images/000/034/072/detail/centinela-3-anos-3.jpg,tequila_mexico
Tequila,Tequila Centinela (NOM 1140),"Arandas, Jalisco, Mexico",Centinela,own_make,,FALSE,FALSE,"Cristalino; 100% Agave, Highland; Eterno",3 years,,,80,40,100% Blue Weber Agave,American oak; charcoal-filtered,,https://www.tequilamatchmaker.com/agave_spirits/5996-centinela-eterno-cristalino,2026-06-27,https://www.kuinak.com/system/base_product_images/images/000/034/074/detail/centinela-eterno-cristalino-3.jpg,tequila_mexico
Tequila,Tequila Centinela (NOM 1140),"Arandas, Jalisco, Mexico",Centinela,own_make,,FALSE,FALSE,"Blanco; 100% Agave, Highland; Clásico",NAS,,,80,40,100% Blue Weber Agave,,,https://www.tequilamatchmaker.com/agave_spirits/5008-clasico-de-centinela-blanco,2026-06-27,https://www.kuinak.com/system/base_product_images/images/000/034/075/detail/clasico-de-centinela-blanco-1.jpg,tequila_mexico
Tequila,Tequila Centinela (NOM 1140),"Arandas, Jalisco, Mexico",Centinela,own_make,,FALSE,FALSE,"Reposado; 100% Agave, Highland; Clásico",,,,80,40,100% Blue Weber Agave,Oak,,https://www.tequilamatchmaker.com/agave_spirits/5009-clasico-de-centinela-reposado,2026-06-27,https://www.kuinak.com/system/base_product_images/images/000/034/076/detail/clasico-de-centinela-reposado-4.jpg,tequila_mexico
Tequila,Tequila Centinela (NOM 1140),"Arandas, Jalisco, Mexico",Cabrito,own_make,,FALSE,FALSE,"Blanco; 100% Agave, Highland",NAS,,,80,40,100% Blue Weber Agave,,,https://www.tequilamatchmaker.com/agave_spirits/2882-cabrito-blanco-usa,2026-06-27,https://www.kuinak.com/system/base_product_images/images/000/034/079/detail/cabrito-blanco-usa-2.jpg,tequila_mexico
Tequila,Tequila Centinela (NOM 1140),"Arandas, Jalisco, Mexico",Cabrito,own_make,,FALSE,FALSE,"Reposado; 100% Agave, Highland",,,,80,40,100% Blue Weber Agave,Oak,,https://www.tequilamatchmaker.com/agave_spirits/2539-cabrito-reposado-usa,2026-06-27,https://www.kuinak.com/system/base_product_images/images/000/034/080/detail/cabrito-reposado-usa-3.jpg,tequila_mexico
Tequila,Destilería Teremana de Agave (NOM 1613),"Jesús María, Jalisco, Mexico",Teremana,own_make,,FALSE,FALSE,"Blanco; 100% Agave, Highland; Small Batch",NAS,,,80,40,100% Blue Weber Agave,,,https://teremana.com/pages/tequila,2026-06-08,https://teremana.com/cdn/shop/files/Blanco-bottle1_800x.png,tequila_mexico
Tequila,Destilería Teremana de Agave (NOM 1613),"Jesús María, Jalisco, Mexico",Teremana,own_make,,FALSE,FALSE,"Reposado; 100% Agave, Highland; Small Batch",,,,80,40,100% Blue Weber Agave,American whiskey barrels,,https://teremana.com/pages/tequila,2026-06-27,https://teremana.com/cdn/shop/files/Blanco-bottle1_800x.png,tequila_mexico
Tequila,Destilería Teremana de Agave (NOM 1613),"Jesús María, Jalisco, Mexico",Teremana,own_make,,FALSE,FALSE,"Añejo; 100% Agave, Highland; Small Batch",,,,80,40,100% Blue Weber Agave,American whiskey barrels,,https://teremana.com/pages/tequila,2026-06-27,https://teremana.com/cdn/shop/files/Blanco-bottle1_800x.png,tequila_mexico
Tequila,Destilería Milagro (NOM 1559),"Atotonilco el Alto, Jalisco, Mexico",Milagro,own_make,,FALSE,FALSE,Blanco; 100% Agave; Silver,NAS,,,80,40,100% Blue Weber Agave,,,https://milagrotequila.com/our-tequilas,2026-06-08,,tequila_mexico
Tequila,Destilería Milagro (NOM 1559),"Atotonilco el Alto, Jalisco, Mexico",Milagro,own_make,,FALSE,FALSE,Reposado; 100% Agave,4 months,,,80,40,100% Blue Weber Agave,American oak,,https://milagrotequila.com/our-tequilas/reposado,2026-06-08,,tequila_mexico
Tequila,Destilería Milagro (NOM 1559),"Atotonilco el Alto, Jalisco, Mexico",Milagro,own_make,,FALSE,FALSE,Añejo; 100% Agave,14 months,,,80,40,100% Blue Weber Agave,American oak,,https://milagrotequila.com/our-tequilas/anejo,2026-06-08,,tequila_mexico
Tequila,Destilería Milagro (NOM 1559),"Atotonilco el Alto, Jalisco, Mexico",Milagro,own_make,,FALSE,FALSE,Cristalino; 100% Agave; Cristalino Añejo,18-24 months,,,80,40,100% Blue Weber Agave,American and French oak; charcoal-filtered,,https://milagrotequila.com/our-tequilas/cristalino-anejo,2026-06-08,,tequila_mexico
Tequila,Destilería Milagro (NOM 1559),"Atotonilco el Alto, Jalisco, Mexico",Milagro,own_make,,FALSE,FALSE,Blanco; 100% Agave; Select Barrel Reserve Silver,45 days,,,80,40,100% Blue Weber Agave,American and French oak; filtered clear,,https://milagrotequila.com/our-tequilas/select-silver,2026-06-08,,tequila_mexico
Tequila,Destilería Milagro (NOM 1559),"Atotonilco el Alto, Jalisco, Mexico",Milagro,own_make,,FALSE,FALSE,Reposado; 100% Agave; Select Barrel Reserve,6 months,,,80,40,100% Blue Weber Agave,American + French oak,French oak,https://milagrotequila.com/our-tequilas/select-reposado,2026-06-08,,tequila_mexico
Tequila,Destilería Milagro (NOM 1559),"Atotonilco el Alto, Jalisco, Mexico",Milagro,own_make,,FALSE,FALSE,Añejo; 100% Agave; Select Barrel Reserve,24 months,,,80,40,100% Blue Weber Agave,American + French oak,French oak,https://milagrotequila.com/our-tequilas/select-anejo,2026-06-08,,tequila_mexico
Tequila,Volcán de Mi Tierra (NOM 1523),"Huaxtla, Jalisco, Mexico",Volcán de Mi Tierra,own_make,,FALSE,FALSE,Blanco; 100% Agave,NAS,,,80,40,100% Blue Weber Agave,,,https://www.masterofmalt.com/tequila/volcan/volcan-de-mi-tierra-blanco-tequila/,2026-06-23,https://www.totalwine.com/dynamic/490x/images/227290750/227290750-1-fr.png,tequila_mexico
Tequila,Volcán de Mi Tierra (NOM 1523),"Huaxtla, Jalisco, Mexico",Volcán de Mi Tierra,own_make,,FALSE,FALSE,Reposado; 100% Agave,,,,80,40,100% Blue Weber Agave,American + European new oak (blend),,https://www.masterofmalt.com/tequila/volcan/volcan-de-mi-tierra-reposado-tequila/,2026-06-23,https://www.totalwine.com/dynamic/490x/images/235532750/235532750-1-fr.png,tequila_mexico
Tequila,Volcán de Mi Tierra (NOM 1523),"Huaxtla, Jalisco, Mexico",Volcán de Mi Tierra,own_make,,FALSE,FALSE,Cristalino; 100% Agave; Reposado Cristalino,,,,80,40,100% Blue Weber Agave,Oak; charcoal-filtered,,https://www.masterofmalt.com/tequila/volcan/volcan-de-mi-tierra-reposado-cristalino-tequila/,2026-06-27,https://cdn11.bigcommerce.com/s-e8lbekfe7c/images/stencil/1024w/attribute_rule_images/48753_source_1771344662.jpg,tequila_mexico
Tequila,Volcán de Mi Tierra (NOM 1523),"Huaxtla, Jalisco, Mexico",Volcán de Mi Tierra,own_make,,FALSE,FALSE,Cristalino; 100% Agave; Añejo Cristalino,,,,80,40,100% Blue Weber Agave,Oak; filtered,,https://www.thewhiskyexchange.com/p/61555,2026-06-08,,tequila_mexico
Tequila,Volcán de Mi Tierra (NOM 1523),"Huaxtla, Jalisco, Mexico",Volcán de Mi Tierra,own_make,,FALSE,FALSE,Extra Añejo; 100% Agave; X.A,,,,80,40,100% Blue Weber Agave,Oak (blend); underground-cellar matured,,https://www.masterofmalt.com/tequila/volcan/volcan-de-mi-tierra-xa-tequila/,2026-06-27,https://cdn11.bigcommerce.com/s-e8lbekfe7c/images/stencil/1024w/attribute_rule_images/38614_source_1782084042.jpg,tequila_mexico
Tequila,Volcán de Mi Tierra (NOM 1523),"Huaxtla, Jalisco, Mexico",Volcán de Mi Tierra,own_make,,FALSE,FALSE,"Blanco; 100% Agave, Lowland, Tahona, Brick Oven; Tahona",NAS,,,76,38,100% Blue Weber Agave,,,https://www.thewhiskyexchange.com/p/81759,2026-06-08,,tequila_mexico
Tequila,Destiladora San Nicolás / Espolòn (NOM 1440),"Arandas, Jalisco, Mexico",Espolòn,own_make,,FALSE,FALSE,Blanco; 100% Agave,NAS,,,80,40,100% Blue Weber Agave,,,https://www.espolontequila.com/en-us/our-tequilas/tequila-blanco/,2026-06-27,https://www.espolontequila.com/app/uploads/2024/03/bottle-tequila-blanco.webp,tequila_mexico
Tequila,Destiladora San Nicolás / Espolòn (NOM 1440),"Arandas, Jalisco, Mexico",Espolòn,own_make,,FALSE,FALSE,Reposado; 100% Agave,2 months,,,80,40,100% Blue Weber Agave,American oak,,https://www.espolontequila.com/en-us/our-tequilas/tequila-reposado/,2026-06-27,https://www.espolontequila.com/app/uploads/2024/04/espolon-bottle-tequila-reposado.webp,tequila_mexico
Tequila,Destiladora San Nicolás / Espolòn (NOM 1440),"Arandas, Jalisco, Mexico",Espolòn,own_make,,FALSE,FALSE,"Añejo; 100% Agave, Bourbon cask",12 months,,,80,40,100% Blue Weber Agave,American oak,Bourbon barrels,https://www.espolontequila.com/en-us/our-tequilas/tequila-anejo/,2026-06-27,https://www.espolontequila.com/app/uploads/2024/04/test.webp,tequila_mexico
Tequila,Destiladora San Nicolás / Espolòn (NOM 1440),"Arandas, Jalisco, Mexico",Espolòn,own_make,,FALSE,FALSE,Cristalino; 100% Agave; Añejo Cristalino,,,,80,40,100% Blue Weber Agave,American oak; filtered,,https://www.espolontequila.com/en-us/our-tequilas/tequila-cristalino/,2026-06-27,https://www.espolontequila.com/app/uploads/2024/04/espolon-bottlee-espolon-cristalino.webp,tequila_mexico
Tequila,Destiladora San Nicolás / Espolòn (NOM 1440),"Arandas, Jalisco, Mexico",Espolòn,own_make,,FALSE,FALSE,"Extra Añejo; 100% Agave, Wine cask; Serenata",36 months,,,80,40,100% Blue Weber Agave,American oak,French Chardonnay casks,https://www.espolontequila.com/en-us/our-tequilas/tequila-extra-anejo/,2026-06-27,https://www.espolontequila.com/app/uploads/sites/2/2026/06/espolon-extra-anejo.png,tequila_mexico
Tequila,Casa Noble / La Cofradía (NOM 1137),"Tequila, Jalisco, Mexico",Casa Noble,own_make,,FALSE,FALSE,Blanco; 100% Agave; Crystal,NAS,,,80,40,100% Blue Weber Agave,,,https://casanoble.com/products/blanco,2026-06-08,https://casanoble.com/cdn/shop/products/Casa_Noble_Tequila_Blanco_1024x1024@2x.png,tequila_mexico
Tequila,Casa Noble / La Cofradía (NOM 1137),"Tequila, Jalisco, Mexico",Casa Noble,own_make,,FALSE,FALSE,Reposado; 100% Agave,364 days,,,80,40,100% Blue Weber Agave,New French oak,,https://casanoble.com/products/reposado,2026-06-08,https://casanoble.com/cdn/shop/products/Casa_Noble_Tequila_Reposado_1024x1024@2x.png,tequila_mexico
Tequila,Casa Noble / La Cofradía (NOM 1137),"Tequila, Jalisco, Mexico",Casa Noble,own_make,,FALSE,FALSE,Añejo; 100% Agave,2 years,,,80,40,100% Blue Weber Agave,New French oak,,https://casanoble.com/products/anejo,2026-06-08,https://casanoble.com/cdn/shop/products/Casa_Noble_Tequila_Anejo_1024x1024@2x.png,tequila_mexico
Tequila,Casa Noble / La Cofradía (NOM 1137),"Tequila, Jalisco, Mexico",Casa Noble,own_make,,FALSE,FALSE,Añejo; 100% Agave; Marqués de Casa Noble,,,,80,40,100% Blue Weber Agave,New French oak (Allier),,https://casanoble.com/products/marques,2026-06-27,http://casanoble.com/cdn/shop/files/High_Res-PNG-Casa-Noble-Marques-de-Casa-Noble-Anejo-750ml-Front-Bottle-Shot.png,tequila_mexico
Tequila,Casa Noble / La Cofradía (NOM 1137),"Tequila, Jalisco, Mexico",Casa Noble,own_make,,FALSE,TRUE,Reposado; 100% Agave; Single Barrel,,,,,,100% Blue Weber Agave,New French oak (single barrel),,https://casanoble.com/products,2026-06-08,,tequila_mexico
Tequila,Casa Noble / La Cofradía (NOM 1137),"Tequila, Jalisco, Mexico",Casa Noble,own_make,,FALSE,TRUE,Añejo; 100% Agave; Single Barrel,,,,,,100% Blue Weber Agave,New French oak (single barrel),,https://casanoble.com/products,2026-06-08,,tequila_mexico
Tequila,Destiladora del Valle de Tequila / Casa Maestri (NOM 1438),"Tequila, Jalisco, Mexico",Cincoro,sourced,Cincoro,TRUE,FALSE,Blanco; 100% Agave,NAS,,,80,40,100% Blue Weber Agave,,,https://cincoro.com/expression/blanco/,2026-06-08,https://www.cincoro.com/wp-content/uploads/2024/02/CINCORO-Blanco_Reflection_RGB.jpg,tequila_mexico
Tequila,Destiladora del Valle de Tequila / Casa Maestri (NOM 1438),"Tequila, Jalisco, Mexico",Cincoro,sourced,Cincoro,TRUE,FALSE,Reposado; 100% Agave,8-10 months,,,80,40,100% Blue Weber Agave,Oak (underground-aged),,https://cincoro.com/expression/reposado/,2026-06-27,https://www.cincoro.com/wp-content/uploads/2024/02/cincoro-bottle-reposado-1-scaled.jpg,tequila_mexico
Tequila,Destiladora del Valle de Tequila / Casa Maestri (NOM 1438),"Tequila, Jalisco, Mexico",Cincoro,sourced,Cincoro,TRUE,FALSE,Añejo; 100% Agave,20 months,,,80,40,100% Blue Weber Agave,Tennessee whiskey barrels,,https://cincoro.com/expression/anejo/,2026-06-27,https://www.cincoro.com/wp-content/uploads/2024/02/CINCORO-Anejo_Reflection.jpg,tequila_mexico
Tequila,Destiladora del Valle de Tequila / Casa Maestri (NOM 1438),"Tequila, Jalisco, Mexico",Cincoro,sourced,Cincoro,TRUE,FALSE,Joven; 100% Agave; Gold,,,,80,40,100% Blue Weber Agave,Blend (incl. 40+ mo Extra Añejo),,https://cincoro.com/expression/gold/,2026-06-27,https://www.cincoro.com/wp-content/uploads/2024/02/cincoro-bottle-gold-scaled.jpg,tequila_mexico
Tequila,Destiladora del Valle de Tequila / Casa Maestri (NOM 1438),"Tequila, Jalisco, Mexico",Cincoro,sourced,Cincoro,TRUE,FALSE,Extra Añejo; 100% Agave,44 months,,,80,40,100% Blue Weber Agave,Hand-selected Tennessee whiskey barrels,,https://cincoro.com/expression/extra-anejo/,2026-06-27,https://www.cincoro.com/wp-content/uploads/2024/02/CINCORO-ExtraAnejo.jpg,tequila_mexico
Tequila,Destiladora del Valle de Tequila / Casa Maestri (NOM 1438),"Tequila, Jalisco, Mexico",Cincoro,sourced,Cincoro,TRUE,FALSE,Cristalino; 100% Agave; Añejo Cristalino,over 20 months,,,80,40,100% Blue Weber Agave,Oak; charcoal-filtered,,https://cincoro.com/expression/anejo-cristalino/; https://www.cincoro.com/expression/anejo-cristalino/; https://www.agavematchmaker.com/brands/2280-cincoro-tequila,2026-06-27,https://www.cincoro.com/wp-content/uploads/2024/09/CINCORO-Cristalino_Reflection-fixed.jpg,tequila_mexico
Tequila,Grupo Solave (NOM 1607),"Jalisco, Mexico",818,sourced,818,TRUE,FALSE,Blanco; 100% Agave,NAS,,,80,40,100% Blue Weber Agave,,,https://drink818.com/products/818-blanco,2026-06-08,https://drink818.com/cdn/shop/files/Blanco_2025_1.5x.png,tequila_mexico
Tequila,Grupo Solave (NOM 1607),"Jalisco, Mexico",818,sourced,818,TRUE,FALSE,Reposado; 100% Agave,,,,80,40,100% Blue Weber Agave,,,https://drink818.com/products/818-reposado,2026-06-27,http://drink818.com/cdn/shop/files/Repo_2025_1.5x.png,tequila_mexico
Tequila,Grupo Solave (NOM 1607),"Jalisco, Mexico",818,sourced,818,TRUE,FALSE,Añejo; 100% Agave,,,,80,40,100% Blue Weber Agave,,,https://drink818.com/products/818-anejo,2026-06-27,http://drink818.com/cdn/shop/files/Anejo_2025_1.5x.png,tequila_mexico
Tequila,Grupo Solave (NOM 1607),"Jalisco, Mexico",818,sourced,818,TRUE,FALSE,Extra Añejo; 100% Agave; Eight Reserve,8 Years,,,80,40,100% Blue Weber Agave,French and American barrels,,https://drink818.com/products/eightreserve,2026-06-27,http://drink818.com/cdn/shop/files/8R_2025_1.5x.png,tequila_mexico
Tequila,Compañía Tequilera de Arandas (NOM 1460),"Arandas, Jalisco, Mexico",Lobos 1707,sourced,Lobos 1707,TRUE,FALSE,"Joven; 100% Agave, PX cask",NAS,,,80,40,100% Blue Weber Agave,American white oak,PX Sherry cask,https://lobos1707.com/joven; https://www.agavematchmaker.com/distilleries/172-compania-tequilera-de-arandas-s-a-de-c-v,2026-10-04,,tequila_mexico
Tequila,Compañía Tequilera de Arandas (NOM 1460),"Arandas, Jalisco, Mexico",Lobos 1707,sourced,Lobos 1707,TRUE,FALSE,"Reposado; 100% Agave, PX cask",2-7 months,,,80,40,100% Blue Weber Agave,American white oak,PX Sherry cask,https://lobos1707.com/reposado; https://www.agavematchmaker.com/distilleries/172-compania-tequilera-de-arandas-s-a-de-c-v,2026-10-04,,tequila_mexico
Tequila,Compañía Tequilera de Arandas (NOM 1460),"Arandas, Jalisco, Mexico",Lobos 1707,sourced,Lobos 1707,TRUE,FALSE,"Añejo; 100% Agave, PX cask",12-18 months,,,80,40,100% Blue Weber Agave,American white oak,PX Sherry cask,https://lobos1707.com/anejo; https://www.agavematchmaker.com/distilleries/172-compania-tequilera-de-arandas-s-a-de-c-v,2026-10-04,,tequila_mexico
Tequila,Compañía Tequilera de Arandas (NOM 1460),"Arandas, Jalisco, Mexico",Lobos 1707,sourced,Lobos 1707,TRUE,FALSE,"Extra Añejo; 100% Agave, PX cask",36 months,,,80,40,100% Blue Weber Agave,American white oak,PX Sherry cask,https://lobos1707.com/extra-anejo; https://www.agavematchmaker.com/distilleries/172-compania-tequilera-de-arandas-s-a-de-c-v,2026-10-04,,tequila_mexico
Tequila,Tequila Orendain de Jalisco (NOM 1110),"Tequila, Jalisco, Mexico",Komos,sourced,Komos,TRUE,FALSE,"Reposado; 100% Agave, Wine cask; Reposado Rosa",2 months,,,80,40,100% Blue Weber Agave,French oak red wine barrels,Red wine cask,https://komos.com/tequilas/reposado-rosa; https://www.agavematchmaker.com/distilleries/259-tequila-orendain-de-jalisco-s-a-de-c-v,2026-10-04,NULL,tequila_mexico
Tequila,Tequila Orendain de Jalisco (NOM 1110),"Tequila, Jalisco, Mexico",Komos,sourced,Komos,TRUE,FALSE,"Cristalino; 100% Agave, Wine cask; Añejo Cristalino",12 months,,,80,40,100% Blue Weber Agave,French oak white wine barrels; charcoal-filtered,,https://komos.com/tequilas/anejo-cristalino; https://www.agavematchmaker.com/distilleries/259-tequila-orendain-de-jalisco-s-a-de-c-v,2026-10-04,NULL,tequila_mexico
Tequila,Tequila Orendain de Jalisco (NOM 1110),"Tequila, Jalisco, Mexico",Komos,sourced,Komos,TRUE,FALSE,Añejo; 100% Agave; Añejo Reserva,12 months,,,80,40,100% Blue Weber Agave,French oak wine + bourbon + sherry casks,Sherry cask,https://komos.com/tequilas/anejo-reserva; https://www.agavematchmaker.com/distilleries/259-tequila-orendain-de-jalisco-s-a-de-c-v,2026-10-04,NULL,tequila_mexico
Tequila,Tequila Orendain de Jalisco (NOM 1110),"Tequila, Jalisco, Mexico",Komos,sourced,Komos,TRUE,FALSE,Extra Añejo; 100% Agave,36 months,,,80,40,100% Blue Weber Agave,French oak white wine + American whiskey barrels,,https://komos.com/tequilas/extra-anejo; https://www.agavematchmaker.com/distilleries/259-tequila-orendain-de-jalisco-s-a-de-c-v,2026-10-04,NULL,tequila_mexico
Tequila,Tequila Orendain de Jalisco (NOM 1110),"Tequila, Jalisco, Mexico",Komos,sourced,Komos,TRUE,FALSE,Extra Añejo; 100% Agave; XO,,,,,,100% Blue Weber Agave,,,https://komos.com/xo; https://www.agavematchmaker.com/distilleries/259-tequila-orendain-de-jalisco-s-a-de-c-v,2026-10-04,NULL,tequila_mexico
Tequila,Tequila Orendain de Jalisco (NOM 1110),"Tequila, Jalisco, Mexico",Komos,sourced,Komos,TRUE,FALSE,Cristalino; 100% Agave; Reposado Cristalino (Travel Retail),6 months,,,80,40,100% Blue Weber Agave,French oak white + red wine barrels; charcoal-filtered,,https://komos.com/reposado-cristalino; https://www.agavematchmaker.com/distilleries/259-tequila-orendain-de-jalisco-s-a-de-c-v,2026-10-04,,tequila_mexico
Tequila,Destilería Leyros (NOM 1489),"Tequila, Jalisco, Mexico",Casa Dragones,sourced,Casa Dragones,TRUE,FALSE,Joven; 100% Agave,,,,80,40,100% Blue Weber Agave,New American oak,,https://casadragones.com/us/sipping-tequila/casa-dragones-joven; https://www.agavematchmaker.com/distilleries/201-destileria-leyros-s-a-de-c-v,2026-10-04,https://cdn11.bigcommerce.com/s-eo11o2a4qu/products/1642/images/2036/casa-dragones-joven-packshot__01006.1696269219.386.513.jpg,tequila_mexico
Tequila,Destilería Leyros (NOM 1489),"Tequila, Jalisco, Mexico",Casa Dragones,sourced,Casa Dragones,TRUE,FALSE,Blanco; 100% Agave,NAS,,,80,40,100% Blue Weber Agave,,,https://casadragones.com/us/sipping-tequila/casa-dragones-blanco; https://www.agavematchmaker.com/distilleries/201-destileria-leyros-s-a-de-c-v,2026-10-04,https://cdn11.bigcommerce.com/s-eo11o2a4qu/products/1647/images/2047/PDP_new_images_0005_tequila-casa-dragones-blanco-us-2__62325.1696273186.386.513.jpg,tequila_mexico
Tequila,Destilería Leyros (NOM 1489),"Tequila, Jalisco, Mexico",Casa Dragones,sourced,Casa Dragones,TRUE,FALSE,Reposado; 100% Agave; Reposado Mizunara,,,,80,40,100% Blue Weber Agave,New Japanese Mizunara oak,,https://casadragones.com/us/sipping-tequila/casa-dragones-reposado; https://www.agavematchmaker.com/distilleries/201-destileria-leyros-s-a-de-c-v,2026-10-04,https://cdn11.bigcommerce.com/s-eo11o2a4qu/products/1649/images/2054/PDP-new-images-reposado-3__35082.1696273400.386.513.jpg,tequila_mexico
Tequila,Destilería Leyros (NOM 1489),"Tequila, Jalisco, Mexico",Casa Dragones,sourced,Casa Dragones,TRUE,FALSE,Añejo; 100% Agave; Añejo Barrel Blend,,,,80,40,100% Blue Weber Agave,New French + American oak (blend),,https://casadragones.com/us/sipping-tequila/casa-dragones-anejo; https://www.agavematchmaker.com/distilleries/201-destileria-leyros-s-a-de-c-v,2026-10-04,https://cdn11.bigcommerce.com/s-eo11o2a4qu/products/1648/images/2057/PDP_new_images_0002_tequila-casa-dragones-anejo-us-2__02791.1696273457.386.513.jpg,tequila_mexico
Tequila,Destilería Leyros (NOM 1489),"Tequila, Jalisco, Mexico",Casa Dragones,sourced,Casa Dragones,TRUE,FALSE,Cristalino; 100% Agave; 200 Copas,,,,,,100% Blue Weber Agave,,,https://casadragones.com/us/sipping-tequila/casa-dragones-cristalino-200-copas/; https://www.agavematchmaker.com/distilleries/201-destileria-leyros-s-a-de-c-v,2026-10-04,https://cdn11.bigcommerce.com/s-eo11o2a4qu/products/3628/images/3590/200-copas-pdp-US-2__56897.1758826315.386.513.jpg,tequila_mexico
Tequila,Casa Tequilera de Arandas (NOM 1499),"Arandas, Jalisco, Mexico",Mijenta,sourced,Mijenta,TRUE,FALSE,Blanco; 100% Agave,NAS,,,80,40,100% Blue Weber Agave,,,https://mijenta-tequila.com/products/mijenta-blanco; https://www.agavematchmaker.com/agave_spirits/6783-mijenta-tequila-blanco,2026-10-04,http://mijenta-tequila.com/cdn/shop/products/blanco-bottle-box.jpg,tequila_mexico
Tequila,Casa Tequilera de Arandas (NOM 1499),"Arandas, Jalisco, Mexico",Mijenta,sourced,Mijenta,TRUE,FALSE,Reposado; 100% Agave,6 months,,,80,40,100% Blue Weber Agave,American white oak + French oak + French acacia,,https://mijenta-tequila.com/products/mijenta-reposado; https://www.agavematchmaker.com/agave_spirits/6899-mijenta-tequila-reposado,2026-10-04,http://mijenta-tequila.com/cdn/shop/products/reposado-bottle-box.jpg,tequila_mexico
Tequila,Destiladora de Los Altos (NOM 1412),"Arandas, Jalisco, Mexico",Mijenta,sourced,Mijenta,TRUE,FALSE,Añejo; 100% Agave; Añejo Gran Reserva,18 months,,,80,40,100% Blue Weber Agave,"American white oak, French oak, French acacia, cherry",,https://mijenta-tequila.com/products/mijenta-anejo; https://www.agavematchmaker.com/agave_spirits/7156-mijenta-tequila-anejo,2026-10-04,http://mijenta-tequila.com/cdn/shop/products/anejo-bottle-box.jpg,tequila_mexico
Tequila,Casa Tequilera de Arandas (NOM 1499),"Arandas, Jalisco, Mexico",Mijenta,sourced,Mijenta,TRUE,FALSE,Cristalino; 100% Agave; Symphony Cristalino,8 months,,2024 Release,80,40,100% Blue Weber Agave,Symphony stave casks (American oak); charcoal-filtered,,https://mijenta-tequila.com; https://mijenta-tequila.com/blogs/press-releases/mijenta-announces-limited-edition-cristalino-aged-in-symphony-barrels; https://www.agavematchmaker.com/agave_spirits/7636-mijenta-cristalino-tequila-reposado,2026-10-04,NULL,tequila_mexico
Tequila,Destiladora de Los Altos (NOM 1412),"Arandas, Jalisco, Mexico",Mijenta,sourced,Mijenta,TRUE,FALSE,Reposado; 100% Agave; Symphony Series No.2,8 months,,,90,45,100% Blue Weber Agave,Symphony stave casks (American oak),,https://mijenta-tequila.com; https://www.agavematchmaker.com/agave_spirits/7945-mijenta-reposado-symphony-series-no-2,2026-10-04,NULL,tequila_mexico
Tequila,Destiladora de Los Altos (NOM 1412),"Arandas, Jalisco, Mexico",Mijenta,sourced,Mijenta,TRUE,FALSE,Añejo; 100% Agave; Symphony Series No.3,18 months,,2026 Release,90,45,100% Blue Weber Agave,Symphony stave casks (American oak),,https://mijenta-tequila.com/products/symphony-series-no-3; https://mijenta-tequila.com/blogs/press-releases/mijenta-announces-release-of-symphony-series-no-3; https://www.agavematchmaker.com/agave_spirits/8332-mijenta-anejo-symphony-series-no-3,2026-10-04,http://mijenta-tequila.com/cdn/shop/files/MIJ-Tequila-Symphony-Series-No3-Bottle-Tan-Cap-Front-Visual-Transparent.png,tequila_mexico
Tequila,Tequila Tres Mujeres (NOM 1466),"Amatitán, Jalisco, Mexico",Padre Azul,sourced,Padre Azul,TRUE,FALSE,Blanco; 100% Agave,NAS,,,80,40,100% Blue Weber Agave,,,https://usa.padreazul.com; https://www.agavematchmaker.com/distilleries/268-tequila-tres-mujeres-s-a-de-c-v,2026-10-04,NULL,tequila_mexico
Tequila,Tequila Tres Mujeres (NOM 1466),"Amatitán, Jalisco, Mexico",Padre Azul,sourced,Padre Azul,TRUE,FALSE,Reposado; 100% Agave,8 months,,,80,40,100% Blue Weber Agave,Ex-bourbon American oak,,https://usa.padreazul.com/products/padre-azul-reposado; https://www.agavematchmaker.com/distilleries/268-tequila-tres-mujeres-s-a-de-c-v,2026-10-04,http://usa.padreazul.com/cdn/shop/files/PadreAzulReposado.jpg,tequila_mexico
Tequila,Tequila Tres Mujeres (NOM 1466),"Amatitán, Jalisco, Mexico",Padre Azul,sourced,Padre Azul,TRUE,FALSE,Añejo; 100% Agave,18 months,,,80,40,100% Blue Weber Agave,Ex-bourbon American oak,,https://siptequila.com/products/padre-azul-anejo; https://www.agavematchmaker.com/distilleries/268-tequila-tres-mujeres-s-a-de-c-v,2026-10-04,http://siptequila.com/cdn/shop/products/PadreAnejo.jpg,tequila_mexico
Tequila,Tequila Tres Mujeres (NOM 1466),"Amatitán, Jalisco, Mexico",Padre Azul,sourced,Padre Azul,TRUE,TRUE,Extra Añejo; 100% Agave; Single Barrel,4 years,,,,,100% Blue Weber Agave,Ex-bourbon American oak,,https://padreazul.com/single-barrel-extra-anejo; https://www.agavematchmaker.com/distilleries/268-tequila-tres-mujeres-s-a-de-c-v,2026-10-04,https://padreazul.com/wp-content/uploads/2023/10/extraanejo-515x1024.webp,tequila_mexico
Tequila,Varo Destilería (NOM 1616),"Amatitán, Jalisco, Mexico",Código 1530,sourced,Código 1530,TRUE,FALSE,Blanco; 100% Agave,NAS,,,80,40,100% Blue Weber Agave,,,https://codigo1530.com/en-us/collections; https://www.agavematchmaker.com/distilleries/358-varo-destileria-s-de-r-l-de-c-v,2026-10-04,https://codigo1530.com/wp-content/uploads/2023/12/blanco-tequila.webp,tequila_mexico
Tequila,Varo Destilería (NOM 1616),"Amatitán, Jalisco, Mexico",Código 1530,sourced,Código 1530,TRUE,FALSE,"Blanco; 100% Agave, Wine cask; Rosa",1 month,,,80,40,100% Blue Weber Agave,French white oak ex-Napa Cabernet,Napa Cabernet wine barrel,https://codigo1530.com/en-us/collections; https://www.agavematchmaker.com/distilleries/358-varo-destileria-s-de-r-l-de-c-v,2026-10-04,https://codigo1530.com/wp-content/uploads/2023/12/rosa-blanco-tequila.webp,tequila_mexico
Tequila,Varo Destilería (NOM 1616),"Amatitán, Jalisco, Mexico",Código 1530,sourced,Código 1530,TRUE,FALSE,Reposado; 100% Agave,6 months,,,80,40,100% Blue Weber Agave,French white oak ex-Napa Cabernet,,https://codigo1530.com/en-us/collections; https://www.agavematchmaker.com/distilleries/358-varo-destileria-s-de-r-l-de-c-v,2026-10-04,https://codigo1530.com/wp-content/uploads/2023/12/reposado-tequila.webp,tequila_mexico
Tequila,Varo Destilería (NOM 1616),"Amatitán, Jalisco, Mexico",Código 1530,sourced,Código 1530,TRUE,FALSE,Cristalino; 100% Agave,,,,80,40,100% Blue Weber Agave,French white oak ex-Napa Cabernet; filtered,,https://codigo1530.com/en-us/collections; https://www.agavematchmaker.com/distilleries/358-varo-destileria-s-de-r-l-de-c-v,2026-10-04,https://codigo1530.com/wp-content/uploads/2023/12/blanco-tequila.webp,tequila_mexico
Tequila,Varo Destilería (NOM 1616),"Amatitán, Jalisco, Mexico",Código 1530,sourced,Código 1530,TRUE,FALSE,Añejo; 100% Agave,18 months,,,80,40,100% Blue Weber Agave,French white oak ex-Napa Cabernet,,https://codigo1530.com/en-us/products/codigo-1530-anejo-tequila; https://www.agavematchmaker.com/distilleries/358-varo-destileria-s-de-r-l-de-c-v,2026-10-04,https://codigo1530.com/wp-content/uploads/2023/11/codigo-1530-anejo-tequila.webp,tequila_mexico
Tequila,Varo Destilería (NOM 1616),"Amatitán, Jalisco, Mexico",Código 1530,sourced,Código 1530,TRUE,FALSE,Extra Añejo; 100% Agave; Origen,6 years,,,80,40,100% Blue Weber Agave,French white oak ex-Napa Cabernet,,https://codigo1530.com/en-us/products/codigo-1530-origen-tequila; https://www.agavematchmaker.com/distilleries/358-varo-destileria-s-de-r-l-de-c-v,2026-10-04,https://codigo1530.com/wp-content/uploads/2023/12/origen-tequila.webp,tequila_mexico
Tequila,Varo Destilería (NOM 1616),"Amatitán, Jalisco, Mexico",Código 1530,sourced,Código 1530,TRUE,FALSE,"Extra Añejo; 100% Agave, Cognac cask; 14 Year Double Barrel",14 years,,,80,40,100% Blue Weber Agave,French white oak ex-Napa Cabernet,French Cognac casks,https://codigo1530.com/en-us/products/codigo-1530-14-year-extra-anejo-tequila-double-barrel-aged; https://www.agavematchmaker.com/distilleries/358-varo-destileria-s-de-r-l-de-c-v,2026-10-04,NULL,tequila_mexico
Tequila,Casa Cuervo Los Camichines (NOM 1122),"Tequila, Jalisco, Mexico",Gran Coramino,sourced,Gran Coramino,TRUE,FALSE,"Reposado; 100% Agave, Brandy cask",,,,80,40,100% Blue Weber Agave,New American + French oak,Blended with Extra Añejo matured in brandy casks,https://grancoramino.com/tequilas; https://www.agavematchmaker.com/distilleries/161-casa-cuervo-s-a-de-c-v,2026-10-04,NULL,tequila_mexico
Tequila,Casa Cuervo Los Camichines (NOM 1122),"Tequila, Jalisco, Mexico",Gran Coramino,sourced,Gran Coramino,TRUE,FALSE,"Cristalino; 100% Agave, Wine cask; Reposado Cristalino",6 months,,,80,40,100% Blue Weber Agave,New Eastern European oak,Napa Cabernet wine casks; slow-filtered,https://grancoramino.com/our-cristalino; https://www.agavematchmaker.com/distilleries/161-casa-cuervo-s-a-de-c-v,2026-10-04,,tequila_mexico
Tequila,Casa Cuervo Los Camichines (NOM 1122),"Tequila, Jalisco, Mexico",Gran Coramino,sourced,Gran Coramino,TRUE,FALSE,"Añejo; 100% Agave, Cognac cask",12 months,,,80,40,100% Blue Weber Agave,New American oak,Blended with Extra Añejo matured in ex-cognac casks,https://grancoramino.com/tequilas; https://www.agavematchmaker.com/distilleries/161-casa-cuervo-s-a-de-c-v,2026-10-04,NULL,tequila_mexico
Tequila,Tequilera Don Roberto (NOM 1437),"Tequila, Jalisco, Mexico",Próspero,sourced,Próspero,TRUE,FALSE,Blanco; 100% Agave,NAS,,,80,40,100% Blue Weber Agave,,,https://prosperotequila.com; https://www.agavematchmaker.com/distilleries/277-tequilera-don-roberto-s-a-de-c-v,2026-10-04,,tequila_mexico
Tequila,Tequilera Don Roberto (NOM 1437),"Tequila, Jalisco, Mexico",Próspero,sourced,Próspero,TRUE,FALSE,Reposado; 100% Agave,6 months,,,80,40,100% Blue Weber Agave,New oak,,https://prosperotequila.com; https://www.agavematchmaker.com/distilleries/277-tequilera-don-roberto-s-a-de-c-v,2026-10-04,,tequila_mexico
Tequila,Tequilera Don Roberto (NOM 1437),"Tequila, Jalisco, Mexico",Próspero,sourced,Próspero,TRUE,FALSE,Añejo; 100% Agave,12 months,,,80,40,100% Blue Weber Agave,Oak,,https://prosperotequila.com; https://www.agavematchmaker.com/distilleries/277-tequilera-don-roberto-s-a-de-c-v,2026-10-04,,tequila_mexico
Tequila,Casa Don Ramón (NOM 1629),"Jalisco, Mexico",Don Ramón,sourced,Don Ramón,TRUE,FALSE,"Blanco; 100% Agave, Highland; Punta Diamante Plata",NAS,,,80,40,100% Blue Weber Agave,,,https://casadonramon.com/en/tequila/punta-diamante,2026-06-28,NULL,tequila_mexico
Tequila,Casa Don Ramón (NOM 1629),"Jalisco, Mexico",Don Ramón,sourced,Don Ramón,TRUE,FALSE,"Reposado; 100% Agave, Highland; Punta Diamante",9 months,,,80,40,100% Blue Weber Agave,White oak,,https://casadonramon.com/en/tequila/punta-diamante,2026-06-28,NULL,tequila_mexico
Tequila,Casa Don Ramón (NOM 1629),"Jalisco, Mexico",Don Ramón,sourced,Don Ramón,TRUE,FALSE,"Cristalino; 100% Agave, Highland, Port cask; Punta Diamante Añejo Cristalino",12 months,,,80,40,100% Blue Weber Agave,American + French oak (ex-Port); filtered,Ex-Port wine,https://casadonramon.com/en/tequila/punta-diamante/tequila-anejo-cristalino-punta-diamante,2026-06-28,NULL,tequila_mexico
Tequila,Casa Don Ramón (NOM 1629),"Jalisco, Mexico",Don Ramón,sourced,Don Ramón,TRUE,FALSE,Extra Añejo; 100% Agave; Swarovski Limited Edition,36 months,,,80,40,100% Blue Weber Agave,French red oak,,https://casadonramon.com/en/tequila/swarovski,2026-06-28,NULL,tequila_mexico
Tequila,Diageo México Operaciones (NOM 1609),"El Arenal, Jalisco, Mexico",Casamigos,sourced,Casamigos,TRUE,FALSE,Blanco; 100% Agave,2 months,,,80,40,100% Blue Weber Agave,,,https://www.casamigos.com/en-us/our-tequilas/blanco,2026-06-28,NULL,tequila_mexico
Tequila,Diageo México Operaciones (NOM 1609),"El Arenal, Jalisco, Mexico",Casamigos,sourced,Casamigos,TRUE,FALSE,Reposado; 100% Agave,6 months,,,80,40,100% Blue Weber Agave,American white oak,,https://www.casamigos.com/en-us/our-tequilas/reposado,2026-06-27,https://images.ctfassets.net/hpoa7h16o9wc/6ciCRmkKRkMMxk3XvuDIwt/6e1f3da19822269c6082c2e184d72de1/reposado_v2.JPG,tequila_mexico
Tequila,Diageo México Operaciones (NOM 1609),"El Arenal, Jalisco, Mexico",Casamigos,sourced,Casamigos,TRUE,FALSE,Añejo; 100% Agave,14 months,,,80,40,100% Blue Weber Agave,American white oak,,https://www.casamigos.com/en-us/our-tequilas/anejo,2026-06-27,https://images.ctfassets.net/hpoa7h16o9wc/2Lfhe7UPC3B854MToUhI6T/5ec000d6a32d431672a50dbb7a7958e5/Anejo_Hero.jpg,tequila_mexico
Tequila,Diageo México Operaciones (NOM 1609),"El Arenal, Jalisco, Mexico",Casamigos,sourced,Casamigos,TRUE,FALSE,Cristalino; 100% Agave,,,,80,40,100% Blue Weber Agave,American white oak; charcoal-filtered,,https://www.casamigos.com/en-us/our-tequilas/cristalino,2026-06-27,https://images.ctfassets.net/hpoa7h16o9wc/3LHdb5KbyvZ3jCUwOIIThT/b5b775ad383bf1f65ed4aed5154edc12/cristalino_v2.jpg,tequila_mexico
Tequila,Productos Finos de Agave (NOM 1416),"Jesús María, Jalisco, Mexico",Avión,sourced,Avión,TRUE,FALSE,Blanco; 100% Agave; Silver,NAS,,,80,40,100% Blue Weber Agave,,,https://tequilaavion.com/avion-silver/,2026-06-23,https://www.totalwine.com/dynamic/490x/images/113383750/113383750-1-fr.png,tequila_mexico
Tequila,Productos Finos de Agave (NOM 1416),"Jesús María, Jalisco, Mexico",Avión,sourced,Avión,TRUE,FALSE,Reposado; 100% Agave,6 months,,,80,40,100% Blue Weber Agave,Oak,,https://tequilaavion.com/our-tequilas/,2026-06-27,https://tequilaavion.com/wp-content/uploads/2022/07/small-batch-distillation.jpg,tequila_mexico
Tequila,Productos Finos de Agave (NOM 1416),"Jesús María, Jalisco, Mexico",Avión,sourced,Avión,TRUE,FALSE,Añejo; 100% Agave,24 months,,,80,40,100% Blue Weber Agave,Oak,,https://www.thewhiskyexchange.com/p/36166,2026-06-08,,tequila_mexico
Tequila,Productos Finos de Agave (NOM 1416),"Jesús María, Jalisco, Mexico",Avión,sourced,Avión,TRUE,FALSE,Extra Añejo; 100% Agave; Reserva 44,44 months,,,80,40,100% Blue Weber Agave,American oak; small-cask finish,,https://tequilaavion.com/reserva-44/,2026-06-27,https://tequilaavion.com/wp-content/uploads/2022/06/avion-tequila-reserva-44.jpg,tequila_mexico
Tequila,Productos Finos de Agave (NOM 1416),"Jesús María, Jalisco, Mexico",Avión,sourced,Avión,TRUE,FALSE,Cristalino; 100% Agave; Reserva Cristalino,,,,80,40,100% Blue Weber Agave,Oak; double charcoal-filtered,,https://tequilaavion.com/reserva-cristalino/,2026-06-27,https://tequilaavion.com/wp-content/uploads/2022/06/avion-tequila-reserva-cristalino.jpg,tequila_mexico
Tequila,Casa Tradición (NOM 1595),"San Agustín, Jalisco, Mexico",Clase Azul,sourced,Clase Azul,TRUE,FALSE,Blanco; 100% Agave; Plata,NAS,,,80,40,100% Blue Weber Agave,,,https://www.thewhiskyexchange.com/p/11171,2026-06-08,,tequila_mexico
Tequila,Casa Tradición (NOM 1595),"San Agustín, Jalisco, Mexico",Clase Azul,sourced,Clase Azul,TRUE,FALSE,Reposado; 100% Agave,8 months,,,80,40,100% Blue Weber Agave,American whiskey oak,,https://www.masterofmalt.com/tequila/clase-azul/clase-azul-reposado-tequila/,2026-06-27,https://cdn11.bigcommerce.com/s-e8lbekfe7c/images/stencil/1024w/attribute_rule_images/51038_source_1779366037.jpg,tequila_mexico
Tequila,Casa Tradición (NOM 1595),"San Agustín, Jalisco, Mexico",Clase Azul,sourced,Clase Azul,TRUE,FALSE,Añejo; 100% Agave,25 months,,,80,40,100% Blue Weber Agave,American whiskey casks,,https://www.thewhiskyexchange.com/p/31448,2026-06-08,,tequila_mexico
Tequila,Casa Tradición (NOM 1595),"San Agustín, Jalisco, Mexico",Clase Azul,sourced,Clase Azul,TRUE,FALSE,"Extra Añejo; 100% Agave, PX cask; Ultra",5 years,,,80,40,100% Blue Weber Agave,American whiskey casks,Ex-PX sherry,https://www.masterofmalt.com/tequila/clase-azul/clase-azul-ultra-extra-anejo-tequila/,2026-06-27,https://cdn11.bigcommerce.com/s-e8lbekfe7c/images/stencil/1024w/attribute_rule_images/24374_source_1782159051.jpg,tequila_mexico
Tequila,Casa Tradición (NOM 1595),"San Agustín, Jalisco, Mexico",Clase Azul,sourced,Clase Azul,TRUE,FALSE,Joven; 100% Agave; Gold,,,,80,40,100% Blue Weber Agave,French oak + American whiskey + sherry (blend),Ex-PX sherry (component),https://claseazul.com/clase-azul-family/clase-azul-gold,2026-06-08,,tequila_mexico
Tequila,Tequilera Corralejo (NOM 1368),"Pénjamo, Guanajuato, Mexico",Corralejo,own_make,,FALSE,FALSE,Blanco; 100% Agave,NAS,,,76,38,100% Blue Weber Agave,,,https://www.thewhiskyexchange.com/p/7106,2026-06-08,,tequila_mexico
Tequila,Tequilera Corralejo (NOM 1368),"Pénjamo, Guanajuato, Mexico",Corralejo,own_make,,FALSE,FALSE,Reposado; 100% Agave,4 months,,,76,38,100% Blue Weber Agave,"Encino, French & American oak",,https://www.thewhiskyexchange.com/p/4877,2026-06-08,,tequila_mexico
Tequila,Tequilera Corralejo (NOM 1368),"Pénjamo, Guanajuato, Mexico",Corralejo,own_make,,FALSE,FALSE,Añejo; 100% Agave,12 months,,,76,38,100% Blue Weber Agave,Oak (≤300L),,https://www.thewhiskyexchange.com/p/4878,2026-06-27,https://img.thewhiskyexchange.com/540/teqla_cor2.jpg,tequila_mexico
Tequila,Tequilera Corralejo (NOM 1368),"Pénjamo, Guanajuato, Mexico",Corralejo,own_make,,FALSE,FALSE,Añejo; 100% Agave; 99000 Horas,18 months,,,80,40,100% Blue Weber Agave,Small American/Kentucky oak (<200L),,https://www.thewhiskyexchange.com/p/26443,2026-06-27,https://img.thewhiskyexchange.com/540/teqla_cor8.jpg,tequila_mexico
Tequila,Tequilera Corralejo (NOM 1368),"Pénjamo, Guanajuato, Mexico",Corralejo,own_make,,FALSE,FALSE,Extra Añejo; 100% Agave; 1821,36 months,,,76,38,100% Blue Weber Agave,White oak (copper pot-distilled),,https://www.totalwine.com/spirits/tequila/anejo/corralejo-1821-tequila/p/183849750,2026-06-27,https://www.totalwine.com/dynamic/490x/images/183849750/183849750-1-fr.png,tequila_mexico
Tequila,Tequilera Corralejo (NOM 1368),"Pénjamo, Guanajuato, Mexico",Corralejo,own_make,,FALSE,FALSE,Añejo; 100% Agave; Gran Corralejo Reserva,24 months,,,76,38,100% Blue Weber Agave,American/Kentucky oak,,https://www.thewhiskyexchange.com/p/26451,2026-06-27,https://img.thewhiskyexchange.com/540/teqla_cor9.jpg,tequila_mexico
Tequila,Tequilera Corralejo (NOM 1368),"Pénjamo, Guanajuato, Mexico",Corralejo,own_make,,FALSE,FALSE,Reposado; 100% Agave; Triple Distilled,,,,80,40,100% Blue Weber Agave,Oak,,https://www.thewhiskyexchange.com/p/30954,2026-06-27,https://img.thewhiskyexchange.com/540/teqla_cor14.jpg,tequila_mexico
Tequila,Destiladora González González (NOM 1143),"Arandas, Jalisco, Mexico",El Mayor,own_make,,FALSE,FALSE,Blanco; 100% Agave,NAS,,,80,40,100% Blue Weber Agave,,,https://www.diffordsguide.com/beer-wine-spirits/5434/el-mayor-blanco,2026-06-23,https://www.totalwine.com/dynamic/490x/images/101638750/101638750-1-fr.png,tequila_mexico
Tequila,Destiladora González González (NOM 1143),"Arandas, Jalisco, Mexico",El Mayor,own_make,,FALSE,FALSE,Reposado; 100% Agave,9 months,,,80,40,100% Blue Weber Agave,American oak,,https://www.diffordsguide.com/beer-wine-spirits/5435/el-mayor-reposado,2026-06-23,https://cdn11.bigcommerce.com/s-u9ww3di/products/7212/images/19724/3a8a1e87b265ca617bb6e2af80f09e52581772c8__05612.1710631384.600.600.png?c=2,tequila_mexico
Tequila,Destiladora González González (NOM 1143),"Arandas, Jalisco, Mexico",El Mayor,own_make,,FALSE,FALSE,Añejo; 100% Agave,18-36 months,,,80,40,100% Blue Weber Agave,Small American oak,,https://www.diffordsguide.com/beer-wine-spirits/5436/el-mayor-anejo,2026-06-23,https://www.totalwine.com/dynamic/490x/images/101637750/101637750-1-fr.png,tequila_mexico
Tequila,Destiladora González González (NOM 1143),"Arandas, Jalisco, Mexico",El Mayor,own_make,,FALSE,FALSE,Cristalino; 100% Agave; Añejo Cristalino,,,,80,40,100% Blue Weber Agave,American oak; double charcoal-filtered,,https://www.tequilamatchmaker.com/tequilas/7004-el-mayor-anejo-cristalino,2026-06-23,https://cdn11.bigcommerce.com/s-u9ww3di/products/10227/images/14950/el_mayor_anejo_cristalino___07509.1615064073.600.600.png?c=2,tequila_mexico
Tequila,Destiladora González González (NOM 1143),"Arandas, Jalisco, Mexico",El Mayor,own_make,,FALSE,FALSE,Extra Añejo; 100% Agave,3.5 years,,,80,40,100% Blue Weber Agave,Oak,,https://www.totalwine.com/spirits/tequila/extra-anejo/el-mayor-extra-anejo-tequila/p/171617750,2026-06-23,https://www.totalwine.com/dynamic/490x/images/171617750/171617750-1-fr.png,tequila_mexico
Tequila,Destiladora González González (NOM 1143),"Arandas, Jalisco, Mexico",El Mayor,own_make,,FALSE,FALSE,"Extra Añejo; 100% Agave, Sherry cask; Sherry Cask Finish",,,,,,100% Blue Weber Agave,Oak,Sherry,https://www.totalwine.com/spirits/tequila/extra-anejo/el-mayor-extra-anejo-sherry-cask-finish-tequila/p/241256750,2026-06-23,https://www.totalwine.com/dynamic/490x/images/241256750/241256750-1-fr.png,tequila_mexico
Tequila,Destiladora González González (NOM 1143),"Arandas, Jalisco, Mexico",El Mayor,own_make,,FALSE,FALSE,"Extra Añejo; 100% Agave, Rum cask; Rum Cask Finish",,,,,,100% Blue Weber Agave,Oak,Rum,https://www.totalwine.com/spirits/tequila/extra-anejo/el-mayor-extra-anejo-rum-cask-finish/p/231834750,2026-06-23,https://www.totalwine.com/dynamic/490x/images/231834750/231834750-1-fr.png,tequila_mexico
Tequila,Tequilera Don Roberto (NOM 1437),"Tequila, Jalisco, Mexico",Bribón,sourced,Bribón,TRUE,FALSE,Blanco; 100% Agave,NAS,,,,,100% Blue Weber Agave,,,https://www.totalwine.com/spirits/tequila/blancosilver/bribon-tequila-blanco/p/183788750; https://www.agavematchmaker.com/distilleries/277-tequilera-don-roberto-s-a-de-c-v,2026-10-04,https://www.totalwine.com/dynamic/490x/images/183788750/183788750-1-fr.png,tequila_mexico
Tequila,Tequilera Don Roberto (NOM 1437),"Tequila, Jalisco, Mexico",Bribón,sourced,Bribón,TRUE,FALSE,Reposado; 100% Agave,,,,,,100% Blue Weber Agave,Oak,,https://www.totalwine.com/spirits/tequila/reposado/bribon-tequila-reposado/p/231733750; https://www.agavematchmaker.com/distilleries/277-tequilera-don-roberto-s-a-de-c-v,2026-10-04,https://www.totalwine.com/dynamic/490x/images/231733750/231733750-1-fr.png,tequila_mexico
Tequila,Tequilera Don Roberto (NOM 1437),"Tequila, Jalisco, Mexico",Bribón,sourced,Bribón,TRUE,FALSE,Añejo; 100% Agave,,,,,,100% Blue Weber Agave,Oak,,https://www.totalwine.com/spirits/tequila/anejo/bribon-tequila-anejo/p/239134750; https://www.agavematchmaker.com/distilleries/277-tequilera-don-roberto-s-a-de-c-v,2026-10-04,https://www.totalwine.com/dynamic/490x/images/239134750/239134750-1-fr.png,tequila_mexico
Tequila,Tequila El Viejito (NOM 1107),"Atotonilco el Alto, Jalisco, Mexico",Santo,sourced,Santo,TRUE,FALSE,Blanco; 100% Agave; Fino,NAS,,,80,40,100% Blue Weber Agave,,,https://www.totalwine.com/spirits/tequila/blancosilver/santo-fino-blanco-tequila/p/226841750,2026-06-27,https://www.totalwine.com/dynamic/490x/images/226841750/226841750-1-fr.png,tequila_mexico
Tequila,Tequila El Viejito (NOM 1107),"Atotonilco el Alto, Jalisco, Mexico",Santo,sourced,Santo,TRUE,FALSE,Reposado; 100% Agave; Fino,,,,80,40,100% Blue Weber Agave,Oak,,https://www.totalwine.com/spirits/tequila/reposado/santo-reposado-tequila/p/2126215336,2026-06-27,https://www.totalwine.com/dynamic/490x/images/2126215336/2126215336-1-fr.png,tequila_mexico
Tequila,Tequila El Viejito (NOM 1107),"Atotonilco el Alto, Jalisco, Mexico",Santo,sourced,Santo,TRUE,FALSE,Añejo; 100% Agave; Fino,,,,80,40,100% Blue Weber Agave,Oak,,https://www.totalwine.com/spirits/tequila/anejo/santo-fino-anejo-tequila/p/2126228040,2026-06-27,https://www.totalwine.com/dynamic/490x/images/2126228040/2126228040-1-fr.png,tequila_mexico
Tequila,La Tequileña (NOM 1146),"Tequila, Jalisco, Mexico",Don Fulano,own_make,,FALSE,FALSE,Blanco; 100% Agave,NAS,,,80,40,100% Blue Weber Agave,,,https://www.oldtowntequila.com/brands/Don-Fulano.html,2026-06-08,,tequila_mexico
Tequila,La Tequileña (NOM 1146),"Tequila, Jalisco, Mexico",Don Fulano,own_make,,FALSE,FALSE,"Blanco; 100% Agave, Cask Strength; Fuerte",NAS,,,100,50,100% Blue Weber Agave,,,https://www.oldtowntequila.com/brands/Don-Fulano.html,2026-06-08,,tequila_mexico
Tequila,La Tequileña (NOM 1146),"Tequila, Jalisco, Mexico",Don Fulano,own_make,,FALSE,FALSE,Reposado; 100% Agave,8 months,,,80,40,100% Blue Weber Agave,French + American oak,,https://www.oldtowntequila.com/brands/Don-Fulano.html,2026-06-08,,tequila_mexico
Tequila,La Tequileña (NOM 1146),"Tequila, Jalisco, Mexico",Don Fulano,own_make,,FALSE,FALSE,Añejo; 100% Agave,30 months,,,80,40,100% Blue Weber Agave,French oak (ex-sherry/wine),,https://www.oldtowntequila.com/brands/Don-Fulano.html,2026-06-08,,tequila_mexico
Tequila,La Tequileña (NOM 1146),"Tequila, Jalisco, Mexico",Don Fulano,own_make,,FALSE,FALSE,"Extra Añejo; 100% Agave, Sherry cask; Imperial",5 years,,,80,40,100% Blue Weber Agave,French oak,Oloroso sherry cask,https://siptequila.com/products/don-fulano-imperial-extra-anejo,2026-06-27,http://siptequila.com/cdn/shop/files/Photoroom_20250922_145314.png,tequila_mexico
Tequila,La Tequileña (NOM 1146),"Tequila, Jalisco, Mexico",Fuenteseca,own_make,,FALSE,FALSE,"Blanco; 100% Agave, Single Estate; Cosecha",NAS,2013,,91.4,45.7,100% Blue Weber Agave,Stainless rest (3 yr),,https://siptequila.com,2026-06-28,NULL,tequila_mexico
Tequila,La Tequileña (NOM 1146),"Tequila, Jalisco, Mexico",Fuenteseca,own_make,,FALSE,FALSE,Extra Añejo; 100% Agave; Reserva Cosecha,7 Years,2014,,84,42,100% Blue Weber Agave,American oak,,https://raretequilas.com,2026-06-08,,tequila_mexico
Tequila,La Tequileña (NOM 1146),"Tequila, Jalisco, Mexico",Fuenteseca,own_make,,FALSE,FALSE,Extra Añejo; 100% Agave; Reserva Cosecha,7 Years,2010,,,,100% Blue Weber Agave,Oak,,https://www.oakandbarrelnyc.com,2026-06-28,NULL,tequila_mexico
Tequila,La Tequileña (NOM 1146),"Tequila, Jalisco, Mexico",Fuenteseca,own_make,,FALSE,FALSE,Extra Añejo; 100% Agave; Reserva Cosecha,8 Years,2008,,86,43,100% Blue Weber Agave,Oak,,https://siptequila.com,2026-06-28,NULL,tequila_mexico
Tequila,La Tequileña (NOM 1146),"Tequila, Jalisco, Mexico",Fuenteseca,own_make,,FALSE,FALSE,Extra Añejo; 100% Agave; Reserva Cosecha,9 Years,2011,,,,100% Blue Weber Agave,American oak,,https://distiller.com,2026-06-08,,tequila_mexico
Tequila,La Tequileña (NOM 1146),"Tequila, Jalisco, Mexico",Fuenteseca,own_make,,FALSE,FALSE,Extra Añejo; 100% Agave; Reserva Cosecha,11 Years,2008,,,,100% Blue Weber Agave,30% American white oak / 70% French dark oak,,https://onlydram.com,2026-06-28,NULL,tequila_mexico
Tequila,La Tequileña (NOM 1146),"Tequila, Jalisco, Mexico",Fuenteseca,own_make,,FALSE,FALSE,"Extra Añejo; 100% Agave, Wine cask; Reserva",12 Years,,,,,100% Blue Weber Agave,American oak (ex-Rioja/Ribera) + French oak (ex-Bordeaux),Wine cask,https://drinkhacker.com,2026-06-08,,tequila_mexico
Tequila,La Tequileña (NOM 1146),"Tequila, Jalisco, Mexico",Fuenteseca,own_make,,FALSE,FALSE,Extra Añejo; 100% Agave; Reserva,15 Years,1998,,86,43,100% Blue Weber Agave,American white oak + 3% French oak,,https://www.oakandbarrelnyc.com,2026-06-28,NULL,tequila_mexico
Tequila,La Tequileña (NOM 1146),"Tequila, Jalisco, Mexico",Fuenteseca,own_make,,FALSE,FALSE,"Extra Añejo; 100% Agave, Rye cask, Wine cask; Reserva",18 Years,1995,,87,43.5,100% Blue Weber Agave,Canadian ex-rye oak then European dark oak (ex-CA red wine),Rye + wine cask,https://siptequila.com,2026-06-28,NULL,tequila_mexico
Tequila,La Tequileña (NOM 1146),"Tequila, Jalisco, Mexico",Fuenteseca,own_make,,FALSE,FALSE,"Extra Añejo; 100% Agave, Rye cask; Reserva",21 Years,,,,,100% Blue Weber Agave,Canadian rye whiskey barrels,Rye cask,https://siptequila.com,2026-06-28,NULL,tequila_mexico
Tequila,La Tequileña (NOM 1146),"Tequila, Jalisco, Mexico",Fuenteseca,own_make,,FALSE,FALSE,Extra Añejo; 100% Agave; Reserva,5 Years,,,82.6,41.3,100% Blue Weber Agave,Oak,,https://www.hitimewine.net,2026-06-08,,tequila_mexico
Tequila,La Tequileña (NOM 1146),"Tequila, Jalisco, Mexico",Tears of Llorona,sourced,Tears of Llorona,TRUE,FALSE,"Extra Añejo; 100% Agave, Sherry cask, Scotch cask, Cognac cask; No. 3",5 years,,,86,43,100% Blue Weber Agave,50% ex-Scotch / 25% Sherry / 25% French Limousin ex-Cognac,Triple cask (sherry/Scotch/cognac),https://tearsofllorona.com,2026-06-27,http://tearsofllorona.com/cdn/shop/files/tears-of-llorona-bottle-plant-silhouette-meta-description-share-image-2.jpg,tequila_mexico
Tequila,Destilería El Pandillo (NOM 1579),"Jesús María, Jalisco, Mexico",G4,own_make,,FALSE,FALSE,"Blanco; 100% Agave, Highland",NAS,,,80,40,100% Blue Weber Agave,,,https://g4tequilas.com/our-tequilas/,2026-06-23,https://cdn11.bigcommerce.com/s-u9ww3di/products/6348/images/15540/G4_blamco_premium___11490.1623785491.600.600.png?c=2,tequila_mexico
Tequila,Destilería El Pandillo (NOM 1579),"Jesús María, Jalisco, Mexico",G4,own_make,,FALSE,FALSE,"Blanco; 100% Agave, Highland, Cask Strength; 108",NAS,,,108,54,100% Blue Weber Agave,,,https://g4tequilas.com/our-tequilas/,2026-06-23,https://cdn11.bigcommerce.com/s-u9ww3di/products/7662/images/21224/G4_High__51314.1754277426.600.600.png?c=2,tequila_mexico
Tequila,Destilería El Pandillo (NOM 1579),"Jesús María, Jalisco, Mexico",G4,own_make,,FALSE,TRUE,"Blanco; 100% Agave, Highland; de Madera",NAS,,,,,100% Blue Weber Agave,,,https://g4tequilas.com/our-tequilas/,2026-06-23,https://cdn11.bigcommerce.com/s-u9ww3di/images/stencil/608x608/products/11827/17443/G4_Blanco_madera_90proof__09037.1738786415.jpg?c=2,tequila_mexico
Tequila,Destilería El Pandillo (NOM 1579),"Jesús María, Jalisco, Mexico",G4,own_make,,FALSE,FALSE,"Reposado; 100% Agave, Highland",6 months,,,80,40,100% Blue Weber Agave,Ex-George Dickel Tennessee whiskey,,https://g4tequilas.com/our-tequilas/,2026-06-23,https://cdn11.bigcommerce.com/s-u9ww3di/products/6347/images/14621/G4_reposado__49362.1610054927.600.600.png?c=2,tequila_mexico
Tequila,Destilería El Pandillo (NOM 1579),"Jesús María, Jalisco, Mexico",G4,own_make,,FALSE,FALSE,"Añejo; 100% Agave, Highland",18 months,,,80,40,100% Blue Weber Agave,Ex-Tennessee whiskey,,https://g4tequilas.com/our-tequilas/,2026-06-23,https://cdn11.bigcommerce.com/s-u9ww3di/products/6346/images/14622/G4_tequila_anejo__30129.1610055076.600.600.png?c=2,tequila_mexico
Tequila,Destilería El Pandillo (NOM 1579),"Jesús María, Jalisco, Mexico",G4,own_make,,FALSE,FALSE,"Extra Añejo; 100% Agave, Highland",3 years,,,80,40,100% Blue Weber Agave,Ex-Tennessee whiskey,,https://g4tequilas.com/our-tequilas/,2026-06-27,https://cdn11.bigcommerce.com/s-u9ww3di/products/6348/images/15540/G4_blamco_premium___11490.1623785491.600.600.png?c=2,tequila_mexico
Tequila,Destilería El Pandillo (NOM 1579),"Jesús María, Jalisco, Mexico",G4,own_make,,FALSE,FALSE,"Extra Añejo; 100% Agave, Highland; 5 Year",5 years,,,,,100% Blue Weber Agave,Ex-George Dickel Tennessee whiskey,,https://g4tequilas.com/our-tequilas/,2026-06-27,https://cdn11.bigcommerce.com/s-u9ww3di/products/6348/images/15540/G4_blamco_premium___11490.1623785491.600.600.png?c=2,tequila_mexico
Tequila,Destilería El Pandillo (NOM 1579),"Jesús María, Jalisco, Mexico",G4,own_make,,FALSE,TRUE,"Extra Añejo; 100% Agave, Highland, Wine cask, Cask Strength; 7 Year Reserva Especial",7 years,,,,,100% Blue Weber Agave,Ex-George Dickel + French oak wine barrels,French oak wine cask,https://g4tequilas.com/our-tequilas/,2026-06-23,https://cdn11.bigcommerce.com/s-u9ww3di/products/14008/images/20227/G4_Extra_Aejo_Edicion_Especial_7_Aos1__39207.1726385444.600.600.png?c=2,tequila_mexico
Tequila,Destilería El Pandillo (NOM 1579),"Jesús María, Jalisco, Mexico",Pasote,sourced,Pasote,TRUE,FALSE,"Blanco; 100% Agave, Highland",NAS,,,80,40,100% Blue Weber Agave,,,https://www.tequilamatchmaker.com/brands/1861-pasote,2026-06-08,,tequila_mexico
Tequila,Destilería El Pandillo (NOM 1579),"Jesús María, Jalisco, Mexico",Pasote,sourced,Pasote,TRUE,FALSE,"Blanco; 100% Agave, Highland, Cask Strength; Still Strength",NAS,,,110,55,100% Blue Weber Agave,,,https://raretequilas.com/products/pasote-still-strength-blanco-tequila,2026-06-27,https://raretequilas.com/cdn/shop/files/pasote-still-strength-blanco-tequila_1200x1200.png,tequila_mexico
Tequila,Destilería El Pandillo (NOM 1579),"Jesús María, Jalisco, Mexico",Pasote,sourced,Pasote,TRUE,FALSE,"Reposado; 100% Agave, Highland",,,,80,40,100% Blue Weber Agave,Ex-bourbon,,https://www.tequilamatchmaker.com/brands/1861-pasote,2026-06-08,,tequila_mexico
Tequila,Destilería El Pandillo (NOM 1579),"Jesús María, Jalisco, Mexico",Pasote,sourced,Pasote,TRUE,FALSE,"Añejo; 100% Agave, Highland",,,,80,40,100% Blue Weber Agave,Ex-bourbon,,https://www.tequilamatchmaker.com/tequilas/5709-pasote-anejo,2026-06-27,https://www.kuinak.com/system/base_product_images/images/000/017/283/detail/pasote-anejo-2.jpg,tequila_mexico
Tequila,Destilería El Pandillo (NOM 1579),"Jesús María, Jalisco, Mexico",Pasote,sourced,Pasote,TRUE,FALSE,"Extra Añejo; 100% Agave, Highland",48 months,,,90,45,100% Blue Weber Agave,Ex-bourbon (underground cave aging),,https://www.ohlq.com,2026-06-08,,tequila_mexico
Tequila,Destiladora de Agave Azul / AsomBroso (NOM 1424),"San Juanito de Escobedo, Jalisco, Mexico",AsomBroso,own_make,,FALSE,FALSE,Blanco; 100% Agave; Silver / El Platino,NAS,,,80,40,100% Blue Weber Agave,,,https://www.oldtowntequila.com/brands/Asombroso.html,2026-06-08,,tequila_mexico
Tequila,Destiladora de Agave Azul / AsomBroso (NOM 1424),"San Juanito de Escobedo, Jalisco, Mexico",AsomBroso,own_make,,FALSE,FALSE,"Reposado; 100% Agave, Wine cask; La Rosa 3 Month",3 months,,,80,40,100% Blue Weber Agave,Used French oak Bordeaux wine barrels,Bordeaux wine cask,https://www.tequilamatchmaker.com/tequilas/2534-asombroso-la-rosa-3-month,2026-06-27,https://www.kuinak.com/system/base_product_images/images/000/019/012/detail/asombroso-la-rosa-3-month-2.jpg,tequila_mexico
Tequila,Destiladora de Agave Azul / AsomBroso (NOM 1424),"San Juanito de Escobedo, Jalisco, Mexico",AsomBroso,own_make,,FALSE,FALSE,"Reposado; 100% Agave, Wine cask; La Rosa 11 Month",11 months,,,80,40,100% Blue Weber Agave,French oak Bordeaux wine barrels,Bordeaux wine cask,https://www.tequilamatchmaker.com/tequilas/2535-asombroso-la-rosa-11-month,2026-06-27,https://www.kuinak.com/system/base_product_images/images/000/006/444/detail/asombroso-la-rosa-11-month-2.jpg,tequila_mexico
Tequila,Destiladora de Agave Azul / AsomBroso (NOM 1424),"San Juanito de Escobedo, Jalisco, Mexico",AsomBroso,own_make,,FALSE,FALSE,Añejo; 100% Agave,,,,80,40,100% Blue Weber Agave,French + American oak,,https://www.oldtowntequila.com/brands/Asombroso.html,2026-06-08,,tequila_mexico
Tequila,Destiladora de Agave Azul / AsomBroso (NOM 1424),"San Juanito de Escobedo, Jalisco, Mexico",AsomBroso,own_make,,FALSE,FALSE,"Extra Añejo; 100% Agave, Port cask; Del Porto",12 years,,,80,40,100% Blue Weber Agave,French oak,Portuguese port barrels,https://exclusive-tequila.myshopify.com/products/del-porto-extra-anejo,2026-06-27,http://exclusive-tequila.myshopify.com/cdn/shop/products/Del_Porto_BOBO_IMAGE_grande.jpg,tequila_mexico
Tequila,Destiladora de Agave Azul / AsomBroso (NOM 1424),"San Juanito de Escobedo, Jalisco, Mexico",AsomBroso,own_make,,FALSE,FALSE,Extra Añejo; 100% Agave; Vintage 5 Year,5 years,,,80,40,100% Blue Weber Agave,French oak,,https://www.oldtowntequila.com/brands/Asombroso.html,2026-06-08,,tequila_mexico
Tequila,Destiladora de Agave Azul / AsomBroso (NOM 1424),"San Juanito de Escobedo, Jalisco, Mexico",AsomBroso,own_make,,FALSE,FALSE,Extra Añejo; 100% Agave; Vintage 10 Year,10 years,,,80,40,100% Blue Weber Agave,French oak,,https://www.oldtowntequila.com/brands/Asombroso.html,2026-06-08,,tequila_mexico
Tequila,Destiladora de Agave Azul / AsomBroso (NOM 1424),"San Juanito de Escobedo, Jalisco, Mexico",AsomBroso,own_make,,FALSE,FALSE,Extra Añejo; 100% Agave; Vintage 11 Year,11 years,,,80,40,100% Blue Weber Agave,New French oak,,https://woodencork.com/products/asombroso-vintage-11-year-extra-anejo-tequila,2026-06-27,http://woodencork.com/cdn/shop/products/vintagepng_900x_1afd9788-c080-4740-833e-904d63cd8a59.png,tequila_mexico
Tequila,Cascahuín (NOM 1123),"El Arenal, Jalisco, Mexico",Cascahuín,own_make,,FALSE,FALSE,"Blanco; 100% Agave, Lowland",NAS,,,80,40,100% Blue Weber Agave,,,https://siptequila.com/collections/tequila-cascahuin,2026-06-27,http://siptequila.com/cdn/shop/collections/Cascahuin--300x300.jpg,tequila_mexico
Tequila,Cascahuín (NOM 1123),"El Arenal, Jalisco, Mexico",Cascahuín,own_make,,FALSE,FALSE,"Blanco; 100% Agave, Lowland, Cask Strength; Plata 48",NAS,,,96,48,100% Blue Weber Agave,,,https://siptequila.com/collections/tequila-cascahuin,2026-06-27,http://siptequila.com/cdn/shop/collections/Cascahuin--300x300.jpg,tequila_mexico
Tequila,Cascahuín (NOM 1123),"El Arenal, Jalisco, Mexico",Cascahuín,own_make,,FALSE,FALSE,"Blanco; 100% Agave, Lowland, Tahona",NAS,,,84,42,100% Blue Weber Agave,,,https://siptequila.com/collections/tequila-cascahuin,2026-06-27,http://siptequila.com/cdn/shop/collections/Cascahuin--300x300.jpg,tequila_mexico
Tequila,Cascahuín (NOM 1123),"El Arenal, Jalisco, Mexico",Cascahuín,own_make,,FALSE,FALSE,"Reposado; 100% Agave, Lowland",6-8 months,,,80,40,100% Blue Weber Agave,Well-worn American oak,,https://siptequila.com/collections/tequila-cascahuin,2026-06-27,http://siptequila.com/cdn/shop/collections/Cascahuin--300x300.jpg,tequila_mexico
Tequila,Cascahuín (NOM 1123),"El Arenal, Jalisco, Mexico",Cascahuín,own_make,,FALSE,FALSE,"Añejo; 100% Agave, Lowland",,,,80,40,100% Blue Weber Agave,American oak,,https://siptequila.com/collections/tequila-cascahuin,2026-06-27,http://siptequila.com/cdn/shop/collections/Cascahuin--300x300.jpg,tequila_mexico
Tequila,Cascahuín (NOM 1123),"El Arenal, Jalisco, Mexico",Cascahuín,own_make,,FALSE,FALSE,"Extra Añejo; 100% Agave, Lowland",48 months,,,86,43,100% Blue Weber Agave,American white oak / ex-bourbon,,https://siptequila.com/collections/tequila-cascahuin,2026-06-27,http://siptequila.com/cdn/shop/collections/Cascahuin--300x300.jpg,tequila_mexico
Tequila,Tequilera El Llano / Arette (NOM 1109),"Tequila, Jalisco, Mexico",Arette,own_make,,FALSE,FALSE,Blanco; 100% Agave; Classic,NAS,,,80,40,100% Blue Weber Agave,,,https://www.oldtowntequila.com/brands/Arette.html,2026-06-23,https://cdn11.bigcommerce.com/s-u9ww3di/products/4491/images/14560/arette_blanco__45402.1753132042.600.600.png?c=2,tequila_mexico
Tequila,Tequilera El Llano / Arette (NOM 1109),"Tequila, Jalisco, Mexico",Arette,own_make,,FALSE,FALSE,Reposado; 100% Agave; Classic,,,,80,40,100% Blue Weber Agave,American oak,,https://www.oldtowntequila.com/brands/Arette.html,2026-06-23,https://cdn11.bigcommerce.com/s-u9ww3di/products/4490/images/9461/Arette_Reposado_750ml__81196.1753132153.600.600.JPG?c=2,tequila_mexico
Tequila,Tequilera El Llano / Arette (NOM 1109),"Tequila, Jalisco, Mexico",Arette,own_make,,FALSE,FALSE,Añejo; 100% Agave; Classic,12 months,,,80,40,100% Blue Weber Agave,American oak,,https://www.oldtowntequila.com/brands/Arette.html,2026-06-27,https://cdn11.bigcommerce.com/s-u9ww3di/products/4491/images/14560/arette_blanco__45402.1753132042.600.600.png?c=2,tequila_mexico
Tequila,Tequilera El Llano / Arette (NOM 1109),"Tequila, Jalisco, Mexico",Arette,own_make,,FALSE,FALSE,"Extra Añejo; 100% Agave, Single Barrel; Artesanal Gran Clase",48 months,,,80,40,100% Blue Weber Agave,Single-barrel ex-bourbon American oak,,https://www.oldtowntequila.com/brands/Arette.html,2026-06-23,https://cdn11.bigcommerce.com/s-u9ww3di/products/4495/images/16630/Arette_Gran_Clase_Extra_Anejo_px__57694.1636959881.600.600.png?c=2,tequila_mexico
Tequila,Tequilera El Llano / Arette (NOM 1109),"Tequila, Jalisco, Mexico",Arette,own_make,,FALSE,FALSE,Blanco; 100% Agave; Artesanal Suave,NAS,,,76,38,100% Blue Weber Agave,,,https://www.oldtowntequila.com/brands/Arette.html,2026-06-23,https://cdn11.bigcommerce.com/s-u9ww3di/products/4488/images/21956/Arette_Blanco__17756.1771665708.600.600.png?c=2,tequila_mexico
Tequila,Tequilera El Llano / Arette (NOM 1109),"Tequila, Jalisco, Mexico",Arette,own_make,,FALSE,FALSE,Reposado; 100% Agave; Artesanal Suave,11 months,,,76,38,100% Blue Weber Agave,Ex-bourbon,,https://www.oldtowntequila.com/brands/Arette.html,2026-06-27,https://cdn11.bigcommerce.com/s-u9ww3di/products/4491/images/14560/arette_blanco__45402.1753132042.600.600.png?c=2,tequila_mexico
Tequila,Tequilera El Llano / Arette (NOM 1109),"Tequila, Jalisco, Mexico",Arette,own_make,,FALSE,FALSE,Añejo; 100% Agave; Artesanal Suave,18 months,,,76,38,100% Blue Weber Agave,American white oak,,https://www.oldtowntequila.com/brands/Arette.html,2026-06-27,https://cdn11.bigcommerce.com/s-u9ww3di/products/4491/images/14560/arette_blanco__45402.1753132042.600.600.png?c=2,tequila_mexico
Tequila,Tequilera El Llano / Arette (NOM 1109),"Tequila, Jalisco, Mexico",Arette,own_make,,FALSE,FALSE,"Blanco; 100% Agave, Cask Strength; Artesanal Suave Fuerte 101",NAS,,,101,50.5,100% Blue Weber Agave,,,https://www.oldtowntequila.com/brands/Arette.html,2026-06-27,https://cdn11.bigcommerce.com/s-u9ww3di/products/4491/images/14560/arette_blanco__45402.1753132042.600.600.png?c=2,tequila_mexico
Tequila,La Guarreña / El Tequileño (NOM 1108),"Tequila, Jalisco, Mexico",El Tequileño,own_make,,FALSE,FALSE,Blanco; 100% Agave; Platino,14 days,,,80,40,100% Blue Weber Agave,American oak rest,,https://siptequila.com,2026-06-28,NULL,tequila_mexico
Tequila,La Guarreña / El Tequileño (NOM 1108),"Tequila, Jalisco, Mexico",El Tequileño,own_make,,FALSE,FALSE,Blanco; 100% Agave,,,,,,100% Blue Weber Agave,,,https://siptequila.com,2026-06-28,NULL,tequila_mexico
Tequila,La Guarreña / El Tequileño (NOM 1108),"Tequila, Jalisco, Mexico",El Tequileño,own_make,,FALSE,FALSE,Reposado; 100% Agave,,,,,,100% Blue Weber Agave,American oak,,https://siptequila.com,2026-06-28,NULL,tequila_mexico
Tequila,La Guarreña / El Tequileño (NOM 1108),"Tequila, Jalisco, Mexico",El Tequileño,own_make,,FALSE,FALSE,Reposado; 100% Agave; Gran Reserva,8 months,,,80,40,100% Blue Weber Agave,American oak,,https://siptequila.com,2026-06-28,NULL,tequila_mexico
Tequila,La Guarreña / El Tequileño (NOM 1108),"Tequila, Jalisco, Mexico",El Tequileño,own_make,,FALSE,FALSE,Reposado; 100% Agave; Rare,6 years,,,,,100% Blue Weber Agave,Large American oak Pipón (>600L),,https://siptequila.com,2026-06-28,NULL,tequila_mexico
Tequila,La Guarreña / El Tequileño (NOM 1108),"Tequila, Jalisco, Mexico",El Tequileño,own_make,,FALSE,FALSE,Añejo; 100% Agave; Gran Reserva,,,,,,100% Blue Weber Agave,Oak,,https://siptequila.com,2026-06-28,NULL,tequila_mexico
Tequila,Tequila Partida (NOM 1502),"Tequila, Jalisco, Mexico",Partida,own_make,,FALSE,FALSE,Blanco; 100% Agave,NAS,,,80,40,100% Blue Weber Agave,,,https://siptequila.com/products/partida-blanco-tequila,2026-06-23,https://siptequila.com/cdn/shop/files/2080-PARTIDA-BLANCO_Reserva.jpg?v=1696448579&width=2048,tequila_mexico
Tequila,Tequila Partida (NOM 1502),"Tequila, Jalisco, Mexico",Partida,own_make,,FALSE,FALSE,Reposado; 100% Agave,,,,80,40,100% Blue Weber Agave,Ex-bourbon (Jack Daniel's),,https://siptequila.com,2026-06-28,NULL,tequila_mexico
Tequila,Tequila Partida (NOM 1502),"Tequila, Jalisco, Mexico",Partida,own_make,,FALSE,FALSE,Añejo; 100% Agave,18 months,,,80,40,100% Blue Weber Agave,One-use ex-Jack Daniel's,,https://siptequila.com,2026-06-28,NULL,tequila_mexico
Tequila,Tequila Partida (NOM 1502),"Tequila, Jalisco, Mexico",Partida,own_make,,FALSE,FALSE,Cristalino; 100% Agave; Añejo Cristalino,18 months,,,80,40,100% Blue Weber Agave,Ex-bourbon; charcoal-filtered,,https://siptequila.com,2026-06-28,NULL,tequila_mexico
Tequila,Tequila Partida (NOM 1502),"Tequila, Jalisco, Mexico",Partida,own_make,,FALSE,FALSE,Extra Añejo; 100% Agave; Elegante,48 months,,,80,40,100% Blue Weber Agave,Oak,,https://siptequila.com,2026-06-28,NULL,tequila_mexico
Tequila,Tequila Partida (NOM 1502),"Tequila, Jalisco, Mexico",Partida,own_make,,FALSE,FALSE,"Reposado; 100% Agave, Sherry cask; Roble Fino",6 months,,,80,40,100% Blue Weber Agave,Ex-bourbon,Sherry-seasoned single-malt cask,https://siptequila.com,2026-06-28,NULL,tequila_mexico
Tequila,Tequila Partida (NOM 1502),"Tequila, Jalisco, Mexico",Partida,own_make,,FALSE,FALSE,"Cristalino; 100% Agave, Sherry cask; Roble Fino Reposado Cristalino",,,,80,40,100% Blue Weber Agave,Ex-bourbon,Sherry-seasoned single-malt cask; filtered,https://siptequila.com,2026-06-28,NULL,tequila_mexico
Tequila,Tequila Partida (NOM 1502),"Tequila, Jalisco, Mexico",Partida,own_make,,FALSE,FALSE,"Añejo; 100% Agave, Sherry cask; Roble Fino",18 months,,,90,45,100% Blue Weber Agave,Ex-bourbon,Sherry-seasoned single-malt cask,https://siptequila.com,2026-06-28,NULL,tequila_mexico
Tequila,Tequilas del Señor (NOM 1124),"Guadalajara, Jalisco, Mexico",Reserva del Señor,own_make,,FALSE,FALSE,Blanco; 100% Agave,NAS,,,76,38,100% Blue Weber Agave,,,https://www.tequilamatchmaker.com,2026-06-08,,tequila_mexico
Tequila,Tequilas del Señor (NOM 1124),"Guadalajara, Jalisco, Mexico",Reserva del Señor,own_make,,FALSE,FALSE,Reposado; 100% Agave,11 months,,,80,40,100% Blue Weber Agave,Oak,,https://www.tequilamatchmaker.com,2026-06-08,,tequila_mexico
Tequila,Tequilas del Señor (NOM 1124),"Guadalajara, Jalisco, Mexico",Reserva del Señor,own_make,,FALSE,FALSE,Añejo; 100% Agave,,,,80,40,100% Blue Weber Agave,Oak,,https://www.tequilamatchmaker.com,2026-06-08,,tequila_mexico
Tequila,Tequilas del Señor (NOM 1124),"Guadalajara, Jalisco, Mexico",Real de Penjamo,own_make,,FALSE,FALSE,Blanco; 100% Agave,NAS,,,,,100% Blue Weber Agave,,,https://www.tequilamatchmaker.com,2026-06-08,,tequila_mexico
Tequila,Tequilas del Señor (NOM 1124),"Guadalajara, Jalisco, Mexico",Real de Penjamo,own_make,,FALSE,FALSE,Reposado; 100% Agave,,,,,,100% Blue Weber Agave,Oak,,https://www.tequilamatchmaker.com,2026-06-08,,tequila_mexico
Tequila,Tequilas del Señor (NOM 1124),"Guadalajara, Jalisco, Mexico",Real de Penjamo,own_make,,FALSE,FALSE,Añejo; 100% Agave,,,,,,100% Blue Weber Agave,Oak,,https://www.tequilamatchmaker.com,2026-06-08,,tequila_mexico
Tequila,Tequilera Tap / Cazcanes (NOM 1614),"Amatitán, Jalisco, Mexico",Cazcanes,own_make,,FALSE,FALSE,Blanco; 100% Agave; No. 7,NAS,,,80,40,100% Blue Weber Agave,,,https://siptequila.com/collections/cazcanes; https://www.agavematchmaker.com/distilleries/357-tequilera-tap-s-de-r-l-de-c-v,2026-10-04,http://siptequila.com/cdn/shop/collections/Cazcanes.png,tequila_mexico
Tequila,Tequilera Tap / Cazcanes (NOM 1614),"Amatitán, Jalisco, Mexico",Cazcanes,own_make,,FALSE,FALSE,"Blanco; 100% Agave, Cask Strength; No. 9",NAS,,,100,50,100% Blue Weber Agave,,,https://siptequila.com/collections/cazcanes; https://www.agavematchmaker.com/distilleries/357-tequilera-tap-s-de-r-l-de-c-v,2026-10-04,http://siptequila.com/cdn/shop/collections/Cazcanes.png,tequila_mexico
Tequila,Tequilera Tap / Cazcanes (NOM 1614),"Amatitán, Jalisco, Mexico",Cazcanes,own_make,,FALSE,FALSE,"Blanco; 100% Agave, Cask Strength; No. 10 Still Strength",NAS,,,108,54,100% Blue Weber Agave,,,https://siptequila.com/collections/cazcanes; https://www.agavematchmaker.com/distilleries/357-tequilera-tap-s-de-r-l-de-c-v,2026-10-04,http://siptequila.com/cdn/shop/collections/Cazcanes.png,tequila_mexico
Tequila,Tequilera Tap / Cazcanes (NOM 1614),"Amatitán, Jalisco, Mexico",Cazcanes,own_make,,FALSE,FALSE,Joven; 100% Agave; No. 7,,,,,,100% Blue Weber Agave,,,https://siptequila.com/collections/cazcanes; https://www.agavematchmaker.com/distilleries/357-tequilera-tap-s-de-r-l-de-c-v,2026-10-04,http://siptequila.com/cdn/shop/collections/Cazcanes.png,tequila_mexico
Tequila,Tequilera Tap / Cazcanes (NOM 1614),"Amatitán, Jalisco, Mexico",Cazcanes,own_make,,FALSE,FALSE,Joven; 100% Agave; No. 9,,,,100,50,100% Blue Weber Agave,,,https://siptequila.com/collections/cazcanes; https://www.agavematchmaker.com/distilleries/357-tequilera-tap-s-de-r-l-de-c-v,2026-10-04,http://siptequila.com/cdn/shop/collections/Cazcanes.png,tequila_mexico
Tequila,Tequilera Tap / Cazcanes (NOM 1614),"Amatitán, Jalisco, Mexico",Cazcanes,own_make,,FALSE,FALSE,Reposado; 100% Agave; No. 7,12 months,,,80,40,100% Blue Weber Agave,American oak,,https://siptequila.com/collections/cazcanes; https://www.agavematchmaker.com/distilleries/357-tequilera-tap-s-de-r-l-de-c-v,2026-10-04,http://siptequila.com/cdn/shop/collections/Cazcanes.png,tequila_mexico
Tequila,Tequilera Tap / Cazcanes (NOM 1614),"Amatitán, Jalisco, Mexico",Cazcanes,own_make,,FALSE,FALSE,Reposado; 100% Agave; No. 9,,,,,,100% Blue Weber Agave,American oak,,https://siptequila.com/collections/cazcanes; https://www.agavematchmaker.com/distilleries/357-tequilera-tap-s-de-r-l-de-c-v,2026-10-04,http://siptequila.com/cdn/shop/collections/Cazcanes.png,tequila_mexico
Tequila,Tequilera Tap / Cazcanes (NOM 1614),"Amatitán, Jalisco, Mexico",Cazcanes,own_make,,FALSE,FALSE,"Reposado; 100% Agave, Cask Strength; No. 9 Rosa",,,,100,50,100% Blue Weber Agave,American oak,,https://siptequila.com/collections/cazcanes; https://www.agavematchmaker.com/distilleries/357-tequilera-tap-s-de-r-l-de-c-v,2026-10-04,http://siptequila.com/cdn/shop/collections/Cazcanes.png,tequila_mexico
Tequila,Tequilera Tap / Cazcanes (NOM 1614),"Amatitán, Jalisco, Mexico",Cazcanes,own_make,,FALSE,FALSE,Añejo; 100% Agave; No. 7,24 months,,,80,40,100% Blue Weber Agave,American oak,,https://siptequila.com/collections/cazcanes; https://www.agavematchmaker.com/distilleries/357-tequilera-tap-s-de-r-l-de-c-v,2026-10-04,http://siptequila.com/cdn/shop/collections/Cazcanes.png,tequila_mexico
Tequila,Tequilera Tap / Cazcanes (NOM 1614),"Amatitán, Jalisco, Mexico",Cazcanes,own_make,,FALSE,FALSE,Extra Añejo; 100% Agave; No. 7,37 months,,,80,40,100% Blue Weber Agave,Recharred American oak (ex-bourbon),,https://siptequila.com/collections/cazcanes; https://www.agavematchmaker.com/distilleries/357-tequilera-tap-s-de-r-l-de-c-v,2026-10-04,http://siptequila.com/cdn/shop/collections/Cazcanes.png,tequila_mexico
Tequila,Compañía Tequilera de Arandas (NOM 1460),"Arandas, Jalisco, Mexico",Riazul,sourced,Riazul,TRUE,FALSE,Blanco; 100% Agave,NAS,,,80,40,100% Blue Weber Agave,,,https://raretequilas.com; https://www.agavematchmaker.com/distilleries/172-compania-tequilera-de-arandas-s-a-de-c-v,2026-10-04,,tequila_mexico
Tequila,Compañía Tequilera de Arandas (NOM 1460),"Arandas, Jalisco, Mexico",Riazul,sourced,Riazul,TRUE,FALSE,Reposado; 100% Agave,9 months,,,80,40,100% Blue Weber Agave,Used French + American oak,,https://raretequilas.com; https://www.agavematchmaker.com/distilleries/172-compania-tequilera-de-arandas-s-a-de-c-v,2026-10-04,,tequila_mexico
Tequila,Compañía Tequilera de Arandas (NOM 1460),"Arandas, Jalisco, Mexico",Riazul,sourced,Riazul,TRUE,FALSE,"Añejo; 100% Agave, Cognac cask",2 years,,,80,40,100% Blue Weber Agave,French oak cured with XO Cognac,Cognac,https://raretequilas.com; https://www.agavematchmaker.com/distilleries/172-compania-tequilera-de-arandas-s-a-de-c-v,2026-10-04,,tequila_mexico
Tequila,Compañía Tequilera de Arandas (NOM 1460),"Arandas, Jalisco, Mexico",Riazul,sourced,Riazul,TRUE,FALSE,"Extra Añejo; 100% Agave, Sherry cask",4 years,,,80,40,100% Blue Weber Agave,American oak ex-bourbon (3yr),Oloroso sherry (1yr),https://raretequilas.com; https://www.agavematchmaker.com/distilleries/172-compania-tequilera-de-arandas-s-a-de-c-v,2026-10-04,,tequila_mexico
Tequila,Tequila El Viejito (NOM 1107),"Atotonilco el Alto, Jalisco, Mexico",Tromba,sourced,Tromba,TRUE,FALSE,Blanco; 100% Agave,NAS,,,74,37,100% Blue Weber Agave,,,https://www.tequilamatchmaker.com,2026-06-08,,tequila_mexico
Tequila,Tequila El Viejito (NOM 1107),"Atotonilco el Alto, Jalisco, Mexico",Tromba,sourced,Tromba,TRUE,FALSE,Reposado; 100% Agave,6-8 months,,,70,35,100% Blue Weber Agave,Ex-Jack Daniel's,,https://www.tequilamatchmaker.com,2026-06-08,,tequila_mexico
Tequila,Tequila El Viejito (NOM 1107),"Atotonilco el Alto, Jalisco, Mexico",Tromba,sourced,Tromba,TRUE,FALSE,Añejo; 100% Agave,,,,72,36,100% Blue Weber Agave,Oak,,https://www.tequilamatchmaker.com,2026-06-08,,tequila_mexico
Tequila,Destilería El Pandillo (NOM 1579),"Jesús María, Jalisco, Mexico",ArteNOM Selección,sourced,ArteNOM Selección,TRUE,FALSE,"Blanco; 100% Agave, Highland; Selección de 1579",NAS,,,81.4,40.7,100% Blue Weber Agave,,,https://deltequila.com/the-selecciones/,2026-06-08,,tequila_mexico
Tequila,Cascahuín (NOM 1123),"El Arenal, Jalisco, Mexico",ArteNOM Selección,sourced,ArteNOM Selección,TRUE,FALSE,"Blanco; 100% Agave, Lowland; Selección de 1123",NAS,,,86,43,100% Blue Weber Agave,,,https://deltequila.com/the-selecciones/,2026-06-08,,tequila_mexico
Tequila,Feliciano Vivanco / Destilería El Ranchito (NOM 1414),"Arandas, Jalisco, Mexico",ArteNOM Selección,sourced,ArteNOM Selección,TRUE,FALSE,"Reposado; 100% Agave, Highland; Selección de 1414",,,,80,40,100% Blue Weber Agave,Oak,,https://deltequila.com/the-selecciones/,2026-06-08,,tequila_mexico
Tequila,La Tequileña (NOM 1146),"Tequila, Jalisco, Mexico",ArteNOM Selección,sourced,ArteNOM Selección,TRUE,FALSE,Añejo; 100% Agave; Selección de 1146,,,,82.6,41.3,100% Blue Weber Agave,Oak,,https://deltequila.com/the-selecciones/,2026-06-08,,tequila_mexico
Tequila,Destiladora del Valle de Tequila / Casa Maestri (NOM 1438),"Tequila, Jalisco, Mexico",Casa Maestri,own_make,,FALSE,FALSE,Blanco; 100% Agave; Reserva de MFM,NAS,,,80,40,100% Blue Weber Agave,,,https://www.agavematchmaker.com/distilleries/186-destiladora-del-valle-de-tequila-casa-maestri,2026-06-08,,tequila_mexico
Tequila,Destiladora del Valle de Tequila / Casa Maestri (NOM 1438),"Tequila, Jalisco, Mexico",Casa Maestri,own_make,,FALSE,FALSE,Reposado; 100% Agave; Reserva de MFM,8 months,,,80,40,100% Blue Weber Agave,Whiskey barrels,,https://www.agavematchmaker.com/distilleries/186-destiladora-del-valle-de-tequila-casa-maestri,2026-06-08,,tequila_mexico
Tequila,Destiladora del Valle de Tequila / Casa Maestri (NOM 1438),"Tequila, Jalisco, Mexico",Casa Maestri,own_make,,FALSE,FALSE,Añejo; 100% Agave; Reserva de MFM,14 months,,,80,40,100% Blue Weber Agave,Whiskey barrels,,https://www.agavematchmaker.com/distilleries/186-destiladora-del-valle-de-tequila-casa-maestri,2026-06-08,,tequila_mexico
Tequila,Destiladora del Valle de Tequila / Casa Maestri (NOM 1438),"Tequila, Jalisco, Mexico",Casa Maestri,own_make,,FALSE,FALSE,Extra Añejo; 100% Agave; Reserva de MFM,,,,80,40,100% Blue Weber Agave,,,https://www.agavematchmaker.com/distilleries/186-destiladora-del-valle-de-tequila-casa-maestri,2026-06-08,,tequila_mexico
Tequila,Destiladora del Valle de Tequila / Casa Maestri (NOM 1438),"Tequila, Jalisco, Mexico",Hussong's,sourced,Hussong's,TRUE,FALSE,Cristalino; 100% Agave; Platinum,15 months,,,80,40,100% Blue Weber Agave,Ex-bourbon; charcoal-filtered,,https://www.agavematchmaker.com/distilleries/186-destiladora-del-valle-de-tequila-casa-maestri,2026-06-08,,tequila_mexico
Tequila,Destiladora del Valle de Tequila / Casa Maestri (NOM 1438),"Tequila, Jalisco, Mexico",Hussong's,sourced,Hussong's,TRUE,FALSE,Reposado; 100% Agave,5 months,,,80,40,100% Blue Weber Agave,Used bourbon,,https://www.agavematchmaker.com/distilleries/186-destiladora-del-valle-de-tequila-casa-maestri,2026-06-08,,tequila_mexico
Tequila,Destiladora del Valle de Tequila / Casa Maestri (NOM 1438),"Tequila, Jalisco, Mexico",Hussong's,sourced,Hussong's,TRUE,FALSE,Añejo; 100% Agave,15 months,,,80,40,100% Blue Weber Agave,Whiskey barrels,,https://www.agavematchmaker.com/distilleries/186-destiladora-del-valle-de-tequila-casa-maestri,2026-06-08,,tequila_mexico
Tequila,Destiladora del Valle de Tequila / Casa Maestri (NOM 1438),"Tequila, Jalisco, Mexico",El Jefe,sourced,El Jefe,TRUE,FALSE,Blanco; 100% Agave; Silver,NAS,,,80,40,100% Blue Weber Agave,,,https://eljefetequila.com,2026-06-27,"https://static.wixstatic.com/media/5b0f4f_a3d0251f6cf941108b280c2717b60afa%7Emv2.png/v1/fit/w_2500,h_1330,al_c/5b0f4f_a3d0251f6cf941108b280c2717b60afa%7Emv2.png",tequila_mexico
Tequila,Destiladora del Valle de Tequila / Casa Maestri (NOM 1438),"Tequila, Jalisco, Mexico",El Jefe,sourced,El Jefe,TRUE,FALSE,Reposado; 100% Agave,,,,80,40,100% Blue Weber Agave,Oak,,https://eljefetequila.com,2026-06-27,"https://static.wixstatic.com/media/5b0f4f_a3d0251f6cf941108b280c2717b60afa%7Emv2.png/v1/fit/w_2500,h_1330,al_c/5b0f4f_a3d0251f6cf941108b280c2717b60afa%7Emv2.png",tequila_mexico
Tequila,Destiladora del Valle de Tequila / Casa Maestri (NOM 1438),"Tequila, Jalisco, Mexico",El Jefe,sourced,El Jefe,TRUE,FALSE,Cristalino; 100% Agave; Reposado Cristalino,,,,80,40,100% Blue Weber Agave,Oak; filtered,,https://eljefetequila.com,2026-06-27,"https://static.wixstatic.com/media/5b0f4f_a3d0251f6cf941108b280c2717b60afa%7Emv2.png/v1/fit/w_2500,h_1330,al_c/5b0f4f_a3d0251f6cf941108b280c2717b60afa%7Emv2.png",tequila_mexico
Tequila,Destiladora del Valle de Tequila / Casa Maestri (NOM 1438),"Tequila, Jalisco, Mexico",El Jefe,sourced,El Jefe,TRUE,FALSE,Añejo; 100% Agave,,,,80,40,100% Blue Weber Agave,Oak,,https://eljefetequila.com,2026-06-27,"https://static.wixstatic.com/media/5b0f4f_a3d0251f6cf941108b280c2717b60afa%7Emv2.png/v1/fit/w_2500,h_1330,al_c/5b0f4f_a3d0251f6cf941108b280c2717b60afa%7Emv2.png",tequila_mexico
Tequila,Destiladora del Valle de Tequila / Casa Maestri (NOM 1438),"Tequila, Jalisco, Mexico",Agavales,sourced,Agavales,TRUE,FALSE,Blanco; 100% Agave,NAS,,,80,40,100% Blue Weber Agave,,,https://www.totalwine.com,2026-06-08,,tequila_mexico
Tequila,Destiladora del Valle de Tequila / Casa Maestri (NOM 1438),"Tequila, Jalisco, Mexico",Agavales,sourced,Agavales,TRUE,FALSE,Reposado; 100% Agave,6 months,,,80,40,100% Blue Weber Agave,Bourbon oak,,https://www.totalwine.com,2026-06-08,,tequila_mexico
Tequila,Destiladora del Valle de Tequila / Casa Maestri (NOM 1438),"Tequila, Jalisco, Mexico",Agavales,sourced,Agavales,TRUE,FALSE,Añejo; 100% Agave,,,,80,40,100% Blue Weber Agave,Oak,,https://www.totalwine.com,2026-06-08,,tequila_mexico
Tequila,Destiladora del Valle de Tequila / Casa Maestri (NOM 1438),"Tequila, Jalisco, Mexico",El Padrino de Mi Tierra,sourced,El Padrino de Mi Tierra,TRUE,FALSE,Blanco; 100% Agave,NAS,,,80,40,100% Blue Weber Agave,Copper pot still,,https://www.totalwine.com,2026-06-08,,tequila_mexico
Tequila,Destiladora del Valle de Tequila / Casa Maestri (NOM 1438),"Tequila, Jalisco, Mexico",El Padrino de Mi Tierra,sourced,El Padrino de Mi Tierra,TRUE,FALSE,Reposado; 100% Agave,,,,80,40,100% Blue Weber Agave,Oak,,https://www.totalwine.com,2026-06-08,,tequila_mexico
Tequila,Destiladora del Valle de Tequila / Casa Maestri (NOM 1438),"Tequila, Jalisco, Mexico",El Padrino de Mi Tierra,sourced,El Padrino de Mi Tierra,TRUE,FALSE,Añejo; 100% Agave,,,,80,40,100% Blue Weber Agave,Oak,,https://www.totalwine.com,2026-06-08,,tequila_mexico
Tequila,Destiladora del Valle de Tequila / Casa Maestri (NOM 1438),"Tequila, Jalisco, Mexico",El Padrino de Mi Tierra,sourced,El Padrino de Mi Tierra,TRUE,FALSE,Extra Añejo; 100% Agave,,,,80,40,100% Blue Weber Agave,Oak,,https://www.totalwine.com,2026-06-08,,tequila_mexico
Tequila,Inulina y Miel de Agave (NOM 1605),"Capilla de Guadalupe, Jalisco, Mexico",Ghost Tequila,sourced,Ghost Tequila,TRUE,FALSE,Blanco; Flavored; Chili Infused,NULL,NULL,NULL,80,40,100% Blue Weber Agave,NULL,NULL,https://ghosttequila.com/pages/blanco; https://www.abc.virginia.gov/products/tequila/ghost-tequila-blanco; https://www.agavematchmaker.com/agave_spirits/6429-ghost-tequila-blanco,2026-10-04,https://www.kuinak.com/system/base_product_images/images/000/012/811/detail/ghost-tequila-blanco-2.jpg,tequila_mexico
Tequila,La Alteña Distillery (NOM 1139),"Arandas, Jalisco, Mexico",El Tesoro,own_make,,FALSE,FALSE,"Añejo; 100% Agave, Knob Creek Rye cask; Mundial Knob Creek Rye Edition",1 year,,,80,40,100% Blue Weber Agave,,Knob Creek Rye whiskey barrels (12 months),https://www.eltesorotequila.com/tequilas/el-tesoro-mundial-collection-knob-creek,2026-06-23,https://www.eltesorotequila.com/sites/default/files/2024-09/knob-creek-tequila-el-tesoro.png,tequila_mexico
Tequila,Tequilera Los Alambiques (NOM 1474),"Arandas, Jalisco, Mexico",Tequila Ocho,own_make,,FALSE,FALSE,"Añejo; 100% Agave, Highland, Single Estate, Bourbon cask; Barrel Select Widow Jane",1 year,,,96,48,100% Blue Weber Agave,,Widow Jane bourbon barrels (12 months),https://theliquorbarn.com/products/tequila-ocho-anejo-barrel-select-widow-jane-750ml; https://www.agavematchmaker.com/agave_spirits/7592-tequila-ocho-anejo-widow-jane,2026-10-04,https://theliquorbarn.com/cdn/shop/files/TequilaOchoAnejoBarrelSelectWidowJane750ML.webp?v=1739318437,tequila_mexico
Tequila,Tequilera Los Alambiques (NOM 1474),"Arandas, Jalisco, Mexico",Tequila Ocho,own_make,,FALSE,FALSE,"Reposado; 100% Agave, Highland, Single Estate, Bourbon cask; Barrel Select Widow Jane",NAS,,,90,45,100% Blue Weber Agave,,Widow Jane bourbon barrels,https://winenliquor.com/p/tequila-ocho-barrel-select-reposado-widow-jane-cask; https://www.agavematchmaker.com/agave_spirits/7260-tequila-ocho-reposado-widow-jane; https://www.tequilaochomexico.com/en/product/reposado-widow-jane-el-nacimiento-2022/,2026-10-04,https://slash1.winenliquor.com/wp-content/uploads/tequila-ocho-barrel-select-reposado-widow-jane-cask.jpg,tequila_mexico
Tequila,Tequila Don Julio (NOM 1449),"Atotonilco el Alto, Jalisco, Mexico",Don Julio,own_make,,FALSE,FALSE,Añejo; 100% Agave; 1942 Year of the Snake 2025,,2025,,80,40,100% Blue Weber Agave,American white oak,,https://www.nestorliquor.com/products/don-julio-1942-year-of-the-snake-2025-edition-pre-order-now,2026-06-23,https://www.nestorliquor.com/cdn/shop/files/DonJulio1942YearOfTheSnake2025Edition.png?v=1728498103,tequila_mexico
Tequila,Tequila Don Julio (NOM 1449),"Atotonilco el Alto, Jalisco, Mexico",Don Julio,own_make,,FALSE,FALSE,Cristalino; 100% Agave; 70 Dia de Muertos 2024 Artist Edition,,2024,,80,40,100% Blue Weber Agave,American white oak,,https://raretequilas.com/products/don-julio-70th-day-of-the-dead-cristalino-tequila-2024-edition,2026-06-23,https://raretequilas.com/cdn/shop/files/don-julio-70th-day-of-the-dead-front-of-bottle_1200x1200.jpg?v=1723582217,tequila_mexico
Tequila,Tequila Don Julio (NOM 1449),"Atotonilco el Alto, Jalisco, Mexico",Don Julio,own_make,,FALSE,FALSE,Cristalino; 100% Agave; 70 Dia de Muertos 2025 Artist Edition,,2025,,,,100% Blue Weber Agave,American white oak,,https://www.donjulio.com/70-cristalino-artist-edition,2026-06-23,https://images.ctfassets.net/msj5difukazp/2BIBLjz5o0gxuuwaiqyjg0/f5dab8c2cc778bae7d883757333e1d47/DJxWilly.jpg,tequila_mexico
Tequila,Tequilera El Llano / Arette (NOM 1109),"Tequila, Jalisco, Mexico",Arette,own_make,,FALSE,FALSE,Reposado; 100% Agave; Unique,10 months,,,80,40,100% Blue Weber Agave,American oak,,https://www.oldtowntequila.com/arette-unique-reposado-tequila-375ml/,2026-06-23,https://cdn11.bigcommerce.com/s-u9ww3di/products/4494/images/10375/DSC_0622__22262.1753131938.600.600.JPG?c=2,tequila_mexico
Tequila,Destiladora de Agave Azul / AsomBroso (NOM 1424),"San Juanito de Escobedo, Jalisco, Mexico",AsomBroso,own_make,,FALSE,FALSE,"Reposado; 100% Agave, French oak; Eros",9 months,,,80,40,100% Blue Weber Agave,Ex-11-Year Vintage AsomBroso French oak barrels,,https://www.oldtowntequila.com/asombroso-eros-reposado-tequila/,2026-06-23,https://cdn11.bigcommerce.com/s-u9ww3di/products/12527/images/19396/Copy_of_eros-bottle-shot-transparent_001__96260.1701944587.600.600.png?c=2,tequila_mexico
Tequila,Destiladora de Agave Azul / AsomBroso (NOM 1424),"San Juanito de Escobedo, Jalisco, Mexico",AsomBroso,own_make,,FALSE,FALSE,"Extra Añejo; 100% Agave, French oak, Irish whiskey cask; El Carbonzado Gran Reserva",6 years,,,,,100% Blue Weber Agave,New French oak,Ex-Irish whiskey medium-char American oak (double-barrel finish),https://www.oldtowntequila.com/asombroso-limited-edition-el-carbonzado-gran-reserva-6-years/,2026-06-23,https://cdn11.bigcommerce.com/s-u9ww3di/products/7528/images/20114/rwgalvnkqaypxglgzmde__69438.1722366939.600.600.png?c=2,tequila_mexico
Tequila,Diageo México Operaciones (NOM 1609),"El Arenal, Jalisco, Mexico",Casamigos,own_make,,FALSE,FALSE,Cristalino; 100% Agave; Cristalino Reposado,6 months,,,80,40,100% Blue Weber Agave,American white oak,,https://www.casamigos.com/en-us/our-tequilas/cristalino,2026-06-23,https://images.ctfassets.net/hpoa7h16o9wc/3LHdb5KbyvZ3jCUwOIIThT/b5b775ad383bf1f65ed4aed5154edc12/cristalino_v2.jpg,tequila_mexico
Tequila,Tequila Orendain de Jalisco (NOM 1110),"Tequila, Jalisco, Mexico",Komos,sourced,Komos,TRUE,FALSE,"Cristalino; 100% Agave, French oak; Reposado Cristalino",up to 6 months,,,80,40,100% Blue Weber Agave,French oak white and red wine barrels,,https://komos.com/tequilas; https://www.agavematchmaker.com/distilleries/259-tequila-orendain-de-jalisco-s-a-de-c-v,2026-10-04,NULL,tequila_mexico
Tequila,Varo Destilería (NOM 1616),"Amatitán, Jalisco, Mexico",Código 1530,own_make,,FALSE,FALSE,"Cristalino; 100% Agave, French oak; Cristalino Reposado",6 months,,,80,40,100% Blue Weber Agave,French oak Napa Cabernet wine barrels,,https://codigo1530.com/en-us/products/codigo-1530-cristalino-reposado-tequila/; https://www.agavematchmaker.com/distilleries/358-varo-destileria-s-de-r-l-de-c-v,2026-10-04,https://codigo1530.com/wp-content/uploads/2023/12/codigo-1530-cristalino-reposado_v2.webp,tequila_mexico
Tequila,Tequilera Los Alambiques (NOM 1474),"Arandas, Jalisco, Mexico",Tequila Ocho,own_make,,FALSE,FALSE,"Blanco; 100% Agave, Highland, Single Estate",,2026,El Tesorito,80,40,100% Blue Weber Agave,,,https://www.tequilaochomexico.com/en/product/tequila-ocho-plata-el-tesorito-2026/; https://mexicanspiritsbible.com/en/producers/tequila-ocho; https://heavenhill.com/brands/tequila-ocho/,2026-10-02,,tequila_mexico
Tequila,Tequilera Los Alambiques (NOM 1474),"Arandas, Jalisco, Mexico",Tequila Ocho,own_make,,FALSE,FALSE,"Blanco; 100% Agave, Highland, Single Estate",,2026,La Coruña,80,40,100% Blue Weber Agave,,,https://www.tequilaochomexico.com/en/product/tequila-ocho-plata-la-coruna-2026/; https://mexicanspiritsbible.com/en/producers/tequila-ocho; https://heavenhill.com/brands/tequila-ocho/,2026-10-02,,tequila_mexico
Tequila,Tequilera Los Alambiques (NOM 1474),"Arandas, Jalisco, Mexico",Tequila Ocho,own_make,,FALSE,FALSE,"Blanco; 100% Agave, Highland; Terroir Select",,2026,Río Lerma,80,40,100% Blue Weber Agave,,,https://www.tequilaochomexico.com/en/product/tequila-ocho-plata-rio-lerma-2026-copia/; https://heavenhill.com/news-and-notes/tequila-ocho-announces-second-release-of-terroir-select-vintages-first-to-be-available-globally/; https://mexicanspiritsbible.com/en/producers/tequila-ocho; https://heavenhill.com/brands/tequila-ocho/,2026-10-02,https://www.tequilaochomexico.com/wp-content/uploads/2026/09/plata2.png,tequila_mexico
Tequila,Tequilera Los Alambiques (NOM 1474),"Arandas, Jalisco, Mexico",Tequila Ocho,own_make,,FALSE,FALSE,"Reposado; 100% Agave, Highland; Terroir Select",,2026,Río Lerma,80,40,100% Blue Weber Agave,,,https://www.tequilaochomexico.com/en/product/tequila-ocho-reposado-rio-lerma-2026/; https://heavenhill.com/news-and-notes/tequila-ocho-announces-second-release-of-terroir-select-vintages-first-to-be-available-globally/; https://mexicanspiritsbible.com/en/producers/tequila-ocho; https://heavenhill.com/brands/tequila-ocho/; https://www.agavematchmaker.com/agave_spirits/8521-tequila-ocho-terroir-select-reposado,2026-10-04,https://www.kuinak.com/system/base_product_images/images/000/038/536/detail/tequila-ocho-terroir-select-reposado-1.jpg,tequila_mexico
Tequila,Tequilera Los Alambiques (NOM 1474),"Arandas, Jalisco, Mexico",Tequila Ocho,own_make,,FALSE,FALSE,"Reposado; 100% Agave, Highland, Single Estate",,2026,Salto de Nogales,80,40,100% Blue Weber Agave,,,https://www.tequilaochomexico.com/en/product/tequila-ocho-reposado-salto-de-nogales-2026/; https://mexicanspiritsbible.com/en/producers/tequila-ocho; https://heavenhill.com/brands/tequila-ocho/,2026-10-02,,tequila_mexico
Tequila,Tequilera Los Alambiques (NOM 1474),"Arandas, Jalisco, Mexico",Tequila Ocho,own_make,,FALSE,FALSE,"Añejo; 100% Agave, Highland, Single Estate",,2025,La Mesa,80,40,100% Blue Weber Agave,,,https://www.tequilaochomexico.com/en/product/tequila-ocho-anejo-la-mesa-2025/; https://mexicanspiritsbible.com/en/producers/tequila-ocho; https://heavenhill.com/brands/tequila-ocho/,2026-10-02,,tequila_mexico
Tequila,Tequilera Los Alambiques (NOM 1474),"Arandas, Jalisco, Mexico",Tequila Ocho,own_make,,FALSE,FALSE,"Añejo; 100% Agave, Highland, Single Estate, Single Barrel",1 year,2025,La Mesa,105,52.5,100% Blue Weber Agave,American oak,,https://www.tequilaochomexico.com/en/product/tequila-ocho-anejo-single-barrel-la-mesa-2025/; https://mexicanspiritsbible.com/en/producers/tequila-ocho; https://heavenhill.com/brands/tequila-ocho/,2026-10-02,,tequila_mexico
Tequila,Tequilera Los Alambiques (NOM 1474),"Arandas, Jalisco, Mexico",Tequila Ocho,own_make,,FALSE,FALSE,"Añejo; 100% Agave, Highland, Single Estate, Cognac cask; Barrel Select Ferrand Cognac",1 year,,Las Raíces,88.8,44.4,100% Blue Weber Agave,Seasoned French oak ex-Ferrand Cognac casks,,https://heavenhill.com/news-and-notes/legendary-legacies-tequila-ocho-and-ferrand-cognac-team-up-for-barrel-select-anejo/; https://www.remedyliquor.com/products/tequila-ocho-tequila-anejo-limited-barrel-select-aged-in-ferrand-cognac-casks-750ml; https://mexicanspiritsbible.com/en/producers/tequila-ocho; https://heavenhill.com/brands/tequila-ocho/,2026-10-02,"https://res.cloudinary.com/dlgpqwbdb/images/w_1676,h_2560,c_scale/f_auto,q_auto/v1782229161/wordpress_assets/SAVE_20260511_163902_5306e84f7/SAVE_20260511_163902_5306e84f7.jpg",tequila_mexico
Tequila,Hacienda Patrón (NOM 1492),"Atotonilco el Alto, Jalisco, Mexico",Patrón,own_make,,FALSE,FALSE,"Blanco; 100% Agave, Tahona; 100",,,,100,50,100% Blue Weber Agave,,,https://www.patrontequila.com/products/patron-100.html; https://www.prnewswire.com/news-releases/meet-patron-100-a-100-proof-tequila-born-from-100-tahona-tradition-302742433.html; https://www.agavematchmaker.com/agave_spirits/8348; https://www.oldtowntequila.com/patron-silver-100-proof-tahona-tequila-750ml/,2026-10-02,https://www.patrontequila.com/binaries/content/gallery/patrontequila/products/patron-100/pdp_patron-100.png,tequila_mexico
Tequila,Tequila Cuervo La Rojeña (NOM 1104),"Tequila, Jalisco, Mexico",Reserva de la Familia,own_make,,FALSE,FALSE,Añejo; 100% Agave; Private Cask Collection Mole Cask,,,2026 Release; Edition No. 2,80,40,100% Blue Weber Agave,New American and French oak,Mole-seasoned medium-toast new American oak (3 months),https://reservadelafamilia.com/products/molecask; https://www.thespiritsbusiness.com/2026/07/jose-cuervo-creates-worlds-first-mole-finished-tequila/; https://www.oldtowntequila.com/jose-cuervo-reserve-de-la-familia-mole-cask-finished-anejo-tequila-750ml/,2026-10-02,http://reservadelafamilia.com/cdn/shop/files/cuervo-reserva-mole-750ml-homepage-desktop.png,tequila_mexico
Tequila,Casa Cuervo Los Camichines (NOM 1122),"Tequila, Jalisco, Mexico",1800,own_make,,FALSE,FALSE,"Extra Añejo; 100% Agave, Wine cask; Colección Friedeberg Mono Laberinto Doble",,,,80,40,100% Blue Weber Agave,New American oak; French oak ex-Amarone wine casks,,https://www.1800tequila.com/products/coleccion-friedeberg; https://www.thespiritsbusiness.com/2026/08/1800-tequila-unveils-11000-extra-anejo/; https://www.oldtowntequila.com/1800-limited-edition-coleccion-friedeberg-extra-anejo-tequila-700ml/; https://www.agavematchmaker.com/agave_spirits/3933; https://www.agavematchmaker.com/distilleries/161-casa-cuervo-s-a-de-c-v,2026-10-04,http://www.1800tequila.com/cdn/shop/files/1800-COLECCION-product-image-1_1.png,tequila_mexico
Tequila,Casa Cuervo Los Camichines (NOM 1122),"Tequila, Jalisco, Mexico",1800,own_make,,FALSE,FALSE,"Añejo; 100% Agave, Wine cask; Triple Cask",,,,80,40,100% Blue Weber Agave,"New French oak, American oak and ex-Cabernet Sauvignon wine casks",,https://www.gtrmag.com/blog/proximo-spirits-unveils-1800-tequila-triple-cask-anejo-at-jfk-kicking-off-americas-rollout; https://www.dutyfreehunter.com/blog/1800-tequila-releases-triple-cask-duty-free-exclusive-at-new-york-jfk/; https://www.agavematchmaker.com/agave_spirits/8339; https://manchester.worlddutyfree.com/en/95/brands/1800-tequila; https://www.agavematchmaker.com/distilleries/161-casa-cuervo-s-a-de-c-v,2026-10-04,https://www.kuinak.com/system/base_product_images/images/000/037/524/detail/1800-triple-cask-anejo-1.jpg,tequila_mexico
Tequila,Casa Tradición (NOM 1595),"San Agustín, Jalisco, Mexico",Clase Azul,sourced,Clase Azul,TRUE,FALSE,Añejo; Wine cask; Día de Muertos Edición Limitada Trascender,,,2026 Release,80,40,,American whiskey barrels,French oak casks from the Champagne region,https://www.oldtowntequila.com/clase-azul-tequila-dia-de-muertos-2026-trancender-limited-edition-anejo-tequila-1l/; https://www.thespiritsbusiness.com/2026/10/clase-azul-unveils-dia-de-muertos-tequila/; https://www.agavematchmaker.com/agave_spirits/8252; https://www.thebarreltap.com/products/clase-azul-dia-de-muertos-trascender-2026-limited-edition-anejo-tequila,2026-10-04,https://cdn11.bigcommerce.com/s-u9ww3di/products/15677/images/22638/Clase_Azul_Tequila_Da_de_Muertos_2026_Trancender_Limited_Edition_Anejo_Tequila_1L__63566.1790957019.600.600.jpg,tequila_mexico
Tequila,Casa Tradición (NOM 1595),"San Agustín, Jalisco, Mexico",Clase Azul,sourced,Clase Azul,TRUE,FALSE,Joven; 100% Agave; Spirit of Champions,,,2026 Release,80,40,100% Blue Weber Agave,French oak vats (Tronçais),,https://www.htfw.com/clase-azul-2026-world-cup-spirit-of-champions-tequila; https://www.parkstreet.com/alcohol-beverages-products-brands-launched-in-2026-so-far/,2026-10-02,https://www.htfw.com/media/catalog/product/cache/6517c62f5899ad6aa0ba23ceb3eeff97/l/p/lp_25591_1778844124_1.jpg,tequila_mexico
Tequila,Tequilera La Gonzaleña (NOM 1127),"González, Tamaulipas, Mexico",Chinaco,own_make,,FALSE,FALSE,Añejo; 100% Agave; Vintage 2025 Limited Edition,,,2026 Release,80,40,100% Blue Weber Agave,White oak (founders' select barrels),,https://www.oldtowntequila.com/chinaco-anejo-tequila-limited-edition-2026-release-750ml/; https://www.preissimports.com/wp-content/uploads/Chinaco-Tequila-Anejo-Vintage-2025-2026-Release-Sell-Sheet-4.28.26.pdf; https://xn--tequileralagonzalea-d4b.com/,2026-10-02,https://cdn11.bigcommerce.com/s-u9ww3di/products/15343/images/22195/Chinaco_Anejo_Tequila_Limited_Edition_2026_Release_750ml__88415.1778178353.600.600.jpg,tequila_mexico
Tequila,Tequilera Tap / Cazcanes (NOM 1614),"Amatitán, Jalisco, Mexico",Dos Hombres,sourced,Dos Hombres,TRUE,FALSE,Blanco; 100% Agave,,,,80,40,100% Blue Weber Agave,,,https://www.oldtowntequila.com/dos-hombres-blanco-tequila-750ml/; https://www.thespiritsbusiness.com/2026/04/aaron-paul-and-bryan-cranston-launch-dos-hombres-tequila/; https://www.agavematchmaker.com/agave_spirits/8359,2026-10-02,https://cdn11.bigcommerce.com/s-u9ww3di/products/15351/images/22204/Dos_Hombres_Blanco_Tequila_750ml__39712.1778280865.600.600.jpg,tequila_mexico
Tequila,Tequilera Tap / Cazcanes (NOM 1614),"Amatitán, Jalisco, Mexico",Dos Hombres,sourced,Dos Hombres,TRUE,FALSE,Reposado; 100% Agave,3 months,,,80,40,100% Blue Weber Agave,First-fill ex-Four Roses American oak,,https://www.thebarreltap.com/products/dos-hombres-artesanal-tequila-reposado; https://www.bevnet.com/pr/2026/09/03/dos-hombres-introduces-reposado-tequila-the-latest-expression-in-its-growing-agave-portfolio; https://www.thespiritsbusiness.com/2026/04/aaron-paul-and-bryan-cranston-launch-dos-hombres-tequila/,2026-10-02,http://www.thebarreltap.com/cdn/shop/files/DosHombresArtesanalTequilaReposado750mL.webp,tequila_mexico
Tequila,Hacienda El Mexicano (NOM 1588),"Arandas, Jalisco, Mexico",El Mexicano,own_make,,FALSE,FALSE,"Añejo; 100% Agave, Highland",14-16 months,,,80,40,100% Blue Weber Agave,"New American oak, medium char (70%) and new French oak (30%)",,https://www.oldtowntequila.com/el-mexicano-anejo-tequila-750ml/; https://www.prweb.com/releases/introducing-tequila-el-mexicano-anejo-a-masterfully-aged-tribute-to-generations-of-agave-craftsmanship-302746883.html,2026-10-02,https://cdn11.bigcommerce.com/s-u9ww3di/products/15373/images/22245/El_Mexicano_Anejo_Tequila_750ml__80641.1779312336.600.600.jpg,tequila_mexico
Tequila,Cascahuín (NOM 1123),"El Arenal, Jalisco, Mexico",Lágrimas del Valle,sourced,Lágrimas del Valle,TRUE,FALSE,"Blanco; 100% Agave, Lowland, Single Estate",,2025,La Mesa del Charco,92,46,100% Blue Weber Agave,,,https://www.oldtowntequila.com/lagrimas-del-valle-la-mesa-del-charco-plata-tequila-750ml/; https://www.skurnik.com/sku/tequila-plata-la-mesa-del-charco-lagrimas-del-valle-strapped/; https://wineindustryadvisor.com/2026/04/28/altamar-brands-launches-lagrimas-del-valle-la-mesa-del-charco-its-inaugural-single-estate-tequila/,2026-10-02,https://cdn11.bigcommerce.com/s-u9ww3di/products/15460/images/22350/Lagrimas_Del_Valle_La_Mesa_del_Charco_Plata_Tequila_750ml__95483.1782159136.600.600.jpg,tequila_mexico
Tequila,Cascahuín (NOM 1123),"El Arenal, Jalisco, Mexico",Lágrimas del Valle,sourced,Lágrimas del Valle,TRUE,FALSE,"Reposado; 100% Agave, Lowland, Single Estate",3 months,2025,La Mesa del Charco,92,46,100% Blue Weber Agave,Ex-bourbon barrels,,https://www.oldtowntequila.com/lagrimas-del-valle-la-mesa-del-charco-reposado-tequila-750ml-gnap/; https://www.skurnik.com/sku/tequila-reposado-la-mesa-del-charco-lagrimas-del-valle-strapped/; https://wineindustryadvisor.com/2026/04/28/altamar-brands-launches-lagrimas-del-valle-la-mesa-del-charco-its-inaugural-single-estate-tequila/,2026-10-02,https://cdn11.bigcommerce.com/s-u9ww3di/products/15461/images/22351/Lagrimas_Del_Valle_La_Mesa_del_Charco_Reposado_Tequila_750ml__13130.1782159130.600.600.jpg,tequila_mexico
Tequila,Destilería El Magnífico (NOM 1258),"Amatitán, Jalisco, Mexico",The Lost Explorer,sourced,The Lost Explorer,TRUE,FALSE,"Reposado; 100% Agave, Lowland, Wine cask, PX cask, Bourbon cask",4 months,,,80,40,100% Blue Weber Agave,"Sauternes wine casks, Pedro Ximénez sherry casks and ex-bourbon barrels (blended)",,https://www.oldtowntequila.com/the-lost-explorer-reposado-tequila-750ml/; https://www.thespiritsbusiness.com/2026/05/lost-explorer-pioneers-multi-cask-ageing-for-reposado-tequila/; https://robbreport.com/food-drink/spirits/the-lost-explorer-tequila-blanco-don-julio-master-distiller-1235984442/; https://www.agavematchmaker.com/distilleries/345-destileria-el-magnifico-s-a-de-c-v,2026-10-04,https://cdn11.bigcommerce.com/s-u9ww3di/products/15316/images/22152/Lost_Explorer_Reposado_Tequila_750ml__01511.1776983154.600.600.jpg,tequila_mexico
Tequila,Tequilera Don Roberto (NOM 1437),"Tequila, Jalisco, Mexico",Pocho Fino,sourced,Pocho Fino,TRUE,FALSE,Blanco; Mixto,,,,80,40,Mixto (min 51% Blue Weber Agave),,,https://pochofinotequila.com/blanco-tequila/; https://www.bevnet.com/pr/2026/03/10/gabriel-fluffy-iglesias-launches-pocho-fino-a-new-mexicanamerican-tequila; https://www.agavematchmaker.com/agave_spirits/8342; https://www.agavematchmaker.com/distilleries/277-tequilera-don-roberto-s-a-de-c-v,2026-10-04,https://www.kuinak.com/system/base_product_images/images/000/037/532/detail/pocho-fino-blanco-tequila-1.jpg,tequila_mexico
Tequila,Tequilera Don Roberto (NOM 1437),"Tequila, Jalisco, Mexico",Pocho Fino,sourced,Pocho Fino,TRUE,FALSE,"Blanco; Mixto, Flavored; Mexican Candy",,,,70,35,Mixto (min 51% Blue Weber Agave),,,https://pochofinotequila.com/mexican-candy/; https://www.agavematchmaker.com/agave_spirits/8343; https://www.oldtowntequila.com/pocho-fino-mexican-candy-tequila/; https://www.bevnet.com/pr/2026/03/10/gabriel-fluffy-iglesias-launches-pocho-fino-a-new-mexicanamerican-tequila; https://www.agavematchmaker.com/distilleries/277-tequilera-don-roberto-s-a-de-c-v,2026-10-04,https://www.kuinak.com/system/base_product_images/images/000/037/533/detail/pocho-fino-mexican-candy-1.jpg,tequila_mexico
Tequila,Tequilera Don Roberto (NOM 1437),"Tequila, Jalisco, Mexico",Pocho Fino,sourced,Pocho Fino,TRUE,FALSE,"Blanco; Mixto, Flavored; Grilled Pineapple",,,,70,35,Mixto (min 51% Blue Weber Agave),,,https://pochofinotequila.com/grilled-pineapple/; https://www.agavematchmaker.com/agave_spirits/8344; https://www.oldtowntequila.com/pocho-fino-grilled-pineapple-tequila/; https://www.bevnet.com/pr/2026/03/10/gabriel-fluffy-iglesias-launches-pocho-fino-a-new-mexicanamerican-tequila; https://www.agavematchmaker.com/distilleries/277-tequilera-don-roberto-s-a-de-c-v,2026-10-04,https://www.kuinak.com/system/base_product_images/images/000/037/534/detail/pocho-fino-grilled-pineapple-1.jpg,tequila_mexico
Tequila,Tequila Cazadores (NOM 1487),"Arandas, Jalisco, Mexico",Cazadores,own_make,,FALSE,FALSE,"Blanco; 100% Agave, Highland, Flavored; Pineapple Infused",,,,70,35,100% Blue Weber Agave,,,https://www.thespiritsbusiness.com/2026/06/cazadores-launches-pineapple-infused-tequila/; https://www.bevnet.com/pr/2026/06/26/tequila-cazadores-uncorks-its-firstever-infused-tequila; https://www.buymyliquor.com/products/cazadores-pineapple-tequila; https://www.bswliquor.com/products/cazadores-pineapple-1,2026-10-04,https://www.buymyliquor.com/cdn/shop/files/cazadores-pineapple-tequila-1692905.png,tequila_mexico
Tequila,Tequila Artesanal de Los Altos de Jalisco (NOM 1436),"San Francisco de Asís, Jalisco, Mexico",Cazcabel,own_make,,FALSE,FALSE,"Blanco; 100% Agave, Flavored; Jalapeño",,,,70,35,100% Blue Weber Agave,,,https://www.kosherwine.co.uk/cazcabel-jalape%C3%B1o-tequila-blanco-p18476; https://cazcabel.com/collections/tequila; https://clubmanagement.com.au/cazcabel-debuts-its-new-jalapeno-tequila-blanco-in-australia/; https://www.thespiritsbusiness.com/2026/04/top-spirits-launches-from-march-2026/; https://www.agavematchmaker.com/distilleries/247-tequila-artesanal-de-los-altos-de-jalisco-s-a-de-c-v,2026-10-04,https://www.kosherwine.co.uk/images/cazcabel-jalape%C3%B1o-tequila-blanco-p18476-37525_image.jpg,tequila_mexico
Tequila,Tequilera Los Alambiques (NOM 1474),"Arandas, Jalisco, Mexico",Tequila Ocho,own_make,,FALSE,FALSE,"Extra Añejo; 100% Agave, Highland, Single Estate",3 years,2022,La Estancia,80,40,100% Blue Weber Agave,Ex-American oak whiskey,,https://www.oldtowntequila.com/tequila-ocho-extra-anejo-tequila-la-estancia-2022-750ml/; https://www.tequilaochomexico.com/en/product/tequila-ocho-anejo-la-estancia-2022/; https://www.agavematchmaker.com/agave_spirits/2604-ocho-tequila-extra-anejo,2026-10-04,https://cdn11.bigcommerce.com/s-u9ww3di/products/15490/images/22414/_Tequila_Ocho_Extra_Anejo_Tequila_La_Estancia_2022_750ml__16794.1783625778.600.600.jpg,tequila_mexico
Tequila,Tequilera Los Alambiques (NOM 1474),"Arandas, Jalisco, Mexico",Tequila Ocho,own_make,,FALSE,FALSE,"Añejo; 100% Agave, Highland, Single Estate",1 year,2022,La Estancia,80,40,100% Blue Weber Agave,Ex-American oak whiskey,,https://www.tequilaochomexico.com/en/product/tequila-ocho-anejo-la-estancia-2022/; https://www.agavematchmaker.com/agave_spirits/2603-ocho-tequila-anejo,2026-10-04,https://www.tequilaochomexico.com/wp-content/uploads/2024/03/TO-Anejo.png,tequila_mexico
Tequila,Tequilera Los Alambiques (NOM 1474),"Arandas, Jalisco, Mexico",Tequila Ocho,own_make,,FALSE,FALSE,"Blanco; 100% Agave, Highland; Terroir Select",,2025,El Nacimiento de Abajo,80,40,100% Blue Weber Agave,,,https://www.fredminnick.com/2025/12/17/tequila-ocho-announces-new-terroir-select-series/; https://www.agavematchmaker.com/agave_spirits/8520-tequila-ocho-terroir-select-plata; https://www.tequilaochomexico.com/en/product/tequila-ocho-reposado-el-nacimiento-de-abajo-2025/,2026-10-04,https://www.tequilaochomexico.com/wp-content/uploads/2026/05/plata3.jpg,tequila_mexico
Tequila,Tequilera Los Alambiques (NOM 1474),"Arandas, Jalisco, Mexico",Tequila Ocho,own_make,,FALSE,FALSE,"Reposado; 100% Agave, Highland; Terroir Select",,2025,El Nacimiento de Abajo,80,40,100% Blue Weber Agave,,,https://www.tequilaochomexico.com/en/product/tequila-ocho-reposado-el-nacimiento-de-abajo-2025/; https://www.fredminnick.com/2025/12/17/tequila-ocho-announces-new-terroir-select-series/; https://www.agavematchmaker.com/agave_spirits/8521-tequila-ocho-terroir-select-reposado,2026-10-04,,tequila_mexico
Tequila,Hacienda Patrón (NOM 1492),"Atotonilco el Alto, Jalisco, Mexico",Patrón,own_make,,FALSE,FALSE,"Añejo; 100% Agave, Sherry cask; Sherry Cask",2 years,,,80,40,100% Blue Weber Agave,Oloroso sherry casks,,https://www.oldtowntequila.com/patron-sherry-cask-anejo-tequila-750ml/; https://www.agavematchmaker.com/agave_spirits/7032-patron-cask-collection-sherry-anejo-2021,2026-10-04,https://cdn11.bigcommerce.com/s-u9ww3di/products/15308/images/22150/Patron_Sherry_Cask_Anejo_Tequila_750ml__80912.1776718467.600.600.png,tequila_mexico
Tequila,Cascahuín (NOM 1123),"El Arenal, Jalisco, Mexico",Cascahuín,own_make,,FALSE,FALSE,"Añejo; 100% Agave, Lowland; 55-25",,,,88,44,100% Blue Weber Agave,,,https://www.oldtowntequila.com/cascahuin-55-25-anejo-tequila-750ml/; https://www.agavematchmaker.com/agave_spirits/8466,2026-10-04,https://cdn11.bigcommerce.com/s-u9ww3di/products/15378/images/22250/Cascahuin_55-25_Anejo_Tequila_750ml_1__82396.1779312217.600.600.jpg,tequila_mexico
Tequila,Volcán de Mi Tierra (NOM 1523),"Huaxtla, Jalisco, Mexico",Volcán de Mi Tierra,own_make,,FALSE,FALSE,"Añejo; 100% Agave, Lowland, Sherry cask; Colección I Hacienda La Gavilana",18 months,,,80,40,100% Blue Weber Agave,European oak,Oloroso sherry casks (414 days),https://www.oldtowntequila.com/volcan-de-mi-tierra-coleccion-gavilana-limited-edition-anejo-tequila-700ml/; https://www.agavematchmaker.com/agave_spirits/8223-volcan-de-mi-tierra-coleccion-la-gavilana-i,2026-10-04,https://cdn11.bigcommerce.com/s-u9ww3di/products/15339/images/22190/Volcan_De_Mi_Tierra_Coleccion_Gavilana_Limited_Edition_Aejo_Tequila_700ml__72499.1778086603.600.600.png,tequila_mexico
Tequila,Destiladora de Los Altos (NOM 1412),"Arandas, Jalisco, Mexico",Mijenta,sourced,Mijenta,TRUE,FALSE,"Blanco; 100% Agave, Single Estate; Maestra Selection No.1",,,,100,50,100% Blue Weber Agave,,,https://mijenta-tequila.com/products/maestra-selection-n%C2%BA-1; https://www.agavematchmaker.com/agave_spirits/7821-mijenta-blanco-maestra-selection-no-1,2026-10-04,https://cdn.shopify.com/s/files/1/0660/6235/2612/files/MIJ_Blanco_Maestra_Selection_Bottle_Box_Visual_White_Background_c5addb7e-35ee-4184-b9ef-da0a087b31e4.jpg,tequila_mexico
Tequila,Destiladora de Los Altos (NOM 1412),"Arandas, Jalisco, Mexico",Mijenta,sourced,Mijenta,TRUE,FALSE,Blanco; 100% Agave; Maestra Selection No.2,,,,80,40,100% Blue Weber Agave,,,https://mijenta-tequila.com/products/maestra-selection-n%C2%BA-2; https://www.agavematchmaker.com/agave_spirits/8140-mijenta-blanco-maestra-selection-no-2,2026-10-04,https://cdn.shopify.com/s/files/1/0660/6235/2612/files/MIJ_Blanco_Maestra_Selection_No2_Bottle_Box_Visual_Transparentcopy_67a20a82-76f4-47a1-bc80-cbe762011b7d.webp,tequila_mexico
Tequila,JJ Spirit Co (NOM 1672),"Zapotlanejo, Jalisco, Mexico",Mijenta,sourced,Mijenta,TRUE,FALSE,"Blanco; 100% Agave, Tahona; Maestra Selection No.3",,,,100,50,100% Blue Weber Agave,,,https://mijenta-tequila.com/products/maestra-selection-no-3; https://www.agavematchmaker.com/agave_spirits/8553; https://www.agavematchmaker.com/distilleries/418-jj-spirit-co-s-a-de-c-v,2026-10-04,https://cdn.shopify.com/s/files/1/0660/6235/2612/files/MS3-Blanco-Bottle_Box_Visual_Light_Transparent.webp,tequila_mexico
Tequila,Tequila Selecto de Amatitán (NOM 1459),"Amatitán, Jalisco, Mexico",Arriesgado,sourced,Arriesgado,TRUE,FALSE,"Blanco; 100% Agave, Lowland",,,,96,48,100% Blue Weber Agave,,,https://www.oldtowntequila.com/arriesgado-artesanal-blanco-tequila-750ml/; https://www.agavematchmaker.com/agave_spirits/8499; https://www.agavematchmaker.com/distilleries/264-tequila-selecto-de-amatitan-s-a-de-c-v,2026-10-04,https://cdn11.bigcommerce.com/s-u9ww3di/products/15534/images/22475/Arriesgado_Artesanal_Blanco_Tequila_750ml__14910.1786059149.600.600.jpg,tequila_mexico
Tequila,Tequila Selecto de Amatitán (NOM 1459),"Amatitán, Jalisco, Mexico",Arriesgado,sourced,Arriesgado,TRUE,FALSE,"Reposado; 100% Agave, Lowland",,,,94,47,100% Blue Weber Agave,French oak,,https://www.oldtowntequila.com/arriesgado-artesanal-reposado-tequila-750ml/; https://www.agavematchmaker.com/agave_spirits/8501; https://www.agavematchmaker.com/distilleries/264-tequila-selecto-de-amatitan-s-a-de-c-v,2026-10-04,https://cdn11.bigcommerce.com/s-u9ww3di/products/15535/images/22476/Arriesgado_Artesanal_Reposado_Tequila_750ml__13480.1786059156.600.600.jpg,tequila_mexico
Tequila,Tequila Selecto de Amatitán (NOM 1459),"Amatitán, Jalisco, Mexico",Arriesgado,sourced,Arriesgado,TRUE,FALSE,"Añejo; 100% Agave, Lowland",,,,90,45,100% Blue Weber Agave,American oak,,https://www.oldtowntequila.com/arriesgado-artesanal-anejo-tequila-750ml/; https://www.agavematchmaker.com/agave_spirits/8502; https://www.agavematchmaker.com/distilleries/264-tequila-selecto-de-amatitan-s-a-de-c-v,2026-10-04,https://cdn11.bigcommerce.com/s-u9ww3di/products/15536/images/22477/Arriesgado_Artesanal_Anejo_Tequila_750ml__91006.1786059162.600.600.jpg,tequila_mexico
Tequila,Feliciano Vivanco / Destilería El Ranchito (NOM 1414),"Arandas, Jalisco, Mexico",Lost Lore,sourced,Lost Lore,TRUE,FALSE,"Blanco; 100% Agave, Highland",,,,80,40,100% Blue Weber Agave,,,https://www.oldtowntequila.com/lost-lore-blanco-tequila/; https://www.agavematchmaker.com/agave_spirits/7433-lost-lore-tequila-blanco,2026-10-04,https://cdn11.bigcommerce.com/s-u9ww3di/products/13645/images/19768/Lost_Lore_Blanco_750ml__76153.1711777609.600.600.png,tequila_mexico
Tequila,Feliciano Vivanco / Destilería El Ranchito (NOM 1414),"Arandas, Jalisco, Mexico",Lost Lore,sourced,Lost Lore,TRUE,FALSE,"Reposado; 100% Agave, Highland",,,,80,40,100% Blue Weber Agave,American white oak,,https://www.oldtowntequila.com/lost-lore-reposado-tequila/; https://www.agavematchmaker.com/agave_spirits/7529-lost-lore-tequila-reposado,2026-10-04,https://cdn11.bigcommerce.com/s-u9ww3di/products/13646/images/19769/Lost_Lore_Reposado_Tequila__05043.1711777953.600.600.png,tequila_mexico
Tequila,Feliciano Vivanco / Destilería El Ranchito (NOM 1414),"Arandas, Jalisco, Mexico",Lost Lore,sourced,Lost Lore,TRUE,FALSE,"Añejo; 100% Agave, Highland",,,,80,40,100% Blue Weber Agave,Ex-whiskey barrels,,https://www.oldtowntequila.com/lost-lore-anejo-tequila/; https://www.agavematchmaker.com/agave_spirits/7530-lost-lore-tequila-anejo,2026-10-04,https://cdn11.bigcommerce.com/s-u9ww3di/products/13888/images/20071/Lost_Lore_Anejo__88695.1720683488.600.600.png,tequila_mexico
Tequila,Feliciano Vivanco / Destilería El Ranchito (NOM 1414),"Arandas, Jalisco, Mexico",Lost Lore,sourced,Lost Lore,TRUE,FALSE,"Reposado; 100% Agave, Highland; Westbound",,,,86,43,100% Blue Weber Agave,American white oak,Beer casks,https://www.oldtowntequila.com/lost-lore-westbound-reposado-tequila-750ml/; https://www.agavematchmaker.com/agave_spirits/8164-lost-lore-westbound-reposado,2026-10-04,https://cdn11.bigcommerce.com/s-u9ww3di/products/15528/images/22458/Lost_Lore_Westbound_Reposado_Tequila_750ml__18536.1785610072.600.600.png,tequila_mexico
Tequila,Feliciano Vivanco / Destilería El Ranchito (NOM 1414),"Arandas, Jalisco, Mexico",Lost Lore,sourced,Lost Lore,TRUE,FALSE,"Blanco; 100% Agave, Highland; Hasta La Raíz",,,,90,45,100% Blue Weber Agave,,,https://www.oldtowntequila.com/lost-lore-hasta-la-ruiz-blanco-tequila-750ml/; https://www.agavematchmaker.com/agave_spirits/8364-lost-lore-hasta-la-raiz-collaboration-blanco,2026-10-04,https://cdn11.bigcommerce.com/s-u9ww3di/products/15472/images/22377/Lost_Lore_Hasta_La_Ruiz_Blanco_Tequila_750ml__23305.1782424842.600.600.jpg,tequila_mexico
Tequila,Destilería El Sabino (NOM 1643),"Jesús María, Jalisco, Mexico",Manuscrito,sourced,Manuscrito,TRUE,FALSE,"Reposado; 100% Agave, Highland, Single Estate, Wine cask; Chapter Three",3 months,,,85,42.5,100% Blue Weber Agave,Ex-Chardonnay French oak,,https://www.oldtowntequila.com/manuscrito-chapter-three-reposado-tequila/; https://www.agavematchmaker.com/agave_spirits/8240-manuscrito-tequila-reposado-chapter-three,2026-10-04,https://cdn11.bigcommerce.com/s-u9ww3di/products/15196/images/21964/Manuscrito_Chapter_Three__16296.1772139249.600.600.png,tequila_mexico
Tequila,Destilería El Sabino (NOM 1643),"Jesús María, Jalisco, Mexico",Manuscrito,sourced,Manuscrito,TRUE,FALSE,"Reposado; 100% Agave, Highland, Single Estate; Chapter Four",,,,103.1,51.55,100% Blue Weber Agave,,,https://www.oldtowntequila.com/manuscrito-chapter-four-reposado-tequila/; https://www.agavematchmaker.com/agave_spirits/8241-manuscrito-tequila-reposado-chapter-four,2026-10-04,https://cdn11.bigcommerce.com/s-u9ww3di/products/15266/images/22079/Manuscrito_Chapter_Four_Reposado_Tequila__76233.1774654307.600.600.png,tequila_mexico
Tequila,Hacienda El Mexicano (NOM 1588),"Arandas, Jalisco, Mexico",Torrente,sourced,Torrente,TRUE,FALSE,"Blanco; 100% Agave, Highland",,,,80.4,40.2,100% Blue Weber Agave,,,https://www.oldtowntequila.com/torrente-blanco-tequila-750ml/; https://www.agavematchmaker.com/agave_spirits/8189-torrente-blanco,2026-10-04,https://cdn11.bigcommerce.com/s-u9ww3di/products/15187/images/21954/Torrente_Blanco__75453.1771665682.600.600.png,tequila_mexico
Tequila,Hacienda El Mexicano (NOM 1588),"Arandas, Jalisco, Mexico",Torrente,sourced,Torrente,TRUE,FALSE,"Blanco; 100% Agave, Highland; High Proof",,,,100,50,100% Blue Weber Agave,,,https://www.oldtowntequila.com/torrente-blanco-high-proof-tequila-750ml/; https://www.agavematchmaker.com/agave_spirits/8190-torrente-blanco-high-proof,2026-10-04,https://cdn11.bigcommerce.com/s-u9ww3di/products/15188/images/21955/Torrente_High_Proof__06057.1771665688.600.600.png,tequila_mexico
Tequila,Destilería El Pandillo (NOM 1579),"Jesús María, Jalisco, Mexico",G4,own_make,,FALSE,FALSE,"Blanco; 100% Agave, Highland; Clásico Throwback",,,,80,40,100% Blue Weber Agave,,,https://raretequilas.com/products/g4-classico-throwback-blanco-tequila; https://www.agavematchmaker.com/agave_spirits/8109-g4-blanco-clasico,2026-10-04,https://raretequilas.com/cdn/shop/files/g4-classico-blanco-tequila_1200x1200.jpg,tequila_mexico
Tequila,Destilería El Pandillo (NOM 1579),"Jesús María, Jalisco, Mexico",G4,own_make,,FALSE,FALSE,"Reposado; 100% Agave, Highland, Sherry cask; Clásico Throwback",3 months,,,80,40,100% Blue Weber Agave,Single-use American oak whiskey barrels and sherry casks (50/50),,https://raretequilas.com/products/g4-clasico-throwback-reposado-tequila; https://www.agavematchmaker.com/agave_spirits/8110-g4-reposado-clasico,2026-10-04,https://raretequilas.com/cdn/shop/files/g4-classico-reposado-tequila_1200x1200.jpg,tequila_mexico
Tequila,Grupo Tequilero México (NOM 1468),"Arandas, Jalisco, Mexico",LALO,sourced,LALO,TRUE,FALSE,"Blanco; 100% Agave, Highland",,,,80,40,100% Blue Weber Agave,,,https://lalospirits.com/products/lalo-tequila-blanco; https://www.agavematchmaker.com/agave_spirits/6681-lalo-tequila-blanco; https://www.agavematchmaker.com/distilleries/217-grupo-tequilero-mexico-s-a-de-c-v,2026-10-04,https://cdn.shopify.com/s/files/1/0587/0069/3556/files/LALO_Tequila_Blanc_3.png,tequila_mexico
Tequila,Grupo Tequilero México (NOM 1468),"Arandas, Jalisco, Mexico",LALO,sourced,LALO,TRUE,FALSE,"Blanco; 100% Agave, Highland, Still Strength; High Proof",,,2025 Release,100,50,100% Blue Weber Agave,,,https://lalospirits.com/products/lalo-high-proof; https://www.agavematchmaker.com/agave_spirits/8145-lalo-high-proof-2025; https://www.oldtowntequila.com/lalo-high-proof-blanco-tequila-750ml/,2026-10-04,https://cdn.shopify.com/s/files/1/0587/0069/3556/files/LALO_08_20_25_White_001_1.png,tequila_mexico
Tequila,Hacienda El Mexicano (NOM 1588),"Arandas, Jalisco, Mexico",El Mexicano,own_make,,FALSE,FALSE,"Blanco; 100% Agave, Highland",,,,80,40,100% Blue Weber Agave,,,https://www.oldtowntequila.com/el-mexicano-blanco-tequila-new-bottle/; https://www.agavematchmaker.com/agave_spirits/5605-tequila-el-mexicano-blanco,2026-10-04,https://cdn11.bigcommerce.com/s-u9ww3di/products/14455/images/20827/El_Mexicano_Blanco__18896.1744260028.600.600.jpg,tequila_mexico
Tequila,Hacienda El Mexicano (NOM 1588),"Arandas, Jalisco, Mexico",El Mexicano,own_make,,FALSE,FALSE,"Blanco; 100% Agave, Highland; Blanco 90",,,,90,45,100% Blue Weber Agave,,,https://www.oldtowntequila.com/el-mexicano-blanco-90-proof-tequila-new-bottle/; https://www.agavematchmaker.com/agave_spirits/6990-el-mexicano-tequila-blanco-high-proof,2026-10-04,https://cdn11.bigcommerce.com/s-u9ww3di/products/14456/images/20828/El_Mexicano_Blanco_90__26701.1744260125.600.600.jpg,tequila_mexico
Tequila,Hacienda El Mexicano (NOM 1588),"Arandas, Jalisco, Mexico",El Mexicano,own_make,,FALSE,FALSE,"Reposado; 100% Agave, Highland",3 months,,,80,40,100% Blue Weber Agave,American oak (80%) and French oak (20%),,https://www.oldtowntequila.com/el-mexicano-reposado-tequila-new-bottle/; https://www.agavematchmaker.com/agave_spirits/5606-tequila-el-mexicano-reposado,2026-10-04,https://cdn11.bigcommerce.com/s-u9ww3di/products/14457/images/20826/El_Mexicano_Repo__56696.1744259935.600.600.jpg,tequila_mexico
Tequila,Destilería El Magnífico (NOM 1258),"Amatitán, Jalisco, Mexico",The Lost Explorer,sourced,The Lost Explorer,TRUE,FALSE,"Blanco; 100% Agave, Lowland",,,,80,40,100% Blue Weber Agave,,,https://www.oldtowntequila.com/the-lost-explorer-tequila-blanco/; https://www.agavematchmaker.com/agave_spirits/7830-the-lost-explorer-blanco,2026-10-04,https://cdn11.bigcommerce.com/s-u9ww3di/products/14007/images/20221/TLET_-_Blanco_carrousel-01__86891.1726342041.600.600.jpg,tequila_mexico
Tequila,Tequilera La Gonzaleña (NOM 1127),"González, Tamaulipas, Mexico",Chinaco,own_make,,FALSE,FALSE,Blanco; 100% Agave,,,,80,40,100% Blue Weber Agave,,,https://www.agavematchmaker.com/agave_spirits/2550-chinaco-blanco; https://www.agavematchmaker.com/distilleries/281-tequilera-la-gonzalena-s-a-de-c-v,2026-10-04,https://www.kuinak.com/system/base_product_images/images/000/032/416/detail/chinaco-blanco-3.jpg,tequila_mexico
Tequila,Tequilera La Gonzaleña (NOM 1127),"González, Tamaulipas, Mexico",Chinaco,own_make,,FALSE,FALSE,Reposado; 100% Agave,8-11 months,,,80,40,100% Blue Weber Agave,American white oak,,https://www.oldtowntequila.com/chinaco-reposado-tequila-750ml/; https://www.agavematchmaker.com/agave_spirits/2344-chinaco-reposado,2026-10-04,https://cdn11.bigcommerce.com/s-u9ww3di/products/4404/images/15726/chinaco_reposado_logo__75988.1784569944.600.600.png,tequila_mexico
Tequila,Tequilera La Gonzaleña (NOM 1127),"González, Tamaulipas, Mexico",Chinaco,own_make,,FALSE,FALSE,Añejo; 100% Agave,30 months,,,80,40,100% Blue Weber Agave,Oak barrels including American bourbon casks,,https://www.oldtowntequila.com/chinaco-anejo-750ml/; https://www.agavematchmaker.com/agave_spirits/2551-chinaco-anejo,2026-10-04,https://cdn11.bigcommerce.com/s-u9ww3di/products/4406/images/15723/chinaco_anejo_logo__04039.1784569944.600.600.png,tequila_mexico
Tequila,Cascahuín (NOM 1123),"El Arenal, Jalisco, Mexico",Lágrimas del Valle,sourced,Lágrimas del Valle,TRUE,FALSE,"Blanco; 100% Agave, Lowland, Single Estate",,2022,Palo Verde,92,46,100% Blue Weber Agave,,,https://www.agavematchmaker.com/agave_spirits/7396-lagrimas-del-valle-plata-2022-palo-verde,2026-10-04,https://www.kuinak.com/system/base_product_images/images/000/024/776/detail/lagrimas-del-valle-plata-2022-palo-verde-1.jpg,tequila_mexico
Tequila,Cascahuín (NOM 1123),"El Arenal, Jalisco, Mexico",Lágrimas del Valle,sourced,Lágrimas del Valle,TRUE,FALSE,"Reposado; 100% Agave, Lowland, Single Estate",,2022,Palo Verde,92,46,100% Blue Weber Agave,American white oak,,https://www.agavematchmaker.com/agave_spirits/7397-lagrimas-del-valle-reposado-2022-palo-verde,2026-10-04,https://www.kuinak.com/system/base_product_images/images/000/024/774/detail/lagrimas-del-valle-reposado-2022-palo-verde-1.jpg,tequila_mexico
Tequila,Cascahuín (NOM 1123),"El Arenal, Jalisco, Mexico",Lágrimas del Valle,sourced,Lágrimas del Valle,TRUE,FALSE,"Blanco; 100% Agave, Lowland, Single Estate",,2022,El Chiqueño,92,46,100% Blue Weber Agave,,,https://www.agavematchmaker.com/agave_spirits/7531-lagrimas-del-valle-plata-2022-el-chiqueno,2026-10-04,https://www.kuinak.com/system/base_product_images/images/000/027/281/detail/lagrimas-del-valle-plata-2022-el-chiqueno-1.jpg,tequila_mexico
Tequila,Cascahuín (NOM 1123),"El Arenal, Jalisco, Mexico",Lágrimas del Valle,sourced,Lágrimas del Valle,TRUE,FALSE,"Reposado; 100% Agave, Lowland, Single Estate",,2022,El Chiqueño,92,46,100% Blue Weber Agave,American white oak,,https://www.agavematchmaker.com/agave_spirits/7532-lagrimas-del-valle-reposado-2022-el-chiqueno,2026-10-04,https://www.kuinak.com/system/base_product_images/images/000/027/282/detail/lagrimas-del-valle-reposado-2022-el-chiqueno-1.jpg,tequila_mexico
Tequila,Cascahuín (NOM 1123),"El Arenal, Jalisco, Mexico",Lágrimas del Valle,sourced,Lágrimas del Valle,TRUE,FALSE,"Blanco; 100% Agave, Lowland, Single Estate",,2023,El Sabino,92,46,100% Blue Weber Agave,,,https://www.agavematchmaker.com/agave_spirits/7688-lagrimas-del-valle-plata-2023-el-sabino,2026-10-04,https://www.kuinak.com/system/base_product_images/images/000/029/879/detail/lagrimas-del-valle-plata-2023-el-sabino-1.jpg,tequila_mexico
Tequila,Cascahuín (NOM 1123),"El Arenal, Jalisco, Mexico",Lágrimas del Valle,sourced,Lágrimas del Valle,TRUE,FALSE,"Reposado; 100% Agave, Lowland, Single Estate",,2023,El Sabino,92,46,100% Blue Weber Agave,Used bourbon barrels,,https://www.agavematchmaker.com/agave_spirits/7689-lagrimas-del-valle-reposado-2023-el-sabino,2026-10-04,https://www.kuinak.com/system/base_product_images/images/000/029/880/detail/lagrimas-del-valle-reposado-2023-el-sabino-1.jpg,tequila_mexico
Tequila,Cascahuín (NOM 1123),"El Arenal, Jalisco, Mexico",Lágrimas del Valle,sourced,Lágrimas del Valle,TRUE,FALSE,"Blanco; 100% Agave, Single Estate",,2024,La Loma,92,46,100% Blue Weber Agave,,,https://www.skurnik.com/sku/tequila-plata-la-loma-lagrimas-del-valle-3/; https://www.oldtowntequila.com/lagrimas-del-valle-la-loma-plata-tequila-750ml/; https://www.agavematchmaker.com/agave_spirits/7929-lagrimas-del-valle-plata-2024-la-loma,2026-10-04,https://www.skurnik.com/wp-content/uploads/2020/06/tequila-plata-la-loma-lagrimas-del-valle-4.png,tequila_mexico
Tequila,Cascahuín (NOM 1123),"El Arenal, Jalisco, Mexico",Lágrimas del Valle,sourced,Lágrimas del Valle,TRUE,FALSE,"Reposado; 100% Agave, Single Estate",3 months,2024,La Loma,92,46,100% Blue Weber Agave,Ex-bourbon barrels,,https://www.skurnik.com/sku/tequila-reposado-la-loma-lagrimas-del-valle-3/; https://www.oldtowntequila.com/lagrimas-del-valle-la-loma-reposado-tequila-750ml/; https://www.agavematchmaker.com/agave_spirits/7930-lagrimas-del-valle-reposado-2024-la-loma,2026-10-04,https://www.skurnik.com/wp-content/uploads/2020/06/tequila-reposado-la-loma-lagrimas-del-valle-4.png,tequila_mexico
Tequila,Cascahuín (NOM 1123),"El Arenal, Jalisco, Mexico",Lágrimas del Valle,sourced,Lágrimas del Valle,TRUE,FALSE,"Blanco; 100% Agave, Single Estate",,2024,La Sabina,92,46,100% Blue Weber Agave,,,https://www.skurnik.com/sku/tequila-plata-la-sabina-lagrimas-del-valle/; https://www.oldtowntequila.com/lagrimas-del-valle-la-sabina-plata-tequila-750ml/; https://www.agavematchmaker.com/agave_spirits/8106-lagrimas-del-valle-plata-2024-la-sabina,2026-10-04,https://www.skurnik.com/wp-content/uploads/2025/08/tequila-plata-la-sabina-lagrimas-del-valle-2.png,tequila_mexico
Tequila,Cascahuín (NOM 1123),"El Arenal, Jalisco, Mexico",Lágrimas del Valle,sourced,Lágrimas del Valle,TRUE,FALSE,"Reposado; 100% Agave, Single Estate",3 months,2024,La Sabina,92,46,100% Blue Weber Agave,Third- and fourth-fill ex-bourbon barrels,,https://www.skurnik.com/sku/tequila-reposado-la-sabina-lagrimas-del-valle/; https://www.oldtowntequila.com/lagrimas-del-valle-la-sabina-reposado-tequila-750ml/; https://www.agavematchmaker.com/agave_spirits/8107-lagrimas-del-valle-reposado-2024-la-sabina,2026-10-04,https://www.skurnik.com/wp-content/uploads/1980/06/tequila-reposado-la-sabina-lagrimas-del-valle-2.png,tequila_mexico
Tequila,Tequilera Tap / Cazcanes (NOM 1614),"Amatitán, Jalisco, Mexico",Cazcanes,own_make,,FALSE,FALSE,"Añejo; 100% Agave, Single Barrel; No. 9",,,,100,50,100% Blue Weber Agave,Used American white oak,,https://www.agavematchmaker.com/agave_spirits/8016-cazcanes-no-9-anejo; https://www.agavematchmaker.com/brands/2146-cazcanes,2026-10-04,https://www.kuinak.com/system/base_product_images/images/000/035/033/detail/cazcanes-no-9-anejo-1.jpg,tequila_mexico
Tequila,Hacienda Capellanía (NOM 1545),"San José de Gracia, Jalisco, Mexico",Calle 23,sourced,Calle 23,TRUE,FALSE,"Reposado; 100% Agave, Highland; Criollo El Dos",,,,93.4,46.7,100% Blue Weber Agave,,,https://www.oldtowntequila.com/calle-23-tequila-criollo-el-dos-reposado-750ml/; https://vintegritywine.com/calle-23-criollo-el-dos-limited-edition-launch/; https://www.agavematchmaker.com/agave_spirits/8563; https://www.agavematchmaker.com/distilleries/219-hacienda-capellania-s-a-de-c-v,2026-10-04,https://cdn11.bigcommerce.com/s-u9ww3di/products/15634/images/22595/Criollo_23_Special_edition__08897.1789967809.600.600.png,tequila_mexico
Tequila,Hacienda El Mexicano (NOM 1588),"Arandas, Jalisco, Mexico",Dos Artes,sourced,Dos Artes,TRUE,FALSE,"Extra Añejo; 100% Agave, Highland; Reserva Especial",3 years,,,80,40,100% Blue Weber Agave,New French and American oak,,https://www.oldtowntequila.com/dos-artes-extra-anejo-reserva-especial-1l/; https://www.agavematchmaker.com/agave_spirits/6206-dos-artes-reserva-especial-extra-anejo,2026-10-04,https://cdn11.bigcommerce.com/s-u9ww3di/products/15173/images/21918/Dos_Artes_Extra_Anejo_Reserva_Especial_1L__90522.1771365740.600.600.png,tequila_mexico
Tequila,Hacienda de Oro (NOM 1522),"Amatitán, Jalisco, Mexico",Entremanos,sourced,Entremanos,TRUE,FALSE,Blanco; 100% Agave; Castaño,,,,84,42,100% Blue Weber Agave,,Untoasted French oak (short rest),https://www.oldtowntequila.com/entremanos-castano-blanco-tequila-700ml/; https://www.agavematchmaker.com/agave_spirits/8464; https://www.agavematchmaker.com/distilleries/220-hacienda-de-oro-s-a-de-c-v,2026-10-04,https://cdn11.bigcommerce.com/s-u9ww3di/products/15489/images/22413/Entremanos_Castano_Blanco_Tequila_750ml__74246.1783625772.600.600.jpg,tequila_mexico
Tequila,Tequilas González Lara / Casa Marengo (NOM 1560),"El Arenal, Jalisco, Mexico",Bebemos,sourced,Bebemos,TRUE,FALSE,Joven; 100% Agave,,,,80,40,100% Blue Weber Agave,,,https://www.oldtowntequila.com/bebemos-joven-tequila-750ml/; https://www.agavematchmaker.com/agave_spirits/8562; https://www.agavematchmaker.com/distilleries/272-tequilas-gonzalez-lara-s-a-de-c-v-casa-marengo,2026-10-04,https://cdn11.bigcommerce.com/s-u9ww3di/products/15293/images/22122/Bebemos_Joven_Tequila_750ml__97636.1775775684.600.600.jpg,tequila_mexico
Tequila,Hacienda El Olvido (NOM 1580),"Jesús María, Jalisco, Mexico",Acre Largo,sourced,Acre Largo,TRUE,FALSE,"Blanco; 100% Agave, Highland; Cienfuerte",,,2026 Release,100,50,100% Blue Weber Agave,,,https://www.oldtowntequila.com/acre-largo-limited-edition-cienfuerte-blanco-tequila-750ml/; https://www.agavematchmaker.com/agave_spirits/8576; https://www.agavematchmaker.com/distilleries/308-hacienda-el-olvido-s-a-de-c-v,2026-10-04,https://cdn11.bigcommerce.com/s-u9ww3di/products/15475/images/22373/Acre_Largo_Limited_Edition_Cienfuerte_Blanco_Tequila_750ml__42218.1782424242.600.600.jpg,tequila_mexico
Tequila,Feliciano Vivanco / Destilería El Ranchito (NOM 1414),"Arandas, Jalisco, Mexico",Cultura 100,sourced,Cultura 100,TRUE,FALSE,"Joven; 100% Agave, Highland",,,,98,49,100% Blue Weber Agave,,,https://www.oldtowntequila.com/cultura-100-joven-tequila-750ml/; https://www.agavematchmaker.com/agave_spirits/8564,2026-10-04,https://cdn11.bigcommerce.com/s-u9ww3di/products/15679/images/22650/Cultura_100_Joven_Tequila_750ml__16303.1791048207.600.600.jpg,tequila_mexico
Tequila,Cascahuín (NOM 1123),"El Arenal, Jalisco, Mexico",Siembra Valles,sourced,Siembra Valles,TRUE,FALSE,"Joven; 100% Agave, Lowland; Aniversario",,,,82,41,100% Blue Weber Agave,,,https://www.oldtowntequila.com/siembra-valles-aniversario-joven-tequila-750ml/,2026-10-04,https://cdn11.bigcommerce.com/s-u9ww3di/products/15622/images/22572/Siembra_Valles_Aniversario_Joven_Tequila_750ml__22739.1789019544.600.600.jpg,tequila_mexico
